date,ciss_index,chf-eur_exchange_rate_control,commercial_bank_bond_yield,government_bond_yield,commercial_bank_bond_spread,snb_policy_rate,ciss_change,bond_spread_change,commercial_bond_yield_change,government_bond_yield_change,policy_rate_change,ciss_volatility_past_4_weeks,bond_spread_volatility_past_4_weeks,exchange_rate_volatility_past_4_weeks,ciss_lag_1w,ciss_lag_4w,bond_spread_lag_1w,bond_spread_lag_4w
2010-01-08,0.1658864209478019,1.48398,2.1872,1.8552,0.3319999999999999,0.375,,,,,,,,,,,,
2010-01-15,0.1459881642456964,1.47692,2.164,1.8228,0.3411999999999999,0.375,-0.019898256702105488,0.009199999999999986,-0.023199999999999665,-0.032399999999999984,0.0,,,,0.1658864209478019,,0.3319999999999999,
2010-01-22,0.1861009252769602,1.4739799999999998,2.1208,1.7722000000000002,0.3486000000000001,0.375,0.040112761031263794,0.007400000000000184,-0.04320000000000013,-0.050599999999999756,0.0,,,,0.1459881642456964,,0.3411999999999999,
2010-01-29,0.2457684974299795,1.47118,2.1194,1.7716,0.3478,0.375,0.059667572153019294,-0.0008000000000000784,-0.0013999999999998458,-0.000600000000000156,0.0,0.04311909921244732,0.007685484153042518,0.005500869628219468,0.1861009252769602,,0.3486000000000001,
2010-02-05,0.2298819861562799,1.47136,2.0718,1.7392,0.3326000000000001,0.375,-0.01588651127369961,-0.01519999999999988,-0.04760000000000009,-0.032399999999999984,0.0,0.045030270875532866,0.00741597375040299,0.0026963184777272636,0.2457684974299795,0.1658864209478019,0.3478,0.3319999999999999
2010-02-12,0.2304681169081403,1.46604,2.0488,1.703,0.3457999999999999,0.375,0.0005861307518604253,0.013199999999999767,-0.02300000000000013,-0.03620000000000001,0.0,0.025710365266128656,0.007493107944415707,0.0033229304336182897,0.2298819861562799,0.1459881642456964,0.3326000000000001,0.3411999999999999
2010-02-19,0.2456638018982515,1.46654,2.01,1.675,0.335,0.375,0.015195684990111175,-0.010799999999999865,-0.03880000000000017,-0.028000000000000025,0.0,0.008975949092841296,0.007613146524269621,0.002883377648985123,0.2304681169081403,0.1861009252769602,0.3457999999999999,0.3486000000000001
2010-02-26,0.2652323598531302,1.46456,2.012,1.6878,0.3242,0.375,0.019568557954878718,-0.010800000000000032,0.002000000000000224,0.012799999999999923,0.0,0.016636926970270114,0.008899438184514712,0.002945838873167883,0.2456638018982515,0.2457684974299795,0.335,0.3478
2010-03-05,0.261031513424784,1.4633,1.9886000000000004,1.6324,0.3562,0.375,-0.004200846428346228,0.03200000000000003,-0.023399999999999643,-0.055399999999999894,0.0,0.015838573076515056,0.013788400922514543,0.001470646116508184,0.2652323598531302,0.2298819861562799,0.3242,0.3326000000000001
2010-03-12,0.2178579574562891,1.46182,2.0178000000000003,1.645,0.3728000000000001,0.375,-0.04317355596849487,0.01660000000000006,0.029199999999999893,0.012599999999999945,0.0,0.021444107681878335,0.021711057090800585,0.0019996249648374176,0.261031513424784,0.2304681169081403,0.3562,0.3457999999999999
2010-03-19,0.1707641012083177,1.44804,2.0584,1.7022,0.3562,0.375,-0.04709385624797141,-0.01660000000000006,0.040599999999999525,0.05719999999999992,0.0,0.044174111898337726,0.020332814201023335,0.0076754587267908745,0.2178579574562891,0.2456638018982515,0.3728000000000001,0.335
2010-03-26,0.1314968550432694,1.43034,2.0284,1.6948,0.3335999999999999,0.375,-0.039267246165048286,-0.02260000000000012,-0.029999999999999805,-0.007399999999999851,0.0,0.05628008624498914,0.0160967905703799,0.015317714146264694,0.1707641012083177,0.2652323598531302,0.3562,0.3242
2010-04-02,0.130238661859407,1.4275,2.00775,1.689,0.31875,0.375,-0.001258193183862416,-0.014849999999999919,-0.020649999999999835,-0.005800000000000027,0.0,0.0413713096774071,0.023922422362015767,0.016077905128882707,0.1314968550432694,0.261031513424784,0.3335999999999999,0.3562
2010-04-09,0.1292261161490598,1.43335,2.05,1.718,0.3319999999999998,0.375,-0.0010125457103472013,0.013249999999999817,0.04224999999999968,0.028999999999999915,0.0,0.020243098850021415,0.015539056974819006,0.009139319358319895,0.130238661859407,0.2178579574562891,0.31875,0.3728000000000001
2010-04-16,0.1428145770091244,1.4362400000000002,2.0522,1.73,0.3221999999999999,0.375,0.0135884608600646,-0.00979999999999992,0.002200000000000202,0.01200000000000001,0.0,0.006315690084515516,0.007283242753060194,0.0037737900930889965,0.1292261161490598,0.1707641012083177,0.3319999999999998,0.3562
2010-04-23,0.1614412043130682,1.43376,1.997,1.6758,0.3212,0.375,0.018626627303943794,-0.0009999999999998899,-0.055199999999999916,-0.054200000000000026,0.0,0.015006073672908751,0.005824856936727044,0.003702119888212154,0.1428145770091244,0.1314968550432694,0.3221999999999999,0.3335999999999999
2010-04-30,0.2380787075932076,1.43448,1.946,1.6146,0.3314,0.375,0.07663750328013941,0.010199999999999987,-0.051000000000000156,-0.06119999999999992,0.0,0.04862000408588824,0.005793099343184478,0.00127682875386424,0.1614412043130682,0.130238661859407,0.3212,0.31875
2010-05-07,0.3564001808506886,1.42508,1.8892,1.5126,0.3766,0.375,0.11832147325748099,0.04520000000000002,-0.05679999999999996,-0.10200000000000009,0.0,0.09700657042371645,0.02623807665715369,0.00498342586313505,0.2380787075932076,0.1292261161490598,0.3314,0.3319999999999998
2010-05-14,0.4612476436507801,1.40872,1.87125,1.4855,0.38575,0.375,0.1048474628000915,0.009149999999999991,-0.01794999999999991,-0.027099999999999902,0.0,0.13183434871726757,0.03217217677331361,0.011980712277101938,0.3564001808506886,0.1428145770091244,0.3766,0.3221999999999999
2010-05-21,0.5086616068036254,1.41344,1.77,1.3884,0.3816,0.375,0.047413963152845295,-0.004149999999999987,-0.10125000000000006,-0.09709999999999996,0.0,0.12022342623587089,0.025237121303085922,0.01161908200619592,0.4612476436507801,0.1614412043130682,0.38575,0.3212
2010-05-28,0.5744529795576118,1.42422,1.66775,1.2775,0.39025,0.375,0.06579137275398639,0.008649999999999991,-0.10224999999999995,-0.1109,0.0,0.09179487640987583,0.005826233774918968,0.008075764153732345,0.5086616068036254,0.2380787075932076,0.3816,0.3314
2010-06-04,0.589973201673933,1.41322,1.7086,1.3216,0.3869999999999999,0.375,0.015520222116321203,-0.003250000000000086,0.04084999999999983,0.04410000000000003,0.0,0.05973187225130695,0.0035774758326703165,0.006583028684937681,0.5744529795576118,0.3564001808506886,0.39025,0.3766
2010-06-11,0.6034726673141481,1.38294,1.677,1.2964,0.3806,0.375,0.013499465640215091,-0.006399999999999906,-0.03159999999999985,-0.02520000000000011,0.0,0.04202625422373452,0.004560952934055904,0.017768004014709113,0.589973201673933,0.4612476436507801,0.3869999999999999,0.38575
2010-06-18,0.5402918888031017,1.38638,1.7193999999999998,1.3666,0.3528,0.375,-0.06318077851104631,-0.02779999999999999,0.04239999999999977,0.07020000000000004,0.0,0.027221742057847408,0.01705292619073545,0.02021963072528104,0.6034726673141481,0.5086616068036254,0.3806,0.3816
2010-06-25,0.4560384771715435,1.3611799999999998,1.7073999999999998,1.3784,0.3289999999999999,0.375,-0.08425341163155825,-0.0238000000000001,-0.01200000000000001,0.011800000000000033,0.0,0.06671848033372295,0.026733935986557173,0.021342049261182796,0.5402918888031017,0.5744529795576118,0.3528,0.39025
2010-07-02,0.4898740106499183,1.32964,1.6692,1.292,0.3772,0.375,0.03383553347837481,0.048200000000000076,-0.03819999999999979,-0.08640000000000003,0.0,0.06417342981261653,0.024034697141147227,0.02610150123396707,0.4560384771715435,0.589973201673933,0.3289999999999999,0.3869999999999999
2010-07-09,0.4669335384523537,1.33324,1.6545999999999998,1.2568,0.3978,0.375,-0.02294047219756462,0.020600000000000007,-0.014600000000000168,-0.03520000000000012,0.0,0.03742977683379874,0.029815879438089207,0.026562351803510676,0.4898740106499183,0.6034726673141481,0.3772,0.3806
2010-07-16,0.3921979660464036,1.34154,1.6444,1.2638,0.3805999999999999,0.375,-0.07473557240595008,-0.017200000000000104,-0.010199999999999765,0.007000000000000117,0.0,0.0418244717875378,0.02951129727183593,0.014096704106521417,0.4669335384523537,0.5402918888031017,0.3978,0.3528
2010-07-23,0.3713430307000783,1.35046,1.6334,1.2597999999999998,0.3736,0.375,-0.02085493534632532,-0.006999999999999895,-0.01100000000000012,-0.004000000000000226,0.0,0.05720893537827463,0.010721318326897572,0.00927823259032436,0.3921979660464036,0.4560384771715435,0.3805999999999999,0.3289999999999999
2010-07-30,0.3286526703485504,1.3662,1.6838000000000002,1.3162,0.3676,0.375,-0.0426903603515279,-0.006000000000000005,0.05040000000000022,0.05640000000000023,0.0,0.057835938394230846,0.01306241427404098,0.014104401204357173,0.3713430307000783,0.4898740106499183,0.3736,0.3772
2010-08-06,0.3300051397834166,1.3750399999999998,1.6782,1.3052,0.373,0.375,0.0013524694348662214,0.005400000000000016,-0.005600000000000271,-0.01100000000000012,0.0,0.031456316056502655,0.00533291665038958,0.015110707020744744,0.3286526703485504,0.4669335384523537,0.3676,0.3978
2010-08-13,0.3662517421391112,1.36682,1.5496,1.1794,0.3702,0.375,0.0362466023556946,-0.0028000000000000247,-0.12859999999999983,-0.1257999999999999,0.0,0.022888397473772172,0.002764054992217594,0.010269988640050881,0.3300051397834166,0.3921979660464036,0.373,0.3805999999999999
2010-08-20,0.4138895732288413,1.33332,1.4106,1.0496,0.361,0.375,0.047637831089730076,-0.009199999999999986,-0.139,-0.12979999999999992,0.0,0.04010468207644641,0.0051312766442672885,0.018461674716380504,0.3662517421391112,0.3713430307000783,0.3702,0.3736
2010-08-27,0.4081602962900492,1.30682,1.3530000000000002,0.9882,0.3648,0.375,-0.005729276938792105,0.0038000000000000256,-0.057599999999999874,-0.06140000000000012,0.0,0.03928226627199365,0.005379900866497098,0.03147299795062619,0.4138895732288413,0.3286526703485504,0.361,0.3676
2010-09-03,0.3951211999633376,1.29906,1.4312,1.0623999999999998,0.3688,0.375,-0.013039096326711574,0.0040000000000000036,0.07819999999999983,0.07419999999999982,0.0,0.021241135286893094,0.004153713198252398,0.030618462295377857,0.4081602962900492,0.3300051397834166,0.3648,0.373
2010-09-10,0.4211064745774856,1.29378,1.5661999999999998,1.2056,0.3606,0.375,0.025985274614148013,-0.00820000000000004,0.1349999999999998,0.14320000000000022,0.0,0.01099248294817675,0.0038331884030577044,0.017553600770217122,0.3951211999633376,0.3662517421391112,0.3688,0.3702
2010-09-17,0.4249434066682787,1.3071199999999998,1.7,1.3328,0.3672,0.375,0.003836932090793055,0.00660000000000005,0.13380000000000014,0.12719999999999998,0.0,0.013535801037219164,0.0035679125549826604,0.006462370566092936,0.4211064745774856,0.4138895732288413,0.3606,0.361
2010-09-24,0.4255115877227777,1.31668,1.6148,1.2518,0.363,0.375,0.0005681810544990173,-0.004200000000000037,-0.08519999999999994,-0.08099999999999996,0.0,0.01449891972153347,0.0037682887362837335,0.009987765849619986,0.4249434066682787,0.4081602962900492,0.3672,0.3648
2010-10-01,0.3856111175349733,1.33068,1.5814,1.2056,0.3757999999999999,0.375,-0.039900470187804404,0.012799999999999923,-0.033400000000000096,-0.04620000000000002,0.0,0.019221183541110833,0.006682065548915436,0.015562890691218911,0.4255115877227777,0.3951211999633376,0.363,0.3688
2010-10-08,0.3466698367245142,1.33742,1.6418,1.2482,0.3936,0.375,-0.03894128081045911,0.017800000000000094,0.06040000000000001,0.04259999999999997,0.0,0.03763707848513855,0.013557285864065998,0.013650800953307236,0.3856111175349733,0.4211064745774856,0.3757999999999999,0.3606
2010-10-15,0.291607456408496,1.33742,1.669,1.2280000000000002,0.441,0.375,-0.05506238031601818,0.0474,0.027200000000000113,-0.020199999999999774,0.0,0.057098863814673335,0.0341550874687799,0.00977731387789111,0.3466698367245142,0.4249434066682787,0.3936,0.3672
2010-10-22,0.2828218133385176,1.3429,1.653,1.2928000000000002,0.3601999999999999,0.375,-0.008785643069978422,-0.0808000000000001,-0.016000000000000014,0.06479999999999997,0.0,0.04839453830586156,0.035002618949634905,0.005002036252047149,0.291607456408496,0.4255115877227777,0.441,0.363
2010-10-29,0.2391101485729471,1.36382,1.6904,1.3256,0.3648,0.375,-0.04371166476557048,0.004600000000000104,0.03739999999999988,0.03279999999999972,0.0,0.044178979562624975,0.03713488925525436,0.012555301669020958,0.2828218133385176,0.3856111175349733,0.3601999999999999,0.3757999999999999
2010-11-05,0.2065021666848593,1.37222,1.6238,1.2734,0.3503999999999999,0.375,-0.032607981888087806,-0.014400000000000135,-0.06659999999999999,-0.0521999999999998,0.0,0.03965974426061443,0.041701318923986166,0.016597939631174535,0.2391101485729471,0.3466698367245142,0.3648,0.3936
2010-11-12,0.240704820122009,1.33792,1.6064,1.2628,0.3436,0.375,0.034202653437149705,-0.006799999999999862,-0.01739999999999986,-0.010600000000000165,0.0,0.03128482616996746,0.009555975442971251,0.016431598623793356,0.2065021666848593,0.291607456408496,0.3503999999999999,0.441
2010-11-19,0.2697817614707036,1.34688,1.6669999999999998,1.3152,0.3517999999999999,0.375,0.029076941348694596,0.008199999999999874,0.060599999999999765,0.0524,0.0,0.025862083627243678,0.008856447745381323,0.015618420748167218,0.240704820122009,0.2828218133385176,0.3436,0.3601999999999999
2010-11-26,0.3547777859872122,1.33394,1.7268,1.3528,0.374,0.375,0.08499602451650862,0.02220000000000011,0.059800000000000075,0.03760000000000008,0.0,0.06340493023744864,0.013195327455833362,0.01719382059539954,0.2697817614707036,0.2391101485729471,0.3517999999999999,0.3648
2010-12-03,0.450764071102687,1.31314,1.8010000000000002,1.4196,0.3814,0.375,0.0959862851154748,0.007400000000000018,0.07420000000000027,0.06679999999999997,0.0,0.09450541717085603,0.017897858344878465,0.014284728442178823,0.3547777859872122,0.2065021666848593,0.374,0.3503999999999999
2010-12-10,0.4481808171778305,1.3052800000000002,1.8256,1.4546,0.371,0.375,-0.0025832539248565323,-0.01040000000000002,0.024599999999999733,0.03499999999999992,0.0,0.08648184300150256,0.012614673994994961,0.019044260727757178,0.450764071102687,0.240704820122009,0.3814,0.3436
2010-12-17,0.3917057390673766,1.28632,1.984,1.6088,0.3752,0.375,-0.05647507811045388,0.0041999999999999815,0.1584000000000001,0.15420000000000011,0.0,0.04653418198465486,0.004372642221815043,0.019710981710714857,0.4481808171778305,0.2697817614707036,0.371,0.3517999999999999
2010-12-24,0.2902927968990667,1.25968,1.91725,1.56275,0.3545,0.375,-0.10141294216830993,-0.020699999999999996,-0.06675000000000009,-0.046049999999999924,0.0,0.07508230809281337,0.0115057594273477,0.02378303807338639,0.3917057390673766,0.3547777859872122,0.3752,0.374
2010-12-31,0.1945760592630701,1.25202,1.87825,1.527,0.35125,0.375,-0.09571673763599658,-0.003249999999999975,-0.038999999999999924,-0.03575000000000017,0.0,0.1120787758657549,0.011876473592780015,0.02452944557058223,0.2902927968990667,0.450764071102687,0.3545,0.3814
2011-01-07,0.1833013330937985,1.2588,1.8652,1.4988,0.3663999999999999,0.375,-0.011274726169271582,0.015149999999999886,-0.013050000000000006,-0.028200000000000003,0.0,0.09717384703425679,0.01103489729600299,0.015135357059993379,0.1945760592630701,0.4481808171778305,0.35125,0.371
2011-01-14,0.2469184913528838,1.26714,1.9048000000000005,1.5536,0.3512,0.375,0.06361715825908529,-0.01519999999999988,0.039600000000000524,0.05480000000000018,0.0,0.04950100171100575,0.007208949877293794,0.006186275131301721,0.1833013330937985,0.3917057390673766,0.3663999999999999,0.3752
2011-01-21,0.2935268671945503,1.29032,2.0298000000000003,1.6736,0.3562,0.375,0.046608375841666494,0.0050000000000000044,0.12499999999999978,0.11999999999999988,0.0,0.05084884784741671,0.007153714070327442,0.016687947746806778,0.2469184913528838,0.2902927968990667,0.3512,0.3545
2011-01-28,0.2360403855704352,1.29328,2.0118,1.668,0.3437999999999999,0.375,-0.0574864816241151,-0.012400000000000133,-0.018000000000000238,-0.005600000000000049,0.0,0.04525261346267076,0.009484021650474468,0.01703259130804257,0.2935268671945503,0.1945760592630701,0.3562,0.35125
2011-02-04,0.244637676734866,1.2941600000000002,2.029,1.6786,0.3504,0.375,0.00859729116443081,0.006600000000000106,0.017199999999999882,0.010600000000000165,0.0,0.025923988132009634,0.005093787065305105,0.012828919154270053,0.2360403855704352,0.1833013330937985,0.3437999999999999,0.3663999999999999
2011-02-11,0.1954449303372028,1.30806,2.066,1.7213999999999998,0.3446000000000001,0.375,-0.04919274639766319,-0.005799999999999916,0.03699999999999992,0.04279999999999973,0.0,0.04026655513586487,0.0057720591357564585,0.007909106565648562,0.244637676734866,0.2469184913528838,0.3504,0.3512
2011-02-18,0.1452496921656432,1.30416,2.0502,1.7100000000000002,0.3402,0.375,-0.0501952381715596,-0.0044000000000000705,-0.015800000000000036,-0.011399999999999633,0.0,0.04544439286998484,0.00422492603485592,0.007337217910542221,0.1954449303372028,0.2935268671945503,0.3446000000000001,0.3562
2011-02-25,0.0990026574406705,1.28408,2.0402,1.6802,0.36,0.375,-0.04624703472497271,0.019799999999999984,-0.009999999999999787,-0.02980000000000027,0.0,0.06289337456964929,0.008555699854483095,0.010755902255666389,0.1452496921656432,0.2360403855704352,0.3402,0.3437999999999999
2011-03-04,0.0863753974652659,1.28664,2.06,1.6918,0.3681999999999999,0.375,-0.012627259975404592,0.00819999999999993,0.01980000000000004,0.011600000000000055,0.0,0.04956582780274502,0.013091854974245105,0.01213046165651241,0.0990026574406705,0.244637676734866,0.36,0.3504
2011-03-11,0.0972202467511293,1.2917,2.0508,1.7024,0.3483999999999999,0.375,0.010844849285863392,-0.01980000000000004,-0.009199999999999875,0.010599999999999943,0.0,0.026127944590881323,0.012373089078048925,0.008923891154281004,0.0863753974652659,0.1954449303372028,0.3681999999999999,0.3446000000000001
2011-03-18,0.2155634985116186,1.2767,1.9676,1.6085999999999998,0.359,0.375,0.11834325176048931,0.01060000000000011,-0.08320000000000016,-0.0938000000000001,0.0,0.06093805310775351,0.008123217753246923,0.006248263758847708,0.0972202467511293,0.1452496921656432,0.3483999999999999,0.3402
2011-03-25,0.3258776750083904,1.28314,2.033,1.6652,0.3678,0.375,0.11031417649677178,0.00880000000000003,0.0653999999999999,0.056600000000000206,0.0,0.11277820394730938,0.009322910847297937,0.0063008226976163035,0.2155634985116186,0.0990026574406705,0.359,0.36
2011-04-01,0.3024154552939935,1.29844,2.1076,1.7474,0.3602,0.375,-0.02346221971439688,-0.007599999999999996,0.07460000000000022,0.08220000000000005,0.0,0.103544424455736,0.007982272024096062,0.00953892202156303,0.3258776750083904,0.0863753974652659,0.3678,0.3681999999999999
2011-04-08,0.2547288338453706,1.31198,2.1958,1.8738,0.3219999999999999,0.375,-0.0476866214486229,-0.03820000000000012,0.08820000000000006,0.12639999999999985,0.0,0.04927224594269182,0.020539636478445044,0.015832316107678397,0.3024154552939935,0.0972202467511293,0.3602,0.3483999999999999
2011-04-15,0.2269847128454428,1.29834,2.266,1.9434,0.3226,0.375,-0.02774412099992779,0.0006000000000001005,0.07019999999999982,0.0696000000000001,0.0,0.044838597900053394,0.02427584533371955,0.011783699192816284,0.2547288338453706,0.2155634985116186,0.3219999999999999,0.359
2011-04-22,0.322802450720267,1.28645,2.191,1.88775,0.3032500000000001,0.375,0.09581773787482417,-0.019349999999999923,-0.07500000000000018,-0.05564999999999998,0.0,0.04374569770271912,0.023879292807786622,0.010433536872354278,0.2269847128454428,0.3258776750083904,0.3226,0.3678
2011-04-29,0.2904164628227795,1.288425,2.1865,1.86925,0.31725,0.375,-0.03238598789748748,0.013999999999999901,-0.0044999999999997264,-0.01849999999999996,0.0,0.04176405794784375,0.00900708054810289,0.011677073245614544,0.322802450720267,0.3024154552939935,0.3032500000000001,0.3602
2011-05-06,0.2492517007922592,1.2772,2.1748000000000003,1.859,0.3158000000000001,0.375,-0.0411647620305203,-0.0014499999999998958,-0.011699999999999822,-0.010250000000000092,0.0,0.042674687275711776,0.008189881969032354,0.008670076292443608,0.2904164628227795,0.2547288338453706,0.31725,0.3219999999999999
2011-05-13,0.3135528605313519,1.26262,2.0286,1.7259999999999998,0.3025999999999998,0.375,0.0643011597390927,-0.013200000000000267,-0.14620000000000033,-0.13300000000000023,0.0,0.03279810667996277,0.007878716054452324,0.011767919226303299,0.2492517007922592,0.2269847128454428,0.3158000000000001,0.3226
2011-05-20,0.2432469374033207,1.25466,2.0412,1.715,0.3262,0.375,-0.07030592312803119,0.023600000000000176,0.012599999999999945,-0.010999999999999677,0.0,0.033625900005662505,0.009730482601941332,0.015044277635814528,0.3135528605313519,0.322802450720267,0.3025999999999998,0.3032500000000001
2011-05-27,0.2609615413647091,1.23346,1.992,1.6591999999999998,0.3328,0.375,0.01771460396138841,0.006599999999999995,-0.04919999999999991,-0.055800000000000294,0.0,0.03205515242705771,0.0131781384623682,0.01825039451628775,0.2432469374033207,0.2904164628227795,0.3262,0.31725
2011-06-03,0.2723577785933252,1.21936,1.97275,1.62175,0.351,0.375,0.011396237228616102,0.018199999999999994,-0.01924999999999999,-0.03744999999999976,0.0,0.029856499774926933,0.02000291645402436,0.019747225121524162,0.2609615413647091,0.2492517007922592,0.3328,0.3158000000000001
2011-06-10,0.2516691971930972,1.22256,1.9164,1.5466,0.3698,0.375,-0.020688581400228,0.01880000000000004,-0.0563499999999999,-0.07515000000000005,0.0,0.012504739140933066,0.019607056552850246,0.01595253375904562,0.2723577785933252,0.3135528605313519,0.351,0.3025999999999998
2011-06-17,0.2882088898392928,1.20728,1.859,1.46975,0.38925,0.375,0.03653969264619561,0.019449999999999967,-0.05740000000000012,-0.07685000000000008,0.0,0.01574024605068799,0.02429274154282835,0.010772871792926356,0.2516691971930972,0.2432469374033207,0.3698,0.3262
2011-06-24,0.320058595883503,1.2028,1.8586,1.4664,0.3922,0.375,0.03184970604421017,0.002950000000000008,-0.00039999999999995595,-0.003349999999999964,0.0,0.02884051817792306,0.0191544326897627,0.009462233703879318,0.2882088898392928,0.2609615413647091,0.38925,0.3328
2011-07-01,0.3183589489166341,1.20214,1.866,1.4814,0.3846,0.375,-0.0016996469668689174,-0.007599999999999996,0.007400000000000073,0.015000000000000124,0.0,0.03212748124547834,0.00994647131733889,0.009521195653216616,0.320058595883503,0.2723577785933252,0.3922,0.351
2011-07-08,0.2518435831307307,1.21496,1.8782,1.5004,0.3777999999999999,0.375,-0.06651536578590339,-0.006800000000000084,0.012199999999999989,0.018999999999999906,0.0,0.032049877820598184,0.006276858954390449,0.005902866535294285,0.3183589489166341,0.2516691971930972,0.3846,0.3698
2011-07-15,0.4512258347049158,1.16424,1.7302,1.3518,0.3784,0.375,0.1993822515741851,0.0006000000000001005,-0.14800000000000013,-0.14860000000000007,0.0,0.08351257728241075,0.0067119296778184265,0.022000862861870574,0.2518435831307307,0.2882088898392928,0.3777999999999999,0.38925
2011-07-22,0.4601812982073778,1.16446,1.7524000000000002,1.3554,0.3969999999999999,0.375,0.008955463502462013,0.018599999999999894,0.02220000000000022,0.0036000000000000476,0.0,0.10223729263978208,0.008913472948294532,0.02605021049179526,0.4512258347049158,0.320058595883503,0.3784,0.3922
2011-07-29,0.4291977633482056,1.15268,1.7344000000000002,1.289,0.4453999999999999,0.375,-0.030983534859172213,0.0484,-0.018000000000000016,-0.06640000000000001,0.0,0.09837759174619552,0.03177561958483214,0.027799905875143718,0.4601812982073778,0.3183589489166341,0.3969999999999999,0.3846
2011-08-05,0.4703798890570898,1.104,1.57625,1.11225,0.4639999999999999,0.125,0.04118212570888419,0.018600000000000005,-0.15815000000000023,-0.17674999999999996,-0.25,0.017541076121396895,0.04014540239346576,0.028761174639900598,0.4291977633482056,0.2518435831307307,0.4453999999999999,0.3777999999999999
2011-08-12,0.6016083945654486,1.06754,1.4214,0.9916,0.4298,0.125,0.1312285055083588,-0.0341999999999999,-0.15484999999999993,-0.12064999999999992,0.0,0.07621675677771167,0.028381860404137486,0.044847482277903555,0.4703798890570898,0.4512258347049158,0.4639999999999999,0.3784
2011-08-19,0.6755869285017158,1.13362,1.2952,0.8942,0.4009999999999999,0.125,0.07397853393626719,-0.028800000000000103,-0.1262000000000001,-0.09740000000000004,0.0,0.11435787653918647,0.02665951987564567,0.03714284139194084,0.6016083945654486,0.4601812982073778,0.4298,0.3969999999999999
2011-08-26,0.6140993792511249,1.14156,1.3188,0.8503999999999999,0.4683999999999999,0.125,-0.061487549250590856,0.06740000000000002,0.023600000000000065,-0.04380000000000006,0.0,0.08631131079404898,0.03164932858687436,0.03357330288587757,0.6755869285017158,0.4291977633482056,0.4009999999999999,0.4453999999999999
2011-09-02,0.4939340451256038,1.15756,1.435,0.9284,0.5065999999999999,0.125,-0.1201653341255211,0.03820000000000001,0.11620000000000008,0.07800000000000007,0.0,0.07552086355563792,0.04598097432634433,0.03962458664348267,0.6140993792511249,0.4703798890570898,0.4683999999999999,0.4639999999999999
2011-09-09,0.5154605024566887,1.1899799999999998,1.3767999999999998,0.8594000000000002,0.5174,0.125,0.021526457331084936,0.010800000000000032,-0.05820000000000025,-0.06899999999999984,0.0,0.08517222012665901,0.05261492183782016,0.024940211172592375,0.4939340451256038,0.6016083945654486,0.5065999999999999,0.4298
2011-09-16,0.6260089152131547,1.2049,1.3544,0.8682000000000001,0.4862,0.125,0.11054841275646599,-0.03119999999999995,-0.022399999999999753,0.008799999999999919,0.0,0.06735433902407738,0.02176258256733127,0.029050516920245923,0.5154605024566887,0.6755869285017158,0.5174,0.4009999999999999
2011-09-23,0.6557015109445734,1.21606,1.2834,0.8038000000000001,0.4796,0.125,0.02969259573141869,-0.006599999999999995,-0.07099999999999995,-0.06440000000000001,0.0,0.08002396252441475,0.017577542490345693,0.025399639761227895,0.6260089152131547,0.6140993792511249,0.4862,0.4683999999999999
2011-09-30,0.6237571785621197,1.2204000000000002,1.2574,0.7822,0.4752,0.125,-0.031944332382453755,-0.004400000000000015,-0.026000000000000023,-0.021600000000000064,0.0,0.061592628759952806,0.019076687343454368,0.013576267282779818,0.6557015109445734,0.4939340451256038,0.4796,0.5065999999999999
2011-10-07,0.7019254583552917,1.2251,1.31,0.7854,0.5246000000000001,0.125,0.07816827979317209,0.049400000000000055,0.05259999999999998,0.0031999999999999806,0.0,0.036420479281675716,0.022590263389343498,0.008638493309993556,0.6237571785621197,0.5154605024566887,0.4752,0.5174
2011-10-14,0.6951107855746212,1.23592,1.3184,0.8592000000000001,0.4592,0.125,-0.006814672780670494,-0.06540000000000007,0.008399999999999963,0.07380000000000009,0.0,0.036467155972972704,0.02803872322342649,0.00853917248138244,0.7019254583552917,0.6260089152131547,0.5246000000000001,0.4862
2011-10-21,0.6520014484826203,1.2361999999999995,1.3254,0.874,0.4514,0.125,-0.04310933709200093,-0.007799999999999974,0.006999999999999895,0.014799999999999924,0.0,0.036964642401275165,0.032862136266528966,0.007921285670066032,0.6951107855746212,0.6557015109445734,0.4592,0.4796
2011-10-28,0.5859419247547687,1.223,1.349,0.8902000000000001,0.4588000000000001,0.125,-0.06605952372785162,0.007400000000000073,0.023600000000000065,0.016200000000000103,0.0,0.053331621628032934,0.03425492665296363,0.006987710640841352,0.6520014484826203,0.6237571785621197,0.4514,0.4752
2011-11-04,0.6591744623903912,1.21808,1.2795999999999998,0.8128,0.4667999999999999,0.125,0.07323253763562254,0.007999999999999785,-0.06940000000000013,-0.07740000000000014,0.0,0.045502739673421,0.006289409087234445,0.009183550511655442,0.5859419247547687,0.7019254583552917,0.4588000000000001,0.5246000000000001
2011-11-11,0.6703636736698749,1.23442,1.1992,0.7293999999999999,0.4698,0.125,0.01118921127948369,0.0030000000000001137,-0.0803999999999998,-0.08340000000000003,0.0,0.038043526414925345,0.008288948465673211,0.008790910078036736,0.6591744623903912,0.6951107855746212,0.4667999999999999,0.4592
2011-11-18,0.6553734478518527,1.23844,1.1968,0.718,0.4788,0.125,-0.01499022581802223,0.009000000000000008,-0.0023999999999999577,-0.011399999999999966,0.0,0.03837873292232384,0.0082613558209242,0.009533720854601505,0.6703636736698749,0.6520014484826203,0.4698,0.4514
2011-11-25,0.6266044010744948,1.23102,1.2174,0.7236,0.4938,0.125,-0.02876904677735792,0.015000000000000013,0.02059999999999995,0.005600000000000049,0.0,0.018636196668789743,0.012124355652978754,0.00881166650905475,0.6553734478518527,0.5859419247547687,0.4788,0.4588000000000001
2011-12-02,0.5703176054968837,1.22926,1.2765999999999995,0.7502,0.5264,0.125,-0.05628679557761107,0.03259999999999996,0.059199999999999475,0.026599999999999957,0.0,0.04413913068602602,0.024856387509047107,0.0040494073640633035,0.6266044010744948,0.6591744623903912,0.4938,0.4667999999999999
2011-12-09,0.4636112225965659,1.2377,1.2662,0.6674,0.5988,0.125,-0.10670638290031781,0.07240000000000002,-0.01039999999999952,-0.08279999999999998,0.0,0.08463457584642736,0.053401217214590777,0.004644261692324928,0.5703176054968837,0.6703636736698749,0.5264,0.4698
2011-12-16,0.4994334140201247,1.23042,1.1792,0.5986,0.5806000000000001,0.125,0.0358221914235588,-0.018199999999999883,-0.08699999999999997,-0.06879999999999997,0.0,0.07280195148854618,0.04841886684616413,0.0038041380977557756,0.4636112225965659,0.6553734478518527,0.5988,0.4788
2011-12-23,0.4568436214150259,1.2205,1.2038,0.615,0.5888,0.125,-0.04258979260509882,0.008199999999999874,0.024599999999999955,0.01639999999999997,0.0,0.05198564391146671,0.03236721592393401,0.007050777734888301,0.4994334140201247,0.6266044010744948,0.5806000000000001,0.4938
2011-12-30,0.3699910701765517,1.2187,1.19175,0.60075,0.5910000000000001,0.125,-0.08685255123847418,0.0022000000000000908,-0.012049999999999894,-0.014249999999999985,0.0,0.05492899904557123,0.0074850963030920455,0.008892146347580903,0.4568436214150259,0.5703176054968837,0.5888,0.5264
2012-01-06,0.3664884925671939,1.2179600000000002,1.127,0.5575,0.5695,0.125,-0.003502577609357793,-0.021500000000000075,-0.06475000000000009,-0.04325000000000001,0.0,0.06580479083980044,0.009739053684345503,0.005782557104499224,0.3699910701765517,0.4636112225965659,0.5910000000000001,0.5988
2012-01-13,0.3785398390734211,1.21214,1.147,0.6003999999999999,0.5466,0.125,0.01205134650622719,-0.02290000000000003,0.020000000000000018,0.04289999999999994,0.0,0.04288500296035478,0.020648224298146438,0.003617489921680561,0.3664884925671939,0.4994334140201247,0.5695,0.5806000000000001
2012-01-20,0.4373993130916629,1.2084800000000002,1.1398,0.5763999999999999,0.5634,0.125,0.05885947401824182,0.016800000000000037,-0.007200000000000095,-0.02400000000000002,0.0,0.0332506112904137,0.01834672995386096,0.004874833330497185,0.3785398390734211,0.4568436214150259,0.5466,0.5888
2012-01-27,0.4896830926225234,1.207,1.1856,0.622,0.5636,0.125,0.0522837795308605,0.00019999999999997797,0.04580000000000006,0.045600000000000085,0.0,0.056936618998727255,0.009864540874595488,0.004880829847487685,0.4373993130916629,0.3699910701765517,0.5634,0.5910000000000001
2012-02-03,0.5078880772028203,1.2048,1.1134,0.5508,0.5626,0.125,0.018204984580296846,-0.0010000000000000009,-0.07220000000000004,-0.07120000000000004,0.0,0.0581534665990796,0.00831123737277219,0.0030857684078348887,0.4896830926225234,0.3664884925671939,0.5636,0.5695
2012-02-10,0.4344497679663971,1.20938,1.1527999999999998,0.6064,0.5464,0.125,-0.07343830923642314,-0.016199999999999992,0.03939999999999988,0.055600000000000094,0.0,0.0370655794550226,0.00841110377219096,0.0020004916062787226,0.5078880772028203,0.3785398390734211,0.5626,0.5466
2012-02-17,0.3528764721992213,1.20786,1.139,0.6038,0.5352,0.125,-0.08157329576717581,-0.011199999999999988,-0.013799999999999812,-0.0026000000000000467,0.0,0.06962649073173655,0.013668820968414432,0.0019125550101347344,0.4344497679663971,0.4373993130916629,0.5464,0.5634
2012-02-24,0.2827457022193029,1.20642,1.1654,0.6086,0.5568,0.125,-0.0701307699799184,0.021599999999999953,0.02639999999999998,0.0048000000000000265,0.0,0.09776567351197815,0.01206579186515468,0.0019602295784230893,0.3528764721992213,0.4896830926225234,0.5352,0.5636
2012-03-02,0.2557584345580557,1.20534,1.0912,0.5488000000000001,0.5424,0.125,-0.026987267661247205,-0.014399999999999968,-0.07420000000000004,-0.059799999999999964,0.0,0.07993615657241405,0.009015542135662163,0.00175556258792583,0.2827457022193029,0.5078880772028203,0.5568,0.5626
2012-03-09,0.3222027472541792,1.20542,1.0908000000000002,0.532,0.5588,0.125,0.0664443126961235,0.01639999999999997,-0.0003999999999997339,-0.016800000000000037,0.0,0.04280881260871134,0.011385956261987807,0.0011743934605254274,0.2557584345580557,0.4344497679663971,0.5424,0.5464
2012-03-16,0.3540050733797618,1.20784,1.1494,0.6508,0.4986,0.125,0.03180232612558259,-0.060199999999999976,0.05859999999999976,0.11880000000000002,0.0,0.04324514006732114,0.02800303554973817,0.0011653182684535303,0.3222027472541792,0.3528764721992213,0.5588,0.5352
2012-03-23,0.3326193000591003,1.20586,1.2378,0.7574,0.4804,0.125,-0.021385773320661494,-0.018199999999999994,0.08840000000000003,0.10659999999999992,0.0,0.04237932396311606,0.03666656060590586,0.0011725044421201888,0.3540050733797618,0.2827457022193029,0.4986,0.5568
2012-03-30,0.3215576125250595,1.20538,1.1822,0.7218,0.4604,0.125,-0.011061687534040798,-0.020000000000000018,-0.055600000000000094,-0.035599999999999965,0.0,0.015146117945129956,0.04246924377318921,0.0011638298845299355,0.3326193000591003,0.2557584345580557,0.4804,0.5424
2012-04-06,0.317480131662678,1.20355,1.1945,0.703,0.4914999999999999,0.125,-0.004077480862381466,0.031099999999999905,0.012299999999999978,-0.01880000000000004,0.0,0.016361646170474854,0.0166616075654954,0.0017628457108110483,0.3215576125250595,0.3222027472541792,0.4604,0.5588
2012-04-13,0.3300669833531412,1.20205,1.117,0.59525,0.52175,0.125,0.012586851690463197,0.030250000000000166,-0.0774999999999999,-0.10775000000000001,0.0,0.007103600899967229,0.025624089414713672,0.0017504856469346285,0.317480131662678,0.3540050733797618,0.4914999999999999,0.4986
2012-04-20,0.3055994645116424,1.20226,1.1347999999999998,0.5875999999999999,0.5472,0.125,-0.024467518841498836,0.025449999999999973,0.017799999999999816,-0.007650000000000046,0.0,0.0101732340637064,0.03756164655159001,0.0015310780516105914,0.3300669833531412,0.3326193000591003,0.52175,0.4804
2012-04-27,0.2922043304621905,1.20174,1.1434000000000002,0.5942000000000001,0.5492,0.125,-0.013395134049451862,0.0020000000000000018,0.008600000000000385,0.006600000000000161,0.0,0.01620214695690633,0.02700624541965374,0.0007958643101204619,0.3055994645116424,0.3215576125250595,0.5472,0.4604
2012-05-04,0.2749115568284055,1.2016,1.0975,0.55225,0.54525,0.125,-0.017292773633785008,-0.003950000000000009,-0.045900000000000274,-0.04195000000000004,0.0,0.023264025073508148,0.01283504317613422,0.00029837057516364,0.2922043304621905,0.317480131662678,0.5492,0.4914999999999999
2012-05-11,0.2579843005811678,1.20122,1.0434,0.5038,0.5396,0.125,-0.016927256247237732,-0.005650000000000044,-0.054099999999999815,-0.04844999999999999,0.0,0.020706205992745027,0.004135693210724149,0.0004303099659433348,0.2749115568284055,0.3300669833531412,0.54525,0.52175
2012-05-18,0.243363792452082,1.20108,1.0165,0.47775,0.53875,0.125,-0.014620508129085774,-0.0008500000000000174,-0.026900000000000146,-0.026050000000000018,0.0,0.02111674161512116,0.004931700180116692,0.0003109126353014463,0.2579843005811678,0.3055994645116424,0.5396,0.5472
2012-05-25,0.2671531645230748,1.20114,1.036,0.5088,0.5272,0.125,0.023789372070992798,-0.01154999999999995,0.019500000000000073,0.031050000000000022,0.0,0.013557739609517698,0.007571107360654842,0.0002338090391538048,0.243363792452082,0.2922043304621905,0.53875,0.5492
2012-06-01,0.3044915288929875,1.20124,0.98825,0.449,0.53925,0.125,0.03733836436991267,0.012050000000000005,-0.04775000000000007,-0.05980000000000002,0.0,0.02607271474313677,0.006010130336902994,7.393691087695095e-05,0.2671531645230748,0.2749115568284055,0.5272,0.54525
2012-06-08,0.3677700191496088,1.201,0.9906,0.4372,0.5534,0.125,0.0632784902566213,0.014149999999999996,0.0023500000000000743,-0.011800000000000033,0.0,0.05423829815802789,0.010724349242101461,0.00010115993997950043,0.3044915288929875,0.2579843005811678,0.53925,0.5396
2012-06-15,0.3534018112262198,1.20098,0.9716,0.4118,0.5598,0.125,-0.014368207923388998,0.006399999999999961,-0.019000000000000017,-0.025399999999999978,0.0,0.04615152795672367,0.01459990724856027,0.00012274635143243648,0.3677700191496088,0.243363792452082,0.5534,0.53875
2012-06-22,0.356280508883421,1.20094,0.9798,0.3903999999999999,0.5894,0.125,0.0028786976572012235,0.02960000000000007,0.008199999999999985,-0.021400000000000086,0.0,0.028025617211178404,0.021116082930629797,0.00013564660011690572,0.3534018112262198,0.2671531645230748,0.5598,0.5272
2012-06-29,0.4052855245099517,1.20138,1.0181999999999998,0.4639999999999999,0.5542,0.125,0.0490050156265307,-0.03520000000000001,0.03839999999999977,0.0736,0.0,0.023887872704913986,0.017039561809699497,0.00020485767447173586,0.356280508883421,0.3044915288929875,0.5894,0.53925
2012-07-06,0.4348441322680925,1.20126,1.029,0.477,0.5519999999999999,0.125,0.029558607758140787,-0.0022000000000000908,0.010800000000000143,0.013000000000000067,0.0,0.0395606117553406,0.01734694977990568,0.000214165045677566,0.4052855245099517,0.3677700191496088,0.5542,0.5534
2012-07-13,0.4375246060389465,1.20098,0.9536,0.4112,0.5424,0.125,0.0026804737708540083,-0.009599999999999942,-0.07539999999999991,-0.06579999999999997,0.0,0.037743202929545534,0.020581221214169172,0.000214165045677566,0.4348441322680925,0.3534018112262198,0.5519999999999999,0.5598
2012-07-20,0.3762196067878445,1.20098,0.9666,0.4012,0.5654,0.125,-0.061304999251102,0.02300000000000002,0.013000000000000012,-0.010000000000000009,0.0,0.02881003891015976,0.00944386926352555,0.00020231987904488442,0.4375246060389465,0.356280508883421,0.5424,0.5894
2012-07-27,0.3786516557948289,1.201,0.97,0.3992,0.5708,0.125,0.0024320490069844047,0.00539999999999996,0.0033999999999999586,-0.0020000000000000018,0.0,0.03395076877580096,0.012877240905303886,0.00013699148437001414,0.3762196067878445,0.4052855245099517,0.5654,0.5542
2012-08-03,0.3704010694633201,1.20146,0.95775,0.3815,0.5762499999999999,0.125,-0.008250586331508825,0.005449999999999955,-0.012249999999999983,-0.017699999999999994,0.0,0.031408251012308035,0.014882785077617972,0.00023685438590690213,0.3786516557948289,0.4348441322680925,0.5708,0.5519999999999999
2012-08-10,0.387342718375093,1.20118,0.9704,0.4408,0.5296,0.125,0.01694164891177291,-0.04664999999999997,0.01265000000000005,0.05930000000000002,0.0,0.007036334638789631,0.021078993295061167,0.00022233608221960242,0.3704010694633201,0.4375246060389465,0.5762499999999999,0.5424
2012-08-17,0.2974472430120641,1.20104,0.9696,0.4544,0.5151999999999999,0.125,-0.08989547536302889,-0.01440000000000008,-0.0008000000000000229,0.013600000000000001,0.0,0.04125958489799162,0.030178893700728883,0.00020816660024311414,0.387342718375093,0.3762196067878445,0.5296,0.5654
2012-08-24,0.2275361328784329,1.20096,0.9544,0.4378,0.5166000000000001,0.125,-0.06991111013363119,0.0014000000000001789,-0.015199999999999991,-0.016600000000000004,0.0,0.07332949324004107,0.02863530382237775,0.00021969676099135328,0.2974472430120641,0.3786516557948289,0.5151999999999999,0.5708
2012-08-31,0.1925936206923836,1.20096,0.9212,0.4067999999999999,0.5144,0.125,-0.034942512186049324,-0.0022000000000000908,-0.03320000000000001,-0.03100000000000014,0.0,0.08595026512399498,0.007157979230658587,0.00010376255003554933,0.2275361328784329,0.3704010694633201,0.5166000000000001,0.5762499999999999
2012-09-07,0.1780520839411376,1.20418,0.922,0.4118,0.5102,0.125,-0.014541536751245976,-0.0041999999999999815,0.0008000000000000229,0.0050000000000001155,0.0,0.05324327499900183,0.0027543904346581747,0.0015971119769105163,0.1925936206923836,0.387342718375093,0.5144,0.5296
2012-09-14,0.1509206775024441,1.2107800000000002,0.9604,0.4761999999999999,0.4841999999999999,0.125,-0.027131406438693523,-0.02600000000000008,0.03839999999999999,0.0643999999999999,0.0,0.031916273226611065,0.015003444049057534,0.004629269200798586,0.1780520839411376,0.2974472430120641,0.5102,0.5151999999999999
2012-09-21,0.1579686793052635,1.2113200000000002,0.9474,0.4854,0.462,0.125,0.00704800180281942,-0.022199999999999886,-0.013000000000000012,0.009200000000000097,0.0,0.01900900606243289,0.024439585375639866,0.005074130467393767,0.1509206775024441,0.2275361328784329,0.4841999999999999,0.5166000000000001
2012-09-28,0.1496679585316011,1.20916,0.9186,0.448,0.4706,0.125,-0.008300720773662423,0.008599999999999997,-0.028800000000000048,-0.03739999999999999,0.0,0.013118881214888984,0.02105381992259796,0.0032521992559092134,0.1579686793052635,0.1925936206923836,0.462,0.5144
2012-10-05,0.1418613007254204,1.2107199999999998,0.907,0.4074,0.4996,0.125,-0.0078066578061807,0.02899999999999997,-0.011599999999999944,-0.040600000000000025,0.0,0.00659930209691017,0.016441005646447373,0.0009300000000744078,0.1496679585316011,0.1780520839411376,0.4706,0.5102
2012-10-12,0.1201957766543039,1.21022,0.9006000000000001,0.3868,0.5138,0.125,-0.02166552407111648,0.014200000000000046,-0.006399999999999961,-0.020600000000000007,0.0,0.016212367009832907,0.024289641139105353,0.0009148223872086519,0.1418613007254204,0.1509206775024441,0.4996,0.4841999999999999
2012-10-19,0.1104515426808104,1.20934,0.8987999999999999,0.3992,0.4996,0.125,-0.009744233973493513,-0.014200000000000046,-0.0018000000000001348,0.012400000000000022,0.0,0.018299359306443243,0.018146441340747523,0.0007370210310005333,0.1201957766543039,0.1579686793052635,0.5138,0.462
2012-10-26,0.109210801733473,1.2096399999999998,0.8862,0.391,0.4952,0.125,-0.0012407409473373932,-0.004400000000000015,-0.012599999999999945,-0.008199999999999985,0.0,0.015108447212169569,0.00810329151229268,0.0006138403702407986,0.1104515426808104,0.1496679585316011,0.4996,0.4706
2012-11-02,0.118352579631947,1.20786,0.8934000000000001,0.3914,0.502,0.125,0.009141777898473993,0.006800000000000028,0.007200000000000095,0.00040000000000001146,0.0,0.005526866737025957,0.007948794457853025,0.0010053689207463158,0.109210801733473,0.1418613007254204,0.4952,0.4996
2012-11-09,0.1267826856462719,1.2063,0.8768,0.3648,0.512,0.125,0.008430106014324909,0.010000000000000009,-0.01660000000000006,-0.026600000000000013,0.0,0.008134709318497706,0.007114304838365783,0.001535133001881953,0.118352579631947,0.1201957766543039,0.502,0.5138
2012-11-16,0.1158002007075982,1.20454,0.8573999999999999,0.3286,0.5288,0.125,-0.010982484938673709,0.016800000000000037,-0.019400000000000084,-0.03620000000000001,0.0,0.007268423070832669,0.014599999999995452,0.002177299550696765,0.1267826856462719,0.1104515426808104,0.512,0.4996
2012-11-23,0.1335969120105294,1.2046,0.9032,0.3681999999999999,0.535,0.125,0.0177967113029312,0.006199999999999983,0.04580000000000006,0.03959999999999991,0.0,0.00813297088410942,0.015157286476583053,0.0015831087560435407,0.1158002007075982,0.109210801733473,0.5288,0.4952
2012-11-30,0.1172393084460616,1.20438,0.9048,0.3654,0.5394,0.125,-0.01635760356446779,0.0043999999999999595,0.0016000000000000458,-0.0027999999999999137,0.0,0.008388930520866122,0.012014435761472417,0.0009014617759282397,0.1335969120105294,0.118352579631947,0.535,0.502
2012-12-07,0.0730713257104148,1.21084,0.8635999999999999,0.329,0.5346,0.125,-0.0441679827356468,-0.0048000000000000265,-0.041200000000000125,-0.03639999999999999,0.0,0.025862262103116762,0.004349329450220063,0.003168027777676289,0.1172393084460616,0.1267826856462719,0.5394,0.512
2012-12-14,0.0541151087489306,1.2094200000000002,0.8496,0.3036,0.5459999999999999,0.125,-0.018956216961484203,0.011399999999999966,-0.013999999999999901,-0.025400000000000034,0.0,0.03712937773166214,0.005299999999989399,0.0033086754651165972,0.0730713257104148,0.1158002007075982,0.5346,0.5288
2012-12-21,0.0407946771561299,1.2082799999999998,0.9198,0.3812,0.5386,0.125,-0.013320431592800698,-0.007399999999999962,0.07019999999999993,0.0776,0.0,0.0333639164375146,0.004725462940272461,0.002772075035083452,0.0541151087489306,0.1335969120105294,0.5459999999999999,0.535
2012-12-28,0.0325528125674647,1.207733333333333,0.919,0.3825,0.5365,0.125,-0.008241864588665201,-0.0020999999999999908,-0.0007999999999999119,0.0013000000000000234,0.0,0.017685127831576525,0.004991576237344393,0.0013743079066779328,0.0407946771561299,0.1172393084460616,0.5386,0.5394
2013-01-04,0.0220615381508092,1.2086,0.9565,0.4155,0.5409999999999999,0.125,-0.0104912744166555,0.0044999999999999485,0.03749999999999998,0.032999999999999974,0.0,0.013536135496927306,0.004086869217370329,0.0007052895387478675,0.0325528125674647,0.0730713257104148,0.5365,0.5346
2013-01-11,0.0346250126512797,1.21058,0.9548,0.4218,0.533,0.125,0.0125634745004705,-0.007999999999999896,-0.0017000000000000348,0.006300000000000028,0.0,0.0077948986126786385,0.0033915335764056497,0.0012405061691463908,0.0220615381508092,0.0541151087489306,0.5409999999999999,0.5459999999999999
2013-01-18,0.0302991214350489,1.23718,0.9888,0.4944,0.4944,0.125,-0.004325891216230799,-0.03860000000000002,0.03400000000000003,0.0726,0.0,0.005506450614885208,0.021467863579465587,0.014154674139666989,0.0346250126512797,0.0407946771561299,0.533,0.5386
2013-01-25,0.0258645693856958,1.241,1.0042,0.5152,0.489,0.125,-0.004434552049353103,-0.005400000000000016,0.01539999999999997,0.020799999999999985,0.0,0.005441244261488701,0.026449133571187833,0.017122172759325347,0.0302991214350489,0.0325528125674647,0.4944,0.5365
2013-02-01,0.0337160578329964,1.23946,1.1092,0.6028,0.5064,0.125,0.007851488447300603,0.01739999999999997,0.10499999999999998,0.08760000000000001,0.0,0.003971476183815517,0.019598979565269764,0.014402410677853096,0.0258645693856958,0.0220615381508092,0.489,0.5409999999999999
2013-02-08,0.1041782924098645,1.23182,1.12,0.586,0.534,0.125,0.0704622345768681,0.02760000000000007,0.010800000000000143,-0.016800000000000037,0.0,0.03724813663846783,0.02006414712864373,0.004015947376840395,0.0337160578329964,0.0346250126512797,0.5064,0.533
2013-02-15,0.1169782748929086,1.23166,1.1066,0.577,0.5296000000000001,0.125,0.012799982483044106,-0.0043999999999999595,-0.013400000000000079,-0.009000000000000008,0.0,0.04704408859326996,0.02100690362713824,0.0049422902923187,0.1041782924098645,0.0302991214350489,0.534,0.4944
2013-02-22,0.097652734898045,1.23146,1.123,0.5963999999999999,0.5266000000000001,0.125,-0.019325539994863597,-0.0030000000000000027,0.01639999999999997,0.019399999999999973,0.0,0.03715431885383755,0.012217337407684931,0.0039094415628758445,0.1169782748929086,0.0258645693856958,0.5296000000000001,0.489
2013-03-01,0.1343246621802864,1.22206,1.0916,0.5522,0.5394,0.125,0.036671927282241404,0.012799999999999923,-0.031400000000000095,-0.044199999999999906,0.0,0.016161760324262444,0.005568961602778948,0.004795595201174823,0.097652734898045,0.0337160578329964,0.5266000000000001,0.5064
2013-03-08,0.1511651895470127,1.23014,1.0698,0.5356,0.5342,0.125,0.016840527366726282,-0.005199999999999982,-0.02179999999999982,-0.01660000000000006,0.0,0.022976682377140543,0.005588977246917332,0.004563434379229112,0.1343246621802864,0.1041782924098645,0.5394,0.534
2013-03-15,0.1091770368828894,1.23356,1.1056,0.6052,0.5004000000000001,0.125,-0.041988152664123285,-0.03379999999999994,0.03579999999999983,0.0696,0.0,0.02418717630897638,0.01731694738302768,0.005031113196917577,0.1511651895470127,0.1169782748929086,0.5342,0.5296000000000001
2013-03-22,0.1056849444317544,1.22196,1.0668000000000002,0.5586,0.5082000000000001,0.125,-0.0034920924511350065,0.007800000000000029,-0.038799999999999724,-0.046599999999999975,0.0,0.021563650399022676,0.019150195821449882,0.005850321928480415,0.1091770368828894,0.097652734898045,0.5004000000000001,0.5266000000000001
2013-03-29,0.1111501192120878,1.219775,1.06275,0.5642499999999999,0.4985,0.125,0.005465174780333398,-0.009700000000000097,-0.004050000000000109,0.005649999999999933,0.0,0.02136706853380183,0.016460736111523096,0.006553640686686318,0.1056849444317544,0.1343246621802864,0.5082000000000001,0.5394
2013-04-05,0.0982412653630347,1.215975,1.04825,0.5155000000000001,0.53275,0.125,-0.012908853849053104,0.03424999999999995,-0.01450000000000018,-0.04874999999999985,0.0,0.005683263905598055,0.01576078334558701,0.0075765696943613185,0.1111501192120878,0.1511651895470127,0.4985,0.5342
2013-04-12,0.1289043671463856,1.2181,1.0562,0.5252000000000001,0.5309999999999999,0.125,0.030663101783350896,-0.0017500000000000293,0.007950000000000124,0.009700000000000042,0.0,0.013059146612744947,0.01695338584668384,0.0025373099272335315,0.0982412653630347,0.1091770368828894,0.53275,0.5004000000000001
2013-04-19,0.1228702722196793,1.21598,1.0188,0.488,0.5307999999999999,0.125,-0.006034094926706285,-0.00019999999999997797,-0.0374000000000001,-0.03720000000000012,0.0,0.013547564065267019,0.016531554423784445,0.0018406905407575105,0.1289043671463856,0.1056849444317544,0.5309999999999999,0.5082000000000001
2013-04-26,0.1210715289391235,1.22632,0.978,0.4546,0.5234,0.125,-0.0017987432805558062,-0.007399999999999962,-0.04079999999999995,-0.033399999999999985,0.0,0.013444434592128636,0.004151781746016437,0.004920307197405264,0.1228702722196793,0.1111501192120878,0.5307999999999999,0.4985
2013-05-03,0.0824523609155982,1.2249,0.9575,0.4305,0.5269999999999999,0.125,-0.0386191680235253,0.0035999999999999366,-0.020499999999999963,-0.02410000000000001,0.0,0.02118142997460417,0.003605088995649548,0.005056359032628467,0.1210715289391235,0.0982412653630347,0.5234,0.53275
2013-05-10,0.0460282199911284,1.23338,0.9685,0.439,0.5295,0.125,-0.0364241409244698,0.0025000000000000577,0.01100000000000001,0.008500000000000008,0.0,0.03650479468627242,0.0032571715746262304,0.007147332835880262,0.0824523609155982,0.1289043671463856,0.5269999999999999,0.5309999999999999
2013-05-17,0.0263638223135926,1.24424,1.009,0.4876,0.5214,0.125,-0.0196643976775358,-0.008099999999999996,0.04049999999999987,0.04859999999999998,0.0,0.041784984136618734,0.003621578845367953,0.00883587384851505,0.0460282199911284,0.1228702722196793,0.5295,0.5307999999999999
2013-05-24,0.0156904674517777,1.24974,1.02425,0.50875,0.5155,0.125,-0.010673354861814897,-0.005900000000000016,0.015250000000000208,0.021150000000000058,0.0,0.02936945819019563,0.0062335115838945705,0.011101091537932548,0.0263638223135926,0.1210715289391235,0.5214,0.5234
2013-05-31,0.0098804700119267,1.24716,1.0736,0.5544,0.5192,0.125,-0.005809997439851002,0.0037000000000000366,0.049350000000000005,0.04564999999999997,0.0,0.015898388469352917,0.0059233999245826615,0.007193228297056571,0.0156904674517777,0.0824523609155982,0.5155,0.5269999999999999
2013-06-07,0.0124393742230688,1.2370800000000002,1.1582,0.6304000000000001,0.5277999999999999,0.125,0.002558904211142101,0.008599999999999941,0.08459999999999979,0.07600000000000007,0.0,0.007247903891933881,0.0051603455956500946,0.005466415644665451,0.0098804700119267,0.0460282199911284,0.5192,0.5295
2013-06-14,0.0306550543995917,1.2327,1.251,0.7048,0.5462,0.125,0.0182156801765229,0.018400000000000083,0.0928,0.07439999999999991,0.0,0.009301464452260804,0.013689990260523149,0.008099259225400529,0.0124393742230688,0.0263638223135926,0.5277999999999999,0.5214
2013-06-21,0.0587503696874201,1.2305,1.2612,0.7272000000000001,0.534,0.125,0.028095315287828396,-0.012199999999999989,0.010200000000000209,0.022400000000000087,0.0,0.022531948591283962,0.011357229709156917,0.007391292173918048,0.0306550543995917,0.0156904674517777,0.5462,0.5155
2013-06-28,0.1181065258801274,1.2287,1.4412,0.8934000000000001,0.5478,0.125,0.05935615619270731,0.013799999999999923,0.17999999999999994,0.16620000000000001,0.0,0.04619011991009608,0.009655913559397872,0.0036146138567684978,0.0587503696874201,0.0098804700119267,0.534,0.5192
2013-07-05,0.1285822898328057,1.2331,1.4196,0.858,0.5616,0.125,0.010475763952678296,0.013800000000000034,-0.021600000000000064,-0.0354000000000001,0.0,0.04702503059043542,0.011296016997150125,0.002048576741758248,0.1181065258801274,0.0124393742230688,0.5478,0.5277999999999999
2013-07-12,0.1041883209427072,1.24196,1.4128,0.8826,0.5302,0.125,-0.024393968890098497,-0.031399999999999983,-0.006799999999999917,0.024600000000000066,0.0,0.030771715287365716,0.01429685280052574,0.00588089278938263,0.1285822898328057,0.0306550543995917,0.5616,0.5462
2013-07-19,0.0859375464638255,1.23672,1.38,0.8562,0.5237999999999999,0.125,-0.01825077447888171,-0.006400000000000072,-0.03280000000000016,-0.02640000000000009,0.0,0.01845045600170379,0.017156048496081464,0.005616713155118727,0.1041883209427072,0.0587503696874201,0.5302,0.534
2013-07-26,0.0525585750649021,1.23688,1.3778,0.8606,0.5172000000000001,0.125,-0.033378971398923395,-0.006599999999999828,-0.0021999999999999797,0.0044000000000000705,0.0,0.032023587950211464,0.019663163529805953,0.003642137650733347,0.0859375464638255,0.1181065258801274,0.5237999999999999,0.5478
2013-08-02,0.031074547852478,1.23364,1.40325,0.8815,0.5217499999999999,0.125,-0.021484027212424102,0.004549999999999832,0.025450000000000195,0.02089999999999992,0.0,0.03282531164806656,0.005399286218246789,0.0034459638226322035,0.0525585750649021,0.1285822898328057,0.5172000000000001,0.5616
2013-08-09,0.0127588670170946,1.2320600000000002,1.4114,0.8629999999999999,0.5484,0.125,-0.0183156808353834,0.026650000000000063,0.00814999999999988,-0.018500000000000072,0.0,0.031438124181024804,0.014015727772751842,0.0023708999698176772,0.031074547852478,0.1041883209427072,0.5217499999999999,0.5302
2013-08-16,0.0058391463792622,1.2376200000000002,1.4382,0.8577999999999999,0.5804,0.125,-0.0069197206378324005,0.03200000000000003,0.026799999999999935,-0.005199999999999982,0.0,0.020913427481613477,0.029101013012148434,0.0026383075383439127,0.0127588670170946,0.0859375464638255,0.5484,0.5237999999999999
2013-08-23,0.0043427013005075,1.23384,1.5048,0.9144,0.5904,0.125,-0.0014964450787546997,0.010000000000000009,0.06659999999999999,0.056600000000000095,0.0,0.012274074978715872,0.031292794032065106,0.0023584458159728776,0.0058391463792622,0.0525585750649021,0.5804,0.5172000000000001
2013-08-30,0.0140974162858041,1.23106,1.5044,0.9574,0.5469999999999999,0.125,0.0097547149852966,-0.043400000000000105,-0.00039999999999995595,0.04300000000000004,0.0,0.0048827837635573995,0.022153028385902145,0.002888661743243373,0.0043427013005075,0.031074547852478,0.5904,0.5217499999999999
2013-09-06,0.0172198035269438,1.2351800000000002,1.4992,0.966,0.5332,0.125,0.0031223872411396993,-0.013799999999999923,-0.005199999999999871,0.008599999999999941,0.0,0.006262861799976589,0.027063567146009822,0.0027351721457489265,0.0140974162858041,0.0127588670170946,0.5469999999999999,0.5484
2013-09-13,0.0156228795145456,1.2376200000000002,1.5252,1.0092,0.516,0.125,-0.0015969240123982,-0.017199999999999993,0.0259999999999998,0.04320000000000013,0.0,0.00579398505043008,0.031804140191698825,0.0027351721457489265,0.0172198035269438,0.0058391463792622,0.5332,0.5804
2013-09-20,0.0137557994221446,1.23564,1.4512,0.9562,0.4950000000000001,0.125,-0.0018670800924010002,-0.020999999999999908,-0.07399999999999984,-0.05300000000000005,0.0,0.001587149463436662,0.022456476422920948,0.0027548442182603254,0.0156228795145456,0.0043427013005075,0.516,0.5904
2013-09-27,0.0088827162141212,1.2291599999999998,1.4129999999999998,0.93,0.483,0.125,-0.004873083208023399,-0.012000000000000122,-0.038200000000000234,-0.0262,0.0,0.003613853494244408,0.02226566864030487,0.0036502054736980397,0.0137557994221446,0.0140974162858041,0.4950000000000001,0.5469999999999999
2013-10-04,0.0061832025380621,1.22532,1.3712,0.8882,0.483,0.125,-0.002699513676059101,0.0,-0.04179999999999984,-0.04180000000000006,0.0,0.00434359517383197,0.015564382416268297,0.005701026223427477,0.0088827162141212,0.0172198035269438,0.483,0.5332
2013-10-11,0.0044875720231579,1.22968,1.3804,0.8862,0.4942,0.125,-0.0016956305149042,0.011199999999999988,0.009200000000000097,-0.0020000000000000018,0.0,0.004046305228468425,0.0067052218456838016,0.004262628297213002,0.0061832025380621,0.0156228795145456,0.483,0.516
2013-10-18,0.0032574905740411,1.23412,1.4158,0.9248,0.4909999999999999,0.125,-0.0012300814491167998,-0.0032000000000000917,0.035399999999999876,0.03859999999999997,0.0,0.002435773042115447,0.005694441734402069,0.003603017254126497,0.0044875720231579,0.0137557994221446,0.4942,0.4950000000000001
2013-10-25,0.0029480150364626,1.2333,1.3616,0.8775999999999999,0.484,0.125,-0.00030947553757849997,-0.006999999999999895,-0.054200000000000026,-0.04720000000000002,0.0,0.0014685736475141473,0.0054292418132277295,0.004016843702901162,0.0032574905740411,0.0088827162141212,0.4909999999999999,0.483
2013-11-01,0.0045334377657374,1.23382,1.3188,0.8432000000000001,0.4756,0.125,0.0015854227292748002,-0.008399999999999963,-0.04279999999999995,-0.034399999999999875,0.0,0.000822740406655051,0.008251060537884252,0.0020613587752281053,0.0029480150364626,0.0061832025380621,0.484,0.483
2013-11-08,0.0078523621526454,1.23078,1.3158,0.8368,0.4790000000000001,0.125,0.0033189243869079996,0.0034000000000000696,-0.0029999999999998916,-0.006400000000000072,0.0,0.0022438453993411174,0.00669128786805341,0.0015215233595132418,0.0045334377657374,0.0044875720231579,0.4756,0.4942
2013-11-15,0.0055269753260778,1.233,1.3348,0.86,0.4748,0.125,-0.0023253868265675996,-0.0042000000000000925,0.018999999999999906,0.0232,0.0,0.0020540006064976293,0.004183698523215346,0.0013401865542565913,0.0078523621526454,0.0032574905740411,0.4790000000000001,0.4909999999999999
2013-11-22,0.0081924468489212,1.23194,1.326,0.8432000000000001,0.4828000000000001,0.125,0.0026654715228433996,0.008000000000000118,-0.008799999999999919,-0.016799999999999926,0.0,0.0017799471753997098,0.003652852766421648,0.0013180161861205098,0.0055269753260778,0.0029480150364626,0.4748,0.484
2013-11-29,0.0170035585151269,1.23098,1.285,0.79,0.4949999999999999,0.125,0.008811111666205702,0.012199999999999767,-0.04100000000000015,-0.053200000000000025,0.0,0.0050474404840487866,0.008703256095651373,0.0010181519206582104,0.0081924468489212,0.0045334377657374,0.4828000000000001,0.4756
2013-12-06,0.0418490321637164,1.22738,1.3426,0.8416,0.501,0.125,0.0248454736485895,0.006000000000000116,0.057600000000000096,0.05159999999999998,0.0,0.016547425524114263,0.011812987203349565,0.002440348335833217,0.0170035585151269,0.0078523621526454,0.4949999999999999,0.4790000000000001
2013-12-13,0.039600864027971,1.22202,1.3834,0.8865999999999999,0.4968,0.125,-0.002248168135745403,-0.0041999999999999815,0.04079999999999995,0.04499999999999993,0.0,0.01665803142321835,0.007815369473021815,0.004491592145352656,0.0418490321637164,0.0055269753260778,0.501,0.4748
2013-12-20,0.0330877550450637,1.2230599999999998,1.4174,0.9282,0.4892,0.125,-0.006513108982907301,-0.007599999999999996,0.03400000000000003,0.04160000000000008,0.0,0.01122078421431364,0.0048948953001922615,0.004127565868667184,0.039600864027971,0.0081924468489212,0.4968,0.4828000000000001
2013-12-27,0.0149505973759001,1.2244666666666666,1.467,0.9815,0.4855000000000001,0.125,-0.0181371576691636,-0.0036999999999999256,0.04960000000000009,0.053300000000000014,0.0,0.012194099507896494,0.007049054310083543,0.002326048150873132,0.0330877550450637,0.0170035585151269,0.4892,0.4949999999999999
2014-01-03,0.0209077076560768,1.228775,1.4775,0.9905,0.4870000000000001,0.125,0.005957110280176701,0.0015000000000000013,0.010499999999999954,0.009000000000000008,0.0,0.011226039429911456,0.0050188810173685955,0.0029706827919153264,0.0149505973759001,0.0418490321637164,0.4855000000000001,0.501
2014-01-10,0.0158123201753186,1.23558,1.4129999999999998,0.9378,0.4751999999999999,0.125,-0.0050953874807582004,-0.0118000000000002,-0.06450000000000022,-0.05270000000000008,0.0,0.008356351852026586,0.0062055754500687735,0.005625583488272853,0.0209077076560768,0.039600864027971,0.4870000000000001,0.4968
2014-01-17,0.0143978638800817,1.2342400000000002,1.3732,0.9024,0.4708,0.125,-0.0014144562952369006,-0.004399999999999904,-0.039799999999999836,-0.03539999999999999,0.0,0.002984361595074499,0.007881782793240538,0.005127993502464351,0.0158123201753186,0.0330877550450637,0.4751999999999999,0.4892
2014-01-24,0.0150502479003121,1.23224,1.3094,0.8236000000000001,0.4857999999999999,0.125,0.0006523840202303996,0.014999999999999902,-0.06380000000000008,-0.07879999999999987,0.0,0.002967292818151366,0.007957386505619918,0.0029598940719017448,0.0143978638800817,0.0149505973759001,0.4708,0.4855000000000001
2014-01-31,0.0281596175925284,1.22506,1.2576,0.7618,0.4958,0.125,0.013109369692216299,0.01000000000000012,-0.051799999999999846,-0.06180000000000008,0.0,0.006561911803130782,0.011202975795139979,0.004685495349146748,0.0150502479003121,0.0209077076560768,0.4857999999999999,0.4870000000000001
2014-02-07,0.0326123170829711,1.22248,1.1732,0.7183999999999999,0.4548,0.125,0.004452699490442698,-0.041000000000000036,-0.08440000000000003,-0.043400000000000105,0.0,0.009227161698310891,0.017907168024745932,0.005627583851014498,0.0281596175925284,0.0158123201753186,0.4958,0.4751999999999999
2014-02-14,0.0169331051776896,1.2231,1.1778,0.7698,0.408,0.125,-0.015679211905281498,-0.04680000000000001,0.0045999999999999375,0.05140000000000011,0.0,0.008541690889139968,0.03946931297434066,0.004483599744274198,0.0326123170829711,0.0143978638800817,0.4548,0.4708
2014-02-21,0.0090072024067262,1.22108,1.1622,0.7535999999999999,0.4086,0.125,-0.0079259027709634,0.0006000000000000449,-0.015600000000000058,-0.016200000000000103,0.0,0.01071811232128232,0.042149258593713816,0.001652351859274112,0.0169331051776896,0.0150502479003121,0.408,0.4857999999999999
2014-02-28,0.0094133116907014,1.21828,1.1464,0.7312,0.4151999999999999,0.125,0.00040610928397519924,0.006599999999999884,-0.015799999999999814,-0.022399999999999975,0.0,0.011033151293584047,0.022339427029351547,0.002143540684671221,0.0090072024067262,0.0281596175925284,0.4086,0.4958
2014-03-07,0.0286914059977067,1.21736,1.099,0.724,0.375,0.125,0.019278094307005302,-0.0401999999999999,-0.04740000000000011,-0.007199999999999984,0.0,0.009205535394806355,0.018096408483444605,0.0026265503358657368,0.0094133116907014,0.0326123170829711,0.4151999999999999,0.4548
2014-03-14,0.0163836325848301,1.2162,1.0978,0.7365999999999999,0.3612,0.125,-0.012307773412876602,-0.013799999999999979,-0.0011999999999998678,0.012599999999999945,0.0,0.009191282544649486,0.02604764864627254,0.0020818901668509613,0.0286914059977067,0.0169331051776896,0.375,0.408
2014-03-21,0.00917631091559,1.2170999999999998,1.1,0.7372,0.3628,0.125,-0.0072073216692401,0.0015999999999999903,0.0021999999999999797,0.0006000000000000449,0.0,0.009149463422008942,0.025198611072827826,0.000855784240815206,0.0163836325848301,0.0090072024067262,0.3612,0.4086
2014-03-28,0.0050087991295281,1.21966,1.0762,0.7114,0.3648,0.125,-0.0041675117860619,0.0020000000000000018,-0.023800000000000043,-0.025799999999999934,0.0,0.010375799434177504,0.0062104750220591,0.0014730467293432826,0.00917631091559,0.0094133116907014,0.3628,0.4151999999999999
2014-04-04,0.0026375367950462,1.22012,1.0716,0.7112,0.3604,0.125,-0.0023712623344818995,-0.004400000000000015,-0.0045999999999999375,-0.00019999999999997797,0.0,0.006027949331932214,0.0019425069711449736,0.001915585202185385,0.0050087991295281,0.0286914059977067,0.3648,0.375
2014-04-11,0.0063012056413976,1.21854,0.9982,0.6642,0.3339999999999999,0.125,0.0036636688463513997,-0.02640000000000009,-0.07340000000000013,-0.04700000000000004,0.0,0.002724971267183841,0.014445760623781738,0.001345052663219414,0.0026375367950462,0.0163836325848301,0.3604,0.3612
2014-04-18,0.0076756393718701,1.2165,0.957,0.62575,0.3312499999999999,0.125,0.0013744337304725006,-0.00275000000000003,-0.041200000000000014,-0.038449999999999984,0.0,0.0021428029072496713,0.017435231333889904,0.0016128132771133083,0.0063012056413976,0.00917631091559,0.3339999999999999,0.3628
2014-04-25,0.0033827072003179,1.220225,0.95525,0.64475,0.3104999999999999,0.125,-0.004292932171552201,-0.02074999999999999,-0.0017499999999999183,0.019000000000000017,0.0,0.0023839077473726553,0.020467591252177963,0.0017437573178341347,0.0076756393718701,0.0050087991295281,0.3312499999999999,0.3648
2014-05-02,0.0026929576451221,1.21925,0.939,0.626,0.313,0.125,-0.0006897495551957998,0.0025000000000001132,-0.016250000000000098,-0.018750000000000044,0.0,0.002365697449910734,0.012147316233070131,0.0015783344333502767,0.0033827072003179,0.0026375367950462,0.3104999999999999,0.3604
2014-05-09,0.0029229291594401,1.21786,0.9258,0.6154,0.3104,0.125,0.0002299715143179999,-0.002599999999999991,-0.01319999999999999,-0.010600000000000054,0.0,0.0023555727429702415,0.010047252941286939,0.0016269520327384728,0.0026929576451221,0.0063012056413976,0.313,0.3339999999999999
2014-05-16,0.0065831575983854,1.22096,0.8556000000000001,0.5422,0.3134,0.125,0.0036602284389453004,0.0030000000000000027,-0.07019999999999982,-0.07319999999999993,0.0,0.0018146130863598057,0.0015966109940097012,0.0013400956123237142,0.0029229291594401,0.0076756393718701,0.3104,0.3312499999999999
2014-05-23,0.006699078326148,1.22184,0.8888,0.571,0.3178,0.125,0.00011592072776259957,0.004400000000000015,0.033199999999999896,0.028799999999999937,0.0,0.002215580395128126,0.003069744831881339,0.0017745680226008559,0.0065831575983854,0.0033827072003179,0.3134,0.3104999999999999
2014-05-30,0.0026389522081758,1.2214,0.87875,0.5545,0.32425,0.125,-0.0040601261179722,0.006449999999999956,-0.010050000000000003,-0.01649999999999996,0.0,0.002232189424560745,0.006015725919028092,0.001806091544423924,0.006699078326148,0.0026929576451221,0.3178,0.313
2014-06-06,0.0047795881931154,1.22038,0.8998000000000002,0.5386,0.3612,0.125,0.0021406359849396,0.03695000000000004,0.021050000000000124,-0.015900000000000025,0.0,0.0019055717701119104,0.021818164259768052,0.0006238322425476531,0.0026389522081758,0.0029229291594401,0.32425,0.3104
2014-06-13,0.0063886499919166,1.2182400000000002,0.923,0.57075,0.35225,0.125,0.0016090617988011998,-0.008950000000000014,0.023199999999999887,0.03215000000000001,0.0,0.0018595937721741075,0.021097728945700195,0.0016044417513595703,0.0047795881931154,0.0065831575983854,0.3612,0.3134
2014-06-20,0.0038553852270457,1.21766,0.915,0.5586,0.3564,0.125,-0.0025332647648708996,0.004149999999999987,-0.008000000000000007,-0.012149999999999994,0.0,0.001580688840758338,0.01659138832847488,0.0017637082147665712,0.0063886499919166,0.006699078326148,0.35225,0.3178
2014-06-27,0.0044833341585155,1.21668,0.8646,0.5172000000000001,0.3474,0.125,0.0006279489314697994,-0.009000000000000008,-0.0504,-0.04139999999999988,0.0,0.0010790804764295304,0.005883079550677142,0.0015652049919516798,0.0038553852270457,0.0026389522081758,0.3564,0.32425
2014-07-04,0.0064571284269125,1.21476,0.8736,0.4936,0.38,0.125,0.001973794268397,0.03260000000000002,0.009000000000000008,-0.02360000000000012,0.0,0.0013263860497464163,0.014466995483960621,0.001525811259677291,0.0044833341585155,0.0047795881931154,0.3474,0.3612
2014-07-11,0.0110954583846989,1.21508,0.8638,0.4668,0.3969999999999999,0.125,0.004638329957786401,0.016999999999999904,-0.009800000000000031,-0.02679999999999999,0.0,0.0032750598245618336,0.022542995955868166,0.001365515775627644,0.0064571284269125,0.0063886499919166,0.38,0.35225
2014-07-18,0.0119382080251446,1.21456,0.8512000000000001,0.4588,0.3923999999999999,0.125,0.0008427496404457002,-0.004599999999999993,-0.012599999999999945,-0.008000000000000007,0.0,0.0035992795606986914,0.022382731438908524,0.0009640885160701007,0.0110954583846989,0.0038553852270457,0.3969999999999999,0.3564
2014-07-25,0.0086769342048678,1.2149800000000002,0.8068000000000002,0.4046,0.4022,0.125,-0.0032612738202768,0.009800000000000086,-0.044399999999999884,-0.05419999999999997,0.0,0.002477890049014887,0.009486130226089495,0.000232307268109788,0.0119382080251446,0.0044833341585155,0.3923999999999999,0.3474
2014-08-01,0.007630241927862,1.21598,0.7887500000000001,0.38675,0.402,0.125,-0.0010466922770058004,-0.00019999999999997797,-0.01805000000000012,-0.017850000000000033,0.0,0.0020177804389890732,0.00466761895042206,0.0005974389788794094,0.0086769342048678,0.0064571284269125,0.4022,0.38
2014-08-08,0.0130088869174367,1.21562,0.7908000000000001,0.3846,0.4062,0.125,0.0053786449895747,0.0041999999999999815,0.0020499999999999963,-0.0021499999999999853,0.0,0.002567943941823702,0.005861740355873547,0.0006361079574136394,0.007630241927862,0.0110954583846989,0.402,0.3969999999999999
2014-08-15,0.0169115540661369,1.2129,0.7452,0.3482,0.3969999999999999,0.125,0.0039026671487002,-0.009200000000000097,-0.045600000000000085,-0.03639999999999999,0.0,0.00426198047747846,0.003767846422871422,0.0013769047413734318,0.0130088869174367,0.0119382080251446,0.4062,0.3923999999999999
2014-08-22,0.0122184292880169,1.21052,0.735,0.379,0.356,0.125,-0.004693124778120001,-0.040999999999999925,-0.010199999999999987,0.030799999999999994,0.0,0.0038079422975475182,0.023173835821165313,0.0025576747252427606,0.0169115540661369,0.0086769342048678,0.3969999999999999,0.4022
2014-08-29,0.008958614448728,1.20724,0.6726,0.37,0.3026,0.125,-0.0032598148392889003,-0.0534,-0.06240000000000001,-0.009000000000000008,0.0,0.003268044812128394,0.047241895248457996,0.0035600936317467815,0.0122184292880169,0.007630241927862,0.356,0.402
2014-09-05,0.0186736521210703,1.20682,0.688,0.3766,0.3114,0.125,0.0097150376723423,0.00880000000000003,0.01539999999999997,0.006599999999999995,0.0,0.004425851235217804,0.043625183858251336,0.002876502505960441,0.008958614448728,0.0130088869174367,0.3026,0.4062
2014-09-12,0.0143254459584058,1.2078,0.708,0.4114,0.2966,0.125,-0.0043482061626644985,-0.014800000000000035,0.020000000000000018,0.0348,0.0,0.004070499028728764,0.02692823796685412,0.001665763088434902,0.0186736521210703,0.0169115540661369,0.3114,0.3969999999999999
2014-09-19,0.0110964603352636,1.20876,0.7208,0.4155999999999999,0.3052,0.125,-0.0032289856231421995,0.008600000000000052,0.012800000000000034,0.004199999999999926,0.0,0.004227906325854353,0.006134872995113093,0.0008389477537114076,0.0143254459584058,0.0122184292880169,0.2966,0.356
2014-09-26,0.022320054156299,1.20724,0.7006,0.3712,0.3293999999999999,0.125,0.0112235938210354,0.02419999999999989,-0.020199999999999996,-0.04439999999999994,0.0,0.004915334395537883,0.013895203009174736,0.0008389477537114076,0.0110964603352636,0.008958614448728,0.3052,0.3026
2014-10-03,0.0283363860484921,1.2076,0.7132,0.3822,0.3309999999999999,0.125,0.0060163318921931,0.0015999999999999903,0.012599999999999945,0.01100000000000001,0.0,0.007799716324370006,0.017289206652307293,0.0006494099887267128,0.022320054156299,0.0186736521210703,0.3293999999999999,0.3114
2014-10-10,0.0298491630644809,1.2113200000000002,0.6928,0.3621999999999999,0.3306,0.125,0.0015127770159888004,-0.00039999999999990044,-0.020399999999999974,-0.020000000000000073,0.0,0.008514791939077185,0.012585044033807337,0.0018444511379073995,0.0283363860484921,0.0143254459584058,0.3309999999999999,0.2966
2014-10-17,0.0610128312172509,1.20726,0.6744,0.3532,0.3212,0.125,0.03116366815277,-0.00940000000000002,-0.018399999999999972,-0.008999999999999897,0.0,0.017395467568146576,0.004616997581352098,0.0019835574103429948,0.0298491630644809,0.0110964603352636,0.3306,0.3052
2014-10-24,0.066989710030606,1.20642,0.6961999999999999,0.369,0.3272,0.125,0.0059768788133550965,0.006000000000000005,0.02179999999999993,0.01579999999999998,0.0,0.020310989513182647,0.004532843110698866,0.0021707448798648013,0.0610128312172509,0.022320054156299,0.3212,0.3293999999999999
2014-10-31,0.0301244777427783,1.20602,0.6942,0.3942,0.2999999999999999,0.125,-0.0368652322878277,-0.027200000000000113,-0.0019999999999998908,0.0252,0.0,0.019789578596224305,0.013728194831545217,0.002432193797128676,0.066989710030606,0.0283363860484921,0.3272,0.3309999999999999
2014-11-07,0.0136668169982761,1.20474,0.6754,0.3743999999999999,0.301,0.125,-0.016457660744502202,0.001000000000000112,-0.01880000000000004,-0.019800000000000095,0.0,0.025338852567556528,0.013906713007256061,0.0010493807698441567,0.0301244777427783,0.0298491630644809,0.2999999999999999,0.3306
2014-11-14,0.0084455094180364,1.20216,0.638,0.3226,0.3154,0.125,-0.0052213075802397015,0.014400000000000024,-0.03739999999999999,-0.0517999999999999,0.0,0.026454196289663796,0.012945526897974548,0.001921900101491802,0.0136668169982761,0.0610128312172509,0.301,0.3212
2014-11-21,0.0058215212912647,1.20156,0.6142,0.2981999999999999,0.316,0.125,-0.002623988126771699,0.0005999999999999894,-0.023800000000000043,-0.02440000000000009,0.0,0.010905510794818985,0.00878862901706012,0.0021126286943306937,0.0084455094180364,0.066989710030606,0.3154,0.3272
2014-11-28,0.0056687137697927,1.20246,0.596,0.278,0.3179999999999999,0.125,-0.0001528075214720006,0.0019999999999998908,-0.018199999999999994,-0.020199999999999885,0.0,0.003734965759823004,0.007812809993818991,0.0013912584231931004,0.0058215212912647,0.0301244777427783,0.316,0.2999999999999999
2014-12-05,0.0079302890065451,1.20312,0.5773999999999999,0.2415999999999999,0.3358,-0.25,0.0022615752367524,0.017800000000000094,-0.01860000000000006,-0.03640000000000013,-0.375,0.0014273032203570802,0.009730364844112112,0.0006487680634127229,0.0056687137697927,0.0136668169982761,0.3179999999999999,0.301
2014-12-12,0.0131884995597244,1.2018,0.5416000000000001,0.2248,0.3168,-0.25,0.0052582105531793,-0.01899999999999996,-0.03579999999999983,-0.0167999999999999,0.0,0.0035125168957617476,0.00946907246423148,0.0007020683728127537,0.0079302890065451,0.0084455094180364,0.3358,0.3154
2014-12-19,0.0230247568276712,1.20242,0.477,0.2024,0.2746,-0.25,0.0098362572679468,-0.042200000000000015,-0.0646000000000001,-0.022400000000000003,0.0,0.007719768053315068,0.025963307442096992,0.00053925875060562,0.0131884995597244,0.0058215212912647,0.3168,0.316
2014-12-26,0.0171004372829347,1.2030666666666667,0.4649999999999999,0.2165,0.2485,-0.25,-0.0059243195447365,-0.026100000000000012,-0.012000000000000066,0.014100000000000001,0.0,0.006368778874899313,0.0396386490688001,0.0006219771343553587,0.0230247568276712,0.0056687137697927,0.2746,0.3179999999999999
2015-01-02,0.00744367243223,1.20255,0.4535,0.228,0.2255,-0.75,-0.0096567648507047,-0.022999999999999993,-0.0114999999999999,0.01150000000000001,-0.5,0.006558576528086951,0.03916039666124579,0.0005206859792559297,0.0171004372829347,0.0079302890065451,0.2485,0.3358
2015-01-09,0.0254018759649486,1.20122,0.363,0.1078,0.2552,-0.75,0.0179582035327186,0.029699999999999976,-0.09050000000000002,-0.1202,0.0,0.008000950537736199,0.02025742662168006,0.0007810836490229173,0.00744367243223,0.0131884995597244,0.2255,0.3168
2015-01-16,0.0286155669572618,1.1287600000000002,0.2646,0.0142,0.2504,-0.75,0.0032136909923131986,-0.004799999999999971,-0.09839999999999999,-0.0936,0.0,0.009468540914868798,0.013237069161993855,0.036767674245789146,0.0254018759649486,0.0230247568276712,0.2552,0.2746
2015-01-23,0.0629394589147494,0.99926,0.0048,-0.35,0.3548,-0.75,0.034323891957487605,0.10439999999999999,-0.2598,-0.36419999999999997,0.0,0.02318055221485055,0.05705490776435846,0.09556067021356893,0.0286155669572618,0.0171004372829347,0.2504,0.2485
2015-01-30,0.117127358295696,1.02532,0.1147999999999999,-0.2908,0.4056,-0.75,0.05418789938094659,0.05080000000000001,0.1099999999999999,0.059199999999999975,0.0,0.042604535416506974,0.07644736751517034,0.09359857121416419,0.0629394589147494,0.00744367243223,0.3548,0.2255
2015-02-06,0.1224127639414147,1.05536,0.1396,-0.2766,0.4162,-0.75,0.005285405645718708,0.010599999999999998,0.0248000000000001,0.01419999999999999,0.0,0.0450108495162372,0.07579522852176282,0.05596604536085093,0.117127358295696,0.0254018759649486,0.4056,0.2552
2015-02-13,0.0935806882887983,1.0497,0.2096,-0.1921999999999999,0.4018,-0.75,-0.028832075652616404,-0.014400000000000024,0.07,0.08440000000000011,0.0,0.02712003741908939,0.027224009011648228,0.025656949675790935,0.1224127639414147,0.0286155669572618,0.4162,0.2504
2015-02-20,0.0725398298804338,1.0695599999999998,0.2686,-0.1318,0.4004,-0.75,-0.021040858408364504,-0.0014000000000000123,0.059,0.0603999999999999,0.0,0.02297053317528044,0.007146094504435332,0.018443740582271686,0.0935806882887983,0.0629394589147494,0.4018,0.3548
2015-02-27,0.0462131453076627,1.07272,0.3,-0.137,0.437,-0.75,-0.026326684572771097,0.03660000000000002,0.031399999999999983,-0.00520000000000001,0.0,0.03228063943686864,0.017005391301966512,0.011065602860494314,0.0725398298804338,0.117127358295696,0.4004,0.4056
2015-03-06,0.0282356759379754,1.07102,0.3092,-0.1641999999999999,0.4734,-0.75,-0.017977469369687298,0.03639999999999999,0.009199999999999986,-0.02719999999999989,0.0,0.02877428578876595,0.034594170992615955,0.01077763734156034,0.0462131453076627,0.1224127639414147,0.437,0.4162
2015-03-13,0.0971173397587751,1.06666,0.2835999999999999,-0.2098,0.4934,-0.75,0.06888166382079969,0.020000000000000018,-0.025600000000000067,-0.045600000000000085,0.0,0.030164985769019066,0.041052283736714545,0.0025682419407471006,0.0282356759379754,0.0935806882887983,0.4734,0.4018
2015-03-20,0.1682319906481902,1.06098,0.2682,-0.2012,0.4694,-0.75,0.0711146508894151,-0.02400000000000002,-0.015399999999999914,0.008599999999999997,0.0,0.06271893012358863,0.023358938332033456,0.005240187655628867,0.0971173397587751,0.0725398298804338,0.4934,0.4004
2015-03-27,0.1833998857434962,1.05086,0.261,-0.2082,0.4692,-0.75,0.015167895095306,-0.00019999999999997797,-0.007199999999999984,-0.007000000000000006,0.0,0.07138605145152706,0.011530105521333595,0.008710882083129628,0.1682319906481902,0.0462131453076627,0.4694,0.437
2015-04-03,0.164441361305217,1.0432,0.27625,-0.16775,0.444,-0.75,-0.018958524438279195,-0.0252,0.015249999999999986,0.040449999999999986,0.0,0.03833879100774322,0.0201706056759106,0.010446260894031216,0.1833998857434962,0.0282356759379754,0.4692,0.4734
2015-04-10,0.1182974535263383,1.042825,0.243,-0.21525,0.45825,-0.75,-0.046143907778878696,0.014249999999999985,-0.03325,-0.04749999999999999,0.0,0.028084551602525886,0.011998359262821367,0.008522148961156875,0.164441361305217,0.0971173397587751,0.444,0.4934
2015-04-17,0.0793306798792095,1.03324,0.1682,-0.2728,0.441,-0.75,-0.038966773647128805,-0.017249999999999988,-0.0748,-0.05754999999999999,0.0,0.04683272511917323,0.013101550480753081,0.007216391497795637,0.1182974535263383,0.1682319906481902,0.45825,0.4694
2015-04-24,0.0663855034750638,1.03158,0.1612,-0.2824,0.4436,-0.75,-0.012945176404145692,0.002599999999999991,-0.0069999999999999785,-0.009599999999999997,0.0,0.04412942817387087,0.007805807133135715,0.0061606579396556865,0.0793306798792095,0.1833998857434962,0.441,0.4692
2015-05-01,0.0887131013421244,1.0452,0.241,-0.2017499999999999,0.44275,-0.75,0.022327597867060595,-0.0008500000000000174,0.07979999999999998,0.08065000000000008,0.0,0.022065476337297343,0.007973811301151957,0.006802355443725188,0.0663855034750638,0.164441361305217,0.4436,0.444
2015-05-08,0.1292741752834845,1.03818,0.363,-0.062,0.425,-0.75,0.040561073941360104,-0.017749999999999988,0.122,0.1397499999999999,0.0,0.027154906777981474,0.008791887832904091,0.0061138204094854445,0.0887131013421244,0.1182974535263383,0.44275,0.45825
2015-05-15,0.1264312549760703,1.04116,0.3399999999999999,-0.06875,0.40875,-0.75,-0.002842920307414204,-0.016249999999999987,-0.023000000000000076,-0.006750000000000006,0.0,0.030461643874387878,0.01657390016460685,0.005739651557320125,0.1292741752834845,0.0793306798792095,0.425,0.441
2015-05-22,0.1170583688540546,1.04284,0.2868,-0.1462,0.433,-0.75,-0.0093728861220157,0.024249999999999994,-0.053199999999999914,-0.07744999999999999,0.0,0.01852132361180851,0.014382425618314564,0.002952259021967646,0.1264312549760703,0.0663855034750638,0.40875,0.4436
2015-05-29,0.095381229443431,1.03432,0.279,-0.1972499999999999,0.47625,-0.75,-0.021677139410623603,0.04325000000000001,-0.007799999999999974,-0.0510499999999999,0.0,0.01535114912411202,0.028823456882656584,0.0037382482527846756,0.1170583688540546,0.0887131013421244,0.433,0.44275
2015-06-05,0.1134178745643697,1.0435599999999998,0.3478,-0.163,0.5108,-0.75,0.018036645120938707,0.034550000000000025,0.06879999999999997,0.03424999999999989,0.0,0.013005688782502611,0.045346462559569006,0.0042215163151943244,0.095381229443431,0.1292741752834845,0.47625,0.425
2015-06-12,0.1471933528425779,1.04826,0.4551999999999999,-0.0208,0.476,-0.75,0.03377547827820819,-0.03480000000000005,0.10739999999999988,0.1422,0.0,0.021490052859701344,0.03185541228216041,0.005804282901397697,0.1134178745643697,0.1264312549760703,0.5108,0.40875
2015-06-19,0.1552917226706502,1.04676,0.381,-0.096,0.477,-0.75,0.0080983698280723,0.0010000000000000009,-0.07419999999999988,-0.0752,0.0,0.028223615376566927,0.017196917117120084,0.006251898378316304,0.1471933528425779,0.1170583688540546,0.476,0.433
2015-06-26,0.1559989897620969,1.04574,0.4128,-0.0608,0.4735999999999999,-0.75,0.000707267091446695,-0.0034000000000000696,0.031799999999999995,0.0352,0.0,0.020105920607697135,0.01769095814250218,0.0019732207173728464,0.1552917226706502,0.095381229443431,0.477,0.47625
2015-07-03,0.1941101530680916,1.04438,0.3843999999999999,-0.1044,0.4888,-0.75,0.038111163305994705,0.015200000000000102,-0.028400000000000092,-0.04360000000000001,0.0,0.021024074519113537,0.006785032547189655,0.0016383223124494081,0.1559989897620969,0.1134178745643697,0.4735999999999999,0.5108
2015-07-10,0.2240951679109045,1.04472,0.3293999999999999,-0.1708,0.5002,-0.75,0.029985014842812907,0.011399999999999966,-0.05499999999999999,-0.0664,0.0,0.03320383537625125,0.012102341371256667,0.0010751744042093235,0.1941101530680916,0.1471933528425779,0.4888,0.476
2015-07-17,0.2564361288153433,1.04354,0.382,-0.1129999999999999,0.495,-0.75,0.032340960904438776,-0.005199999999999982,0.05260000000000009,0.0578000000000001,0.0,0.0428239956764906,0.011518101695437344,0.0009102929928315758,0.2240951679109045,0.1552917226706502,0.5002,0.477
2015-07-24,0.2118988507892034,1.04788,0.3256,-0.1732,0.4987999999999999,-0.75,-0.04453727802613988,0.0037999999999999146,-0.056400000000000006,-0.06020000000000009,0.0,0.026265191115672534,0.005097711905006352,0.0018992279131617993,0.2564361288153433,0.1559989897620969,0.495,0.4735999999999999
2015-07-31,0.1833584617079333,1.06148,0.2846,-0.2271999999999999,0.5118,-0.75,-0.0285403890812701,0.013000000000000123,-0.04099999999999998,-0.05399999999999991,0.0,0.030266366796287122,0.007241316639013368,0.008255880732311005,0.2118988507892034,0.1941101530680916,0.4987999999999999,0.4888
2015-08-07,0.1361603163377066,1.06694,0.281,-0.255,0.536,-0.75,-0.04719814537022671,0.0242,-0.003599999999999992,-0.027800000000000102,0.0,0.050471716474964845,0.018520619140113288,0.011054012845998181,0.1833584617079333,0.2240951679109045,0.5118,0.5002
2015-08-14,0.1232987739501473,1.08494,0.223,-0.3266,0.5496000000000001,-0.75,-0.012861542387559294,0.013600000000000056,-0.058000000000000024,-0.0716,0.0,0.041232171215965126,0.022972664915789563,0.015345657366158064,0.1361603163377066,0.2564361288153433,0.536,0.495
2015-08-21,0.1499733092756028,1.07862,0.1944,-0.3621999999999999,0.5566,-0.75,0.026674535325455495,0.006999999999999895,-0.028600000000000014,-0.03559999999999991,0.0,0.025847547117981838,0.01974808007545283,0.010701742848692589,0.1232987739501473,0.2118988507892034,0.5496000000000001,0.4987999999999999
2015-08-28,0.2722502631932393,1.07934,0.236,-0.327,0.563,-0.75,0.12227695391763652,0.006399999999999961,0.0416,0.0351999999999999,0.0,0.06875464961463007,0.011575260976173027,0.0075608817827612015,0.1499733092756028,0.1833584617079333,0.5566,0.5118
2015-09-04,0.3020950655533069,1.08518,0.2848,-0.2724,0.5572,-0.75,0.02984480236006759,-0.005799999999999916,0.04880000000000001,0.05460000000000004,0.0,0.08843528014594582,0.0054869542249341265,0.0035239371919636936,0.2722502631932393,0.1361603163377066,0.563,0.536
2015-09-11,0.2952222453211904,1.09276,0.2602,-0.2842,0.5444,-0.75,-0.006872820232116494,-0.012800000000000034,-0.02460000000000001,-0.011800000000000033,0.0,0.07109594190452719,0.007818780808616341,0.00655203530715793,0.3020950655533069,0.1232987739501473,0.5572,0.5496000000000001
2015-09-18,0.2790347512016292,1.09512,0.3074,-0.2113999999999999,0.5187999999999999,-0.75,-0.01618749411956122,-0.025600000000000067,0.04720000000000002,0.07280000000000011,0.0,0.013860922859319887,0.019636275953784445,0.00721710930125466,0.2952222453211904,0.1499733092756028,0.5444,0.5566
2015-09-25,0.3661273835091901,1.08996,0.271,-0.2387999999999999,0.5098,-0.75,0.08709263230756092,-0.008999999999999897,-0.03639999999999999,-0.027400000000000008,0.0,0.038246842667437775,0.022020217982568188,0.004273402235486824,0.2790347512016292,0.2722502631932393,0.5187999999999999,0.563
2015-10-02,0.3312375136936022,1.09166,0.2327999999999999,-0.3038,0.5366000000000001,-0.75,-0.03488986981558789,0.026800000000000046,-0.03820000000000012,-0.06500000000000011,0.0,0.038852532278118995,0.015888780108401796,0.002162305867880203,0.3661273835091901,0.3020950655533069,0.5098,0.5572
2015-10-09,0.2601385157667921,1.0922,0.198,-0.3692,0.5671999999999999,-0.75,-0.07109899792681013,0.03059999999999985,-0.03479999999999989,-0.06539999999999996,0.0,0.04845387268227472,0.025314291088891876,0.0021471453916620032,0.3312375136936022,0.2952222453211904,0.5366000000000001,0.5444
2015-10-16,0.2279394109077174,1.08842,0.2076,-0.372,0.5796,-0.75,-0.03219910485907468,0.012400000000000078,0.009599999999999997,-0.0028000000000000247,0.0,0.06344893404138281,0.03139023202632477,0.0017165080831723495,0.2601385157667921,0.2790347512016292,0.5671999999999999,0.5187999999999999
2015-10-23,0.2074250044483373,1.084,0.1512,-0.4184,0.5696,-0.75,-0.020514406459380102,-0.010000000000000009,-0.056400000000000006,-0.0464,0.0,0.054230557570273515,0.0185604418050827,0.0037697214750681968,0.2279394109077174,0.3661273835091901,0.5796,0.5098
2015-10-30,0.2243379574264175,1.08706,0.0846,-0.4856,0.5702,-0.75,0.01691295297808018,0.0006000000000000449,-0.0666,-0.06719999999999998,0.0,0.022017106842792365,0.005456189146270042,0.0033997254790525855,0.2074250044483373,0.3312375136936022,0.5696,0.5366000000000001
2015-11-06,0.1949642971045263,1.0846,0.1038,-0.4628,0.5666,-0.75,-0.029373660321891176,-0.0036000000000000476,0.01920000000000001,0.022799999999999987,0.0,0.01534410472174129,0.005624944444158946,0.002076728195883849,0.2243379574264175,0.2601385157667921,0.5702,0.5671999999999999
2015-11-13,0.1959434994256645,1.07836,0.061,-0.4968,0.5578000000000001,-0.75,0.000979202321138184,-0.008799999999999919,-0.042800000000000005,-0.03400000000000003,0.0,0.01367222905069767,0.005721013896143454,0.0036766424900404387,0.1949642971045263,0.2279394109077174,0.5666,0.5796
2015-11-20,0.1980574061781014,1.08344,0.0454,-0.529,0.5744,-0.75,0.0021139067524368893,0.016599999999999948,-0.015599999999999996,-0.032200000000000006,0.0,0.01406745446784508,0.007060453243232219,0.0036621441806092628,0.1959434994256645,0.2074250044483373,0.5578000000000001,0.5696
2015-11-27,0.1523926657286117,1.08536,0.0844,-0.515,0.5993999999999999,-0.75,-0.04566474044948968,0.02499999999999991,0.039,0.014000000000000012,0.0,0.02200242826885825,0.01790074486345595,0.0031537490916213723,0.1980574061781014,0.2243379574264175,0.5744,0.5702
2015-12-04,0.1343947629218939,1.08826,0.0998,-0.5342,0.634,-0.75,-0.017997902806717814,0.034600000000000075,0.015399999999999997,-0.019199999999999995,0.0,0.03182179003816808,0.0331497611856642,0.004164784908360245,0.1523926657286117,0.1949642971045263,0.5993999999999999,0.5666
2015-12-11,0.2682178185258942,1.0821,0.175,-0.4171999999999999,0.5922,-0.75,0.13382305560400032,-0.04180000000000006,0.07519999999999999,0.1170000000000001,0.0,0.0596578332832607,0.024983728037796585,0.0026723522721080546,0.1343947629218939,0.1959434994256645,0.634,0.5578000000000001
2015-12-18,0.2895763906548492,1.08002,0.2302,-0.3308,0.561,-0.75,0.021358572128954978,-0.031199999999999894,0.0552,0.08639999999999992,0.0,0.07905952467972918,0.029962810282079866,0.0036254057243622143,0.2682178185258942,0.1980574061781014,0.5922,0.5744
2015-12-25,0.2680251765930497,1.081,0.242,-0.293,0.535,-0.75,-0.021551214061799495,-0.026000000000000023,0.011800000000000005,0.0378,0.0,0.07116162109171012,0.042620926002765604,0.003708634070144234,0.2895763906548492,0.1523926657286117,0.561,0.5993999999999999
2016-01-01,0.2125422024577362,1.083325,0.287,-0.2433333333333333,0.5303333333333333,-0.75,-0.0554829741353135,-0.004666666666666708,0.044999999999999984,0.04966666666666669,0.0,0.0329558812865697,0.028447300203863643,0.0014237882273113905,0.2680251765930497,0.1343947629218939,0.535,0.634
2016-01-08,0.2009089281646652,1.08638,0.2244,-0.303,0.5274,-0.75,-0.011633274293070983,-0.0029333333333333433,-0.06259999999999999,-0.0596666666666667,0.0,0.04279692763110945,0.015366485899148281,0.002828663921872158,0.2125422024577362,0.2682178185258942,0.5303333333333333,0.5922
2016-01-15,0.242744652639232,1.0909,0.1911999999999999,-0.3334,0.5246000000000001,-0.75,0.04183572447456679,-0.0027999999999999137,-0.03320000000000009,-0.030399999999999983,0.0,0.030303747050257752,0.004444222216646281,0.004276915506481131,0.2009089281646652,0.2895763906548492,0.5274,0.561
2016-01-22,0.2608892955453417,1.09398,0.1367999999999999,-0.3926,0.5294000000000001,-0.75,0.018144642906109676,0.0048000000000000265,-0.054400000000000004,-0.05920000000000003,0.0,0.027480391277819562,0.002536839678689818,0.004725105598424024,0.242744652639232,0.2680251765930497,0.5246000000000001,0.535
2016-01-29,0.2531460235296409,1.10508,0.1008,-0.4468,0.5476000000000001,-0.75,-0.007743272015700797,0.018199999999999994,-0.03599999999999989,-0.05419999999999997,0.0,0.026730072467943775,0.010420972443418676,0.00796685425160279,0.2608892955453417,0.2125422024577362,0.5294000000000001,0.5303333333333333
2016-02-05,0.2507446065174438,1.11256,0.0802,-0.4921999999999999,0.5723999999999999,-0.75,-0.0024014170121970935,0.024799999999999822,-0.020600000000000007,-0.04539999999999994,0.0,0.007472480764383237,0.021664410138900598,0.010017032161921747,0.2531460235296409,0.2009089281646652,0.5476000000000001,0.5274
2016-02-12,0.329247145874015,1.10048,0.046,-0.5118,0.5578000000000001,-0.75,0.0785025393565712,-0.014599999999999835,-0.034199999999999994,-0.019600000000000117,0.0,0.03741152339153723,0.018071709013441652,0.007819384033689477,0.2507446065174438,0.242744652639232,0.5723999999999999,0.5246000000000001
2016-02-19,0.336025424016662,1.10212,0.037,-0.5022,0.5392,-0.75,0.006778278142647032,-0.01860000000000006,-0.009000000000000001,0.009600000000000053,0.0,0.046679362163745776,0.01429160592795104,0.005350090341884545,0.329247145874015,0.2608892955453417,0.5578000000000001,0.5294000000000001
2016-02-26,0.3024733362586442,1.09414,-0.0206,-0.5811999999999999,0.5606,-0.75,-0.03355208775801782,0.021399999999999975,-0.0576,-0.07899999999999996,0.0,0.038729674807376935,0.0137428769428572,0.00764189112717846,0.336025424016662,0.2531460235296409,0.5392,0.5476000000000001
2016-03-04,0.304875974669981,1.0871400000000002,-0.0414,-0.6272,0.5858,-0.75,0.0024026384113368104,0.0252,-0.0208,-0.04600000000000004,0.0,0.01697679637184371,0.019153676757562414,0.006818611784394807,0.3024733362586442,0.2507446065174438,0.5606,0.5723999999999999
2016-03-11,0.3008997662714584,1.09562,-0.002,-0.5732,0.5711999999999999,-0.75,-0.003976208398522585,-0.014600000000000057,0.0394,0.05399999999999994,0.0,0.016718008370773706,0.019608841543205024,0.006147029092682363,0.304875974669981,0.329247145874015,0.5858,0.5578000000000001
2016-03-18,0.3110869637460462,1.09522,0.0544,-0.5074,0.5618000000000001,-0.75,0.010187197474587795,-0.009399999999999853,0.0564,0.06580000000000008,0.0,0.0044778062267107205,0.011641735265838277,0.003976112003738946,0.3008997662714584,0.336025424016662,0.5711999999999999,0.5392
2016-03-25,0.2612030087533652,1.0893,0.0265,-0.52075,0.54725,-0.75,-0.049883954992681,-0.014550000000000063,-0.027899999999999998,-0.013350000000000084,0.0,0.022601133979720887,0.01619909333882175,0.004252560013247644,0.3110869637460462,0.3024733362586442,0.5618000000000001,0.5606
2016-04-01,0.2013265536831708,1.092625,0.023,-0.5355000000000001,0.5585,-0.75,-0.05987645507019443,0.011249999999999982,-0.0034999999999999996,-0.01475000000000004,0.0,0.04976225365813733,0.009884362650158712,0.002914167619797881,0.2612030087533652,0.304875974669981,0.54725,0.5858
2016-04-08,0.1917428073486122,1.08912,0.022,-0.5448000000000001,0.5668000000000001,-0.75,-0.00958374633455858,0.008300000000000085,-0.0010000000000000009,-0.009299999999999975,0.0,0.055737885001930776,0.008292805616909898,0.002920665948536304,0.2013265536831708,0.3008997662714584,0.5585,0.5711999999999999
2016-04-15,0.1837299643211045,1.0887,0.0042,-0.5142,0.5184,-0.75,-0.00801284302750771,-0.04840000000000011,-0.0178,0.03060000000000007,0.0,0.03521088357895313,0.021135569348056663,0.0018100431623584237,0.1917428073486122,0.3110869637460462,0.5668000000000001,0.5618000000000001
2016-04-22,0.1574341998620732,1.09514,0.0172,-0.4846,0.5018,-0.75,-0.026295764459031312,-0.016599999999999948,0.013000000000000001,0.029600000000000015,0.0,0.018843169196617857,0.03127153924363983,0.003053771916216394,0.1837299643211045,0.2612030087533652,0.5184,0.54725
2016-04-29,0.1826425161790131,1.09858,0.0648,-0.4136,0.4784,-0.75,0.0252083163169399,-0.023400000000000032,0.047599999999999996,0.07099999999999995,0.0,0.01486665868057807,0.03742240861658291,0.004803037233488452,0.1574341998620732,0.2013265536831708,0.5018,0.5585
2016-05-06,0.2463007379489548,1.10114,0.04875,-0.41625,0.4649999999999999,-0.75,0.06365822176994171,-0.013400000000000079,-0.016049999999999995,-0.0026499999999999857,0.0,0.037851509752280146,0.023819599772732375,0.005386934811772533,0.1826425161790131,0.1917428073486122,0.4784,0.5668000000000001
2016-05-13,0.2227833049179777,1.10636,-0.0007999999999999,-0.4668,0.466,-0.75,-0.023517433030977086,0.001000000000000112,-0.0495499999999999,-0.050549999999999984,0.0,0.039812004168079056,0.01712152641169819,0.004726277605011756,0.2463007379489548,0.1837299643211045,0.4649999999999999,0.5184
2016-05-20,0.1563482463801706,1.10874,0.009,-0.4645,0.4735,-0.75,-0.0664350585378071,0.007499999999999951,0.009799999999999899,0.0022999999999999687,0.0,0.0402214475772031,0.0063693929590247535,0.004663514411504905,0.2227833049179777,0.1574341998620732,0.466,0.5018
2016-05-27,0.1622683047560532,1.10752,0.0289999999999999,-0.4496,0.4786,-0.75,0.005920058375882581,0.005100000000000049,0.0199999999999999,0.014900000000000024,0.0,0.04455025211564253,0.006449999999985078,0.003344288663725143,0.1563482463801706,0.1826425161790131,0.4735,0.4784
2016-06-03,0.1549240488043803,1.1053799999999998,0.0147999999999999,-0.4992,0.514,-0.75,-0.007344255951672901,0.03539999999999999,-0.0142,-0.04959999999999998,0.0,0.03262357840223151,0.021288553262253707,0.001452813362522583,0.1622683047560532,0.2463007379489548,0.4786,0.4649999999999999
2016-06-10,0.1598731786355635,1.09546,-0.0496,-0.5730000000000001,0.5234,-0.75,0.004949129831183202,0.009399999999999964,-0.0643999999999999,-0.07380000000000009,0.0,0.003337528876428959,0.025008048704363565,0.006038529070310293,0.1549240488043803,0.2227833049179777,0.514,0.466
2016-06-17,0.2321038889713601,1.0833400000000002,-0.121,-0.647,0.526,-0.75,0.07223071033579662,0.0026000000000000467,-0.07139999999999999,-0.07399999999999995,0.0,0.036668765860977164,0.02188241302964156,0.01105199077088055,0.1598731786355635,0.1563482463801706,0.5234,0.4735
2016-06-24,0.2849698528321217,1.08496,-0.0764,-0.5998,0.5234,-0.75,0.05286596386076156,-0.0026000000000000467,0.0446,0.04720000000000002,0.0,0.06228589748429243,0.0052776257287880345,0.010250663393147464,0.2321038889713601,0.1622683047560532,0.526,0.4786
2016-07-01,0.4512117715519244,1.08274,-0.118,-0.6774,0.5594,-0.75,0.1662419187198027,0.03600000000000003,-0.0416,-0.0776,0.0,0.1238897624962892,0.017609372504431776,0.005964168005648597,0.2849698528321217,0.1549240488043803,0.5234,0.514
2016-07-08,0.4510779632761615,1.08344,-0.1672,-0.7386,0.5713999999999999,-0.75,-0.00013380827576287002,0.0119999999999999,-0.049199999999999994,-0.06120000000000003,0.0,0.11327732097272553,0.02402685996962236,0.0009453041836340741,0.4512117715519244,0.1598731786355635,0.5594,0.5234
2016-07-15,0.3965237276594643,1.0895800000000002,-0.1636,-0.7363999999999999,0.5728,-0.75,-0.0545542356166972,0.0014000000000000679,0.003599999999999992,0.0022000000000000908,0.0,0.07833661955363162,0.02303236852778816,0.0030762314606673545,0.4510779632761615,0.2321038889713601,0.5713999999999999,0.526
2016-07-22,0.3448036039775811,1.0872,-0.0908,-0.6811999999999999,0.5904,-0.75,-0.05172012368188322,0.01760000000000006,0.07279999999999999,0.05520000000000003,0.0,0.05103828092527102,0.012771322040670592,0.003223207512132449,0.3965237276594643,0.2849698528321217,0.5728,0.5234
2016-07-29,0.2912166787047133,1.08704,-0.073,-0.6624000000000001,0.5894,-0.75,-0.05358692527286779,-0.0010000000000000009,0.01780000000000001,0.018799999999999817,0.0,0.06859430168650184,0.01030080902970836,0.002532107159317815,0.3448036039775811,0.4512117715519244,0.5904,0.5594
2016-08-05,0.2811599458766237,1.08296,-0.073,-0.66025,0.58725,-0.75,-0.01005673282808961,-0.0021499999999999853,0.0,0.0021500000000000963,0.0,0.053304596074753734,0.008214151914015358,0.0027475746880236632,0.2912166787047133,0.4510779632761615,0.5894,0.5713999999999999
2016-08-12,0.2640880288731614,1.08904,-0.0834,-0.6596,0.5762,-0.75,-0.017071917003462278,-0.011050000000000004,-0.010400000000000006,0.0006500000000000394,0.0,0.034839668133869635,0.006541709129362811,0.0025658267023062307,0.2811599458766237,0.3965237276594643,0.58725,0.5728
2016-08-19,0.2039101643924957,1.0862,-0.0642,-0.6402,0.576,-0.75,-0.0601778644806657,-0.000200000000000089,0.01920000000000001,0.019399999999999973,0.0,0.03909377979207724,0.007112943014898075,0.00253116573925943,0.2640880288731614,0.3448036039775811,0.5762,0.5904
2016-08-26,0.1763306882357671,1.09022,-0.0642,-0.628,0.5638,-0.75,-0.027579476156728594,-0.012199999999999989,0.0,0.012199999999999989,0.0,0.049439783290154235,0.009579524605454996,0.0032376689144508228,0.2039101643924957,0.2912166787047133,0.576,0.5894
2016-09-02,0.1447446802645213,1.09564,-0.0482,-0.5912,0.5429999999999999,-0.75,-0.031586007971245805,-0.02080000000000004,0.015999999999999993,0.036800000000000055,0.0,0.050682359671994755,0.015616551049015666,0.003954621768631758,0.1763306882357671,0.2811599458766237,0.5638,0.58725
2016-09-09,0.1195083406360911,1.0925,-0.0434,-0.5846,0.5411999999999999,-0.75,-0.025236339628430207,-0.0018000000000000238,0.004799999999999999,0.006599999999999939,0.0,0.03679694031066456,0.016821414922646664,0.003972807571429026,0.1447446802645213,0.2640880288731614,0.5429999999999999,0.5762
2016-09-16,0.1317924709084463,1.09374,0.0264,-0.4858,0.5122,-0.75,0.012284130272355212,-0.028999999999999915,0.0698,0.0988,0.0,0.024436380512434953,0.021210924858033952,0.0022725242938795597,0.1195083406360911,0.2039101643924957,0.5411999999999999,0.576
2016-09-23,0.1482829082018813,1.0907,-0.0033999999999999,-0.5254000000000001,0.522,-0.75,0.016490437293434995,0.009800000000000031,-0.0297999999999999,-0.03960000000000008,0.0,0.01312745767228621,0.014995999466518422,0.0020795111604107836,0.1317924709084463,0.1763306882357671,0.5122,0.5638
2016-09-30,0.1981637692227531,1.08856,-0.064,-0.6274,0.5634,-0.75,0.0498808610208718,0.04139999999999999,-0.0606000000000001,-0.10199999999999987,0.0,0.03455760420362421,0.022608847825570974,0.0022537894014905647,0.1482829082018813,0.1447446802645213,0.522,0.5429999999999999
2016-10-07,0.1754438376406354,1.09428,-0.0462,-0.624,0.5778000000000001,-0.75,-0.022719931582117714,0.01440000000000008,0.017800000000000003,0.0033999999999999586,0.0,0.029332202518301202,0.03169621428498733,0.0026845235454865755,0.1981637692227531,0.1195083406360911,0.5634,0.5411999999999999
2016-10-14,0.1576631866901579,1.09194,-0.0228,-0.5952,0.5723999999999999,-0.75,-0.017780650950477483,-0.005400000000000182,0.023399999999999997,0.028800000000000048,0.0,0.02195914773974646,0.02530691605075269,0.0023901185464890885,0.1754438376406354,0.1317924709084463,0.5778000000000001,0.5122
2016-10-21,0.1673658626178519,1.08578,-0.0248,-0.5795999999999999,0.5548,-0.75,0.009702675927693999,-0.01759999999999995,-0.0019999999999999983,0.015600000000000058,0.0,0.01727365691031886,0.010125216047070366,0.003736558130990158,0.1576631866901579,0.1482829082018813,0.5723999999999999,0.522
2016-10-28,0.1423029792295699,1.084,-0.003,-0.5471999999999999,0.5442,-0.75,-0.025062883388282026,-0.010599999999999943,0.0218,0.032399999999999984,0.0,0.014253501739438073,0.015557634781670606,0.004895249397759585,0.1673658626178519,0.1981637692227531,0.5548,0.5634
2016-11-04,0.1563542203679148,1.07982,0.0285999999999999,-0.4634,0.492,-0.75,0.014051241138344911,-0.052200000000000024,0.0315999999999999,0.08379999999999993,0.0,0.010322439361739422,0.03458106418258162,0.0050336037454548985,0.1423029792295699,0.1754438376406354,0.5442,0.5778000000000001
2016-11-11,0.1641309263821947,1.07708,0.0752,-0.4032,0.4784,-0.75,0.007776706014279905,-0.013600000000000001,0.0466000000000001,0.060199999999999976,0.0,0.011158864234610528,0.03778513817185908,0.003950172991939607,0.1563542203679148,0.1576631866901579,0.492,0.5723999999999999
2016-11-18,0.167812361647828,1.07366,0.2032,-0.235,0.4382,-0.75,0.003681435265633304,-0.040200000000000014,0.128,0.16820000000000002,0.0,0.011291384508479926,0.04376634932608764,0.0043724897559904476,0.1641309263821947,0.1673658626178519,0.4784,0.5548
2016-11-25,0.1652934658381946,1.07302,0.1538,-0.2868,0.4406,-0.75,-0.002518895809633409,0.0024000000000000132,-0.0494,-0.05180000000000001,0.0,0.004940694682076687,0.02703701166918747,0.0031660016844964646,0.167812361647828,0.1423029792295699,0.4382,0.5442
2016-12-02,0.1582364268401214,1.07642,0.1586,-0.2755999999999999,0.4342,-0.75,-0.007057038998073195,-0.006400000000000017,0.004799999999999999,0.011200000000000099,0.0,0.004056833241688102,0.020537039708774223,0.002004220546637955,0.1652934658381946,0.1563542203679148,0.4406,0.492
2016-12-09,0.1732677789211274,1.08146,0.2068,-0.2202,0.427,-0.75,0.015031352081006005,-0.007199999999999984,0.04820000000000002,0.055399999999999894,0.0,0.006239243778367222,0.0059509102944922555,0.003841249796559491,0.1582364268401214,0.1641309263821947,0.4342,0.4784
2016-12-16,0.1975732260249988,1.0749,0.235,-0.1788,0.4138,-0.75,0.02430544710387139,-0.01319999999999999,0.028199999999999975,0.04140000000000002,0.0,0.017125649527078426,0.011497825881433239,0.003617936796882403,0.1732677789211274,0.167812361647828,0.427,0.4382
2016-12-23,0.1884429430206782,1.07004,0.2098,-0.219,0.4288,-0.75,-0.009130283004320588,0.015000000000000013,-0.0252,-0.040200000000000014,0.0,0.017296823810946067,0.008658521813782885,0.0047035979136082874,0.1975732260249988,0.1652934658381946,0.4138,0.4406
2016-12-30,0.1333591891191232,1.073025,0.18125,-0.29175,0.473,-0.75,-0.05508375390155501,0.04419999999999996,-0.028549999999999992,-0.07275000000000001,0.0,0.02836482629907875,0.025782358309506155,0.0048360165683716295,0.1884429430206782,0.1582364268401214,0.4288,0.4342
2017-01-06,0.1019270853944968,1.07098,0.1545,-0.321,0.4755,-0.75,-0.0314321037246264,0.0025000000000000022,-0.026749999999999996,-0.029249999999999998,0.0,0.04551756028376093,0.031194697733211596,0.0021694368507880167,0.1333591891191232,0.1732677789211274,0.473,0.427
2017-01-13,0.0993515371452958,1.07298,0.1318,-0.3366,0.4684,-0.75,-0.00257554824920099,-0.007099999999999995,-0.022699999999999998,-0.015600000000000003,0.0,0.04144034180968312,0.021947873852982826,0.0014894483037540143,0.1019270853944968,0.1975732260249988,0.4755,0.4138
2017-01-20,0.1015212180737744,1.07166,0.1402,-0.3274,0.4676,-0.75,0.002169680928478593,-0.0007999999999999674,0.00839999999999999,0.009199999999999986,0.0,0.0162523322172673,0.0037641953544489824,0.0010104485387970393,0.0993515371452958,0.1884429430206782,0.4684,0.4288
2017-01-27,0.1018508518652516,1.07158,0.2064,-0.2454,0.4518,-0.75,0.00032963379147719907,-0.015800000000000036,0.06620000000000001,0.08200000000000002,0.0,0.0012202027307209882,0.010001458227001265,0.0008431686266040845,0.1015212180737744,0.1333591891191232,0.4676,0.473
2017-02-03,0.1116295096731358,1.06804,0.2065999999999999,-0.2222,0.4288,-0.75,0.0097786578078842,-0.022999999999999965,0.0001999999999998947,0.0232,0.0,0.005474266045230651,0.018548225431734497,0.0021163726828909955,0.1018508518652516,0.1019270853944968,0.4518,0.4755
2017-02-10,0.130514874035458,1.0661200000000002,0.1414,-0.2794,0.4208,-0.75,0.0188853643623222,-0.008000000000000007,-0.0651999999999999,-0.05719999999999997,0.0,0.013591736478797061,0.021407397475322252,0.002736055554909109,0.1116295096731358,0.0993515371452958,0.4288,0.4684
2017-02-17,0.0979969266296216,1.06536,0.1356,-0.2915999999999999,0.4272,-0.75,-0.0325179474058364,0.006400000000000017,-0.0058,-0.012199999999999933,0.0,0.014525902915822888,0.013548308627516008,0.0027760583566533393,0.130514874035458,0.1015212180737744,0.4208,0.4676
2017-02-24,0.0817278188366968,1.06486,0.1016,-0.3316,0.4332,-0.75,-0.0162691077929248,0.00599999999999995,-0.034,-0.04000000000000009,0.0,0.020693986544489226,0.005136795369334975,0.001396316582849529,0.0979969266296216,0.1018508518652516,0.4272,0.4518
2017-03-03,0.0791523386374956,1.0657,0.0566,-0.3694,0.426,-0.75,-0.002575480199201202,-0.007199999999999984,-0.045,-0.0378,0.0,0.023632849955419255,0.005091168824518975,0.0005332916646064144,0.0817278188366968,0.1116295096731358,0.4332,0.4288
2017-03-10,0.0852495746145692,1.07156,0.1484,-0.2434,0.3918,-0.75,0.006097235977073595,-0.03420000000000001,0.0918,0.126,0.0,0.008359174086675853,0.018766193007633363,0.003145642488619728,0.0791523386374956,0.130514874035458,0.426,0.4208
2017-03-17,0.0882839183353309,1.07166,0.2246,-0.15,0.3746,-0.75,0.003034343720761709,-0.017199999999999993,0.07619999999999999,0.09340000000000001,0.0,0.0039977866668047795,0.027849596047334967,0.003670908152789308,0.0852495746145692,0.0979969266296216,0.3918,0.4272
2017-03-24,0.0682366944403883,1.07204,0.217,-0.1702,0.3872,-0.75,-0.02004722389494261,0.0126,-0.007599999999999996,-0.020199999999999996,0.0,0.00885178815315829,0.021971193261474408,0.003033721586800746,0.0882839183353309,0.0817278188366968,0.3746,0.4332
2017-03-31,0.0520106869838193,1.07024,0.1709999999999999,-0.2246,0.3956,-0.75,-0.016226007456569,0.008400000000000019,-0.046000000000000096,-0.054400000000000004,0.0,0.016793825256909315,0.0091367390243849,0.0007844106064799701,0.0682366944403883,0.0791523386374956,0.3872,0.426
2017-04-07,0.06893819995656,1.0692,0.1086,-0.2802,0.3888,-0.75,0.016927512972740706,-0.006800000000000028,-0.0623999999999999,-0.05560000000000001,0.0,0.014838607980453814,0.008759566199288483,0.0013102035463581619,0.0520106869838193,0.0852495746145692,0.3956,0.3918
2017-04-14,0.0545777843090033,1.06855,0.0755,-0.3215,0.397,-0.75,-0.014360415647556704,0.00820000000000004,-0.033100000000000004,-0.0413,0.0,0.008896129662343634,0.004869976043718224,0.0015233160099662568,0.06893819995656,0.0882839183353309,0.3888,0.3746
2017-04-21,0.0451497453182092,1.068925,0.05375,-0.34575,0.3994999999999999,-0.75,-0.0094280389907941,0.002499999999999891,-0.02175,-0.024249999999999994,0.0,0.010005012225193578,0.004577025963045433,0.0007248951070438502,0.0545777843090033,0.0682366944403883,0.397,0.3872
2017-04-28,0.069496676083532,1.08236,0.1518,-0.2468,0.3986,-0.75,0.024346930765322794,-0.0008999999999999009,0.09805,0.09895000000000001,0.0,0.01182038597759922,0.004893788580066862,0.00673943416884744,0.0451497453182092,0.0520106869838193,0.3994999999999999,0.3956
2017-05-05,0.0772399094714969,1.08365,0.16625,-0.23275,0.399,-0.75,0.007743233387964912,0.00040000000000001146,0.014450000000000018,0.01404999999999998,0.0,0.014455513666196814,0.0010812801054285739,0.008255582328516224,0.069496676083532,0.06893819995656,0.3986,0.3888
2017-05-12,0.0493127361460622,1.0936,0.1978,-0.1901999999999999,0.388,-0.75,-0.027927173325434707,-0.01100000000000001,0.031549999999999995,0.042550000000000116,0.0,0.01551117411833509,0.005528939018147411,0.010137326550078955,0.0772399094714969,0.0545777843090033,0.399,0.397
2017-05-19,0.0382777985882346,1.0924,0.1546,-0.2324,0.387,-0.75,-0.011034937557827598,-0.0010000000000000009,-0.043200000000000016,-0.0422000000000001,0.0,0.017939041102424433,0.0065388582081575535,0.005815269411898337,0.0493127361460622,0.0451497453182092,0.388,0.3994999999999999
2017-05-26,0.0265338209173317,1.0908799999999998,0.14425,-0.25425,0.3985,-0.75,-0.011743977670902902,0.01150000000000001,-0.010349999999999998,-0.02184999999999998,0.0,0.021694181916515527,0.006511208285184563,0.004462685103496443,0.0382777985882346,0.069496676083532,0.387,0.3986
2017-06-02,0.0125791376530349,1.0895,0.1176,-0.3048,0.4224,-0.75,-0.0139546832642968,0.023899999999999977,-0.026649999999999993,-0.05055000000000004,0.0,0.015766740982595184,0.01646012859406218,0.0017858984665919593,0.0265338209173317,0.0772399094714969,0.3985,0.399
2017-06-09,0.0066372121417274,1.08538,0.09075,-0.32775,0.4185,-0.75,-0.0059419255113075,-0.0039000000000000146,-0.02685,-0.02294999999999997,0.0,0.014216726066583429,0.016743356891607487,0.0030156480784345593,0.0125791376530349,0.0493127361460622,0.4224,0.388
2017-06-16,0.0101713791444703,1.0868,0.0941999999999999,-0.3144,0.4086,-0.75,0.0035341670027429,-0.009899999999999964,0.0034499999999998976,0.013349999999999973,0.0,0.00871747212384586,0.010711675872604947,0.002501359630206276,0.0066372121417274,0.0382777985882346,0.4185,0.387
2017-06-23,0.0088661705668679,1.08598,0.1092,-0.2976,0.4067999999999999,-0.75,-0.0013052085776024003,-0.0018000000000001348,0.01500000000000011,0.016800000000000037,0.0,0.0024841508590917154,0.007567198953361171,0.001818964907015292,0.0101713791444703,0.0265338209173317,0.4086,0.3985
2017-06-30,0.0120978459085236,1.09084,0.1562,-0.2367999999999999,0.3929999999999999,-0.75,0.0032316753416557,-0.013799999999999979,0.047,0.060800000000000076,0.0,0.0022937538797460745,0.01049678522214026,0.002463087493294026,0.0088661705668679,0.0125791376530349,0.4067999999999999,0.4224
2017-07-07,0.0137592571151032,1.0961,0.2346,-0.1457999999999999,0.3804,-0.75,0.0016614112065796004,-0.012599999999999889,0.0784,0.091,0.0,0.002149302612261669,0.013190905958262661,0.0046294852125228205,0.0120978459085236,0.0066372121417274,0.3929999999999999,0.4185
2017-07-14,0.0104923466745558,1.10272,0.2612,-0.1062,0.3674,-0.75,-0.0032669104405474002,-0.013000000000000012,0.026599999999999985,0.0395999999999999,0.0,0.0021024011871893324,0.016889049706828235,0.007181504020722334,0.0137592571151032,0.0101713791444703,0.3804,0.4086
2017-07-21,0.0086464888853286,1.10242,0.245,-0.1212,0.3661999999999999,-0.75,-0.0018458577892272003,-0.0012000000000000899,-0.016199999999999992,-0.015,0.0,0.002188417884723639,0.012597751122047,0.005677111941794681,0.0104923466745558,0.0088661705668679,0.3674,0.4067999999999999
2017-07-28,0.006675444530271,1.11648,0.24,-0.1113999999999999,0.3514,-0.75,-0.0019710443550575996,-0.014799999999999924,-0.0050000000000000044,0.0098000000000001,0.0,0.0030118440134273387,0.011860719483503406,0.008593710878681014,0.0086464888853286,0.0120978459085236,0.3661999999999999,0.3929999999999999
2017-08-04,0.0049584950411198,1.14454,0.23125,-0.1325,0.36375,-0.75,-0.0017169494891512002,0.012350000000000028,-0.00874999999999998,-0.021100000000000105,0.0,0.0023985008658831044,0.007350325956469666,0.019785267246103598,0.006675444530271,0.0137592571151032,0.3514,0.3804
2017-08-11,0.0074944052836341,1.13824,0.145,-0.2346,0.3796,-0.75,0.0025359102425143,0.015849999999999975,-0.08625000000000002,-0.1021,0.0,0.0015508885647869718,0.01155994341103603,0.019483757337838428,0.0049584950411198,0.0104923466745558,0.36375,0.3674
2017-08-18,0.0084341420853399,1.13686,0.1502,-0.24,0.3902,-0.75,0.0009397368017058007,0.010599999999999998,0.00520000000000001,-0.005399999999999988,0.0,0.001474949087751414,0.017118185992282074,0.012168204469016982,0.0074944052836341,0.0086464888853286,0.3796,0.3661999999999999
2017-08-25,0.0041019142420974,1.13766,0.1392,-0.249,0.3882,-0.75,-0.0043322278432425,-0.0020000000000000018,-0.01100000000000001,-0.009000000000000008,0.0,0.0020494916565124387,0.01203795213756779,0.0035223997501454534,0.0084341420853399,0.006675444530271,0.3902,0.3514
2017-09-01,0.0031074835811303,1.14168,0.121,-0.2666,0.3876,-0.75,-0.0009944306609671002,-0.0005999999999999894,-0.018199999999999994,-0.017600000000000005,0.0,0.002578235248929351,0.00466761895042648,0.0021234249064084904,0.0041019142420974,0.0049584950411198,0.3882,0.36375
2017-09-08,0.0024529330614393,1.14044,0.1202,-0.262,0.3822,-0.75,-0.0006545505196910001,-0.005400000000000016,-0.0007999999999999952,0.004599999999999993,0.0,0.0026933996167040285,0.0034190641994140225,0.0022751410212316974,0.0031074835811303,0.0074944052836341,0.3876,0.3796
2017-09-15,0.0072754383169759,1.1464,0.1476,-0.2336,0.3812,-0.75,0.0048225052555366,-0.0010000000000000009,0.027400000000000008,0.02840000000000001,0.0,0.0021376803300711534,0.003611094017013681,0.003647076454710095,0.0024529330614393,0.0084341420853399,0.3822,0.3902
2017-09-22,0.0076648619291581,1.15408,0.2128,-0.1558,0.3686,-0.75,0.00038942361218219975,-0.0126,0.06519999999999998,0.07780000000000001,0.0,0.002725533444336799,0.008040729651781566,0.006178791683372771,0.0072754383169759,0.0041019142420974,0.3812,0.3882
2017-09-29,0.0056073411943404,1.14764,0.2176,-0.1447999999999999,0.3623999999999999,-0.75,-0.0020575207348177,-0.006200000000000094,0.004799999999999999,0.011000000000000093,0.0,0.0023723869916551614,0.009698109781448755,0.005593186330991408,0.0076648619291581,0.0031074835811303,0.3686,0.3876
2017-10-06,0.0096442271154279,1.14498,0.2378,-0.1256,0.3634,-0.75,0.0040368859210875,0.001000000000000112,0.020200000000000023,0.01919999999999991,0.0,0.0016581386446740344,0.008638672737542433,0.004019697335189097,0.0056073411943404,0.0024529330614393,0.3623999999999999,0.3822
2017-10-13,0.0115702292216565,1.15256,0.1982,-0.1464,0.3445999999999999,-0.75,0.0019260021062286001,-0.018800000000000094,-0.039600000000000024,-0.020800000000000013,0.0,0.0025652345161868524,0.01045928614516053,0.004236079161976623,0.0096442271154279,0.0072754383169759,0.3634,0.3812
2017-10-20,0.0049205571620144,1.15414,0.1754,-0.1788,0.3541999999999999,-0.75,-0.0066496720596421,0.009599999999999997,-0.022799999999999987,-0.032399999999999984,0.0,0.003195893645353252,0.00873365139368077,0.004256273800700827,0.0115702292216565,0.0076648619291581,0.3445999999999999,0.3686
2017-10-27,0.0060170471657222,1.16388,0.2144,-0.1352,0.3495999999999999,-0.75,0.0010964900037078,-0.004599999999999993,0.03900000000000001,0.0436,0.0,0.0031015753537221484,0.007993956050229737,0.007767874012015667,0.0049205571620144,0.0056073411943404,0.3541999999999999,0.3623999999999999
2017-11-03,0.008445001662619,1.16294,0.1726,-0.1822,0.3548,-0.75,0.0024279544968968,0.0052000000000000934,-0.041800000000000004,-0.047000000000000014,0.0,0.0029487565054454224,0.0047413078364168726,0.005856438052824213,0.0060170471657222,0.0096442271154279,0.3495999999999999,0.3634
2017-11-10,0.005201227631001,1.15822,0.1496,-0.2148,0.3644,-0.75,-0.0032437740316180004,0.009599999999999997,-0.022999999999999993,-0.03259999999999999,0.0,0.0016017014336725378,0.006216912416921668,0.004510650359601554,0.008445001662619,0.0115702292216565,0.3548,0.3445999999999999
2017-11-17,0.0021635734966136,1.16582,0.1664,-0.1988,0.3652,-0.75,-0.0030376541343874,0.0008000000000000229,0.01679999999999998,0.015999999999999986,0.0,0.002591903037613134,0.007585073060492695,0.003227687510677928,0.005201227631001,0.0049205571620144,0.3644,0.3541999999999999
2017-11-24,0.0020653244905061,1.16378,0.1566,-0.2364,0.393,-0.75,-9.824900610749983e-05,0.02779999999999999,-0.009800000000000003,-0.037599999999999995,0.0,0.0030242020242266625,0.016459546368790347,0.0032160223879692572,0.0021635734966136,0.0060170471657222,0.3652,0.3495999999999999
2017-12-01,0.0016447402262399,1.16904,0.1786,-0.2202,0.3988,-0.75,-0.00042058426426619996,0.005799999999999972,0.02200000000000002,0.016199999999999992,0.0,0.0016372122076049225,0.018113990909415116,0.00454554360518,0.0020653244905061,0.008445001662619,0.393,0.3548
2017-12-08,0.0041229725470386,1.1684,0.153,-0.2524,0.4054,-0.75,0.0024782323207987,0.006599999999999995,-0.02560000000000001,-0.032200000000000006,0.0,0.001105687099538156,0.017674840876220628,0.0024256957764601794,0.0016447402262399,0.005201227631001,0.3988,0.3644
2017-12-15,0.0023381699641218,1.16704,0.1414,-0.2648,0.4062,-0.75,-0.0017848025829168002,0.0008000000000000229,-0.0116,-0.012399999999999967,0.0,0.0010913772564366312,0.006195428422075989,0.0023434091974311178,0.0041229725470386,0.0021635734966136,0.4054,0.3652
2017-12-22,0.0024994927868675,1.16914,0.1608,-0.2522,0.413,-0.75,0.0001613228227456999,0.006799999999999973,0.0194,0.0126,0.0,0.0010488213231511358,0.005806605434021428,0.0009672469522363572,0.0023381699641218,0.0020653244905061,0.4062,0.393
2017-12-29,0.0014472619711959,1.1726,0.188,-0.2339999999999999,0.422,-0.75,-0.0010522308156715998,0.009000000000000008,0.027200000000000002,0.018200000000000077,0.0,0.0011145838410445738,0.007696536017353173,0.0023687619832480286,0.0024994927868675,0.0016447402262399,0.413,0.3988
2018-01-05,0.0016772287628942,1.17435,0.1756666666666666,-0.2416666666666666,0.4173333333333333,-0.75,0.00022996679169830008,-0.004666666666666708,-0.01233333333333339,-0.0076666666666667105,0.0,0.0005076726232802246,0.00671681141281391,0.003303254708105421,0.0014472619711959,0.0041229725470386,0.422,0.4054
2018-01-12,0.0043430048276648,1.17368,0.2036,-0.2085999999999999,0.4122,-0.75,0.0026657760647705994,-0.005133333333333268,0.027933333333333393,0.033066666666666716,0.0,0.0013142303798398542,0.004514667454195915,0.00231669844102069,0.0016772287628942,0.0023381699641218,0.4173333333333333,0.4062
2018-01-19,0.0032271836469901,1.17748,0.2696,-0.1404,0.41,-0.75,-0.0011158211806746995,-0.0022000000000000353,0.066,0.0681999999999999,0.0,0.0013650430902335975,0.005375768678862741,0.002096208879533751,0.0043430048276648,0.0024994927868675,0.4122,0.413
2018-01-26,0.0015545246199895,1.1718,0.2998,-0.116,0.4158,-0.75,-0.0016726590270006003,0.005800000000000027,0.030200000000000005,0.02439999999999999,0.0,0.0013336118084043755,0.0033406586176607466,0.0023626450572685758,0.0032271836469901,0.0014472619711959,0.41,0.422
2018-02-02,0.0027553125920454,1.15964,0.3732,-0.0326,0.4058,-0.75,0.0012007879720559,-0.010000000000000009,0.07339999999999997,0.0834,0.0,0.00115483720608303,0.004183698523206595,0.007710866790875231,0.0015545246199895,0.0016772287628942,0.4158,0.4173333333333333
2018-02-09,0.039744158266486,1.1567,0.387,0.0087999999999999,0.3782,-0.75,0.0369888456744406,-0.027600000000000013,0.013800000000000034,0.041399999999999895,0.0,0.01862922122187348,0.016678429182622006,0.009860931328561588,0.0027553125920454,0.0043430048276648,0.4058,0.4122
2018-02-16,0.0366082286859188,1.1522,0.417,0.0308,0.3862,-0.75,-0.003135929580567201,0.008000000000000007,0.02999999999999997,0.022000000000000103,0.0,0.02084202658345033,0.017320123171224756,0.008387902002284004,0.039744158266486,0.0032271836469901,0.3782,0.41
2018-02-23,0.0221172860325084,1.15228,0.3906,-0.0084,0.399,-0.75,-0.014490942653410402,0.012800000000000034,-0.02639999999999998,-0.0392,0.0,0.01688097732646741,0.012425243123029475,0.0036281262381432254,0.0366082286859188,0.0015545246199895,0.3862,0.4158
2018-03-02,0.0122190427112986,1.1524,0.3438,-0.0758,0.4196,-0.75,-0.0098982433212098,0.02059999999999995,-0.04680000000000001,-0.0674,0.0,0.012848371160520101,0.018060915443753,0.0022048658311177353,0.0221172860325084,0.0027553125920454,0.399,0.4058
2018-03-09,0.0122549751805913,1.16548,0.346,-0.0698,0.4157999999999999,-0.75,3.593246929270086e-05,-0.003800000000000081,0.0021999999999999797,0.006000000000000005,0.0,0.011522233779035542,0.015482786140304567,0.006593845615413246,0.0122190427112986,0.039744158266486,0.4196,0.3782
2018-03-16,0.0068642741098226,1.16932,0.348,-0.0568,0.4048,-0.75,-0.0053907010707687,-0.010999999999999899,0.0020000000000000018,0.012999999999999998,0.0,0.006361533258869262,0.009551265186686727,0.00883522495468661,0.0122549751805913,0.0366082286859188,0.4157999999999999,0.3862
2018-03-23,0.0110229570835394,1.17042,0.311,-0.083,0.394,-0.75,0.004158682973716799,-0.010799999999999976,-0.03699999999999998,-0.0262,0.0,0.002549144128286283,0.011553210232070225,0.008278749905627662,0.0068642741098226,0.0221172860325084,0.4048,0.399
2018-03-30,0.0352469781153496,1.177075,0.292,-0.108,0.4,-0.75,0.024224021031810206,0.006000000000000005,-0.019000000000000017,-0.024999999999999994,0.0,0.012809129072858073,0.009226592003537325,0.004823832112537488,0.0110229570835394,0.0122190427112986,0.394,0.4196
2018-04-06,0.0218273974037566,1.178625,0.269,-0.13375,0.40275,-0.75,-0.013419580711593004,0.0027499999999999747,-0.022999999999999965,-0.02575000000000001,0.0,0.012683295646576099,0.00469048238454594,0.004672139053291293,0.0352469781153496,0.0122549751805913,0.4,0.4157999999999999
2018-04-13,0.0159624199685839,1.18334,0.269,-0.1414,0.4104,-0.75,-0.0058649774351727,0.00764999999999999,0.0,-0.00764999999999999,0.0,0.010465477807513165,0.006805435939972591,0.005341827090671489,0.0218273974037566,0.0068642741098226,0.40275,0.4048
2018-04-20,0.0090508022783833,1.19422,0.3394,-0.0952,0.4346,-0.75,-0.0069116176902006,0.0242,0.07039999999999996,0.04619999999999999,0.0,0.011119160490918413,0.015736018926857435,0.00774281064385844,0.0159624199685839,0.0110229570835394,0.4104,0.394
2018-04-27,0.0031202307883712,1.19614,0.4198,-0.0226,0.4424,-0.75,-0.005930571490012099,0.007800000000000029,0.08040000000000003,0.07260000000000001,0.0,0.00814177185013383,0.018963885633832923,0.008456315563923875,0.0090508022783833,0.0352469781153496,0.4346,0.4
2018-05-04,0.0021806563712488,1.195825,0.37525,-0.06825,0.4435,-0.75,-0.0009395744171223999,0.0010999999999999899,-0.044550000000000034,-0.04565000000000001,0.0,0.0063631928106779884,0.015401596237612508,0.006085852959939765,0.0031202307883712,0.0218273974037566,0.4424,0.40275
2018-05-11,0.0030135101090801,1.19212,0.345,-0.0985,0.4435,-0.75,0.0008328537378313001,0.0,-0.03025,-0.03025,0.0,0.0031676399528560036,0.004298061578562544,0.0018407216655471471,0.0021806563712488,0.0159624199685839,0.4435,0.4104
2018-05-18,0.0030122748215447,1.18518,0.4035999999999999,-0.0318,0.4354,-0.75,-1.2352875354000419e-06,-0.008099999999999996,0.05859999999999993,0.06670000000000001,0.0,0.00043694774608641783,0.0039012818405983465,0.0050956507189962716,0.0030135101090801,0.0090508022783833,0.4435,0.4346
2018-05-25,0.0129969646529178,1.16578,0.36375,-0.0775,0.44125,-0.75,0.0099846898313731,0.005849999999999966,-0.039849999999999886,-0.0457,0.0,0.005145719552987618,0.0038249999999715152,0.013379288331222207,0.0030122748215447,0.0031202307883712,0.4354,0.4424
2018-06-01,0.0615530974763559,1.15328,0.2652,-0.205,0.4702,-0.75,0.0485561328234381,0.02895000000000003,-0.09855000000000003,-0.1275,0.0,0.02800442321934308,0.015456733969367191,0.017796827432624264,0.0129969646529178,0.0021806563712488,0.44125,0.4435
2018-06-08,0.077521766784061,1.1575,0.3232,-0.1467999999999999,0.47,-0.75,0.015968669307705102,-0.00020000000000003348,0.057999999999999996,0.058200000000000085,0.0,0.03634846725898021,0.018500287159927995,0.014150292105344566,0.0615530974763559,0.0030135101090801,0.4702,0.4435
2018-06-15,0.0750615302680947,1.16044,0.3534,-0.0968,0.4502,-0.75,-0.002460236515966302,-0.019799999999999984,0.030200000000000005,0.049999999999999906,0.0,0.03002316792840591,0.014539737216784024,0.005252313775841019,0.077521766784061,0.0030122748215447,0.47,0.4354
2018-06-22,0.0624848393890202,1.15244,0.2674,-0.1669999999999999,0.4344,-0.75,-0.012576690879074502,-0.01579999999999998,-0.08599999999999997,-0.0701999999999999,0.0,0.008310031095005693,0.017298169459988105,0.0037419558165763707,0.0750615302680947,0.0129969646529178,0.4502,0.44125
2018-06-29,0.0503662377492699,1.15506,0.2682,-0.1684,0.4366,-0.75,-0.012118601639750301,0.0021999999999999797,0.0007999999999999674,-0.0014000000000000956,0.0,0.012531546320229115,0.016366632722293706,0.0034157673613033237,0.0624848393890202,0.0615530974763559,0.4344,0.4702
2018-07-06,0.0500832908763984,1.1588,0.2548,-0.2014,0.4562,-0.75,-0.0002829468728714965,0.019600000000000006,-0.013399999999999967,-0.033,0.0,0.011876735098879666,0.01054687947529747,0.003616347144087021,0.0503662377492699,0.077521766784061,0.4366,0.47
2018-07-13,0.0396601007479968,1.16588,0.288,-0.179,0.4669999999999999,-0.75,-0.0104231901284016,0.01079999999999992,0.03319999999999995,0.022400000000000003,0.0,0.009331719768769984,0.015726304927301094,0.005839049580187252,0.0500832908763984,0.0750615302680947,0.4562,0.4502
2018-07-20,0.0321395556162061,1.1642,0.3088,-0.159,0.4678,-0.75,-0.0075205451317907,0.0008000000000000784,0.02080000000000004,0.01999999999999999,0.0,0.008822757017207092,0.014530427844118387,0.004972494343877607,0.0396601007479968,0.0624848393890202,0.4669999999999999,0.4344
2018-07-27,0.0193798177697329,1.16102,0.3376,-0.1356,0.4732,-0.75,-0.0127597378464732,0.005400000000000016,0.028799999999999992,0.023400000000000004,0.0,0.012922793735019351,0.007120627313175496,0.003172396570402285,0.0321395556162061,0.0503662377492699,0.4678,0.4366
2018-08-03,0.0099482615644856,1.15714,0.3652499999999999,-0.1095,0.47475,-0.75,-0.009431556205247299,0.0015499999999999958,0.027649999999999897,0.026099999999999998,0.0,0.013212558919676848,0.0038622909867693034,0.003849675310970843,0.0193798177697329,0.0500832908763984,0.4732,0.4562
2018-08-10,0.0082933546117924,1.1498000000000002,0.3352,-0.1278,0.4629999999999999,-0.75,-0.0016549069526931998,-0.011750000000000094,-0.03004999999999991,-0.018299999999999997,0.0,0.010948776106502384,0.005361960928598033,0.006205739279077142,0.0099482615644856,0.0396601007479968,0.47475,0.4669999999999999
2018-08-17,0.0208707142576478,1.13124,0.2796,-0.185,0.4646,-0.75,0.0125773596458554,0.0016000000000001013,-0.05559999999999998,-0.0572,0.0,0.0064181731282705575,0.005944517782501586,0.013219147728447251,0.0082933546117924,0.0321395556162061,0.4629999999999999,0.4678
2018-08-24,0.0156631200908356,1.1384,0.2644,-0.2073999999999999,0.4718,-0.75,-0.005207594166812202,0.007199999999999984,-0.015199999999999991,-0.022399999999999892,0.0,0.005732369737647458,0.005639352060873408,0.011552677900231097,0.0208707142576478,0.0193798177697329,0.4646,0.4732
2018-08-31,0.0094204595984119,1.1372,0.287,-0.1914,0.4784,-0.75,-0.006242660492423698,0.006599999999999995,0.022599999999999953,0.015999999999999903,0.0,0.005852150340632667,0.0070887234393656046,0.0077536056128616184,0.0156631200908356,0.0099482615644856,0.4718,0.47475
2018-09-07,0.016495958516774,1.1261800000000002,0.279,-0.1808,0.4598,-0.75,0.007075498918362099,-0.018600000000000005,-0.007999999999999952,0.010599999999999998,0.0,0.004717811739956513,0.00815904406164166,0.0056612689978871224,0.0094204595984119,0.0082933546117924,0.4784,0.4629999999999999
2018-09-14,0.0153398029057069,1.1271799999999998,0.3164,-0.131,0.4474,-0.75,-0.0011561556110671004,-0.012399999999999967,0.03739999999999999,0.04979999999999998,0.0,0.003243030601574406,0.013673697378536832,0.006451728450560163,0.016495958516774,0.0208707142576478,0.4598,0.4646
2018-09-21,0.0074269603637458,1.1265,0.3621999999999999,-0.0849999999999999,0.4471999999999999,-0.75,-0.0079128425419611,-0.0002000000000001445,0.045799999999999896,0.04600000000000011,0.0,0.004427864889118575,0.014699659860003553,0.00530640807575337,0.0153398029057069,0.0156631200908356,0.4474,0.4718
2018-09-28,0.0049625021066713,1.13444,0.404,-0.0432,0.4471999999999999,-0.75,-0.0024644582570745,0.0,0.041800000000000115,0.04179999999999989,0.0,0.005722608987761769,0.00626737584638035,0.003932170732104278,0.0074269603637458,0.0094204595984119,0.4471999999999999,0.4784
2018-10-05,0.0120418128426997,1.14044,0.4178,-0.0406,0.4584,-0.75,0.007079310736028401,0.011200000000000099,0.013799999999999979,0.002600000000000005,0.0,0.004642783340992782,0.0055674650125939786,0.0065977571946659415,0.0049625021066713,0.016495958516774,0.4471999999999999,0.4598
2018-10-12,0.0597441568771405,1.14178,0.4744,0.0058,0.4686,-0.75,0.0477023440344408,0.010200000000000042,0.056599999999999984,0.0464,0.0,0.025966515995261303,0.010290934521856167,0.006967285458946563,0.0120418128426997,0.0153398029057069,0.4584,0.4474
2018-10-19,0.103380482872464,1.14394,0.438,-0.0314,0.4694,-0.75,0.0436363259953235,0.0007999999999999674,-0.03639999999999999,-0.0372,0.0,0.04587995249693673,0.010416013312834028,0.004070593732262548,0.0597441568771405,0.0074269603637458,0.4686,0.4471999999999999
2018-10-26,0.1226042584086708,1.14054,0.4012,-0.081,0.4822,-0.75,0.0192237755362068,0.012800000000000034,-0.0368,-0.049600000000000005,0.0,0.049216693895042324,0.009750726468652245,0.0016283631862932786,0.103380482872464,0.0049625021066713,0.4694,0.4471999999999999
2018-11-02,0.1268561971374936,1.14042,0.4051999999999999,-0.0876,0.4928,-0.75,0.0042519387288228044,0.010599999999999998,0.0039999999999998925,-0.006599999999999995,0.0,0.030684264354741097,0.011528949070339509,0.001633442173185735,0.1226042584086708,0.0120418128426997,0.4822,0.4584
2018-11-09,0.1137427679697406,1.14422,0.4396,-0.0686,0.5082,-0.75,-0.013113429167753002,0.01539999999999997,0.0344000000000001,0.019000000000000003,0.0,0.010394736964935302,0.01643766001189004,0.002082178346462687,0.1268561971374936,0.0597441568771405,0.4928,0.4686
2018-11-16,0.0872513753788969,1.13854,0.4157999999999999,-0.0922,0.508,-0.75,-0.026491392590843696,-0.00019999999999997797,-0.0238000000000001,-0.02360000000000001,0.0,0.017768720519343632,0.012656487137689318,0.002376860674602442,0.1137427679697406,0.103380482872464,0.5082,0.4694
2018-11-23,0.137210775405203,1.13454,0.403,-0.1326,0.5356,-0.75,0.04995940002630608,0.027599999999999958,-0.012799999999999867,-0.04039999999999999,0.0,0.021595146305644512,0.01782460845759321,0.004026098193842745,0.0872513753788969,0.1226042584086708,0.508,0.4822
2018-11-30,0.1481753229404936,1.13156,0.3706,-0.1712,0.5418,-0.75,0.010964547535290609,0.006199999999999983,-0.03240000000000004,-0.038599999999999995,0.0,0.027027813508082338,0.01784750215949497,0.005476017409254033,0.137210775405203,0.1268561971374936,0.5356,0.4928
2018-12-07,0.1466625044635841,1.13204,0.3318,-0.2306,0.5624,-0.75,-0.001512818476909511,0.020600000000000063,-0.0388,-0.05940000000000001,0.0,0.028794091409494224,0.022443633098643386,0.0031928461701807333,0.1481753229404936,0.1137427679697406,0.5418,0.5082
2018-12-14,0.1928161283011332,1.1274000000000002,0.3308,-0.2279999999999999,0.5588,-0.75,0.04615362383754912,-0.0036000000000000476,-0.0010000000000000009,0.0026000000000001022,0.0,0.024877631974412194,0.012978315247617086,0.0029605123430057547,0.1466625044635841,0.0872513753788969,0.5624,0.508
2018-12-21,0.1902684609561548,1.13012,0.287,-0.2752,0.5622,-0.75,-0.0025476673449784104,0.0034000000000000696,-0.043800000000000006,-0.0472000000000001,0.0,0.02550334852991903,0.009806800361647054,0.0020861447696049673,0.1928161283011332,0.137210775405203,0.5588,0.5356
2018-12-28,0.1693341913830264,1.1272666666666666,0.24,-0.312,0.552,-0.75,-0.020934269573128383,-0.010199999999999987,-0.046999999999999986,-0.0368,0.0,0.02148987636777265,0.004856267428097588,0.002301419851543502,0.1902684609561548,0.1481753229404936,0.5622,0.5418
2019-01-04,0.1528653365276847,1.124575,0.1895,-0.368,0.5575,-0.75,-0.01646885485534172,0.005499999999999949,-0.05049999999999999,-0.055999999999999994,0.0,0.018846790782221765,0.004241363774369549,0.0022644058884206514,0.1693341913830264,0.1466625044635841,0.552,0.5624
2019-01-11,0.1576710084181546,1.12584,0.2354,-0.3077999999999999,0.5432,-0.75,0.004805671890469904,-0.01429999999999998,0.045899999999999996,0.06020000000000009,0.0,0.016658778394017915,0.008161443908190047,0.0023820091017554127,0.1528653365276847,0.1928161283011332,0.5575,0.5588
2019-01-18,0.1390405727696667,1.12872,0.2424,-0.2982,0.5406000000000001,-0.75,-0.018630435648487903,-0.0025999999999999357,0.007000000000000006,0.009599999999999886,0.0,0.01253750391672161,0.007823628740330725,0.0017904439625595408,0.1576710084181546,0.1902684609561548,0.5432,0.5622
2019-01-25,0.131875668472514,1.13194,0.2347999999999999,-0.3082,0.543,-0.75,-0.007164904297152691,0.0023999999999999577,-0.007600000000000107,-0.009999999999999953,0.0,0.01196736287191213,0.007707734210942138,0.003277413550815834,0.1390405727696667,0.1693341913830264,0.5406000000000001,0.552
2019-02-01,0.1088656740466866,1.13782,0.2118,-0.345,0.5568000000000001,-0.75,-0.023009994425827407,0.013800000000000034,-0.02299999999999991,-0.0368,0.0,0.020177903691239972,0.007362064927713007,0.005137911378477452,0.131875668472514,0.1528653365276847,0.543,0.5575
2019-02-08,0.094483282584242,1.1393,0.1908,-0.3606,0.5514,-0.75,-0.014382391462444591,-0.005400000000000071,-0.02099999999999999,-0.015600000000000003,0.0,0.020578540653767984,0.007499999999990865,0.004966967552384237,0.1088656740466866,0.1576710084181546,0.5568000000000001,0.5432
2019-02-15,0.0898354746163888,1.13626,0.157,-0.3874,0.5444000000000001,-0.75,-0.004647807967853204,-0.006999999999999895,-0.0338,-0.026800000000000046,0.0,0.01889804235626691,0.0064218377431903015,0.0031789935513901607,0.094483282584242,0.1390405727696667,0.5514,0.5406000000000001
2019-02-22,0.0834463816157888,1.13534,0.1518,-0.3954,0.5472,-0.75,-0.006389093000600005,0.0027999999999999137,-0.00520000000000001,-0.007999999999999952,0.0,0.010798834479862131,0.005397221507392869,0.0017450883453617187,0.0898354746163888,0.131875668472514,0.5444000000000001,0.543
2019-03-01,0.0585755214161915,1.13548,0.1651999999999999,-0.3874,0.5526,-0.75,-0.02487086019959729,0.00539999999999996,0.013399999999999912,0.007999999999999952,0.0,0.015993090915835312,0.0037894590642812316,0.0018481973198537821,0.0834463816157888,0.1088656740466866,0.5472,0.5568000000000001
2019-03-08,0.0406117091028295,1.13464,0.1742,-0.3838,0.558,-0.75,-0.017963812313362006,0.005400000000000071,0.009000000000000091,0.0036000000000000476,0.0,0.022761538619578317,0.006020797289384856,0.0006642288760483755,0.0585755214161915,0.094483282584242,0.5526,0.5514
2019-03-15,0.057102064925108,1.13604,0.1139999999999999,-0.4326,0.5466,-0.75,0.0164903558222785,-0.011400000000000077,-0.0602000000000001,-0.04880000000000001,0.0,0.017663977799133018,0.00533291665037667,0.0005758182581707825,0.0406117091028295,0.0898354746163888,0.558,0.5444000000000001
2019-03-22,0.0576276074346879,1.1320599999999998,0.0792,-0.465,0.5442,-0.75,0.000525542509579903,-0.0023999999999999577,-0.03479999999999989,-0.03240000000000004,0.0,0.008599985435480122,0.006204030947687526,0.0017600284087971449,0.057102064925108,0.0834463816157888,0.5466,0.5472
2019-03-29,0.0807540971212534,1.12042,0.0034,-0.5182,0.5216000000000001,-0.75,0.023126489686565492,-0.022599999999999953,-0.0758,-0.05319999999999997,0.0,0.016501043639117228,0.015239422561234471,0.007107151328046811,0.0576276074346879,0.0585755214161915,0.5442,0.5526
2019-04-05,0.0814698754645456,1.12046,0.0372,-0.4408,0.478,-0.75,0.0007157783432922005,-0.04360000000000008,0.0338,0.07739999999999997,0.0,0.01371521545912851,0.03179475847787694,0.008023986955772552,0.0807540971212534,0.0406117091028295,0.5216000000000001,0.558
2019-04-12,0.049657800391122,1.1285,0.0406,-0.4152,0.4558,-0.75,-0.031812075073423596,-0.022199999999999998,0.0034000000000000002,0.02560000000000001,0.0,0.01619234959216382,0.04024011265722955,0.005864105501529328,0.0814698754645456,0.057102064925108,0.478,0.5466
2019-04-19,0.0317255441304286,1.137475,0.0875,-0.36875,0.45625,-0.75,-0.017932256260693398,0.00045000000000000595,0.0469,0.04644999999999999,0.0,0.024459768757914335,0.030912952382453795,0.008118207288747499,0.049657800391122,0.0576276074346879,0.4558,0.5442
2019-04-26,0.0233332033926605,1.14065,0.044,-0.42025,0.46425,-0.75,-0.008392340737768098,0.008000000000000007,-0.0435,-0.05149999999999999,0.0,0.025741278239325323,0.010370511077080613,0.00912889950923773,0.0317255441304286,0.0807540971212534,0.45625,0.5216000000000001
2019-05-03,0.0132583911021117,1.14045,0.0515,-0.4054999999999999,0.4569999999999999,-0.75,-0.010074812290548801,-0.00725000000000009,0.0075,0.014750000000000096,0.0,0.015417620290413872,0.003980891859853943,0.005700488831359084,0.0233332033926605,0.0814698754645456,0.46425,0.478
2019-05-10,0.0164742910847192,1.13986,0.0141999999999999,-0.4422,0.4564,-0.75,0.0032158999826074983,-0.0005999999999999339,-0.0373000000000001,-0.036700000000000066,0.0,0.008180038594669497,0.0038636122993710702,0.0014614968068603431,0.0132583911021117,0.049657800391122,0.4569999999999999,0.4558
2019-05-17,0.0518084008289366,1.12982,-0.0341999999999999,-0.4875999999999999,0.4533999999999999,-0.75,0.0353341097442174,-0.003000000000000058,-0.0483999999999998,-0.04539999999999994,0.0,0.017569689723637538,0.004602784483315671,0.005260700206859759,0.0164742910847192,0.0317255441304286,0.4564,0.45625
2019-05-24,0.0661565620720924,1.12456,-0.0452,-0.503,0.4578,-0.75,0.014348161243155806,0.0044000000000000705,-0.0110000000000001,-0.01540000000000008,0.0,0.026168299600117118,0.001920937271191098,0.007791000684535831,0.0518084008289366,0.0233332033926605,0.4533999999999999,0.46425
2019-05-31,0.0767971201713825,1.1234,-0.0975,-0.568,0.4705,-0.75,0.010640558099290098,0.012699999999999989,-0.052300000000000006,-0.06499999999999995,0.0,0.02629828633991052,0.007543374576398231,0.007505846610015956,0.0661565620720924,0.0132583911021117,0.4578,0.4569999999999999
2019-06-07,0.0806959525492927,1.11736,-0.146,-0.6088,0.4628,-0.75,0.003898832377910194,-0.007699999999999985,-0.04849999999999999,-0.04080000000000006,0.0,0.012924823389667559,0.00733547317263978,0.005113729884640389,0.0767971201713825,0.0164742910847192,0.4705,0.4564
2019-06-14,0.0625070420891218,1.12206,-0.122,-0.5922499999999999,0.4702499999999999,-0.75,-0.01818891046017089,0.007449999999999901,0.023999999999999994,0.016550000000000065,0.0,0.008603187575201232,0.006165410908164798,0.003159678253618465,0.0806959525492927,0.0518084008289366,0.4628,0.4533999999999999
2019-06-21,0.0301311432057822,1.1162800000000002,-0.144,-0.6242,0.4801999999999999,-0.75,-0.03237589888333961,0.009950000000000014,-0.021999999999999992,-0.031950000000000034,0.0,0.022972729970978226,0.00713388335105906,0.003483728845128467,0.0625070420891218,0.0661565620720924,0.4702499999999999,0.4578
2019-06-28,0.0206808824303324,1.11112,-0.1407999999999999,-0.6275999999999999,0.4868,-0.75,-0.0094502607754498,0.006600000000000106,0.0032000000000000917,-0.0033999999999999586,0.0,0.027952905242690076,0.010609459222780972,0.004489910912223049,0.0301311432057822,0.0767971201713825,0.4801999999999999,0.4705
2019-07-05,0.0147932314258971,1.11344,-0.2014,-0.7058,0.5044000000000001,-0.75,-0.0058876510044353,0.01760000000000006,-0.0606000000000001,-0.07820000000000005,0.0,0.02127881886827773,0.014370361570486757,0.004721140398925021,0.0206808824303324,0.0806959525492927,0.4868,0.4628
2019-07-12,0.012906364031399,1.11196,-0.1466,-0.6606,0.514,-0.75,-0.0018868673944980995,0.009599999999999942,0.05479999999999999,0.04520000000000002,0.0,0.007745535398648846,0.015581506131731608,0.002266274475804655,0.0147932314258971,0.0625070420891218,0.5044000000000001,0.4702499999999999
2019-07-19,0.0130178827476536,1.10676,-0.1584,-0.667,0.5086,-0.75,0.00011151871625460046,-0.00539999999999996,-0.011800000000000005,-0.006400000000000072,0.0,0.0036577964989519185,0.011774973460685817,0.002871561712089772,0.012906364031399,0.0301311432057822,0.514,0.4801999999999999
2019-07-26,0.0092984067749176,1.10032,-0.2517999999999999,-0.753,0.5012000000000001,-0.75,-0.003719475972736001,-0.007399999999999962,-0.0933999999999999,-0.08599999999999997,0.0,0.0023052390138577623,0.005536244214253417,0.005936822943825051,0.0130178827476536,0.0206808824303324,0.5086,0.4868
2019-08-02,0.015892264043119,1.1007,-0.32725,-0.8215,0.49425,-0.75,0.006593857268201402,-0.006950000000000067,-0.07545000000000007,-0.0685,0.0,0.0027006313132071215,0.008621907658199658,0.005535181418253547,0.0092984067749176,0.0147932314258971,0.5012000000000001,0.5044000000000001
2019-08-09,0.0780937492751804,1.09106,-0.4578,-0.962,0.5042,-0.75,0.0622014852320614,0.009949999999999959,-0.13055,-0.14049999999999996,0.0,0.032790074517198814,0.00603011539412993,0.006477581853306644,0.015892264043119,0.012906364031399,0.49425,0.514
2019-08-16,0.1202191266010508,1.08616,-0.5366,-1.0612,0.5246,-0.75,0.042125377325870406,0.020399999999999974,-0.07879999999999998,-0.09919999999999995,0.0,0.052920813974942776,0.013042071346218532,0.007157448334865104,0.0780937492751804,0.0130178827476536,0.5042,0.5086
2019-08-23,0.1661099413281991,1.08834,-0.5306,-1.05,0.5194,-0.75,0.04589081472714829,-0.005199999999999982,0.006000000000000005,0.011199999999999877,0.0,0.06386563626073168,0.013925059844270718,0.006411393504242978,0.1202191266010508,0.0092984067749176,0.5246,0.5012000000000001
2019-08-30,0.1598064037659143,1.0886,-0.5216000000000001,-1.0508,0.5292,-0.75,-0.0063035375622848,0.009800000000000031,0.008999999999999897,-0.0007999999999999119,0.0,0.04073410667336619,0.010864468080238488,0.0020048607598123526,0.1661099413281991,0.015892264043119,0.5194,0.49425
2019-09-06,0.124544559137726,1.0868600000000002,-0.4796,-1.0196,0.5399999999999999,-0.75,-0.035261844628188294,0.01079999999999992,0.04200000000000004,0.031199999999999894,0.0,0.023633736524467402,0.008767363723863662,0.001171949941862109,0.1598064037659143,0.0780937492751804,0.5292,0.5042
2019-09-13,0.1197756353454361,1.09264,-0.3399999999999999,-0.8562,0.5162,-0.75,-0.004768923792289895,-0.023799999999999932,0.1396000000000001,0.1634000000000001,0.0,0.02377478747607739,0.010734368480097949,0.002474968013174786,0.124544559137726,0.1202191266010508,0.5399999999999999,0.5246
2019-09-20,0.1062647456232325,1.09618,-0.2708,-0.7888,0.518,-0.75,-0.0135108897222036,0.0018000000000000238,0.06919999999999993,0.06740000000000002,0.0,0.022825438332640287,0.01104822761048968,0.0041793938954008585,0.1197756353454361,0.1661099413281991,0.5162,0.5194
2019-09-27,0.0910133248532512,1.08668,-0.3372,-0.8452,0.5079999999999999,-0.75,-0.015251420769981303,-0.01000000000000012,-0.06640000000000001,-0.056400000000000006,0.0,0.015065574362138892,0.013677597254873393,0.004642255199028954,0.1062647456232325,0.1598064037659143,0.518,0.5292
2019-10-04,0.0692934576202622,1.09126,-0.2952,-0.788,0.4928,-0.75,-0.021719867232988993,-0.01519999999999988,0.04199999999999998,0.05719999999999992,0.0,0.021659292691061857,0.01148956047896761,0.0039305470356661544,0.0910133248532512,0.124544559137726,0.5079999999999999,0.5399999999999999
2019-10-11,0.077299564323904,1.09444,-0.3006,-0.807,0.5064,-0.75,0.008006106703641797,0.013599999999999945,-0.00539999999999996,-0.019000000000000017,0.0,0.016233661798928174,0.010360823648075545,0.004171234829110757,0.0692934576202622,0.1197756353454361,0.4928,0.5162
2019-10-18,0.101605291751544,1.09888,-0.1702,-0.6838,0.5136000000000001,-0.75,0.024305727427639992,0.007200000000000095,0.1304,0.12320000000000009,0.0,0.014349594589243933,0.008824209124138085,0.005147203123987863,0.077299564323904,0.1062647456232325,0.5064,0.518
2019-10-25,0.0813628371939596,1.1009600000000002,-0.1266,-0.6306,0.504,-0.75,-0.02024245455758439,-0.009600000000000053,0.0436,0.053199999999999914,0.0,0.013756385885243649,0.008625543461130767,0.004366703562140354,0.101605291751544,0.0910133248532512,0.5136000000000001,0.5079999999999999
2019-11-01,0.0524033029983347,1.1028,-0.1,-0.5906,0.4906,-0.75,-0.028959534195624907,-0.013400000000000023,0.026599999999999985,0.040000000000000036,0.0,0.020199731196236848,0.00960885008728183,0.003596201699889688,0.0813628371939596,0.0692934576202622,0.504,0.4928
2019-11-08,0.0420205393483143,1.10058,-0.0538,-0.506,0.4522,-0.75,-0.010382763650020402,-0.03839999999999999,0.046200000000000005,0.08460000000000001,0.0,0.027195600416780173,0.026969859720309946,0.0016083428323268427,0.0524033029983347,0.077299564323904,0.4906,0.5064
2019-11-15,0.0384329086014073,1.09252,-0.0664,-0.5004,0.434,-0.75,-0.003587630746906996,-0.018199999999999994,-0.0126,0.005600000000000049,0.0,0.01946213114519307,0.03262432630210988,0.00456740261705601,0.0420205393483143,0.101605291751544,0.4522,0.5136000000000001
2019-11-22,0.0322961057530562,1.09816,-0.144,-0.5892000000000001,0.4452,-0.75,-0.006136802848351101,0.011199999999999988,-0.07759999999999999,-0.0888000000000001,0.0,0.00842797491490939,0.024571256920771185,0.004423102229539038,0.0384329086014073,0.0813628371939596,0.434,0.504
2019-11-29,0.0192578431847761,1.09908,-0.2068,-0.6474,0.4406,-0.75,-0.013038262568280098,-0.004599999999999993,-0.06280000000000002,-0.05819999999999992,0.0,0.010003815161737898,0.0076646374125951015,0.0035208853052817023,0.0322961057530562,0.0524033029983347,0.4452,0.4906
2019-12-06,0.0185949259404165,1.0966,-0.196,-0.643,0.447,-0.75,-0.000662917244359601,0.006400000000000017,0.010800000000000004,0.0043999999999999595,0.0,0.009819398816089942,0.005797700693656049,0.0028999999999328343,0.0192578431847761,0.0420205393483143,0.4406,0.4522
2019-12-13,0.0244701697023459,1.09436,-0.1844,-0.6102000000000001,0.4258,-0.75,0.0058752437619294,-0.021199999999999997,0.0116,0.03279999999999994,0.0,0.006331733506587782,0.009618558450545182,0.00206491323456436,0.0185949259404165,0.0384329086014073,0.447,0.434
2019-12-20,0.0275579457644509,1.0918800000000002,-0.1482,-0.5848,0.4366,-0.75,0.0030877760621049986,0.010799999999999976,0.03620000000000001,0.02540000000000009,0.0,0.004290377649099373,0.00889868904201936,0.0030783545387544882,0.0244701697023459,0.0322961057530562,0.4258,0.4452
2019-12-27,0.032609515651024,1.0879333333333332,-0.1195,-0.564,0.4444999999999999,-0.75,0.0050515698865730985,0.007899999999999907,0.028700000000000003,0.02080000000000004,0.0,0.00586347884634808,0.009541968699726202,0.0037129922045029944,0.0275579457644509,0.0192578431847761,0.4366,0.4406
2020-01-03,0.0302313823389678,1.08575,-0.122,-0.5625,0.4405,-0.75,-0.002378133312056198,-0.0039999999999998925,-0.0025000000000000022,0.0014999999999999458,0.0,0.003503522322919734,0.008041765975200255,0.003867649659478295,0.032609515651024,0.0185949259404165,0.4444999999999999,0.447
2020-01-10,0.017572338219428,1.08244,-0.1578,-0.5938,0.4359999999999999,-0.75,-0.0126590441195398,-0.004500000000000115,-0.0358,-0.031299999999999994,0.0,0.006610607641340323,0.003942080668871152,0.003959865668260382,0.0302313823389678,0.0244701697023459,0.4405,0.4258
2020-01-17,0.0144908215565689,1.07608,-0.151,-0.5900000000000001,0.4389999999999999,-0.75,-0.0030815166628591004,0.0030000000000000027,0.0068000000000000005,0.0037999999999999146,0.0,0.009025758027026091,0.003535533905916824,0.005166879834266995,0.017572338219428,0.0275579457644509,0.4359999999999999,0.4366
2020-01-24,0.0071062157094552,1.0736599999999998,-0.2182,-0.6746000000000001,0.4564,-0.75,-0.007384605847113699,0.017400000000000082,-0.06720000000000001,-0.08460000000000001,0.0,0.00964519678499382,0.00914344027157648,0.005582916651074557,0.0144908215565689,0.032609515651024,0.4389999999999999,0.4444999999999999
2020-01-31,0.0248754343348421,1.0701,-0.2974,-0.775,0.4776000000000001,-0.75,0.0177692186253869,0.021200000000000108,-0.07919999999999999,-0.10039999999999993,0.0,0.007362565193994974,0.01914392854144324,0.005196986306135011,0.0071062157094552,0.0302313823389678,0.4564,0.4405
2020-02-07,0.0280819951770957,1.07022,-0.2552,-0.7386,0.4833999999999999,-0.75,0.003206560842253601,0.005799999999999805,0.042200000000000015,0.03639999999999999,0.0,0.00963112607519326,0.020363693181735896,0.002893642456513187,0.0248754343348421,0.017572338219428,0.4776000000000001,0.4359999999999999
2020-02-14,0.0183160433830305,1.06572,-0.2666,-0.74,0.4734,-0.75,-0.009765951794065201,-0.009999999999999898,-0.011400000000000021,-0.0013999999999999568,0.0,0.009264943550079827,0.011614358929067292,0.003253198426080644,0.0280819951770957,0.0144908215565689,0.4833999999999999,0.4389999999999999
2020-02-21,0.0135668609409103,1.06214,-0.3184,-0.7746000000000001,0.4562,-0.75,-0.004749182442120201,-0.017199999999999993,-0.05180000000000001,-0.034600000000000075,0.0,0.0065179824620036275,0.011707974490343675,0.0038827953846987174,0.0183160433830305,0.0071062157094552,0.4734,0.4564
2020-02-28,0.0850866483384889,1.06104,-0.3964,-0.8545999999999999,0.4582,-0.75,0.07151978739757861,0.0020000000000000018,-0.07799999999999996,-0.07999999999999985,0.0,0.03310531405953309,0.012928521441624303,0.004140627971627694,0.0135668609409103,0.0248754343348421,0.4562,0.4776000000000001
2020-03-06,0.264206881672256,1.064,-0.4022,-0.8664,0.4641999999999999,-0.75,0.1791202333337671,0.005999999999999894,-0.005800000000000027,-0.011800000000000033,0.0,0.11724715019482924,0.0077218305256294105,0.0020637425548627295,0.0850866483384889,0.0280819951770957,0.4582,0.4833999999999999
2020-03-13,0.4807115392287068,1.05872,-0.3192,-0.8558,0.5366,-0.75,0.21650465755645082,0.07240000000000008,0.08300000000000002,0.010599999999999943,0.0,0.20849401059728417,0.03868298506233978,0.0022058331757884805,0.264206881672256,0.0183160433830305,0.4641999999999999,0.4734
2020-03-20,0.6351571221343771,1.05468,0.1244,-0.5144,0.6388,-0.75,0.15444558290567034,0.10220000000000007,0.4436,0.34140000000000004,0.0,0.2414388162911889,0.08414802433806666,0.003933361581743168,0.4807115392287068,0.0135668609409103,0.5366,0.4562
2020-03-27,0.6689385656008071,1.05958,0.2694,-0.408,0.6774,-0.75,0.03378144346642997,0.03859999999999997,0.14499999999999996,0.1064,0.0,0.18455128489501563,0.09701400242576592,0.003822612544591025,0.6351571221343771,0.0850866483384889,0.6388,0.4582
2020-04-03,0.6831139185896796,1.05636,0.1951999999999999,-0.4206,0.6158,-0.75,0.014175352988872514,-0.06159999999999999,-0.07420000000000007,-0.0126,0.0,0.09304638430563889,0.05941074538049912,0.0022329278237449464,0.6689385656008071,0.264206881672256,0.6774,0.4641999999999999
2020-04-10,0.6136686722151588,1.056425,0.25675,-0.35175,0.6085,-0.75,-0.06944524637452087,-0.007299999999999973,0.06155000000000008,0.06884999999999997,0.0,0.03159791359159522,0.031000147849106967,0.002045402873775967,0.6831139185896796,0.4807115392287068,0.6158,0.5366
2020-04-17,0.5242374319719781,1.0527,0.20875,-0.44425,0.653,-0.75,-0.08943124024318061,0.044499999999999984,-0.04799999999999999,-0.09249999999999997,0.0,0.07202803088388994,0.03234515677294654,0.0028126540697441796,0.6136686722151588,0.6351571221343771,0.6085,0.6388
2020-04-24,0.4691940037142739,1.05188,0.1863999999999999,-0.494,0.6804,-0.75,-0.05504342825770425,0.02739999999999998,-0.022350000000000092,-0.049750000000000016,0.0,0.09474824791191853,0.03355456998184436,0.0023922666203215867,0.5242374319719781,0.6689385656008071,0.653,0.6774
2020-05-01,0.4020169391480385,1.0568,0.1392499999999999,-0.53075,0.67,-0.75,-0.0671770645662354,-0.010399999999999965,-0.04715,-0.03675000000000006,0.0,0.08951150696251955,0.031728050155445824,0.0025225991059564007,0.4691940037142739,0.6831139185896796,0.6804,0.6158
2020-05-08,0.3645877930840368,1.05324,0.0842,-0.5768,0.6609999999999999,-0.75,-0.03742914606400166,-0.009000000000000119,-0.055049999999999905,-0.046049999999999924,0.0,0.07089416603805258,0.011794348929316967,0.002169938555052031,0.4020169391480385,0.6136686722151588,0.67,0.6085
2020-05-15,0.3440542123223599,1.05184,0.0522,-0.5544,0.6066,-0.75,-0.02053358076167694,-0.05439999999999989,-0.031999999999999994,0.022399999999999975,0.0,0.054998053988913574,0.032902482175865576,0.0023326094113746204,0.3645877930840368,0.5242374319719781,0.6609999999999999,0.653
2020-05-22,0.30863301670986,1.05914,0.0515,-0.569,0.6205,-0.75,-0.0354211956124999,0.013900000000000023,-0.0007000000000000062,-0.014599999999999946,0.0,0.039038871315103155,0.030745772067063557,0.003326795254601991,0.3440542123223599,0.4691940037142739,0.6066,0.6804
2020-05-29,0.2569225742144095,1.0655,0.0954,-0.5238,0.6192,-0.75,-0.05171044249545048,-0.0013000000000000789,0.0439,0.04519999999999991,0.0,0.04713890609437544,0.023629977429806527,0.006241078966497201,0.30863301670986,0.4020169391480385,0.6205,0.67
2020-06-05,0.2454835764729848,1.07744,0.1392499999999999,-0.44375,0.5830000000000001,-0.75,-0.011438997741424706,-0.0361999999999999,0.0438499999999999,0.08005000000000007,0.0,0.04596685947902717,0.01738608159802482,0.01085183855387738,0.2569225742144095,0.3645877930840368,0.6192,0.6609999999999999
2020-06-12,0.2580431033289119,1.07574,0.1352,-0.4078,0.5429999999999999,-0.75,0.012559526855927095,-0.04000000000000015,-0.004049999999999915,0.03594999999999998,0.0,0.028152869852030374,0.03666409460675646,0.00866607754404802,0.2454835764729848,0.3440542123223599,0.5830000000000001,0.6066
2020-06-19,0.2509816370137824,1.06776,0.0882,-0.4782,0.5664,-0.75,-0.007061466315129494,0.023400000000000087,-0.046999999999999986,-0.07040000000000002,0.0,0.005811165120682825,0.03205183302090319,0.005865162685961815,0.2580431033289119,0.30863301670986,0.5429999999999999,0.6205
2020-06-26,0.2084728456049795,1.0661200000000002,0.101,-0.4662,0.5671999999999999,-0.75,-0.0425087914088029,0.0007999999999999119,0.012800000000000006,0.01200000000000001,0.0,0.02212057241632295,0.01647988673099831,0.00565426977302393,0.2509816370137824,0.2569225742144095,0.5664,0.6192
2020-07-03,0.2128459534994497,1.06422,0.0898,-0.4801999999999999,0.5700000000000001,-0.75,0.004373107894470207,0.0028000000000001357,-0.011200000000000002,-0.013999999999999901,0.0,0.02554458339002494,0.012528766898616487,0.005064306467765102,0.2084728456049795,0.2454835764729848,0.5671999999999999,0.5830000000000001
2020-07-10,0.1998455595325727,1.06336,0.0754,-0.4672,0.5426,-0.75,-0.013000393966877022,-0.02740000000000009,-0.01440000000000001,0.0129999999999999,0.0,0.022617822075428395,0.012727267316010968,0.00196952616960648,0.2128459534994497,0.2580431033289119,0.5700000000000001,0.5429999999999999
2020-07-17,0.1881964199046739,1.07398,0.0472,-0.5006,0.5478000000000001,-0.75,-0.011649139627898791,0.0052000000000000934,-0.028199999999999996,-0.03340000000000004,0.0,0.010866614700586873,0.013723459233487851,0.004845864215951453,0.1998455595325727,0.2509816370137824,0.5426,0.5664
2020-07-24,0.1514604456445755,1.07444,0.0312,-0.5142,0.5454000000000001,-0.75,-0.03673597426009839,-0.0023999999999999577,-0.016,-0.013599999999999945,0.0,0.02641202981785946,0.012547908192199697,0.00602915140514122,0.1881964199046739,0.2084728456049795,0.5478000000000001,0.5671999999999999
2020-07-31,0.1258402563327376,1.0775,-0.0242,-0.5631999999999999,0.5389999999999999,-0.75,-0.025620189311837904,-0.006400000000000183,-0.0554,-0.04899999999999993,0.0,0.03397035919045557,0.0037859388971837604,0.006174247592443859,0.1514604456445755,0.2128459534994497,0.5454000000000001,0.5700000000000001
2020-08-07,0.136030253617305,1.07756,-0.0196,-0.5548,0.5352,-0.75,0.010189997284567404,-0.0037999999999999146,0.0046,0.008399999999999963,0.0,0.027321317709189535,0.00578359749635782,0.001926136028291785,0.1258402563327376,0.1998455595325727,0.5389999999999999,0.5426
2020-08-14,0.1250573838940651,1.07652,0.0043999999999999,-0.533,0.5374,-0.75,-0.010972869723239909,0.0021999999999999797,0.0239999999999999,0.02179999999999993,0.0,0.012303317303499331,0.004385962456125655,0.001456880228257183,0.136030253617305,0.1881964199046739,0.5352,0.5478000000000001
2020-08-21,0.1113211974382295,1.07758,0.016,-0.5268,0.5428000000000001,-0.75,-0.013736186455835589,0.005400000000000071,0.0116000000000001,0.006199999999999983,0.0,0.010144276508887287,0.00320416395750026,0.0005144576427239647,0.1250573838940651,0.1514604456445755,0.5374,0.5454000000000001
2020-08-28,0.0893955797626903,1.07518,0.0202,-0.505,0.5252000000000001,-0.75,-0.021925617675539202,-0.01759999999999995,0.004199999999999999,0.02180000000000004,0.0,0.02009749971068714,0.0073618385384728304,0.0011337842238074486,0.1113211974382295,0.1258402563327376,0.5428000000000001,0.5389999999999999
2020-09-04,0.0714957364594602,1.08014,0.0087999999999999,-0.5078,0.5166000000000001,-0.75,-0.017899843303230106,-0.008600000000000052,-0.0114000000000001,-0.0028000000000000247,0.0,0.02365815858406108,0.011834976411744311,0.0021003729826288976,0.0893955797626903,0.136030253617305,0.5252000000000001,0.5352
2020-09-11,0.0803439506837742,1.07956,-0.024,-0.523,0.499,-0.75,0.008848214224314005,-0.01760000000000006,-0.0327999999999999,-0.015199999999999991,0.0,0.017095362780902346,0.01822269647079013,0.0022426992663961134,0.0714957364594602,0.1250573838940651,0.5166000000000001,0.5374
2020-09-18,0.0971945300843093,1.07614,-0.0438,-0.5352,0.4914,-0.75,0.016850579400535096,-0.007599999999999996,-0.019799999999999998,-0.012199999999999989,0.0,0.011127372107560858,0.01556009854295757,0.00246205198959979,0.0803439506837742,0.1113211974382295,0.499,0.5428000000000001
2020-09-25,0.1265922527835984,1.07704,-0.062,-0.5548,0.4928,-0.75,0.0293977226992891,0.0014000000000000123,-0.0182,-0.01959999999999995,0.0,0.024258020276699203,0.01158087503889712,0.0019322525713513492,0.0971945300843093,0.0893955797626903,0.4914,0.5252000000000001
2020-10-02,0.1264407971102924,1.07984,-0.0686,-0.5636,0.495,-0.75,-0.00015145567330598908,0.0021999999999999797,-0.006599999999999995,-0.00880000000000003,0.0,0.022853445942562157,0.0033161222333548527,0.0018363278572992889,0.1265922527835984,0.0714957364594602,0.4928,0.5166000000000001
2020-10-09,0.1017288114343033,1.07842,-0.062,-0.5612,0.4992,-0.75,-0.024711985675989104,0.0041999999999999815,0.006599999999999995,0.0023999999999999577,0.0,0.01572955242215561,0.003405877273168197,0.0016191355716839281,0.1264407971102924,0.0803439506837742,0.495,0.499
2020-10-16,0.0860152419785143,1.07264,-0.0849999999999999,-0.5742,0.4892,-0.75,-0.015713569455789,-0.009999999999999953,-0.022999999999999896,-0.013000000000000012,0.0,0.019909234601950408,0.004183698523222837,0.003114070219635736,0.1017288114343033,0.0971945300843093,0.4992,0.4914
2020-10-23,0.0905888469819147,1.07208,-0.0738,-0.5772,0.5034,-0.75,0.0045736050034003994,0.014199999999999935,0.01119999999999989,-0.0030000000000000027,0.0,0.01807900026627216,0.006063002556480011,0.003958025602007969,0.0860152419785143,0.1265922527835984,0.4892,0.4928
2020-10-30,0.1181587423740327,1.07052,-0.0663999999999999,-0.5824,0.516,-0.75,0.027569895392118002,0.012600000000000056,0.007400000000000101,-0.005199999999999982,0.0,0.014303785384928958,0.011099999999994734,0.003455136273165097,0.0905888469819147,0.1264407971102924,0.5034,0.495
2020-11-06,0.1164446538386931,1.0697,-0.0572,-0.5728,0.5155999999999998,-0.75,-0.0017140885353396085,-0.000400000000000178,0.009199999999999903,0.009600000000000053,0.0,0.01686127606432631,0.012664254156215244,0.001360820830528037,0.1181587423740327,0.1017288114343033,0.516,0.4992
2020-11-13,0.0766299499162197,1.07996,-0.0069999999999999,-0.5128,0.5058,-0.75,-0.039814703922473396,-0.009799999999999809,0.0502000000000001,0.05999999999999994,0.0,0.020281892659828837,0.0065421708935094105,0.004701471400828383,0.1164446538386931,0.0860152419785143,0.5155999999999998,0.4892
2020-11-20,0.0982729880426625,1.0811,-0.031,-0.536,0.505,-0.75,0.021643038126442804,-0.0008000000000000229,-0.024000000000000098,-0.0232,0.0,0.019379678173739805,0.006015535443046451,0.006043244161829267,0.0766299499162197,0.0905888469819147,0.5058,0.5034
2020-11-27,0.0677699247016837,1.08226,-0.0354,-0.5372,0.5018,-0.75,-0.030503063340978798,-0.0031999999999999806,-0.004400000000000001,-0.0011999999999999789,0.0,0.021912719597912838,0.005956229232202828,0.005780112455609924,0.0982729880426625,0.1181587423740327,0.505,0.516
2020-12-04,0.0341298996278328,1.08294,-0.0613999999999999,-0.5774,0.516,-0.75,-0.03364002507385091,0.01419999999999999,-0.025999999999999898,-0.040200000000000014,0.0,0.02666083171402078,0.006147899370236005,0.001312237275107081,0.0677699247016837,0.1164446538386931,0.5018,0.5155999999999998
2020-12-11,0.0227853798944825,1.0778,-0.0982,-0.5894,0.4911999999999999,-0.75,-0.011344519733350298,-0.0248000000000001,-0.036800000000000097,-0.01200000000000001,0.0,0.03418955778080516,0.01020914622613223,0.0022802558334927077,0.0341298996278328,0.0766299499162197,0.516,0.5058
2020-12-18,0.0238180477052319,1.07996,-0.1048,-0.6026,0.4977999999999999,-0.75,0.0010326678107493992,0.006599999999999995,-0.006600000000000009,-0.01319999999999999,0.0,0.02106166911486069,0.010487452820706776,0.0023382614623211266,0.0227853798944825,0.0982729880426625,0.4911999999999999,0.505
2020-12-25,0.0273987048730811,1.083375,-0.1056666666666666,-0.6093333333333333,0.5036666666666667,-0.75,0.003580657167849201,0.005866666666666798,-0.000866666666666599,-0.006733333333333258,0.0,0.005127634906342842,0.010534810023066677,0.0026283339937770837,0.0238180477052319,0.0677699247016837,0.4977999999999999,0.5018
2021-01-01,0.0272283444657191,1.084375,-0.083,-0.5823333333333333,0.4993333333333333,-0.75,-0.00017036040736199964,-0.004333333333333411,0.0226666666666666,0.027000000000000024,0.0,0.0023553017633407072,0.005169425786569187,0.003043179532360779,0.0273987048730811,0.0341298996278328,0.5036666666666667,0.516
2021-01-08,0.0215987036942238,1.0819,-0.1216,-0.6252,0.5035999999999999,-0.75,-0.0056296407714953,0.004266666666666641,-0.038599999999999995,-0.04286666666666672,0.0,0.00280978363846738,0.0029915931590897608,0.001919620188002055,0.0272283444657191,0.0227853798944825,0.4993333333333333,0.4911999999999999
2021-01-15,0.0144960461377748,1.08074,-0.0839999999999999,-0.5642,0.4802,-0.75,-0.007102657556449,-0.02339999999999992,0.037600000000000106,0.06099999999999994,0.0,0.0060854995622670206,0.011185241599067584,0.001602167802131256,0.0215987036942238,0.0238180477052319,0.5035999999999999,0.4977999999999999
2021-01-22,0.0105372223586356,1.0768,-0.0921999999999999,-0.5488000000000001,0.4566,-0.75,-0.003958823779139201,-0.02360000000000001,-0.008199999999999999,0.01539999999999997,0.0,0.007421108590425553,0.021455276481294066,0.0031569853103095586,0.0144960461377748,0.0273987048730811,0.4802,0.5036666666666667
2021-01-29,0.0131621324209923,1.07802,-0.0974,-0.5582,0.4608,-0.75,0.002624910062356701,0.0041999999999999815,-0.005200000000000107,-0.009399999999999964,0.0,0.004728650379131884,0.021485188696709543,0.0023597386859921816,0.0105372223586356,0.0272283444657191,0.4566,0.4993333333333333
2021-02-05,0.0220512145032464,1.08142,-0.057,-0.5142,0.4572,-0.75,0.008889082082254099,-0.003599999999999992,0.0404,0.04400000000000004,0.0,0.0049414077679387144,0.011155267813902272,0.0021942576571969074,0.0131621324209923,0.0215987036942238,0.4608,0.5035999999999999
2021-02-12,0.0202258970950843,1.08138,-0.0332,-0.4748,0.4416,-0.75,-0.0018253174081620978,-0.015600000000000003,0.0238,0.03939999999999999,0.0,0.005519487607257513,0.00850470458040042,0.002356911821183516,0.0220512145032464,0.0144960461377748,0.4572,0.4802
2021-02-19,0.0116898482113589,1.08176,0.001,-0.419,0.42,-0.75,-0.008536048883725401,-0.021600000000000008,0.0342,0.055800000000000016,0.0,0.0051204980067344995,0.018574175621003577,0.0017582851492786429,0.0202258970950843,0.0105372223586356,0.4416,0.4566
2021-02-26,0.0076723167537274,1.0985,0.0506,-0.3724,0.423,-0.75,-0.0040175314576315,0.0030000000000000027,0.0496,0.046599999999999975,0.0,0.006855894449941044,0.017364619201119348,0.008491711645257203,0.0116898482113589,0.0131621324209923,0.42,0.4608
2021-03-05,0.0145514337270402,1.10616,0.02725,-0.395,0.42325,-0.75,0.0068791169733127995,0.000250000000000028,-0.02335,-0.02260000000000001,0.0,0.00527815881289573,0.009869428808187504,0.012387999569457965,0.0076723167537274,0.0220512145032464,0.423,0.4572
2021-03-12,0.0147143915129249,1.1077400000000002,0.0024,-0.3952,0.3976,-0.75,0.0001629577858847011,-0.025650000000000006,-0.02485,-0.00019999999999997797,0.0,0.003296674022650111,0.012330407873757132,0.011892215941513405,0.0145514337270402,0.0202258970950843,0.42325,0.4416
2021-03-19,0.0099422671455764,1.10598,-0.0005999999999999,-0.389,0.3883999999999999,-0.75,-0.004772124367348501,-0.009200000000000097,-0.0029999999999999,0.006199999999999983,0.0,0.0034893873007342067,0.01779388354650396,0.004139545063523672,0.0147143915129249,0.0116898482113589,0.3976,0.42
2021-03-26,0.0034212394412371,1.1058400000000002,-0.025,-0.4332,0.4082,-0.75,-0.006521027704339299,0.019800000000000095,-0.024400000000000102,-0.04419999999999996,0.0,0.0053071057214277495,0.014966594747410312,0.0008831005980544595,0.0099422671455764,0.0076723167537274,0.3883999999999999,0.423
2021-04-02,0.0031335793417827,1.107525,0.0055,-0.40575,0.41125,-0.75,-0.00028766009945440036,0.003049999999999997,0.0305,0.027449999999999974,0.0,0.005578145192707609,0.010435466368745048,0.000999986458051115,0.0034212394412371,0.0145514337270402,0.4082,0.42325
2021-04-09,0.0069713996919319,1.103625,-0.02,-0.40825,0.38825,-0.75,0.0038378203501492005,-0.02300000000000002,-0.025500000000000002,-0.0025000000000000022,0.0,0.0032290779970045526,0.012418031244922637,0.0016048909619081559,0.0031335793417827,0.0147143915129249,0.41125,0.3976
2021-04-16,0.0065720267564782,1.1017800000000002,-0.009,-0.3654,0.3564,-0.75,-0.0003993729354537,-0.03184999999999999,0.011000000000000001,0.04285,0.0,0.0020274189511651523,0.025236365956027403,0.002514095264625083,0.0069713996919319,0.0099422671455764,0.38825,0.3883999999999999
2021-04-23,0.0163359970073716,1.10252,-0.0186,-0.3671999999999999,0.3485999999999999,-0.75,0.0097639702508934,-0.007800000000000085,-0.0096,-0.0017999999999999128,0.0,0.005657192432025392,0.029025750062083435,0.0025566530855020905,0.0065720267564782,0.0034212394412371,0.3564,0.4082
2021-04-30,0.0080487166183763,1.10334,-0.0098,-0.3544,0.3445999999999999,-0.75,-0.0082872803889953,-0.0040000000000000036,0.008799999999999999,0.012799999999999923,0.0,0.004611674837024749,0.019807295583526754,0.0008346593614183028,0.0163359970073716,0.0031335793417827,0.3485999999999999,0.41125
2021-05-07,0.009455454876899,1.09754,-0.0042,-0.3268,0.3226,-0.75,0.0014067382585226992,-0.02199999999999991,0.0056,0.027600000000000013,0.0,0.00431885087446392,0.014487120716917015,0.0025831440790111057,0.0080487166183763,0.0069713996919319,0.3445999999999999,0.38825
2021-05-14,0.0097332200247134,1.09586,0.0142499999999999,-0.286,0.30025,-0.75,0.0002777651478144006,-0.02234999999999998,0.0184499999999999,0.0408,0.0,0.0037026022140080853,0.022323693504134115,0.0036769688602964414,0.009455454876899,0.0065720267564782,0.3226,0.3564
2021-05-21,0.0039752943748514,1.09726,0.0424,-0.2538,0.2962,-0.75,-0.005757925649862001,-0.004049999999999998,0.0281500000000001,0.03219999999999995,0.0,0.00265631720959538,0.022372541764400577,0.003309300026629554,0.0097332200247134,0.0163359970073716,0.30025,0.3485999999999999
2021-05-28,0.006129784176791,1.09638,-0.00625,-0.2945,0.28825,-0.75,0.0021544898019396005,-0.007950000000000013,-0.04865,-0.04069999999999996,0.0,0.0027681173236548643,0.014719629750773079,0.0007773459115749815,0.0039752943748514,0.0080487166183763,0.2962,0.3445999999999999
2021-06-04,0.0116329092126718,1.09724,0.0192,-0.263,0.2822,-0.75,0.0055031250358808,-0.00605,0.02545,0.03149999999999997,0.0,0.003455823022751094,0.008072638973708631,0.0006861243810286944,0.006129784176791,0.009455454876899,0.28825,0.3226
2021-06-11,0.0087165029328605,1.09106,-0.0098,-0.2964,0.2866,-0.75,-0.0029164062798113007,0.004400000000000015,-0.028999999999999998,-0.033399999999999985,0.0,0.003307074167184395,0.005845564557836815,0.00297838323025029,0.0116329092126718,0.0097332200247134,0.2822,0.30025
2021-06-18,0.0135167958581433,1.091,-0.02,-0.3381999999999999,0.3182,-0.75,0.0048002929252827994,0.03159999999999996,-0.0102,-0.04179999999999989,0.0,0.0032485985094533694,0.016457641335658448,0.003355592347047186,0.0087165029328605,0.0039752943748514,0.2866,0.2962
2021-06-25,0.0233903810332503,1.09566,0.0106,-0.3188,0.3294,-0.75,0.009873585175107,0.011200000000000043,0.030600000000000002,0.019399999999999917,0.0,0.006364915507232172,0.02327201466711708,0.0031951212808845023,0.0135167958581433,0.006129784176791,0.3182,0.28825
2021-07-02,0.0150405980786979,1.09688,0.0175999999999999,-0.3266,0.3442,-0.75,-0.0083497829545524,0.01479999999999998,0.0069999999999999,-0.007800000000000029,0.0,0.006109338636368965,0.024441494771525765,0.003066137635456149,0.0233903810332503,0.0116329092126718,0.3294,0.2822
2021-07-09,0.0202650300602701,1.0897,-0.0453999999999999,-0.3912,0.3458,-0.75,0.005224431981572202,0.0015999999999999903,-0.0629999999999998,-0.06459999999999999,0.0,0.004583754882552859,0.01308230356881124,0.0034945481347701673,0.0150405980786979,0.0087165029328605,0.3442,0.2866
2021-07-16,0.0134845729433725,1.0846,-0.0628,-0.407,0.3442,-0.75,-0.006780457116897601,-0.0015999999999999903,-0.017400000000000096,-0.01579999999999998,0.0,0.004594400853802487,0.007703678774879923,0.005684000938266706,0.0202650300602701,0.0135167958581433,0.3458,0.3182
2021-07-23,0.0136527771283047,1.08386,-0.1074,-0.4652,0.3578,-0.75,0.00016820418493219969,0.013600000000000001,-0.0446,-0.05820000000000003,0.0,0.003180234935419437,0.006576726642730944,0.006003709964086134,0.0134845729433725,0.0233903810332503,0.3442,0.3294
2021-07-30,0.0061366126169789,1.07986,-0.1227999999999999,-0.4822,0.3594,-0.75,-0.0075161645113258,0.0015999999999999903,-0.0153999999999999,-0.017000000000000015,0.0,0.005772219457328824,0.007906115776191415,0.004041002350841971,0.0136527771283047,0.0150405980786979,0.3578,0.3442
2021-08-06,0.003551768306243,1.07364,-0.1518,-0.5115999999999999,0.3598,-0.75,-0.0025848443107359,0.00040000000000001146,-0.029000000000000095,-0.029399999999999926,0.0,0.005146891860255285,0.007450279636801882,0.005018910904385186,0.0061366126169789,0.0202650300602701,0.3594,0.3458
2021-08-13,0.0024220787145343,1.0814,-0.1372,-0.4811999999999999,0.344,-0.75,-0.0011296895917087,-0.015800000000000036,0.014600000000000002,0.030400000000000038,0.0,0.00505311022898709,0.00754961367664234,0.004356772505668853,0.003551768306243,0.0134845729433725,0.3598,0.3442
2021-08-20,0.004813935710894,1.07262,-0.1528,-0.4911999999999999,0.3383999999999999,-0.75,0.0023918569963597,-0.005600000000000049,-0.015600000000000003,-0.010000000000000009,0.0,0.0016025734885914621,0.01086768911344739,0.004395300520571498,0.0024220787145343,0.0136527771283047,0.344,0.3578
2021-08-27,0.0056101457018696,1.07558,-0.1186,-0.4624,0.3438,-0.75,0.0007962099909756002,0.005400000000000071,0.034199999999999994,0.028799999999999937,0.0,0.0014031180748390688,0.00923832596667495,0.003923688740559894,0.004813935710894,0.0061366126169789,0.3383999999999999,0.3594
2021-09-03,0.0061953874987598,1.08306,-0.0926,-0.4378,0.3452,-0.75,0.0005852417968901999,0.0014000000000000123,0.025999999999999995,0.024599999999999955,0.0,0.0016585002646373227,0.003030401513530071,0.004894061026673915,0.0056101457018696,0.003551768306243,0.3438,0.3598
2021-09-10,0.0100013660983377,1.0865,-0.0504,-0.3914,0.341,-0.75,0.0038059785995779,-0.0041999999999999815,0.0422,0.0464,0.0,0.002301495728165095,0.0030221405217502706,0.006438426308719783,0.0061953874987598,0.0024220787145343,0.3452,0.344
2021-09-17,0.0093726614561033,1.08844,-0.0006,-0.3586,0.358,-0.75,-0.0006287046422344001,0.01699999999999996,0.0498,0.03280000000000005,0.0,0.0022127972823385795,0.007538346414601796,0.0056650831120264875,0.0100013660983377,0.004813935710894,0.341,0.3383999999999999
2021-09-24,0.01903726997152,1.08418,0.0384,-0.3322,0.3706,-0.75,0.009664608515416699,0.0126,0.039,0.02639999999999998,0.0,0.005514692303493709,0.013387058427197847,0.0024035737280513328,0.0093726614561033,0.0056101457018696,0.358,0.3438
2021-10-01,0.0141987351043884,1.0828,0.1068,-0.2596,0.3663999999999999,-0.75,-0.004838534867131599,-0.0042000000000000925,0.06840000000000002,0.0726,0.0,0.004469972028007334,0.013093509842661635,0.002494954909314286,0.01903726997152,0.0061953874987598,0.3706,0.3452
2021-10-08,0.0097330215327403,1.07362,0.1152,-0.2452,0.3604,-0.75,-0.0044657135716481,-0.005999999999999894,0.00839999999999999,0.014399999999999996,0.0,0.004534576058536897,0.005721013896144615,0.006240192304688545,0.0141987351043884,0.0100013660983377,0.3663999999999999,0.341
2021-10-15,0.0047349397584521,1.07176,0.1678,-0.191,0.3588,-0.75,-0.004998081774288199,-0.0015999999999999903,0.05260000000000001,0.0542,0.0,0.006117079570513719,0.0054561891462704855,0.006306663143015609,0.0097330215327403,0.0093726614561033,0.3604,0.358
2021-10-22,0.0031565184762429,1.0705,0.2044,-0.1626,0.367,-0.75,-0.0015784212822092004,0.008199999999999985,0.036599999999999994,0.02840000000000001,0.0,0.005017961037848765,0.004158124577243884,0.0055694523967310915,0.0047349397584521,0.01903726997152,0.3588,0.3706
2021-10-29,0.0063868000805983,1.06574,0.211,-0.1502,0.3612,-0.75,0.0032302816043554006,-0.005799999999999972,0.006599999999999995,0.012399999999999994,0.0,0.0028148887986594443,0.003575378767796892,0.0033637033162024943,0.0031565184762429,0.0141987351043884,0.367,0.3663999999999999
2021-11-05,0.0108459734334891,1.05674,0.1954,-0.1748,0.3702,-0.75,0.0044591733528908,0.008999999999999952,-0.015600000000000003,-0.02460000000000001,0.0,0.003316768666093354,0.005226853738137334,0.006809451764477349,0.0063868000805983,0.0097330215327403,0.3612,0.3604
2021-11-12,0.0110167287154886,1.05734,0.1308,-0.2354,0.3661999999999999,-0.75,0.0001707552819995,-0.004000000000000059,-0.06459999999999999,-0.06059999999999999,0.0,0.003793579722183826,0.0037251398183890563,0.006690171896101957,0.0108459734334891,0.0047349397584521,0.3702,0.3588
2021-11-19,0.0267808467205983,1.0512799999999998,0.1532,-0.2073999999999999,0.3606,-0.75,0.015764118005109698,-0.005599999999999938,0.022400000000000003,0.028000000000000108,0.0,0.008942848003779856,0.004526588119089315,0.005968994890211343,0.0110167287154886,0.0031565184762429,0.3661999999999999,0.367
2021-11-26,0.0464062601287285,1.04712,0.1156,-0.2476,0.3631999999999999,-0.75,0.019625413408130198,0.0025999999999999357,-0.03760000000000001,-0.0402000000000001,0.0,0.016843808297242826,0.004125934237625969,0.004840743744441257,0.0267808467205983,0.0063868000805983,0.3606,0.3612
2021-12-03,0.1204248198915039,1.04196,0.0606,-0.3082,0.3688,-0.75,0.07401855976277541,0.005600000000000105,-0.05499999999999999,-0.06059999999999999,0.0,0.04839434756674375,0.003564641169395238,0.006509672290727352,0.0464062601287285,0.0108459734334891,0.3631999999999999,0.3702
2021-12-10,0.130532389339827,1.04264,0.0158,-0.3556,0.3714,-0.75,0.010107569448323098,0.002599999999999991,-0.0448,-0.04740000000000005,0.0,0.0521031420390426,0.004966554808571829,0.00433950842062169,0.1204248198915039,0.0110167287154886,0.3688,0.3661999999999999
2021-12-17,0.0929660688077269,1.04208,0.0194,-0.3538,0.3732,-0.75,-0.0375663205321001,0.0017999999999999683,0.003599999999999999,0.0018000000000000238,0.0,0.03762882649331865,0.004358516567199072,0.002464548640076588,0.130532389339827,0.0267808467205983,0.3714,0.3606
2021-12-24,0.0734813422444226,1.04144,0.062,-0.318,0.38,-0.75,-0.0194847265633043,0.006800000000000028,0.0426,0.0358,0.0,0.025989647052687692,0.004787135538769461,0.0004924767330846126,0.0929660688077269,0.0464062601287285,0.3732,0.3631999999999999
2021-12-31,0.0620010864032096,1.03702,0.1385,-0.2415,0.38,-0.75,-0.011480255841212997,0.0,0.07650000000000001,0.07650000000000001,0.0,0.030045619306211937,0.004505922029198591,0.002563974778728793,0.0734813422444226,0.1204248198915039,0.38,0.3688
2022-01-07,0.0525368877953439,1.03816,0.236,-0.1432,0.3792,-0.75,-0.009464198607865702,-0.0008000000000000229,0.09749999999999998,0.0983,0.0,0.017399810543803847,0.003288363321352716,0.002466002162600948,0.0620010864032096,0.130532389339827,0.38,0.3714
2022-01-14,0.0380365770162347,1.04632,0.3219999999999999,-0.0558,0.3778,-0.75,-0.014500310779109196,-0.0013999999999999568,0.08599999999999991,0.08739999999999999,0.0,0.01500257090902167,0.001037625494362701,0.004168177059493787,0.0525368877953439,0.0929660688077269,0.3792,0.3732
2022-01-21,0.0247503828776102,1.03922,0.3282,-0.0502,0.3783999999999999,-0.75,-0.013286194138624502,0.0005999999999998784,0.006200000000000094,0.005600000000000001,0.0,0.016356332875261847,0.0009574271076961335,0.004190751722458401,0.0380365770162347,0.0734813422444226,0.3778,0.38
2022-01-28,0.0647260464622237,1.03654,0.309,-0.076,0.385,-0.75,0.0399756635846135,0.006600000000000106,-0.019199999999999995,-0.025799999999999997,0.0,0.017363344700502874,0.0033166247903380574,0.004316387378269917,0.0247503828776102,0.0620010864032096,0.3783999999999999,0.38
2022-02-04,0.0749641890404956,1.0430199999999998,0.4246,0.0338,0.3908,-0.75,0.010238142578271894,0.005799999999999972,0.11559999999999998,0.1098,0.0,0.02323215952735326,0.006138403701279795,0.004287201884596998,0.0647260464622237,0.0525368877953439,0.385,0.3792
2022-02-11,0.1348272812797204,1.05598,0.6348,0.2432,0.3916,-0.75,0.05986309223922481,0.0008000000000000229,0.21020000000000005,0.2094,0.0,0.0454963332488174,0.006119640512308424,0.008613872532101921,0.0749641890404956,0.0380365770162347,0.3908,0.3778
2022-02-18,0.1469599988765383,1.04778,0.6278,0.216,0.4118,-0.75,0.012132717596817888,0.020199999999999996,-0.007000000000000006,-0.027200000000000002,0.0,0.04152871988028169,0.011708686234297213,0.008185865867414854,0.1348272812797204,0.0247503828776102,0.3916,0.3783999999999999
2022-02-25,0.1389222981625954,1.03916,0.6012000000000001,0.1629999999999999,0.4382,-0.75,-0.008037700713942886,0.02639999999999998,-0.026599999999999957,-0.0530000000000001,0.0,0.033022975336853125,0.02229529098262434,0.007245548058358063,0.1469599988765383,0.0647260464622237,0.4118,0.385
2022-03-04,0.1790729436761202,1.02094,0.5296000000000001,0.0796,0.45,-0.75,0.04015064551352479,0.011800000000000033,-0.0716,-0.08339999999999989,0.0,0.02006151130911137,0.026276732419891174,0.015012806755099415,0.1389222981625954,0.0749641890404956,0.4382,0.3908
2022-03-11,0.3519297743675024,1.01756,0.6434,0.1382,0.5052,-0.75,0.1728568306913822,0.05519999999999997,0.1137999999999999,0.058599999999999985,0.0,0.09998841511740501,0.039322427866717885,0.01448531210108812,0.1790729436761202,0.1348272812797204,0.45,0.3916
2022-03-18,0.3837585493989037,1.03212,0.8096,0.2884,0.5212,-0.75,0.0318287750314013,0.016000000000000014,0.16620000000000001,0.1502,0.0,0.12237844349957833,0.040712119407696895,0.00998540768651535,0.3519297743675024,0.1469599988765383,0.5052,0.4118
2022-03-25,0.3395741337901637,1.02508,0.8785999999999999,0.3442,0.5344,-0.75,-0.04418441560873998,0.01319999999999999,0.06899999999999995,0.055800000000000016,0.0,0.09158525558714663,0.03710651335457485,0.0062693832763604206,0.3837585493989037,0.1389222981625954,0.5212,0.4382
2022-04-01,0.3363961397026174,1.0282399999999998,1.0702,0.5638,0.5064,-0.75,-0.003177994087546321,-0.028000000000000025,0.1916000000000001,0.21959999999999996,0.0,0.021626732418701628,0.013806278764868013,0.006172573747304508,0.3395741337901637,0.1790729436761202,0.5344,0.45
2022-04-08,0.3453996534245348,1.01742,1.057,0.5288,0.5282,-0.75,0.009003513721917433,0.02180000000000004,-0.0132000000000001,-0.03499999999999992,0.0,0.021969609539974035,0.01204145616886012,0.006234578306983791,0.3363961397026174,0.3519297743675024,0.5064,0.5052
2022-04-15,0.2684291860441571,1.0154,1.28475,0.738,0.54675,-0.75,-0.07697046738037772,0.018549999999999955,0.22775000000000012,0.20919999999999994,0.0,0.036206195156948486,0.016887933315435012,0.006112705347544516,0.3453996534245348,0.3837585493989037,0.5282,0.5212
2022-04-22,0.225265368862196,1.0283250000000002,1.353,0.77625,0.57675,-0.75,-0.043163817181961106,0.030000000000000027,0.06824999999999992,0.038250000000000006,0.0,0.05720608400504861,0.029796098737920624,0.006904106718654457,0.2684291860441571,0.3395741337901637,0.54675,0.5344
2022-04-29,0.3169985121727033,1.0234,1.2866,0.7034,0.5831999999999999,-0.75,0.0917331433105073,0.006449999999999956,-0.06640000000000001,-0.07284999999999997,0.0,0.05307258248253629,0.02581409498703988,0.005874174232681532,0.225265368862196,0.3363961397026174,0.57675,0.5064
2022-05-06,0.3457853534318429,1.03246,1.3844,0.7596,0.6248,-0.75,0.028786841259139606,0.04160000000000008,0.09780000000000011,0.05620000000000003,0.0,0.05320932693865854,0.03214727826737319,0.007334488592663577,0.3169985121727033,0.3453996534245348,0.5831999999999999,0.5282
2022-05-13,0.3527968314287735,1.04298,1.3774000000000002,0.7184,0.659,-0.75,0.007011477996930582,0.03420000000000001,-0.006999999999999895,-0.041200000000000014,0.0,0.058710925247919724,0.038472184215784584,0.008327931290699041,0.3457853534318429,0.2684291860441571,0.6248,0.54675
2022-05-20,0.3945479423698057,1.03934,1.3038,0.5942000000000001,0.7096,-0.75,0.04175111094103223,0.05059999999999998,-0.07360000000000011,-0.12419999999999998,0.0,0.032008100776179216,0.05352117960832522,0.008615867145328351,0.3527968314287735,0.225265368862196,0.659,0.57675
2022-05-27,0.4186782430872701,1.02908,1.3195,0.5725,0.7469999999999999,-0.75,0.02413030071746436,0.03739999999999988,0.015699999999999825,-0.021700000000000053,0.0,0.0346483661779228,0.0540035801282342,0.00633216919119783,0.3945479423698057,0.3169985121727033,0.7096,0.5831999999999999
2022-06-03,0.3919379266616417,1.0294599999999998,1.5044,0.736,0.7684,-0.25,-0.026740316425628408,0.021400000000000086,0.18490000000000006,0.16349999999999998,0.5,0.02726363438753915,0.047946915090197745,0.00702540864761278,0.4186782430872701,0.3457853534318429,0.7469999999999999,0.6248
2022-06-10,0.3967194315740838,1.04256,1.6795,0.90025,0.77925,-0.25,0.004781504912442114,0.010850000000000026,0.17510000000000003,0.16425,0.0,0.012294631873699911,0.030717893129791948,0.006872136979568405,0.3919379266616417,0.3527968314287735,0.7684,0.659
2022-06-17,0.5200168686414418,1.02902,2.0438,1.2124,0.8314,-0.25,0.12329743706735802,0.05215000000000003,0.36430000000000007,0.3121499999999999,0.0,0.05992779482433725,0.03585587759814754,0.0066895042167518385,0.3967194315740838,0.3945479423698057,0.77925,0.7096
2022-06-24,0.5563752013969194,1.01462,2.0354,1.2074,0.828,-0.25,0.03635833275547762,-0.0034000000000000696,-0.008399999999999963,-0.004999999999999893,0.0,0.08440026000953105,0.03259170075852659,0.0114140425207691,0.5200168686414418,0.4186782430872701,0.8314,0.7469999999999999
2022-07-01,0.4828814976086344,1.00472,1.9642,1.0824,0.8817999999999999,-0.25,-0.07349370378828501,0.05379999999999996,-0.07120000000000015,-0.125,0.0,0.06844609380592051,0.04189157383452373,0.016562258300100004,0.5563752013969194,0.3919379266616417,0.828,0.7684
2022-07-08,0.4431996758891379,0.99368,1.6556000000000002,0.6567999999999999,0.9988,-0.25,-0.039681821719496524,0.1170000000000001,-0.30859999999999976,-0.4256000000000001,0.0,0.04863684841961217,0.07975512522716048,0.015014273209156047,0.4828814976086344,0.3967194315740838,0.8817999999999999,0.77925
2022-07-15,0.4362120098456918,0.9862,1.6416,0.6152,1.0264,-0.25,-0.0069876660434460836,0.027599999999999958,-0.014000000000000234,-0.04159999999999997,0.0,0.05511407277488811,0.0943352002170986,0.012466663547202104,0.4431996758891379,0.5200168686414418,0.9988,0.8314
2022-07-22,0.3910552777239716,0.98962,1.7248,0.6904,1.0344000000000002,-0.25,-0.04515673212172022,0.00800000000000023,0.08320000000000016,0.07520000000000004,0.0,0.03762948634824639,0.07069773688032821,0.008046802677613334,0.4362120098456918,0.5563752013969194,1.0264,0.828
2022-07-29,0.3793652885955655,0.97782,1.4634,0.4695999999999999,0.9938,-0.25,-0.011689989128406075,-0.04060000000000019,-0.2614000000000001,-0.2208000000000001,0.0,0.03195052263071733,0.020060824177156874,0.006740019782296731,0.3910552777239716,0.4828814976086344,1.0344000000000002,0.8817999999999999
2022-08-05,0.3864895508343352,0.9755,1.34525,0.348,0.99725,-0.25,0.0071242622387697185,0.003449999999999953,-0.11814999999999998,-0.12159999999999993,0.0,0.025741114847711962,0.020446816174329006,0.006710735180718512,0.3793652885955655,0.4431996758891379,0.9938,0.9988
2022-08-12,0.3600102342255206,0.9728,1.4078,0.41,0.9978,-0.25,-0.02647931660881464,0.0005500000000000504,0.06254999999999988,0.062,0.0,0.01368644062523326,0.019140375083405863,0.007412824472879435,0.3864895508343352,0.4362120098456918,0.99725,1.0264
2022-08-19,0.3170944069992002,0.96482,1.472,0.4456,1.0264,-0.25,-0.04291582722632037,0.02859999999999996,0.06420000000000003,0.03560000000000002,0.0,0.03117376616027949,0.015162034549056768,0.005661386755824883,0.3600102342255206,0.3910552777239716,0.9978,1.0344000000000002
2022-08-26,0.3459240466430917,0.96032,1.7634,0.6961999999999999,1.0672,-0.25,0.028829639643891458,0.04079999999999995,0.2914000000000001,0.25059999999999993,0.0,0.028916168135059594,0.03296713957362386,0.007020598265035041,0.3170944069992002,0.3793652885955655,1.0264,0.9938
2022-09-02,0.3359097636320266,0.97696,1.9088,0.7971999999999999,1.1116,0.5,-0.01001428301106505,0.044399999999999995,0.14539999999999997,0.10099999999999998,0.75,0.01804271141254261,0.049564604305896945,0.007534673184618876,0.3459240466430917,0.3864895508343352,1.0672,0.99725
2022-09-09,0.4023040074539158,0.97276,1.9218,0.8320000000000001,1.0898,0.5,0.06639424382188919,-0.02179999999999982,0.0129999999999999,0.034800000000000164,0.0,0.0366663142802808,0.03640123624274523,0.007527485193100538,0.3359097636320266,0.3600102342255206,1.1116,0.9978
2022-09-16,0.4653323985427879,0.96198,2.1024000000000003,0.9972,1.1052,0.5,0.0630283910888721,0.015399999999999858,0.18060000000000032,0.1651999999999999,0.0,0.05962964340537959,0.019747320493343327,0.008127359144622487,0.4023040074539158,0.3170944069992002,1.0898,1.0264
2022-09-23,0.5242182822055098,0.962,2.1808,1.149,1.0318,0.5,0.058885883662721905,-0.07339999999999991,0.0783999999999998,0.15180000000000005,0.0,0.0810975379679014,0.03636958436202997,0.007625769906421262,0.4653323985427879,0.3459240466430917,1.1052,1.0672
2022-09-30,0.6784665423551707,0.95188,2.3862,1.2902,1.096,0.5,0.15424826014966087,0.06420000000000003,0.20540000000000003,0.1412,0.0,0.1182467936376856,0.03320823191118155,0.008526357174412497,0.5242182822055098,0.3359097636320266,1.0318,1.1116
2022-10-07,0.7250184343657391,0.9718,2.1424,1.0388,1.1036,0.5,0.04655189201056842,0.007599999999999829,-0.24380000000000024,-0.25140000000000007,0.0,0.12335951972160825,0.035129996679003725,0.008132771155372252,0.6784665423551707,0.4023040074539158,1.096,1.0898
2022-10-14,0.7107436420625397,0.97002,2.4464,1.3188,1.1276,0.5,-0.01427479230319939,0.02400000000000002,0.30400000000000027,0.28,0.0,0.09233886697338796,0.04091336374992258,0.009091246705796878,0.7250184343657391,0.4653323985427879,1.1036,1.1052
2022-10-21,0.7032273628854526,0.9811,2.3498,1.2448,1.105,0.5,-0.007516279177087082,-0.022599999999999953,-0.09660000000000002,-0.07400000000000007,0.0,0.019487395483674622,0.013619960841848326,0.012220540086224243,0.7107436420625397,0.5242182822055098,1.1276,1.0318
2022-10-28,0.6570721264825268,0.9906,2.2386,1.1146,1.124,0.5,-0.04615523640292585,0.019000000000000128,-0.11120000000000019,-0.13019999999999987,0.0,0.029386438384703263,0.012512793453108365,0.00948530090890023,0.7032273628854526,0.6784665423551707,1.105,1.096
2022-11-04,0.5924226057443704,0.98832,2.1622,1.0392,1.123,0.5,-0.06464952073815633,-0.001000000000000112,-0.07640000000000002,-0.07540000000000013,0.0,0.05440936979426527,0.010127849393305863,0.009259092828083423,0.6570721264825268,0.7250184343657391,1.124,1.1036
2022-11-11,0.5685901834718166,0.98686,2.1048,1.0346,1.0702,0.5,-0.023832422272553888,-0.05279999999999996,-0.057399999999999896,-0.0045999999999999375,0.0,0.06131324575147359,0.02513185229942575,0.004050448534720002,0.5924226057443704,0.7107436420625397,1.123,1.1276
2022-11-18,0.476962096631774,0.9807,1.9828,0.9956,0.9872000000000002,0.5,-0.09162808684004253,-0.08299999999999985,-0.12200000000000011,-0.038999999999999924,0.0,0.07457829076287754,0.06437401131926981,0.004236130309501999,0.5685901834718166,0.7032273628854526,1.0702,1.105
2022-11-25,0.3902125702970639,0.98114,1.8718,0.953,0.9188,0.5,-0.08674952633471011,-0.06840000000000024,-0.11099999999999999,-0.04260000000000008,0.0,0.09243365704236317,0.0901002404732278,0.003900918695094616,0.476962096631774,0.6570721264825268,0.9872000000000002,1.124
2022-12-02,0.3292759745011659,0.9858,1.8198,0.9866,0.8332,1.0,-0.060936595795897996,-0.0855999999999999,-0.051999999999999824,0.033600000000000074,0.5,0.10429745502312153,0.10070662010679067,0.003158412048124227,0.3902125702970639,0.5924226057443704,0.9188,1.123
2022-12-09,0.2694485587281481,0.98806,1.725,0.9884,0.7365999999999999,1.0,-0.05982741577301781,-0.09660000000000013,-0.0948,0.0017999999999999128,0.0,0.08863552442354265,0.10841689597721124,0.003594936253362146,0.3292759745011659,0.5685901834718166,0.8332,1.0702
2022-12-16,0.2441592233297361,0.9866,1.7746000000000002,1.1342,0.6404,1.0,-0.025289335398411994,-0.09619999999999995,0.04960000000000009,0.14580000000000015,0.0,0.06525113463299181,0.12034277432955165,0.0029901616454202826,0.2694485587281481,0.476962096631774,0.7365999999999999,0.9872000000000002
2022-12-23,0.3198964536913563,0.98586,2.0504,1.3574,0.693,1.0,0.07573723036162017,0.05259999999999998,0.2757999999999996,0.22319999999999984,0.0,0.04065384880573489,0.08169128880527424,0.0010516019521409484,0.2441592233297361,0.3902125702970639,0.6404,0.9188
2022-12-30,0.3103137847025799,0.985875,2.2335000000000003,1.504,0.7295,1.0,-0.009582668988776355,0.03650000000000009,0.18310000000000048,0.14660000000000006,0.0,0.035424672291214654,0.04401101187960477,0.0010335728884538048,0.3198964536913563,0.3292759745011659,0.693,0.8332
2023-01-06,0.2536583681955983,0.98596,2.08,1.37125,0.70875,1.0,-0.05665541650698164,-0.020750000000000046,-0.1535000000000002,-0.13274999999999992,0.0,0.038613399596870546,0.038065915966036847,0.0003535857968651631,0.3103137847025799,0.2694485587281481,0.7295,0.7365999999999999
2023-01-13,0.2349006049219685,0.99694,1.9032,1.2174,0.6858000000000001,1.0,-0.018757763273629796,-0.022949999999999915,-0.17680000000000007,-0.15385000000000004,0.0,0.04178560698209677,0.01936299628156876,0.005521008927942504,0.2536583681955983,0.2441592233297361,0.70875,0.6404
2023-01-20,0.1873379125083227,0.99626,1.7806000000000002,1.0632,0.7173999999999999,1.0,-0.047562692413645774,0.03159999999999985,-0.12259999999999982,-0.15420000000000011,0.0,0.050853150739299496,0.018454329889397526,0.006173886370493306,0.2349006049219685,0.3198964536913563,0.6858000000000001,0.693
2023-01-27,0.1746547416725967,1.0021,1.8576,1.1469999999999998,0.7106,1.0,-0.01268317083572601,-0.006799999999999917,0.07699999999999974,0.08379999999999987,0.0,0.037687825288946215,0.013737987176683142,0.006759829879450341,0.1873379125083227,0.3103137847025799,0.7173999999999999,0.7295
2023-02-03,0.1412357409811067,1.00076,1.8732,1.1808,0.6923999999999999,1.0,-0.03341900069149001,-0.018200000000000105,0.015600000000000058,0.033800000000000274,0.0,0.03880290274208486,0.01488746676458793,0.0028552816555386055,0.1746547416725967,0.2536583681955983,0.7106,0.70875
2023-02-10,0.1400362529749377,0.99026,1.9478,1.2742,0.6736,1.0,-0.0011994880061689805,-0.018799999999999928,0.0746,0.09339999999999993,0.0,0.023875420022451396,0.01967095998335391,0.005343117067697103,0.1412357409811067,0.2349006049219685,0.6923999999999999,0.6858000000000001
2023-02-17,0.1328937560474019,0.98746,2.0724,1.3321999999999998,0.7402000000000001,1.0,-0.007142496927535824,0.0666000000000001,0.12460000000000004,0.05799999999999983,0.0,0.01866657447993101,0.028358185179357207,0.007367104813455687,0.1400362529749377,0.1873379125083227,0.6736,0.7173999999999999
2023-02-24,0.0936561003683287,0.98748,2.1256,1.3622,0.7634000000000001,1.0,-0.03923765567907318,0.0232,0.053199999999999914,0.03000000000000025,0.0,0.022502920414738562,0.04155029081326288,0.006318406972153892,0.1328937560474019,0.1746547416725967,0.7402000000000001,0.7106
2023-03-03,0.0900466696330556,0.99638,2.185,1.4232,0.7618,1.5,-0.003609430735273103,-0.0016000000000000458,0.05940000000000012,0.06099999999999994,0.5,0.025964056386471264,0.042117098665506926,0.004201186340280436,0.0936561003683287,0.1412357409811067,0.7634000000000001,0.6923999999999999
2023-03-10,0.0952695842186849,0.99144,2.2004,1.4384,0.7619999999999999,1.5,0.00522291458562929,0.00019999999999986695,0.01540000000000008,0.01519999999999988,0.0,0.020070614714701274,0.011122799407824556,0.004229877854709281,0.0900466696330556,0.1400362529749377,0.7618,0.6736
2023-03-17,0.2215834900374509,0.97878,1.9588,1.0998,0.859,1.5,0.126313905818766,0.09700000000000009,-0.24160000000000004,-0.3385999999999998,0.0,0.06433341868084144,0.04830524471179805,0.007444353564889662,0.0952695842186849,0.1328937560474019,0.7619999999999999,0.7402000000000001
2023-03-24,0.3313966244226426,0.99402,2.0364,0.9852,1.0512,1.5,0.10981313438519172,0.19219999999999993,0.07759999999999989,-0.11460000000000015,0.0,0.115234948777837,0.13637775967265828,0.007847095003827319,0.2215834900374509,0.0936561003683287,0.859,0.7634000000000001
2023-03-31,0.3490598225223204,0.99452,2.1448,1.1302,1.0146000000000002,1.5,0.017663198099677757,-0.036599999999999744,0.10840000000000005,0.14500000000000013,0.0,0.11716860905382083,0.13519866863249805,0.007397486059404885,0.3313966244226426,0.0900466696330556,1.0512,0.7618
2023-04-07,0.2908548564815703,0.99205,2.1795,1.1675,1.012,1.5,-0.058204966040750095,-0.0026000000000001577,0.03469999999999995,0.03729999999999989,0.0,0.0566061713530608,0.08536400490448723,0.007451677104233441,0.3490598225223204,0.0952695842186849,1.0146000000000002,0.7619999999999999
2023-04-14,0.2188488588790353,0.9838,2.18275,1.09,1.09275,1.5,-0.07200599760253498,0.0807500000000001,0.003249999999999975,-0.0774999999999999,0.0,0.057843322763021024,0.037900469983893084,0.004980471028503395,0.2908548564815703,0.2215834900374509,1.012,0.859
2023-04-21,0.1632045595258645,0.98152,2.2256,1.0628,1.1628,1.5,-0.055644299353170806,0.07004999999999995,0.042850000000000055,-0.027200000000000113,0.0,0.08137395261093237,0.07202177188184122,0.006285970489835501,0.2188488588790353,0.3313966244226426,1.09275,1.0512
2023-04-28,0.1442474435885956,0.98222,2.1482,1.0522,1.096,1.5,-0.018957115937268898,-0.06679999999999997,-0.07739999999999991,-0.010599999999999943,0.0,0.0658244046544044,0.061709674754719876,0.004862758990436436,0.1632045595258645,0.3490598225223204,1.1628,1.0146000000000002
2023-05-05,0.1577681257212299,0.982,2.09575,1.019,1.07675,1.5,0.013520682132634299,-0.01924999999999999,-0.05245000000000033,-0.03320000000000012,0.0,0.03286874285121576,0.03809086723437315,0.0009875727816520312,0.1442474435885956,0.2908548564815703,1.096,1.012
2023-05-12,0.1610763697379616,0.97748,2.0446,0.9854,1.0592,1.5,0.003308244016731715,-0.017550000000000177,-0.05114999999999981,-0.03359999999999985,0.0,0.00851675959546457,0.04530692322004051,0.0022358518136017928,0.1577681257212299,0.2188488588790353,1.07675,1.09275
2023-05-19,0.1378641197810435,0.97396,2.02725,0.94075,1.0864999999999998,1.5,-0.02321224995691812,0.02729999999999988,-0.017349999999999977,-0.04465000000000008,0.0,0.01100261674368127,0.015714662738982893,0.003960281976372155,0.1610763697379616,0.1632045595258645,1.0592,1.1628
2023-05-26,0.1108456306371287,0.9713,2.0968,0.9896,1.1072000000000002,1.5,-0.02701848914391479,0.020700000000000385,0.06955,0.04885000000000006,0.0,0.02309539804475576,0.020016758603729465,0.004629798411633753,0.1378641197810435,0.1442474435885956,1.0864999999999998,1.096
2023-06-02,0.1338261879872216,0.97174,1.9785,0.8525,1.126,1.75,0.022980557350092898,0.018799999999999706,-0.11830000000000007,-0.1371,0.25,0.020572874068034486,0.028655584098042204,0.0028244173438703693,0.1108456306371287,0.1577681257212299,1.1072000000000002,1.07675
2023-06-09,0.1545303079345586,0.97202,2.0264,0.893,1.1334,1.75,0.020704119947337007,0.007400000000000073,0.047900000000000276,0.04049999999999998,0.0,0.01800273846263014,0.020982115400183642,0.0011746630718423622,0.1338261879872216,0.1610763697379616,1.126,1.0592
2023-06-16,0.1091114783328087,0.97634,2.1294,0.9652,1.1642,1.75,-0.04541882960174991,0.03079999999999994,0.10299999999999976,0.07219999999999993,0.0,0.021489943131217826,0.02371975266874856,0.0023454637066088156,0.1545303079345586,0.1378641197810435,1.1334,1.0864999999999998
2023-06-23,0.0894786985906577,0.97962,2.0968,0.9574,1.1394000000000002,1.75,-0.019632779742150996,-0.02479999999999971,-0.03259999999999996,-0.007799999999999918,0.0,0.02841097979199411,0.01656613010532645,0.0037695446231202135,0.1091114783328087,0.1108456306371287,1.1642,1.1072000000000002
2023-06-30,0.0786996128306342,0.97838,1.9308,0.8859999999999999,1.0448,1.75,-0.010779085760023496,-0.09460000000000024,-0.16599999999999993,-0.07140000000000013,0.0,0.03350546295520016,0.052165729491048814,0.0033332866661951724,0.0894786985906577,0.1338261879872216,1.1394000000000002,1.126
2023-07-07,0.0769192615669564,0.9771,1.9566,0.9114,1.0452,1.75,-0.0017803512636778013,0.00039999999999995595,0.025799999999999823,0.02540000000000009,0.0,0.014786717640088395,0.06248690529489597,0.0014440683267674136,0.0786996128306342,0.1545303079345586,1.0448,1.1334
2023-07-14,0.1022872405665002,0.96844,2.0264,1.005,1.0214,1.75,0.025367978999543794,-0.02379999999999982,0.0698000000000003,0.0935999999999999,0.0,0.011694254597381703,0.05232985126420036,0.005068842734362425,0.0769192615669564,0.1091114783328087,1.0452,1.1642
2023-07-21,0.1002175638669746,0.96384,1.885,0.8821999999999999,1.0028,1.75,-0.0020696766995255966,-0.018600000000000172,-0.1414000000000002,-0.12280000000000002,0.0,0.013580613817268519,0.020457028132161062,0.006975175027602052,0.1022872405665002,0.0894786985906577,1.0214,1.1394000000000002
2023-07-28,0.0704049903008946,0.95676,1.908,0.914,0.994,1.75,-0.029812573566079997,-0.008799999999999919,0.02299999999999991,0.03180000000000016,0.0,0.01617181695876767,0.022656492814791873,0.00852568472317593,0.1002175638669746,0.0786996128306342,1.0028,1.0448
2023-08-04,0.0884317885441499,0.96096,1.96975,0.98625,0.9835,1.75,0.0180267982432553,-0.010499999999999954,0.06174999999999997,0.07224999999999993,0.0,0.014621315752094369,0.01605539888428224,0.004912514630917718,0.0704049903008946,0.0769192615669564,0.994,1.0452
2023-08-11,0.1006293734380667,0.96174,1.9254,0.952,0.9734,1.75,0.012197584893916799,-0.010099999999999998,-0.04434999999999989,-0.03425,0.0,0.01418662368182352,0.01275052286509987,0.0029704040127522297,0.0884317885441499,0.1022872405665002,0.9835,1.0214
2023-08-18,0.1084445030567683,0.9585,1.9736,1.018,0.9556,1.75,0.007815129618701594,-0.017800000000000038,0.04820000000000002,0.06600000000000006,0.0,0.016572691875454917,0.016346329863309566,0.0022844693035734727,0.1006293734380667,0.1002175638669746,0.9734,1.0028
2023-08-25,0.0878193907748622,0.95606,1.9286,0.9864,0.9422,1.75,-0.020625112281906097,-0.013399999999999967,-0.04499999999999993,-0.03159999999999996,0.0,0.010000966677677192,0.018384662992110692,0.0025720225502450073,0.1084445030567683,0.0704049903008946,0.9556,0.994
2023-09-01,0.0681847021711698,0.95686,1.8922,0.9516,0.9406,1.75,-0.0196346886036924,-0.0016000000000000458,-0.03639999999999999,-0.03480000000000005,0.0,0.017582179474658666,0.015202083190586238,0.002514252705205165,0.0878193907748622,0.0884317885441499,0.9422,0.9835
2023-09-08,0.0624793814125233,0.95514,1.9146,0.9654,0.9492,1.75,-0.0057053207586465,0.008600000000000052,0.022399999999999975,0.013800000000000034,0.0,0.020855109261593563,0.00689830897154143,0.001425295290676577,0.0681847021711698,0.1006293734380667,0.9406,0.9734
2023-09-15,0.0596127736120044,0.95704,1.9482,1.0528,0.8954000000000001,1.75,-0.0028666078005189014,-0.05379999999999996,0.03359999999999985,0.08739999999999992,0.0,0.012706613787295045,0.02458529370715094,0.0008683125391374652,0.0624793814125233,0.1084445030567683,0.9492,0.9556
2023-09-22,0.0567863920143605,0.96076,1.9744,1.0556,0.9188,1.75,-0.0028263815976439025,0.023399999999999865,0.0262,0.0028000000000001357,0.0,0.004869686164665663,0.02408042081581813,0.0023670234470662905,0.0596127736120044,0.0878193907748622,0.8954000000000001,0.9422
2023-09-29,0.0825178842361348,0.96756,1.9825,1.0582,0.9255,1.75,0.02573149222177431,0.006700000000000039,0.008099999999999996,0.0025999999999999357,0.0,0.011679438419610158,0.022133590610959642,0.005478743773193514,0.0567863920143605,0.0681847021711698,0.9188,0.9406
2023-10-06,0.0995937522129443,0.96364,1.9688,1.1064,0.8624,1.75,0.01707586797680949,-0.06309999999999993,-0.013699999999999823,0.04820000000000002,0.0,0.020242851046336247,0.028504429480350407,0.004453178639913601,0.0825178842361348,0.0624793814125233,0.9255,0.9492
2023-10-13,0.1272899673583805,0.95716,1.8918,1.0664000000000002,0.8253999999999999,1.75,0.0276962151454362,-0.037000000000000144,-0.07700000000000018,-0.039999999999999813,0.0,0.029620571318848377,0.04771445448359411,0.004406540593139139,0.0995937522129443,0.0596127736120044,0.8624,0.8954000000000001
2023-10-20,0.1486340775404588,0.94852,1.9168,1.1016,0.8152000000000001,1.75,0.021344110182078296,-0.010199999999999765,0.025000000000000133,0.035199999999999676,0.0,0.02929032916679129,0.049890371482551855,0.008323172472018745,0.1272899673583805,0.0567863920143605,0.8253999999999999,0.9188
2023-10-27,0.121079564018568,0.94808,1.8742,1.0632,0.8109999999999999,1.75,-0.027554513521890797,-0.004200000000000204,-0.04259999999999997,-0.03839999999999999,0.0,0.02018057092660434,0.02339487123282405,0.007472215200257004,0.1486340775404588,0.0825178842361348,0.8152000000000001,0.9255
2023-11-03,0.0909208289943875,0.9598,1.8114,1.034,0.7774,1.75,-0.030158735024180497,-0.03359999999999996,-0.06280000000000019,-0.029199999999999893,0.0,0.023833579158170977,0.02079831723963412,0.005978126796827573,0.121079564018568,0.0995937522129443,0.8109999999999999,0.8624
2023-11-10,0.0974619524583833,0.96288,1.804,1.0938,0.7101999999999999,1.75,0.006541123463995796,-0.06720000000000004,-0.007399999999999851,0.059800000000000075,0.0,0.026170568438631137,0.04854286765324573,0.0076350420212085105,0.0909208289943875,0.1272899673583805,0.7774,0.8253999999999999
2023-11-17,0.0926543480263514,0.96516,1.7608,0.9942,0.7666000000000001,1.75,-0.0048076044320318895,0.05640000000000012,-0.04320000000000013,-0.09960000000000013,0.0,0.013976880383457005,0.0419070399813749,0.007591328386101849,0.0974619524583833,0.1486340775404588,0.7101999999999999,0.8152000000000001
2023-11-24,0.0989201433112576,0.96524,1.7418,0.9376,0.8042,1.75,0.0062657952849062,0.03759999999999997,-0.018999999999999906,-0.056599999999999984,0.0,0.0038109489787827894,0.03956159754105693,0.0025590362767362513,0.0926543480263514,0.121079564018568,0.7666000000000001,0.8109999999999999
2023-12-01,0.0915391773984177,0.9601,1.6796,0.8698,0.8097999999999999,1.75,-0.007380965912839904,0.005599999999999827,-0.06220000000000003,-0.06779999999999997,0.0,0.0035974655340947005,0.04586981578337262,0.002424286836505207,0.0989201433112576,0.0909208289943875,0.8042,0.7774
2023-12-08,0.0819370934949863,0.9449,1.5239999999999998,0.703,0.821,1.75,-0.009602083903431397,0.011200000000000099,-0.15560000000000018,-0.16680000000000006,0.0,0.007014663183403769,0.023590958720107358,0.009605782980352721,0.0915391773984177,0.0974619524583833,0.8097999999999999,0.7101999999999999
2023-12-15,0.085633555052109,0.94702,1.4896,0.657,0.8326,1.75,0.0036964615571226933,0.011600000000000055,-0.034399999999999764,-0.04599999999999993,0.0,0.007417188848973203,0.012583057392135583,0.009910955217953581,0.0819370934949863,0.0926543480263514,0.821,0.7666000000000001
2023-12-22,0.1104772243569398,0.94518,1.4454,0.627,0.8184000000000001,1.75,0.0248436693048308,-0.01419999999999988,-0.04420000000000002,-0.030000000000000027,0.0,0.012685742703812107,0.009408329642774245,0.007261147751257563,0.085633555052109,0.0989201433112576,0.8326,0.8042
2023-12-29,0.1247921576846722,0.9333333333333332,1.4766666666666666,0.6603333333333333,0.8163333333333332,1.75,0.014314933327732399,-0.002066666666666883,0.031266666666666554,0.033333333333333326,0.0,0.020453770649103687,0.007266437305278621,0.00625442865309664,0.1104772243569398,0.0915391773984177,0.8184000000000001,0.8097999999999999
2024-01-05,0.0856797322536347,0.9315,1.5563333333333331,0.7386666666666666,0.8176666666666667,1.75,-0.03911242543103749,0.0013333333333334085,0.07966666666666655,0.07833333333333325,0.0,0.01936539213579369,0.007614873360518336,0.007970925639750989,0.1247921576846722,0.0819370934949863,0.8163333333333332,0.821
2024-01-12,0.0657952149753374,0.9329,1.6263999999999998,0.8119999999999999,0.8144,1.75,-0.019884517278297306,-0.00326666666666664,0.07006666666666672,0.07333333333333336,0.0,0.02617589538853276,0.0017558368271022443,0.006349496042905259,0.0856797322536347,0.085633555052109,0.8176666666666667,0.8326
2024-01-19,0.0598769536576144,0.94018,1.6242,0.8228,0.8013999999999999,1.75,-0.005918261317723002,-0.013000000000000123,-0.0021999999999997577,0.010800000000000032,0.0,0.029326620463472498,0.007487743070962838,0.00388079172892703,0.0657952149753374,0.1104772243569398,0.8144,0.8184000000000001
2024-01-26,0.0415516683668658,0.9427,1.6234000000000002,0.8656,0.7578,1.75,-0.018325285290748596,-0.04359999999999986,-0.0007999999999999119,0.04280000000000006,0.0,0.01818207652978605,0.0275874568921868,0.005462990633850684,0.0598769536576144,0.1247921576846722,0.8013999999999999,0.8163333333333332
2024-02-02,0.0421979589917924,0.93406,1.5572,0.8093999999999999,0.7478,1.75,0.0006462906249265973,-0.010000000000000009,-0.06620000000000026,-0.05620000000000014,0.0,0.012343643722167901,0.03250902438811711,0.004733201875990101,0.0415516683668658,0.0856797322536347,0.7578,0.8176666666666667
2024-02-09,0.0412222731092585,0.93894,1.6027999999999998,0.8678000000000001,0.7350000000000001,1.75,-0.0009756858825338971,-0.012799999999999923,0.04559999999999986,0.05840000000000023,0.0,0.009118836710718703,0.028819206558599705,0.003627947077740024,0.0421979589917924,0.0657952149753374,0.7478,0.8144
2024-02-16,0.0387003163687412,0.94758,1.5666,0.8562,0.7103999999999999,1.75,-0.002521956740517299,-0.024600000000000177,-0.03619999999999979,-0.011600000000000166,0.0,0.0015330289645835746,0.020482431496300073,0.005728990603258426,0.0412222731092585,0.0598769536576144,0.7350000000000001,0.8013999999999999
2024-02-23,0.0418414768021631,0.9517,1.5878,0.8417999999999999,0.746,1.75,0.0031411604334218995,0.035600000000000076,0.021200000000000108,-0.01440000000000008,0.0,0.0015791114137266526,0.017222465948114527,0.008021928280172595,0.0387003163687412,0.0415516683668658,0.7103999999999999,0.7578
2024-03-01,0.0430268578528071,0.95452,1.556,0.8102,0.7458,1.5,0.0011853810506439952,-0.00019999999999997797,-0.03180000000000005,-0.03159999999999985,-0.25,0.0018255406372104386,0.016741565040360826,0.006790274908444781,0.0418414768021631,0.0421979589917924,0.746,0.7478
2024-03-08,0.0369971714840494,0.95994,1.4626,0.7083999999999999,0.7542,1.5,-0.006029686368757697,0.008399999999999963,-0.09340000000000015,-0.10180000000000011,0.0,0.0027796296594630307,0.019529464918441097,0.005189203535445264,0.0430268578528071,0.0412222731092585,0.7458,0.7350000000000001
2024-03-15,0.0207345480440855,0.9602,1.4612,0.713,0.7482,1.5,-0.0162626234399639,-0.006000000000000005,-0.0013999999999998458,0.0046000000000000485,0.0,0.010280045311596209,0.003920459156859108,0.004181371385756675,0.0369971714840494,0.0387003163687412,0.7542,0.7103999999999999
2024-03-22,0.010344872593202,0.96826,1.5212,0.7154,0.8058,1.5,-0.010389675450883502,0.057599999999999985,0.06000000000000005,0.0024000000000000687,0.0,0.014955990071159272,0.028420415197540138,0.005661860707015178,0.0207345480440855,0.0418414768021631,0.7482,0.746
2024-03-29,0.0173834754303792,0.977775,1.455,0.651,0.804,1.5,0.0070386028371772005,-0.0017999999999999128,-0.06620000000000004,-0.06440000000000001,0.0,0.011285063888935168,0.031109001912638445,0.008424946463667706,0.010344872593202,0.0430268578528071,0.8058,0.7458
2024-04-05,0.016517742477636,0.9799,1.4845000000000002,0.7024999999999999,0.782,1.5,-0.0008657329527432013,-0.02200000000000002,0.02950000000000008,0.05149999999999988,0.0,0.004333515113488816,0.026813429471078988,0.00909429617483884,0.0173834754303792,0.0369971714840494,0.804,0.7542
2024-04-12,0.0117520631867698,0.97878,1.4731999999999998,0.7128,0.7604,1.5,-0.004765679290866199,-0.021600000000000064,-0.01130000000000031,0.010300000000000087,0.0,0.0034737160022470445,0.021374361588918953,0.005350041082307213,0.016517742477636,0.0207345480440855,0.782,0.7482
2024-04-19,0.0241903771530867,0.97028,1.5158,0.724,0.7918,1.5,0.0124383139663169,0.031399999999999983,0.04260000000000019,0.011199999999999988,0.0,0.005124198187238596,0.01844442101740239,0.004356503519533782,0.0117520631867698,0.010344872593202,0.7604,0.8058
2024-04-26,0.0324157890340801,0.97524,1.52,0.7394000000000001,0.7806,1.5,0.008225411880993402,-0.011199999999999988,0.0041999999999999815,0.01540000000000008,0.0,0.009053947238154352,0.013178264933867721,0.004329141562216183,0.0241903771530867,0.0173834754303792,0.7918,0.804
2024-05-03,0.0223440219778253,0.97665,1.49975,0.72275,0.777,1.5,-0.010071767056254802,-0.0035999999999999366,-0.0202500000000001,-0.016650000000000054,0.0,0.008497047187691814,0.01299679447660885,0.0036111528628732293,0.0324157890340801,0.016517742477636,0.7806,0.782
2024-05-10,0.0343730229289693,0.97666,1.4755,0.713,0.7625000000000001,1.5,0.012029000951144002,-0.014499999999999957,-0.024249999999999883,-0.009750000000000036,0.0,0.005949235406536172,0.012089216958397589,0.003026101727586499,0.0223440219778253,0.0117520631867698,0.777,0.7604
2024-05-17,0.0280365372490914,0.98124,1.5062000000000002,0.741,0.7652,1.5,-0.0063364856798779,0.0026999999999999247,0.03070000000000017,0.028000000000000025,0.0,0.005336210789717318,0.008824728513324978,0.0026148470316726476,0.0343730229289693,0.0241903771530867,0.7625000000000001,0.7918
2024-05-24,0.0172417246018465,0.99,1.53375,0.7725,0.76125,1.5,-0.010794812647244901,-0.003950000000000009,0.02754999999999974,0.03149999999999997,0.0,0.007378433922200154,0.007199580427629303,0.006291265770817735,0.0280365372490914,0.0324157890340801,0.7652,0.7806
2024-05-31,0.0126854722700385,0.98726,1.5996,0.8532,0.7464,1.5,-0.004556252331808,-0.01485000000000003,0.06584999999999996,0.0807,0.0,0.009903387038904038,0.00845393153118243,0.005998455356651476,0.0172417246018465,0.0223440219778253,0.76125,0.777
2024-06-07,0.0085338681158726,0.97124,1.595,0.8632,0.7318,1.25,-0.0041516041541659,-0.014599999999999946,-0.0045999999999999375,0.010000000000000009,-0.25,0.008398210604711086,0.015235888279561197,0.008311957250395456,0.0126854722700385,0.0343730229289693,0.7464,0.7625000000000001
2024-06-14,0.0203619895962164,0.96204,1.573,0.8402000000000001,0.7328,1.25,0.0118281214803438,0.0010000000000000009,-0.02200000000000002,-0.02299999999999991,0.0,0.00518323777978011,0.01383337600397274,0.01328700994702652,0.0085338681158726,0.0280365372490914,0.7318,0.7652
2024-06-21,0.0666054167333634,0.95324,1.4466,0.698,0.7486,1.25,0.046243427137147,0.015800000000000036,-0.12639999999999985,-0.1422000000000001,0.0,0.026823790616113084,0.008831005982746033,0.01453767863171461,0.0203619895962164,0.0172417246018465,0.7328,0.76125
2024-06-28,0.0839337283739772,0.95968,1.3424,0.5984,0.744,1.25,0.017328311640613797,-0.0046000000000000485,-0.10420000000000007,-0.09959999999999991,0.0,0.03614489250738971,0.008308228852607381,0.007454063768552621,0.0666054167333634,0.0126854722700385,0.7486,0.7464
2024-07-05,0.0744074121494635,0.97102,1.4002,0.6524,0.7478,1.25,-0.009526316224513692,0.0038000000000000256,0.05779999999999985,0.05399999999999994,0.0,0.028214388234199625,0.007281941133192978,0.007358937876191667,0.0839337283739772,0.0085338681158726,0.744,0.7318
2024-07-12,0.0501006172076309,0.97284,1.3516,0.6258,0.7258,1.25,-0.024306794941832605,-0.02200000000000002,-0.04859999999999998,-0.026599999999999957,0.0,0.014317239947320034,0.010690026504517756,0.00934012669430451,0.0744074121494635,0.0203619895962164,0.7478,0.7328
2024-07-19,0.0363101921166702,0.97126,1.2757999999999998,0.563,0.7128,1.25,-0.0137904250909607,-0.013000000000000012,-0.07580000000000009,-0.06280000000000008,0.0,0.021862878730101055,0.016322581495195963,0.00606728934525223,0.0501006172076309,0.0666054167333634,0.7258,0.7486
2024-07-26,0.0460284439226288,0.96178,1.259,0.546,0.713,1.25,0.009718251805958603,0.00019999999999997797,-0.016799999999999926,-0.016999999999999904,0.0,0.01619873228012257,0.01646440605267414,0.0050285683846412405,0.0363101921166702,0.0839337283739772,0.7128,0.744
2024-08-02,0.0874023600108596,0.95206,1.18025,0.4645,0.71575,1.25,0.0413739160882308,0.00275000000000003,-0.07874999999999988,-0.08150000000000002,0.0,0.02238830313349708,0.006124727885167738,0.009616033485746293,0.0460284439226288,0.0744074121494635,0.713,0.7478
2024-08-09,0.2061457942279813,0.93682,1.1086,0.4056,0.7030000000000001,1.25,0.11874343421712169,-0.012749999999999928,-0.07164999999999999,-0.05890000000000001,0.0,0.07799484798890721,0.005589480446997237,0.014703632204287427,0.0874023600108596,0.0501006172076309,0.71575,0.7258
2024-08-16,0.1709269946151868,0.95134,1.1092,0.4134,0.6958,1.25,-0.035218799612794505,-0.007200000000000095,0.0005999999999999339,0.007799999999999974,0.0,0.07374830301324685,0.009200577427569818,0.010287856919637777,0.2061457942279813,0.0363101921166702,0.7030000000000001,0.7128
2024-08-23,0.1215428229716082,0.95078,1.0818,0.3918,0.6900000000000001,1.25,-0.049384171643578584,-0.005799999999999916,-0.02739999999999987,-0.021600000000000008,0.0,0.05250298560329967,0.011098451468593243,0.007305477397058235,0.1709269946151868,0.0460284439226288,0.6958,0.713
2024-08-30,0.0686154119926139,0.9411,1.1176,0.4378,0.6798,1.25,-0.05292741097899431,-0.010200000000000098,0.03579999999999983,0.04600000000000004,0.0,0.05987514774509821,0.009801190403929188,0.007204766940407198,0.1215428229716082,0.0874023600108596,0.6900000000000001,0.71575
2024-09-06,0.0650843373970701,0.9395,1.0984,0.4394,0.659,1.0,-0.00353107459554379,-0.02079999999999993,-0.019199999999999884,0.0015999999999999903,-0.25,0.05009196904091306,0.016180131849506976,0.006250717292086332,0.0686154119926139,0.2061457942279813,0.6798,0.7030000000000001
2024-09-13,0.0711406228283027,0.93768,1.0632,0.4236,0.6396,1.0,0.0060562854312326,-0.019400000000000084,-0.03520000000000012,-0.015800000000000036,0.0,0.02674692657791773,0.022416957866775673,0.005846078457585171,0.0650843373970701,0.1709269946151868,0.659,0.6958
2024-09-20,0.0661481711548671,0.94266,1.0548,0.4144,0.6404,1.0,-0.004992451673435608,0.0008000000000000229,-0.008399999999999963,-0.009199999999999986,0.0,0.002702889874832822,0.01898244803322678,0.0021367498681176215,0.0711406228283027,0.1215428229716082,0.6396,0.6900000000000001
2024-09-27,0.0655096290807818,0.94508,1.0558,0.4267999999999999,0.6289999999999999,1.0,-0.0006385420740852993,-0.011400000000000077,0.001000000000000112,0.012399999999999911,0.0,0.002814125215934169,0.012467557900441111,0.003289518708297253,0.0661481711548671,0.0686154119926139,0.6404,0.6798
2024-10-04,0.0673013380842331,0.94004,0.9818,0.369,0.6128,1.0,0.0017917090034512972,-0.01619999999999988,-0.07400000000000007,-0.05779999999999991,0.0,0.002521912679107952,0.012862736878319332,0.0032048452899068494,0.0655096290807818,0.0650843373970701,0.6289999999999999,0.659
2024-10-11,0.0548565884490441,0.93932,1.0514,0.4628,0.5886,1.0,-0.012444749635188997,-0.0242,0.06959999999999988,0.0938,0.0,0.005779321321722762,0.022463303408023196,0.002629543686441819,0.0673013380842331,0.0711406228283027,0.6128,0.6396
2024-10-18,0.0377222878937939,0.93976,0.9966,0.419,0.5776,1.0,-0.017134300555250198,-0.01100000000000001,-0.05479999999999985,-0.043800000000000006,0.0,0.01357758595766971,0.023241916157399997,0.002702961338773336,0.0548565884490441,0.0661481711548671,0.5886,0.6404
2024-10-25,0.0251921902275566,0.93632,1.0152,0.4216,0.5936,1.0,-0.012530097666237302,0.016000000000000014,0.01860000000000006,0.002599999999999991,0.0,0.01855967057390387,0.014706347835803223,0.0017190695154341476,0.0377222878937939,0.0655096290807818,0.5776,0.6289999999999999
2024-11-01,0.0196660234810639,0.93936,0.9902,0.3932,0.597,1.0,-0.0055261667464927,0.0033999999999999586,-0.025000000000000133,-0.02839999999999998,0.0,0.015613848530213319,0.008467978900991888,0.0015924404747308517,0.0251921902275566,0.0673013380842331,0.5936,0.6128
2024-11-08,0.0245352772755864,0.9401,0.9706,0.364,0.6066,1.0,0.0048692537945225,0.009600000000000053,-0.01959999999999995,-0.029200000000000004,0.0,0.007700697842585179,0.012062614420913586,0.0017365387025810146,0.0196660234810639,0.0548565884490441,0.597,0.5886
2024-11-15,0.0633895609745641,0.9372,0.9368,0.3476,0.5892,1.0,0.0388542836989777,-0.017400000000000082,-0.03380000000000005,-0.01639999999999997,0.0,0.020279550271828872,0.007391887445095339,0.0017778170131445036,0.0245352772755864,0.0377222878937939,0.6066,0.5776
2024-11-22,0.0561870664730845,0.93202,0.9208,0.3456,0.5751999999999999,1.0,-0.007202494501479591,-0.014000000000000012,-0.016000000000000014,-0.0020000000000000018,0.0,0.02204656245480356,0.013269513932355276,0.0036471175831820453,0.0633895609745641,0.0251921902275566,0.5892,0.5936
2024-11-29,0.0653298156645278,0.9314,0.857,0.261,0.596,1.0,0.00914274919144329,0.02080000000000004,-0.06379999999999997,-0.08460000000000001,0.0,0.0189624977732437,0.013152819723072244,0.004185721761601965,0.0561870664730845,0.0196660234810639,0.5751999999999999,0.597
2024-12-06,0.0517160780497008,0.93038,0.7426,0.1724,0.5702,0.5,-0.013613737614826996,-0.025799999999999934,-0.11439999999999995,-0.08860000000000001,-0.5,0.006329982694799682,0.011994860010340235,0.0030427399930882462,0.0653298156645278,0.0245352772755864,0.596,0.6066
2024-12-13,0.0281612480541713,0.93092,0.7914,0.2234,0.5680000000000001,0.5,-0.0235548299955295,-0.0021999999999999797,0.048799999999999955,0.05099999999999999,0.0,0.015839540146072098,0.01279309709704178,0.0006979971338520637,0.0517160780497008,0.0633895609745641,0.5702,0.5892
2024-12-20,0.0279637572939141,0.93566,0.7726,0.2068,0.5658000000000001,0.5,-0.00019749076025719903,-0.0021999999999999797,-0.01880000000000004,-0.016599999999999976,0.0,0.018443834444516752,0.014114767680258768,0.0024161953561062507,0.0281612480541713,0.0561870664730845,0.5680000000000001,0.5751999999999999
2024-12-27,0.0322215444192766,0.9363333333333334,0.7925,0.224,0.5685,0.5,0.004257787125362497,0.0026999999999999247,0.01990000000000003,0.017199999999999993,0.0,0.01130521030041294,0.001813605984687815,0.0031069456239183582,0.0279637572939141,0.0653298156645278,0.5658000000000001,0.596
2025-01-03,0.0237684985940274,0.9395,0.8009999999999999,0.2319999999999999,0.569,0.5,-0.008453045825249198,0.0004999999999999449,0.008499999999999952,0.007999999999999896,0.0,0.0034521030723932518,0.0014103782002342958,0.0035427735523636877,0.0322215444192766,0.0517160780497008,0.5685,0.5702
2025-01-10,0.0142339959897903,0.94028,0.9,0.3286,0.5714,0.5,-0.0095345026042371,0.0024000000000000687,0.09900000000000009,0.0966000000000001,0.0,0.007692788367242148,0.0022969182254404864,0.0022868415868477535,0.0237684985940274,0.0281612480541713,0.569,0.5680000000000001
2025-01-17,0.0160986513754928,0.9381,0.9604,0.3905999999999999,0.5698000000000001,0.5,0.0018646553857024992,-0.0015999999999999348,0.06040000000000001,0.06199999999999989,0.0,0.008206520772584549,0.0012685293326099095,0.0017331538365409178,0.0142339959897903,0.0279637572939141,0.5714,0.5658000000000001
2025-01-24,0.0175633619598437,0.94482,0.9032,0.3386,0.5646000000000001,0.5,0.001464710584350902,-0.005199999999999982,-0.05720000000000003,-0.05199999999999988,0.0,0.0041326344651388255,0.0029097537125492203,0.0029067908992969657,0.0160986513754928,0.0322215444192766,0.5698000000000001,0.5685
2025-01-31,0.0174311925647057,0.94428,0.9274,0.3712,0.5562,0.5,-0.00013216939513800013,-0.008400000000000074,0.0242,0.03259999999999996,0.0,0.001547099309009719,0.006845923361220333,0.0032275687442573113,0.0175633619598437,0.0237684985940274,0.5646000000000001,0.569
2025-02-07,0.0140250604237828,0.93974,0.8512000000000001,0.2944,0.5568,0.5,-0.003406132140922901,0.0005999999999999339,-0.07619999999999993,-0.07679999999999998,0.0,0.0016421430411498322,0.006536818798241644,0.00332603367374809,0.0174311925647057,0.0142339959897903,0.5562,0.5714
2025-02-14,0.0160949110657855,0.9429,0.8782,0.3272,0.551,0.5,0.002069850642002699,-0.005799999999999916,0.026999999999999913,0.032799999999999996,0.0,0.0016422814571023213,0.005608029957218166,0.002278266884917284,0.0140250604237828,0.0160986513754928,0.5568,0.5698000000000001
2025-02-21,0.0094447138849668,0.94286,1.0102,0.4618,0.5484,0.5,-0.006650197180818699,-0.0026000000000000467,0.132,0.1346,0.0,0.003495952477938303,0.0040743097576234465,0.001920373227329072,0.0160949110657855,0.0175633619598437,0.551,0.5646000000000001
2025-02-28,0.0049612225832616,0.93988,0.9696,0.4202,0.5494,0.5,-0.0044834913017052,0.0010000000000000009,-0.04059999999999997,-0.04159999999999997,0.0,0.004964061244803113,0.0037558842724099654,0.0017734617744884073,0.0094447138849668,0.0174311925647057,0.5484,0.5562
2025-03-07,0.0290434363288231,0.9487,1.0354,0.489,0.5464,0.25,0.0240822137455615,-0.0030000000000000027,0.06580000000000008,0.06879999999999997,-0.25,0.010488140456473527,0.0019252705440388172,0.0036916617756208225,0.0049612225832616,0.0140250604237828,0.5494,0.5568
2025-03-14,0.0378557906069106,0.95918,1.2146,0.671,0.5436,0.25,0.008812354278087499,-0.0028000000000000247,0.1791999999999998,0.18200000000000005,0.0,0.015681900683178034,0.0025579940059380192,0.00851195825484726,0.0290434363288231,0.0160949110657855,0.5464,0.551
2025-03-21,0.0270866807962755,0.95822,1.1916,0.6164,0.5751999999999999,0.25,-0.0107691098106351,0.03159999999999996,-0.02299999999999991,-0.05460000000000009,0.0,0.013991073736863889,0.014560563175958016,0.009073865401926413,0.0378557906069106,0.0094447138849668,0.5436,0.5484
2025-03-28,0.0153402376461686,0.95328,1.1532,0.576,0.5772,0.25,-0.0117464431501069,0.002000000000000113,-0.03839999999999999,-0.04039999999999999,0.0,0.009265378712273335,0.018068019629566005,0.004844003165319365,0.0270866807962755,0.0049612225832616,0.5751999999999999,0.5494
2025-04-04,0.0389469025193756,0.95078,0.9646,0.3892,0.5753999999999999,0.25,0.023606664873207,-0.0018000000000001348,-0.1886,-0.18679999999999997,0.0,0.01103038526401717,0.01619166452224823,0.004003111289854359,0.0153402376461686,0.0290434363288231,0.5772,0.5464
2025-04-11,0.1894599182088762,0.9311,0.969,0.3366,0.6324,0.25,0.1505130156895006,0.05700000000000005,0.0043999999999999595,-0.05259999999999998,0.0,0.08173780117520164,0.02824765476992698,0.011905028349354299,0.0389469025193756,0.0378557906069106,0.5753999999999999,0.5436
2025-04-18,0.1869434063022058,0.92805,0.9565,0.32025,0.63625,0.25,-0.0025165119066704045,0.00385000000000002,-0.012499999999999956,-0.01635000000000003,0.0,0.09349066403236202,0.0335456498670236,0.013063987076395618,0.1894599182088762,0.0270866807962755,0.6324,0.5751999999999999
2025-04-25,0.1533715098510729,0.937825,0.9445,0.3215,0.623,0.25,-0.0335718964511329,-0.013249999999999984,-0.01200000000000001,0.0012500000000000289,0.0,0.07076127829316639,0.0281309845484935,0.010090697345354725,0.1869434063022058,0.0153402376461686,0.63625,0.5772
2025-05-02,0.1153438838520925,0.9386,0.88525,0.24925,0.636,0.25,-0.038027625998980394,0.013000000000000012,-0.059250000000000025,-0.07225000000000001,0.0,0.034762955359923034,0.006196554822442557,0.005149691535959908,0.1533715098510729,0.0389469025193756,0.623,0.5753999999999999
2025-05-09,0.0676114372593637,0.93438,0.8193999999999999,0.1954,0.624,0.25,-0.04773244659272881,-0.01200000000000001,-0.06585000000000008,-0.05385000000000001,0.0,0.051294053854405816,0.007301184264730057,0.004806237917076167,0.1153438838520925,0.1894599182088762,0.636,0.6324
2025-05-16,0.0380010163356006,0.9375,0.874,0.255,0.619,0.25,-0.029610420923763092,-0.0050000000000000044,0.05460000000000009,0.059600000000000014,0.0,0.05102966768192417,0.007325753658672513,0.0018557809449260272,0.0676114372593637,0.1869434063022058,0.624,0.63625
2025-05-23,0.025964709647739,0.93508,0.8705999999999999,0.2486,0.622,0.25,-0.012036306687861601,0.0030000000000000027,-0.0034000000000000696,-0.006400000000000017,0.0,0.03979640061358859,0.007455423082174554,0.001989338248148811,0.0380010163356006,0.1533715098510729,0.619,0.623
2025-05-30,0.0222530534351683,0.93572,0.812,0.1699999999999999,0.6419999999999999,0.25,-0.0037116562125707013,0.019999999999999907,-0.058599999999999874,-0.07860000000000009,0.0,0.020565459183644063,0.01037223858837695,0.001337111313819805,0.025964709647739,0.1153438838520925,0.622,0.636
2025-06-06,0.0152201648995813,0.93624,0.7694,0.1427999999999999,0.6266,0.0,-0.007032888535586999,-0.015399999999999858,-0.04260000000000008,-0.027200000000000002,-0.25,0.00953293134864654,0.010222850222298447,0.0010262390879063402,0.0222530534351683,0.0676114372593637,0.6419999999999999,0.624
2025-06-13,0.0229624306081616,0.93898,0.812,0.17475,0.63725,0.0,0.0077422657085803,0.010649999999999937,0.04260000000000008,0.03195000000000009,0.0,0.004547368547996436,0.009250529264184524,0.0017168478865492195,0.0152201648995813,0.0380010163356006,0.6266,0.619
2025-06-20,0.0300510491342274,0.94012,0.8426,0.2208,0.6218,0.0,0.0070886185260658,-0.015449999999999964,0.03059999999999996,0.04605000000000001,0.0,0.00606162651529306,0.009322586819164924,0.00212366820985622,0.0229624306081616,0.025964709647739,0.63725,0.622
2025-06-27,0.0240092600514476,0.93746,0.9234,0.2844,0.639,0.0,-0.006041789082779799,0.017199999999999993,0.08079999999999998,0.06359999999999999,0.0,0.006089564700325768,0.008305758544580401,0.0017013719950545137,0.0300510491342274,0.0222530534351683,0.6218,0.6419999999999999
2025-07-04,0.0303628213162829,0.93396,0.9386,0.2976,0.641,0.0,0.0063535612648353,0.0020000000000000018,0.015199999999999991,0.01319999999999999,0.0,0.0039059602433716583,0.00877642438586803,0.0026783328145608223,0.0240092600514476,0.0152201648995813,0.639,0.6266
2025-07-11,0.0280964402584253,0.9332,0.9658,0.3344,0.6314,0.0,-0.002266381057857602,-0.009600000000000053,0.027200000000000002,0.0368,0.0,0.0029244683127943086,0.008710912696202623,0.0032130307601308775,0.0303628213162829,0.0229624306081616,0.641,0.63725
2025-07-18,0.0308740578840107,0.93158,0.9958,0.3545999999999999,0.6412,0.0,0.0027776176255854025,0.009800000000000031,0.030000000000000027,0.02019999999999994,0.0,0.003126649400221998,0.004608325798759653,0.0024805644516666327,0.0280964402584253,0.0300510491342274,0.6314,0.6218
2025-07-25,0.0327899632922226,0.93282,0.9622,0.3262,0.6359999999999999,0.0,0.0019159054082118973,-0.0052000000000000934,-0.03359999999999996,-0.028399999999999925,0.0,0.0019301095772872362,0.004667618950548187,0.000993646482508251,0.0308740578840107,0.0240092600514476,0.6412,0.639
2025-08-01,0.0254983345320044,0.930925,0.9225,0.2835,0.639,0.0,-0.007291628760218199,0.0030000000000001137,-0.03970000000000007,-0.042700000000000016,0.0,0.003191543729984583,0.004241069047718775,0.0010607416818110916,0.0327899632922226,0.0303628213162829,0.6359999999999999,0.641
