KEY,FREQ,CURRENCY,CURRENCY_DENOM,EXR_TYPE,EXR_SUFFIX,TIME_PERIOD,OBS_VALUE,OBS_STATUS,OBS_CONF,OBS_PRE_BREAK,OBS_COM,TIME_FORMAT,BREAKS,COLLECTION,COMPILING_ORG,DISS_ORG,DOM_SER_IDS,PUBL_ECB,PUBL_MU,PUBL_PUBLIC,UNIT_INDEX_BASE,COMPILATION,COVERAGE,DECIMALS,NAT_TITLE,SOURCE_AGENCY,SOURCE_PUB,TITLE,TITLE_COMPL,UNIT,UNIT_MULT
EXR.D.CHF.EUR.SP00.A,D,CHF,EUR,SP00,A,2010-01-01,,H,,,,P1D,,A,,,,,,,99Q1=100,,,4,,4F0,,Swiss franc/Euro ECB reference exchange rate,"ECB reference exchange rate, Swiss franc/Euro, 2.15 pm (C.E.T.)",CHF,0
EXR.D.CHF.EUR.SP00.A,D,CHF,EUR,SP00,A,2010-01-04,1.4873,A,,,,P1D,,A,,,,,,,99Q1=100,,,4,,4F0,,Swiss franc/Euro ECB reference exchange rate,"ECB reference exchange rate, Swiss franc/Euro, 2.15 pm (C.E.T.)",CHF,0
EXR.D.CHF.EUR.SP00.A,D,CHF,EUR,SP00,A,2010-01-05,1.4856,A,,,,P1D,,A,,,,,,,99Q1=100,,,4,,4F0,,Swiss franc/Euro ECB reference exchange rate,"ECB reference exchange rate, Swiss franc/Euro, 2.15 pm (C.E.T.)",CHF,0
EXR.D.CHF.EUR.SP00.A,D,CHF,EUR,SP00,A,2010-01-06,1.4823,A,,,,P1D,,A,,,,,,,99Q1=100,,,4,,4F0,,Swiss franc/Euro ECB reference exchange rate,"ECB reference exchange rate, Swiss franc/Euro, 2.15 pm (C.E.T.)",CHF,0
EXR.D.CHF.EUR.SP00.A,D,CHF,EUR,SP00,A,2010-01-07,1.4832,A,,,,P1D,,A,,,,,,,99Q1=100,,,4,,4F0,,Swiss franc/Euro ECB reference exchange rate,"ECB reference exchange rate, Swiss franc/Euro, 2.15 pm (C.E.T.)",CHF,0
EXR.D.CHF.EUR.SP00.A,D,CHF,EUR,SP00,A,2010-01-08,1.4815,A,,,,P1D,,A,,,,,,,99Q1=100,,,4,,4F0,,Swiss franc/Euro ECB reference exchange rate,"ECB reference exchange rate, Swiss franc/Euro, 2.15 pm (C.E.T.)",CHF,0
EXR.D.CHF.EUR.SP00.A,D,CHF,EUR,SP00,A,2010-01-11,1.4755,A,,,,P1D,,A,,,,,,,99Q1=100,,,4,,4F0,,Swiss franc/Euro ECB reference exchange rate,"ECB reference exchange rate, Swiss franc/Euro, 2.15 pm (C.E.T.)",CHF,0
EXR.D.CHF.EUR.SP00.A,D,CHF,EUR,SP00,A,2010-01-12,1.4743,A,,,,P1D,,A,,,,,,,99Q1=100,,,4,,4F0,,Swiss franc/Euro ECB reference exchange rate,"ECB reference exchange rate, Swiss franc/Euro, 2.15 pm (C.E.T.)",CHF,0
EXR.D.CHF.EUR.SP00.A,D,CHF,EUR,SP00,A,2010-01-13,1.4788,A,,,,P1D,,A,,,,,,,99Q1=100,,,4,,4F0,,Swiss franc/Euro ECB reference exchange rate,"ECB reference exchange rate, Swiss franc/Euro, 2.15 pm (C.E.T.)",CHF,0
EXR.D.CHF.EUR.SP00.A,D,CHF,EUR,SP00,A,2010-01-14,1.4804,A,,,,P1D,,A,,,,,,,99Q1=100,,,4,,4F0,,Swiss franc/Euro ECB reference exchange rate,"ECB reference exchange rate, Swiss franc/Euro, 2.15 pm (C.E.T.)",CHF,0
EXR.D.CHF.EUR.SP00.A,D,CHF,EUR,SP00,A,2010-01-15,1.4756,A,,,,P1D,,A,,,,,,,99Q1=100,,,4,,4F0,,Swiss franc/Euro ECB reference exchange rate,"ECB reference exchange rate, Swiss franc/Euro, 2.15 pm (C.E.T.)",CHF,0
EXR.D.CHF.EUR.SP00.A,D,CHF,EUR,SP00,A,2010-01-18,1.4745,A,,,,P1D,,A,,,,,,,99Q1=100,,,4,,4F0,,Swiss franc/Euro ECB reference exchange rate,"ECB reference exchange rate, Swiss franc/Euro, 2.15 pm (C.E.T.)",CHF,0
EXR.D.CHF.EUR.SP00.A,D,CHF,EUR,SP00,A,2010-01-19,1.476,A,,,,P1D,,A,,,,,,,99Q1=100,,,4,,4F0,,Swiss franc/Euro ECB reference exchange rate,"ECB reference exchange rate, Swiss franc/Euro, 2.15 pm (C.E.T.)",CHF,0
EXR.D.CHF.EUR.SP00.A,D,CHF,EUR,SP00,A,2010-01-20,1.4763,A,,,,P1D,,A,,,,,,,99Q1=100,,,4,,4F0,,Swiss franc/Euro ECB reference exchange rate,"ECB reference exchange rate, Swiss franc/Euro, 2.15 pm (C.E.T.)",CHF,0
EXR.D.CHF.EUR.SP00.A,D,CHF,EUR,SP00,A,2010-01-21,1.4723,A,,,,P1D,,A,,,,,,,99Q1=100,,,4,,4F0,,Swiss franc/Euro ECB reference exchange rate,"ECB reference exchange rate, Swiss franc/Euro, 2.15 pm (C.E.T.)",CHF,0
EXR.D.CHF.EUR.SP00.A,D,CHF,EUR,SP00,A,2010-01-22,1.4708,A,,,,P1D,,A,,,,,,,99Q1=100,,,4,,4F0,,Swiss franc/Euro ECB reference exchange rate,"ECB reference exchange rate, Swiss franc/Euro, 2.15 pm (C.E.T.)",CHF,0
EXR.D.CHF.EUR.SP00.A,D,CHF,EUR,SP00,A,2010-01-25,1.4728,A,,,,P1D,,A,,,,,,,99Q1=100,,,4,,4F0,,Swiss franc/Euro ECB reference exchange rate,"ECB reference exchange rate, Swiss franc/Euro, 2.15 pm (C.E.T.)",CHF,0
EXR.D.CHF.EUR.SP00.A,D,CHF,EUR,SP00,A,2010-01-26,1.4723,A,,,,P1D,,A,,,,,,,99Q1=100,,,4,,4F0,,Swiss franc/Euro ECB reference exchange rate,"ECB reference exchange rate, Swiss franc/Euro, 2.15 pm (C.E.T.)",CHF,0
EXR.D.CHF.EUR.SP00.A,D,CHF,EUR,SP00,A,2010-01-27,1.4721,A,,,,P1D,,A,,,,,,,99Q1=100,,,4,,4F0,,Swiss franc/Euro ECB reference exchange rate,"ECB reference exchange rate, Swiss franc/Euro, 2.15 pm (C.E.T.)",CHF,0
EXR.D.CHF.EUR.SP00.A,D,CHF,EUR,SP00,A,2010-01-28,1.4725,A,,,,P1D,,A,,,,,,,99Q1=100,,,4,,4F0,,Swiss franc/Euro ECB reference exchange rate,"ECB reference exchange rate, Swiss franc/Euro, 2.15 pm (C.E.T.)",CHF,0
EXR.D.CHF.EUR.SP00.A,D,CHF,EUR,SP00,A,2010-01-29,1.4662,A,,,,P1D,,A,,,,,,,99Q1=100,,,4,,4F0,,Swiss franc/Euro ECB reference exchange rate,"ECB reference exchange rate, Swiss franc/Euro, 2.15 pm (C.E.T.)",CHF,0
EXR.D.CHF.EUR.SP00.A,D,CHF,EUR,SP00,A,2010-02-01,1.4725,A,,,,P1D,,A,,,,,,,99Q1=100,,,4,,4F0,,Swiss franc/Euro ECB reference exchange rate,"ECB reference exchange rate, Swiss franc/Euro, 2.15 pm (C.E.T.)",CHF,0
EXR.D.CHF.EUR.SP00.A,D,CHF,EUR,SP00,A,2010-02-02,1.4733,A,,,,P1D,,A,,,,,,,99Q1=100,,,4,,4F0,,Swiss franc/Euro ECB reference exchange rate,"ECB reference exchange rate, Swiss franc/Euro, 2.15 pm (C.E.T.)",CHF,0
EXR.D.CHF.EUR.SP00.A,D,CHF,EUR,SP00,A,2010-02-03,1.4738,A,,,,P1D,,A,,,,,,,99Q1=100,,,4,,4F0,,Swiss franc/Euro ECB reference exchange rate,"ECB reference exchange rate, Swiss franc/Euro, 2.15 pm (C.E.T.)",CHF,0
EXR.D.CHF.EUR.SP00.A,D,CHF,EUR,SP00,A,2010-02-04,1.469,A,,,,P1D,,A,,,,,,,99Q1=100,,,4,,4F0,,Swiss franc/Euro ECB reference exchange rate,"ECB reference exchange rate, Swiss franc/Euro, 2.15 pm (C.E.T.)",CHF,0
EXR.D.CHF.EUR.SP00.A,D,CHF,EUR,SP00,A,2010-02-05,1.4682,A,,,,P1D,,A,,,,,,,99Q1=100,,,4,,4F0,,Swiss franc/Euro ECB reference exchange rate,"ECB reference exchange rate, Swiss franc/Euro, 2.15 pm (C.E.T.)",CHF,0
EXR.D.CHF.EUR.SP00.A,D,CHF,EUR,SP00,A,2010-02-08,1.4659,A,,,,P1D,,A,,,,,,,99Q1=100,,,4,,4F0,,Swiss franc/Euro ECB reference exchange rate,"ECB reference exchange rate, Swiss franc/Euro, 2.15 pm (C.E.T.)",CHF,0
EXR.D.CHF.EUR.SP00.A,D,CHF,EUR,SP00,A,2010-02-09,1.4672,A,,,,P1D,,A,,,,,,,99Q1=100,,,4,,4F0,,Swiss franc/Euro ECB reference exchange rate,"ECB reference exchange rate, Swiss franc/Euro, 2.15 pm (C.E.T.)",CHF,0
EXR.D.CHF.EUR.SP00.A,D,CHF,EUR,SP00,A,2010-02-10,1.4658,A,,,,P1D,,A,,,,,,,99Q1=100,,,4,,4F0,,Swiss franc/Euro ECB reference exchange rate,"ECB reference exchange rate, Swiss franc/Euro, 2.15 pm (C.E.T.)",CHF,0
EXR.D.CHF.EUR.SP00.A,D,CHF,EUR,SP00,A,2010-02-11,1.4663,A,,,,P1D,,A,,,,,,,99Q1=100,,,4,,4F0,,Swiss franc/Euro ECB reference exchange rate,"ECB reference exchange rate, Swiss franc/Euro, 2.15 pm (C.E.T.)",CHF,0
EXR.D.CHF.EUR.SP00.A,D,CHF,EUR,SP00,A,2010-02-12,1.465,A,,,,P1D,,A,,,,,,,99Q1=100,,,4,,4F0,,Swiss franc/Euro ECB reference exchange rate,"ECB reference exchange rate, Swiss franc/Euro, 2.15 pm (C.E.T.)",CHF,0
EXR.D.CHF.EUR.SP00.A,D,CHF,EUR,SP00,A,2010-02-15,1.4661,A,,,,P1D,,A,,,,,,,99Q1=100,,,4,,4F0,,Swiss franc/Euro ECB reference exchange rate,"ECB reference exchange rate, Swiss franc/Euro, 2.15 pm (C.E.T.)",CHF,0
EXR.D.CHF.EUR.SP00.A,D,CHF,EUR,SP00,A,2010-02-16,1.4678,A,,,,P1D,,A,,,,,,,99Q1=100,,,4,,4F0,,Swiss franc/Euro ECB reference exchange rate,"ECB reference exchange rate, Swiss franc/Euro, 2.15 pm (C.E.T.)",CHF,0
EXR.D.CHF.EUR.SP00.A,D,CHF,EUR,SP00,A,2010-02-17,1.4679,A,,,,P1D,,A,,,,,,,99Q1=100,,,4,,4F0,,Swiss franc/Euro ECB reference exchange rate,"ECB reference exchange rate, Swiss franc/Euro, 2.15 pm (C.E.T.)",CHF,0
EXR.D.CHF.EUR.SP00.A,D,CHF,EUR,SP00,A,2010-02-18,1.4651,A,,,,P1D,,A,,,,,,,99Q1=100,,,4,,4F0,,Swiss franc/Euro ECB reference exchange rate,"ECB reference exchange rate, Swiss franc/Euro, 2.15 pm (C.E.T.)",CHF,0
EXR.D.CHF.EUR.SP00.A,D,CHF,EUR,SP00,A,2010-02-19,1.4658,A,,,,P1D,,A,,,,,,,99Q1=100,,,4,,4F0,,Swiss franc/Euro ECB reference exchange rate,"ECB reference exchange rate, Swiss franc/Euro, 2.15 pm (C.E.T.)",CHF,0
EXR.D.CHF.EUR.SP00.A,D,CHF,EUR,SP00,A,2010-02-22,1.4649,A,,,,P1D,,A,,,,,,,99Q1=100,,,4,,4F0,,Swiss franc/Euro ECB reference exchange rate,"ECB reference exchange rate, Swiss franc/Euro, 2.15 pm (C.E.T.)",CHF,0
EXR.D.CHF.EUR.SP00.A,D,CHF,EUR,SP00,A,2010-02-23,1.4667,A,,,,P1D,,A,,,,,,,99Q1=100,,,4,,4F0,,Swiss franc/Euro ECB reference exchange rate,"ECB reference exchange rate, Swiss franc/Euro, 2.15 pm (C.E.T.)",CHF,0
EXR.D.CHF.EUR.SP00.A,D,CHF,EUR,SP00,A,2010-02-24,1.4641,A,,,,P1D,,A,,,,,,,99Q1=100,,,4,,4F0,,Swiss franc/Euro ECB reference exchange rate,"ECB reference exchange rate, Swiss franc/Euro, 2.15 pm (C.E.T.)",CHF,0
EXR.D.CHF.EUR.SP00.A,D,CHF,EUR,SP00,A,2010-02-25,1.4633,A,,,,P1D,,A,,,,,,,99Q1=100,,,4,,4F0,,Swiss franc/Euro ECB reference exchange rate,"ECB reference exchange rate, Swiss franc/Euro, 2.15 pm (C.E.T.)",CHF,0
EXR.D.CHF.EUR.SP00.A,D,CHF,EUR,SP00,A,2010-02-26,1.4638,A,,,,P1D,,A,,,,,,,99Q1=100,,,4,,4F0,,Swiss franc/Euro ECB reference exchange rate,"ECB reference exchange rate, Swiss franc/Euro, 2.15 pm (C.E.T.)",CHF,0
EXR.D.CHF.EUR.SP00.A,D,CHF,EUR,SP00,A,2010-03-01,1.4644,A,,,,P1D,,A,,,,,,,99Q1=100,,,4,,4F0,,Swiss franc/Euro ECB reference exchange rate,"ECB reference exchange rate, Swiss franc/Euro, 2.15 pm (C.E.T.)",CHF,0
EXR.D.CHF.EUR.SP00.A,D,CHF,EUR,SP00,A,2010-03-02,1.4628,A,,,,P1D,,A,,,,,,,99Q1=100,,,4,,4F0,,Swiss franc/Euro ECB reference exchange rate,"ECB reference exchange rate, Swiss franc/Euro, 2.15 pm (C.E.T.)",CHF,0
EXR.D.CHF.EUR.SP00.A,D,CHF,EUR,SP00,A,2010-03-03,1.4629,A,,,,P1D,,A,,,,,,,99Q1=100,,,4,,4F0,,Swiss franc/Euro ECB reference exchange rate,"ECB reference exchange rate, Swiss franc/Euro, 2.15 pm (C.E.T.)",CHF,0
EXR.D.CHF.EUR.SP00.A,D,CHF,EUR,SP00,A,2010-03-04,1.4632,A,,,,P1D,,A,,,,,,,99Q1=100,,,4,,4F0,,Swiss franc/Euro ECB reference exchange rate,"ECB reference exchange rate, Swiss franc/Euro, 2.15 pm (C.E.T.)",CHF,0
EXR.D.CHF.EUR.SP00.A,D,CHF,EUR,SP00,A,2010-03-05,1.4632,A,,,,P1D,,A,,,,,,,99Q1=100,,,4,,4F0,,Swiss franc/Euro ECB reference exchange rate,"ECB reference exchange rate, Swiss franc/Euro, 2.15 pm (C.E.T.)",CHF,0
EXR.D.CHF.EUR.SP00.A,D,CHF,EUR,SP00,A,2010-03-08,1.4628,A,,,,P1D,,A,,,,,,,99Q1=100,,,4,,4F0,,Swiss franc/Euro ECB reference exchange rate,"ECB reference exchange rate, Swiss franc/Euro, 2.15 pm (C.E.T.)",CHF,0
EXR.D.CHF.EUR.SP00.A,D,CHF,EUR,SP00,A,2010-03-09,1.4626,A,,,,P1D,,A,,,,,,,99Q1=100,,,4,,4F0,,Swiss franc/Euro ECB reference exchange rate,"ECB reference exchange rate, Swiss franc/Euro, 2.15 pm (C.E.T.)",CHF,0
EXR.D.CHF.EUR.SP00.A,D,CHF,EUR,SP00,A,2010-03-10,1.4618,A,,,,P1D,,A,,,,,,,99Q1=100,,,4,,4F0,,Swiss franc/Euro ECB reference exchange rate,"ECB reference exchange rate, Swiss franc/Euro, 2.15 pm (C.E.T.)",CHF,0
EXR.D.CHF.EUR.SP00.A,D,CHF,EUR,SP00,A,2010-03-11,1.4622,A,,,,P1D,,A,,,,,,,99Q1=100,,,4,,4F0,,Swiss franc/Euro ECB reference exchange rate,"ECB reference exchange rate, Swiss franc/Euro, 2.15 pm (C.E.T.)",CHF,0
EXR.D.CHF.EUR.SP00.A,D,CHF,EUR,SP00,A,2010-03-12,1.4597,A,,,,P1D,,A,,,,,,,99Q1=100,,,4,,4F0,,Swiss franc/Euro ECB reference exchange rate,"ECB reference exchange rate, Swiss franc/Euro, 2.15 pm (C.E.T.)",CHF,0
EXR.D.CHF.EUR.SP00.A,D,CHF,EUR,SP00,A,2010-03-15,1.4527,A,,,,P1D,,A,,,,,,,99Q1=100,,,4,,4F0,,Swiss franc/Euro ECB reference exchange rate,"ECB reference exchange rate, Swiss franc/Euro, 2.15 pm (C.E.T.)",CHF,0
EXR.D.CHF.EUR.SP00.A,D,CHF,EUR,SP00,A,2010-03-16,1.4516,A,,,,P1D,,A,,,,,,,99Q1=100,,,4,,4F0,,Swiss franc/Euro ECB reference exchange rate,"ECB reference exchange rate, Swiss franc/Euro, 2.15 pm (C.E.T.)",CHF,0
EXR.D.CHF.EUR.SP00.A,D,CHF,EUR,SP00,A,2010-03-17,1.4511,A,,,,P1D,,A,,,,,,,99Q1=100,,,4,,4F0,,Swiss franc/Euro ECB reference exchange rate,"ECB reference exchange rate, Swiss franc/Euro, 2.15 pm (C.E.T.)",CHF,0
EXR.D.CHF.EUR.SP00.A,D,CHF,EUR,SP00,A,2010-03-18,1.4474,A,,,,P1D,,A,,,,,,,99Q1=100,,,4,,4F0,,Swiss franc/Euro ECB reference exchange rate,"ECB reference exchange rate, Swiss franc/Euro, 2.15 pm (C.E.T.)",CHF,0
EXR.D.CHF.EUR.SP00.A,D,CHF,EUR,SP00,A,2010-03-19,1.4374,A,,,,P1D,,A,,,,,,,99Q1=100,,,4,,4F0,,Swiss franc/Euro ECB reference exchange rate,"ECB reference exchange rate, Swiss franc/Euro, 2.15 pm (C.E.T.)",CHF,0
EXR.D.CHF.EUR.SP00.A,D,CHF,EUR,SP00,A,2010-03-22,1.4348,A,,,,P1D,,A,,,,,,,99Q1=100,,,4,,4F0,,Swiss franc/Euro ECB reference exchange rate,"ECB reference exchange rate, Swiss franc/Euro, 2.15 pm (C.E.T.)",CHF,0
EXR.D.CHF.EUR.SP00.A,D,CHF,EUR,SP00,A,2010-03-23,1.4321,A,,,,P1D,,A,,,,,,,99Q1=100,,,4,,4F0,,Swiss franc/Euro ECB reference exchange rate,"ECB reference exchange rate, Swiss franc/Euro, 2.15 pm (C.E.T.)",CHF,0
EXR.D.CHF.EUR.SP00.A,D,CHF,EUR,SP00,A,2010-03-24,1.4282,A,,,,P1D,,A,,,,,,,99Q1=100,,,4,,4F0,,Swiss franc/Euro ECB reference exchange rate,"ECB reference exchange rate, Swiss franc/Euro, 2.15 pm (C.E.T.)",CHF,0
EXR.D.CHF.EUR.SP00.A,D,CHF,EUR,SP00,A,2010-03-25,1.428,A,,,,P1D,,A,,,,,,,99Q1=100,,,4,,4F0,,Swiss franc/Euro ECB reference exchange rate,"ECB reference exchange rate, Swiss franc/Euro, 2.15 pm (C.E.T.)",CHF,0
EXR.D.CHF.EUR.SP00.A,D,CHF,EUR,SP00,A,2010-03-26,1.4286,A,,,,P1D,,A,,,,,,,99Q1=100,,,4,,4F0,,Swiss franc/Euro ECB reference exchange rate,"ECB reference exchange rate, Swiss franc/Euro, 2.15 pm (C.E.T.)",CHF,0
EXR.D.CHF.EUR.SP00.A,D,CHF,EUR,SP00,A,2010-03-29,1.4329,A,,,,P1D,,A,,,,,,,99Q1=100,,,4,,4F0,,Swiss franc/Euro ECB reference exchange rate,"ECB reference exchange rate, Swiss franc/Euro, 2.15 pm (C.E.T.)",CHF,0
EXR.D.CHF.EUR.SP00.A,D,CHF,EUR,SP00,A,2010-03-30,1.4316,A,,,,P1D,,A,,,,,,,99Q1=100,,,4,,4F0,,Swiss franc/Euro ECB reference exchange rate,"ECB reference exchange rate, Swiss franc/Euro, 2.15 pm (C.E.T.)",CHF,0
EXR.D.CHF.EUR.SP00.A,D,CHF,EUR,SP00,A,2010-03-31,1.4276,A,,,,P1D,,A,,,,,,,99Q1=100,,,4,,4F0,,Swiss franc/Euro ECB reference exchange rate,"ECB reference exchange rate, Swiss franc/Euro, 2.15 pm (C.E.T.)",CHF,0
EXR.D.CHF.EUR.SP00.A,D,CHF,EUR,SP00,A,2010-04-01,1.4179,A,,,,P1D,,A,,,,,,,99Q1=100,,,4,,4F0,,Swiss franc/Euro ECB reference exchange rate,"ECB reference exchange rate, Swiss franc/Euro, 2.15 pm (C.E.T.)",CHF,0
EXR.D.CHF.EUR.SP00.A,D,CHF,EUR,SP00,A,2010-04-02,,H,,,,P1D,,A,,,,,,,99Q1=100,,,4,,4F0,,Swiss franc/Euro ECB reference exchange rate,"ECB reference exchange rate, Swiss franc/Euro, 2.15 pm (C.E.T.)",CHF,0
EXR.D.CHF.EUR.SP00.A,D,CHF,EUR,SP00,A,2010-04-05,,H,,,,P1D,,A,,,,,,,99Q1=100,,,4,,4F0,,Swiss franc/Euro ECB reference exchange rate,"ECB reference exchange rate, Swiss franc/Euro, 2.15 pm (C.E.T.)",CHF,0
EXR.D.CHF.EUR.SP00.A,D,CHF,EUR,SP00,A,2010-04-06,1.4325,A,,,,P1D,,A,,,,,,,99Q1=100,,,4,,4F0,,Swiss franc/Euro ECB reference exchange rate,"ECB reference exchange rate, Swiss franc/Euro, 2.15 pm (C.E.T.)",CHF,0
EXR.D.CHF.EUR.SP00.A,D,CHF,EUR,SP00,A,2010-04-07,1.4321,A,,,,P1D,,A,,,,,,,99Q1=100,,,4,,4F0,,Swiss franc/Euro ECB reference exchange rate,"ECB reference exchange rate, Swiss franc/Euro, 2.15 pm (C.E.T.)",CHF,0
EXR.D.CHF.EUR.SP00.A,D,CHF,EUR,SP00,A,2010-04-08,1.4324,A,,,,P1D,,A,,,,,,,99Q1=100,,,4,,4F0,,Swiss franc/Euro ECB reference exchange rate,"ECB reference exchange rate, Swiss franc/Euro, 2.15 pm (C.E.T.)",CHF,0
EXR.D.CHF.EUR.SP00.A,D,CHF,EUR,SP00,A,2010-04-09,1.4364,A,,,,P1D,,A,,,,,,,99Q1=100,,,4,,4F0,,Swiss franc/Euro ECB reference exchange rate,"ECB reference exchange rate, Swiss franc/Euro, 2.15 pm (C.E.T.)",CHF,0
EXR.D.CHF.EUR.SP00.A,D,CHF,EUR,SP00,A,2010-04-12,1.4393,A,,,,P1D,,A,,,,,,,99Q1=100,,,4,,4F0,,Swiss franc/Euro ECB reference exchange rate,"ECB reference exchange rate, Swiss franc/Euro, 2.15 pm (C.E.T.)",CHF,0
EXR.D.CHF.EUR.SP00.A,D,CHF,EUR,SP00,A,2010-04-13,1.437,A,,,,P1D,,A,,,,,,,99Q1=100,,,4,,4F0,,Swiss franc/Euro ECB reference exchange rate,"ECB reference exchange rate, Swiss franc/Euro, 2.15 pm (C.E.T.)",CHF,0
EXR.D.CHF.EUR.SP00.A,D,CHF,EUR,SP00,A,2010-04-14,1.4368,A,,,,P1D,,A,,,,,,,99Q1=100,,,4,,4F0,,Swiss franc/Euro ECB reference exchange rate,"ECB reference exchange rate, Swiss franc/Euro, 2.15 pm (C.E.T.)",CHF,0
EXR.D.CHF.EUR.SP00.A,D,CHF,EUR,SP00,A,2010-04-15,1.4343,A,,,,P1D,,A,,,,,,,99Q1=100,,,4,,4F0,,Swiss franc/Euro ECB reference exchange rate,"ECB reference exchange rate, Swiss franc/Euro, 2.15 pm (C.E.T.)",CHF,0
EXR.D.CHF.EUR.SP00.A,D,CHF,EUR,SP00,A,2010-04-16,1.4338,A,,,,P1D,,A,,,,,,,99Q1=100,,,4,,4F0,,Swiss franc/Euro ECB reference exchange rate,"ECB reference exchange rate, Swiss franc/Euro, 2.15 pm (C.E.T.)",CHF,0
EXR.D.CHF.EUR.SP00.A,D,CHF,EUR,SP00,A,2010-04-19,1.4345,A,,,,P1D,,A,,,,,,,99Q1=100,,,4,,4F0,,Swiss franc/Euro ECB reference exchange rate,"ECB reference exchange rate, Swiss franc/Euro, 2.15 pm (C.E.T.)",CHF,0
EXR.D.CHF.EUR.SP00.A,D,CHF,EUR,SP00,A,2010-04-20,1.4334,A,,,,P1D,,A,,,,,,,99Q1=100,,,4,,4F0,,Swiss franc/Euro ECB reference exchange rate,"ECB reference exchange rate, Swiss franc/Euro, 2.15 pm (C.E.T.)",CHF,0
EXR.D.CHF.EUR.SP00.A,D,CHF,EUR,SP00,A,2010-04-21,1.4329,A,,,,P1D,,A,,,,,,,99Q1=100,,,4,,4F0,,Swiss franc/Euro ECB reference exchange rate,"ECB reference exchange rate, Swiss franc/Euro, 2.15 pm (C.E.T.)",CHF,0
EXR.D.CHF.EUR.SP00.A,D,CHF,EUR,SP00,A,2010-04-22,1.4325,A,,,,P1D,,A,,,,,,,99Q1=100,,,4,,4F0,,Swiss franc/Euro ECB reference exchange rate,"ECB reference exchange rate, Swiss franc/Euro, 2.15 pm (C.E.T.)",CHF,0
EXR.D.CHF.EUR.SP00.A,D,CHF,EUR,SP00,A,2010-04-23,1.4355,A,,,,P1D,,A,,,,,,,99Q1=100,,,4,,4F0,,Swiss franc/Euro ECB reference exchange rate,"ECB reference exchange rate, Swiss franc/Euro, 2.15 pm (C.E.T.)",CHF,0
EXR.D.CHF.EUR.SP00.A,D,CHF,EUR,SP00,A,2010-04-26,1.4341,A,,,,P1D,,A,,,,,,,99Q1=100,,,4,,4F0,,Swiss franc/Euro ECB reference exchange rate,"ECB reference exchange rate, Swiss franc/Euro, 2.15 pm (C.E.T.)",CHF,0
EXR.D.CHF.EUR.SP00.A,D,CHF,EUR,SP00,A,2010-04-27,1.4353,A,,,,P1D,,A,,,,,,,99Q1=100,,,4,,4F0,,Swiss franc/Euro ECB reference exchange rate,"ECB reference exchange rate, Swiss franc/Euro, 2.15 pm (C.E.T.)",CHF,0
EXR.D.CHF.EUR.SP00.A,D,CHF,EUR,SP00,A,2010-04-28,1.4341,A,,,,P1D,,A,,,,,,,99Q1=100,,,4,,4F0,,Swiss franc/Euro ECB reference exchange rate,"ECB reference exchange rate, Swiss franc/Euro, 2.15 pm (C.E.T.)",CHF,0
EXR.D.CHF.EUR.SP00.A,D,CHF,EUR,SP00,A,2010-04-29,1.4348,A,,,,P1D,,A,,,,,,,99Q1=100,,,4,,4F0,,Swiss franc/Euro ECB reference exchange rate,"ECB reference exchange rate, Swiss franc/Euro, 2.15 pm (C.E.T.)",CHF,0
EXR.D.CHF.EUR.SP00.A,D,CHF,EUR,SP00,A,2010-04-30,1.4341,A,,,,P1D,,A,,,,,,,99Q1=100,,,4,,4F0,,Swiss franc/Euro ECB reference exchange rate,"ECB reference exchange rate, Swiss franc/Euro, 2.15 pm (C.E.T.)",CHF,0
EXR.D.CHF.EUR.SP00.A,D,CHF,EUR,SP00,A,2010-05-03,1.4328,A,,,,P1D,,A,,,,,,,99Q1=100,,,4,,4F0,,Swiss franc/Euro ECB reference exchange rate,"ECB reference exchange rate, Swiss franc/Euro, 2.15 pm (C.E.T.)",CHF,0
EXR.D.CHF.EUR.SP00.A,D,CHF,EUR,SP00,A,2010-05-04,1.4325,A,,,,P1D,,A,,,,,,,99Q1=100,,,4,,4F0,,Swiss franc/Euro ECB reference exchange rate,"ECB reference exchange rate, Swiss franc/Euro, 2.15 pm (C.E.T.)",CHF,0
EXR.D.CHF.EUR.SP00.A,D,CHF,EUR,SP00,A,2010-05-05,1.4325,A,,,,P1D,,A,,,,,,,99Q1=100,,,4,,4F0,,Swiss franc/Euro ECB reference exchange rate,"ECB reference exchange rate, Swiss franc/Euro, 2.15 pm (C.E.T.)",CHF,0
EXR.D.CHF.EUR.SP00.A,D,CHF,EUR,SP00,A,2010-05-06,1.4132,A,,,,P1D,,A,,,,,,,99Q1=100,,,4,,4F0,,Swiss franc/Euro ECB reference exchange rate,"ECB reference exchange rate, Swiss franc/Euro, 2.15 pm (C.E.T.)",CHF,0
EXR.D.CHF.EUR.SP00.A,D,CHF,EUR,SP00,A,2010-05-07,1.4144,A,,,,P1D,,A,,,,,,,99Q1=100,,,4,,4F0,,Swiss franc/Euro ECB reference exchange rate,"ECB reference exchange rate, Swiss franc/Euro, 2.15 pm (C.E.T.)",CHF,0
EXR.D.CHF.EUR.SP00.A,D,CHF,EUR,SP00,A,2010-05-10,1.4248,A,,,,P1D,,A,,,,,,,99Q1=100,,,4,,4F0,,Swiss franc/Euro ECB reference exchange rate,"ECB reference exchange rate, Swiss franc/Euro, 2.15 pm (C.E.T.)",CHF,0
EXR.D.CHF.EUR.SP00.A,D,CHF,EUR,SP00,A,2010-05-11,1.4095,A,,,,P1D,,A,,,,,,,99Q1=100,,,4,,4F0,,Swiss franc/Euro ECB reference exchange rate,"ECB reference exchange rate, Swiss franc/Euro, 2.15 pm (C.E.T.)",CHF,0
EXR.D.CHF.EUR.SP00.A,D,CHF,EUR,SP00,A,2010-05-12,1.4062,A,,,,P1D,,A,,,,,,,99Q1=100,,,4,,4F0,,Swiss franc/Euro ECB reference exchange rate,"ECB reference exchange rate, Swiss franc/Euro, 2.15 pm (C.E.T.)",CHF,0
EXR.D.CHF.EUR.SP00.A,D,CHF,EUR,SP00,A,2010-05-13,1.4011,A,,,,P1D,,A,,,,,,,99Q1=100,,,4,,4F0,,Swiss franc/Euro ECB reference exchange rate,"ECB reference exchange rate, Swiss franc/Euro, 2.15 pm (C.E.T.)",CHF,0
EXR.D.CHF.EUR.SP00.A,D,CHF,EUR,SP00,A,2010-05-14,1.402,A,,,,P1D,,A,,,,,,,99Q1=100,,,4,,4F0,,Swiss franc/Euro ECB reference exchange rate,"ECB reference exchange rate, Swiss franc/Euro, 2.15 pm (C.E.T.)",CHF,0
EXR.D.CHF.EUR.SP00.A,D,CHF,EUR,SP00,A,2010-05-17,1.4014,A,,,,P1D,,A,,,,,,,99Q1=100,,,4,,4F0,,Swiss franc/Euro ECB reference exchange rate,"ECB reference exchange rate, Swiss franc/Euro, 2.15 pm (C.E.T.)",CHF,0
EXR.D.CHF.EUR.SP00.A,D,CHF,EUR,SP00,A,2010-05-18,1.4028,A,,,,P1D,,A,,,,,,,99Q1=100,,,4,,4F0,,Swiss franc/Euro ECB reference exchange rate,"ECB reference exchange rate, Swiss franc/Euro, 2.15 pm (C.E.T.)",CHF,0
EXR.D.CHF.EUR.SP00.A,D,CHF,EUR,SP00,A,2010-05-19,1.4043,A,,,,P1D,,A,,,,,,,99Q1=100,,,4,,4F0,,Swiss franc/Euro ECB reference exchange rate,"ECB reference exchange rate, Swiss franc/Euro, 2.15 pm (C.E.T.)",CHF,0
EXR.D.CHF.EUR.SP00.A,D,CHF,EUR,SP00,A,2010-05-20,1.4179,A,,,,P1D,,A,,,,,,,99Q1=100,,,4,,4F0,,Swiss franc/Euro ECB reference exchange rate,"ECB reference exchange rate, Swiss franc/Euro, 2.15 pm (C.E.T.)",CHF,0
EXR.D.CHF.EUR.SP00.A,D,CHF,EUR,SP00,A,2010-05-21,1.4408,A,,,,P1D,,A,,,,,,,99Q1=100,,,4,,4F0,,Swiss franc/Euro ECB reference exchange rate,"ECB reference exchange rate, Swiss franc/Euro, 2.15 pm (C.E.T.)",CHF,0
EXR.D.CHF.EUR.SP00.A,D,CHF,EUR,SP00,A,2010-05-24,1.4339,A,,,,P1D,,A,,,,,,,99Q1=100,,,4,,4F0,,Swiss franc/Euro ECB reference exchange rate,"ECB reference exchange rate, Swiss franc/Euro, 2.15 pm (C.E.T.)",CHF,0
EXR.D.CHF.EUR.SP00.A,D,CHF,EUR,SP00,A,2010-05-25,1.4244,A,,,,P1D,,A,,,,,,,99Q1=100,,,4,,4F0,,Swiss franc/Euro ECB reference exchange rate,"ECB reference exchange rate, Swiss franc/Euro, 2.15 pm (C.E.T.)",CHF,0
EXR.D.CHF.EUR.SP00.A,D,CHF,EUR,SP00,A,2010-05-26,1.4206,A,,,,P1D,,A,,,,,,,99Q1=100,,,4,,4F0,,Swiss franc/Euro ECB reference exchange rate,"ECB reference exchange rate, Swiss franc/Euro, 2.15 pm (C.E.T.)",CHF,0
EXR.D.CHF.EUR.SP00.A,D,CHF,EUR,SP00,A,2010-05-27,1.4164,A,,,,P1D,,A,,,,,,,99Q1=100,,,4,,4F0,,Swiss franc/Euro ECB reference exchange rate,"ECB reference exchange rate, Swiss franc/Euro, 2.15 pm (C.E.T.)",CHF,0
EXR.D.CHF.EUR.SP00.A,D,CHF,EUR,SP00,A,2010-05-28,1.4258,A,,,,P1D,,A,,,,,,,99Q1=100,,,4,,4F0,,Swiss franc/Euro ECB reference exchange rate,"ECB reference exchange rate, Swiss franc/Euro, 2.15 pm (C.E.T.)",CHF,0
EXR.D.CHF.EUR.SP00.A,D,CHF,EUR,SP00,A,2010-05-31,1.423,A,,,,P1D,,A,,,,,,,99Q1=100,,,4,,4F0,,Swiss franc/Euro ECB reference exchange rate,"ECB reference exchange rate, Swiss franc/Euro, 2.15 pm (C.E.T.)",CHF,0
EXR.D.CHF.EUR.SP00.A,D,CHF,EUR,SP00,A,2010-06-01,1.4183,A,,,,P1D,,A,,,,,,,99Q1=100,,,4,,4F0,,Swiss franc/Euro ECB reference exchange rate,"ECB reference exchange rate, Swiss franc/Euro, 2.15 pm (C.E.T.)",CHF,0
EXR.D.CHF.EUR.SP00.A,D,CHF,EUR,SP00,A,2010-06-02,1.4148,A,,,,P1D,,A,,,,,,,99Q1=100,,,4,,4F0,,Swiss franc/Euro ECB reference exchange rate,"ECB reference exchange rate, Swiss franc/Euro, 2.15 pm (C.E.T.)",CHF,0
EXR.D.CHF.EUR.SP00.A,D,CHF,EUR,SP00,A,2010-06-03,1.4149,A,,,,P1D,,A,,,,,,,99Q1=100,,,4,,4F0,,Swiss franc/Euro ECB reference exchange rate,"ECB reference exchange rate, Swiss franc/Euro, 2.15 pm (C.E.T.)",CHF,0
EXR.D.CHF.EUR.SP00.A,D,CHF,EUR,SP00,A,2010-06-04,1.3951,A,,,,P1D,,A,,,,,,,99Q1=100,,,4,,4F0,,Swiss franc/Euro ECB reference exchange rate,"ECB reference exchange rate, Swiss franc/Euro, 2.15 pm (C.E.T.)",CHF,0
EXR.D.CHF.EUR.SP00.A,D,CHF,EUR,SP00,A,2010-06-07,1.3911,A,,,,P1D,,A,,,,,,,99Q1=100,,,4,,4F0,,Swiss franc/Euro ECB reference exchange rate,"ECB reference exchange rate, Swiss franc/Euro, 2.15 pm (C.E.T.)",CHF,0
EXR.D.CHF.EUR.SP00.A,D,CHF,EUR,SP00,A,2010-06-08,1.3793,A,,,,P1D,,A,,,,,,,99Q1=100,,,4,,4F0,,Swiss franc/Euro ECB reference exchange rate,"ECB reference exchange rate, Swiss franc/Euro, 2.15 pm (C.E.T.)",CHF,0
EXR.D.CHF.EUR.SP00.A,D,CHF,EUR,SP00,A,2010-06-09,1.3762,A,,,,P1D,,A,,,,,,,99Q1=100,,,4,,4F0,,Swiss franc/Euro ECB reference exchange rate,"ECB reference exchange rate, Swiss franc/Euro, 2.15 pm (C.E.T.)",CHF,0
EXR.D.CHF.EUR.SP00.A,D,CHF,EUR,SP00,A,2010-06-10,1.3788,A,,,,P1D,,A,,,,,,,99Q1=100,,,4,,4F0,,Swiss franc/Euro ECB reference exchange rate,"ECB reference exchange rate, Swiss franc/Euro, 2.15 pm (C.E.T.)",CHF,0
EXR.D.CHF.EUR.SP00.A,D,CHF,EUR,SP00,A,2010-06-11,1.3893,A,,,,P1D,,A,,,,,,,99Q1=100,,,4,,4F0,,Swiss franc/Euro ECB reference exchange rate,"ECB reference exchange rate, Swiss franc/Euro, 2.15 pm (C.E.T.)",CHF,0
EXR.D.CHF.EUR.SP00.A,D,CHF,EUR,SP00,A,2010-06-14,1.391,A,,,,P1D,,A,,,,,,,99Q1=100,,,4,,4F0,,Swiss franc/Euro ECB reference exchange rate,"ECB reference exchange rate, Swiss franc/Euro, 2.15 pm (C.E.T.)",CHF,0
EXR.D.CHF.EUR.SP00.A,D,CHF,EUR,SP00,A,2010-06-15,1.3998,A,,,,P1D,,A,,,,,,,99Q1=100,,,4,,4F0,,Swiss franc/Euro ECB reference exchange rate,"ECB reference exchange rate, Swiss franc/Euro, 2.15 pm (C.E.T.)",CHF,0
EXR.D.CHF.EUR.SP00.A,D,CHF,EUR,SP00,A,2010-06-16,1.3888,A,,,,P1D,,A,,,,,,,99Q1=100,,,4,,4F0,,Swiss franc/Euro ECB reference exchange rate,"ECB reference exchange rate, Swiss franc/Euro, 2.15 pm (C.E.T.)",CHF,0
EXR.D.CHF.EUR.SP00.A,D,CHF,EUR,SP00,A,2010-06-17,1.3778,A,,,,P1D,,A,,,,,,,99Q1=100,,,4,,4F0,,Swiss franc/Euro ECB reference exchange rate,"ECB reference exchange rate, Swiss franc/Euro, 2.15 pm (C.E.T.)",CHF,0
EXR.D.CHF.EUR.SP00.A,D,CHF,EUR,SP00,A,2010-06-18,1.3745,A,,,,P1D,,A,,,,,,,99Q1=100,,,4,,4F0,,Swiss franc/Euro ECB reference exchange rate,"ECB reference exchange rate, Swiss franc/Euro, 2.15 pm (C.E.T.)",CHF,0
EXR.D.CHF.EUR.SP00.A,D,CHF,EUR,SP00,A,2010-06-21,1.3738,A,,,,P1D,,A,,,,,,,99Q1=100,,,4,,4F0,,Swiss franc/Euro ECB reference exchange rate,"ECB reference exchange rate, Swiss franc/Euro, 2.15 pm (C.E.T.)",CHF,0
EXR.D.CHF.EUR.SP00.A,D,CHF,EUR,SP00,A,2010-06-22,1.3622,A,,,,P1D,,A,,,,,,,99Q1=100,,,4,,4F0,,Swiss franc/Euro ECB reference exchange rate,"ECB reference exchange rate, Swiss franc/Euro, 2.15 pm (C.E.T.)",CHF,0
EXR.D.CHF.EUR.SP00.A,D,CHF,EUR,SP00,A,2010-06-23,1.3611,A,,,,P1D,,A,,,,,,,99Q1=100,,,4,,4F0,,Swiss franc/Euro ECB reference exchange rate,"ECB reference exchange rate, Swiss franc/Euro, 2.15 pm (C.E.T.)",CHF,0
EXR.D.CHF.EUR.SP00.A,D,CHF,EUR,SP00,A,2010-06-24,1.3555,A,,,,P1D,,A,,,,,,,99Q1=100,,,4,,4F0,,Swiss franc/Euro ECB reference exchange rate,"ECB reference exchange rate, Swiss franc/Euro, 2.15 pm (C.E.T.)",CHF,0
EXR.D.CHF.EUR.SP00.A,D,CHF,EUR,SP00,A,2010-06-25,1.3533,A,,,,P1D,,A,,,,,,,99Q1=100,,,4,,4F0,,Swiss franc/Euro ECB reference exchange rate,"ECB reference exchange rate, Swiss franc/Euro, 2.15 pm (C.E.T.)",CHF,0
EXR.D.CHF.EUR.SP00.A,D,CHF,EUR,SP00,A,2010-06-28,1.3387,A,,,,P1D,,A,,,,,,,99Q1=100,,,4,,4F0,,Swiss franc/Euro ECB reference exchange rate,"ECB reference exchange rate, Swiss franc/Euro, 2.15 pm (C.E.T.)",CHF,0
EXR.D.CHF.EUR.SP00.A,D,CHF,EUR,SP00,A,2010-06-29,1.3258,A,,,,P1D,,A,,,,,,,99Q1=100,,,4,,4F0,,Swiss franc/Euro ECB reference exchange rate,"ECB reference exchange rate, Swiss franc/Euro, 2.15 pm (C.E.T.)",CHF,0
EXR.D.CHF.EUR.SP00.A,D,CHF,EUR,SP00,A,2010-06-30,1.3283,A,,,,P1D,,A,,,,,,,99Q1=100,,,4,,4F0,,Swiss franc/Euro ECB reference exchange rate,"ECB reference exchange rate, Swiss franc/Euro, 2.15 pm (C.E.T.)",CHF,0
EXR.D.CHF.EUR.SP00.A,D,CHF,EUR,SP00,A,2010-07-01,1.3178,A,,,,P1D,,A,,,,,,,99Q1=100,,,4,,4F0,,Swiss franc/Euro ECB reference exchange rate,"ECB reference exchange rate, Swiss franc/Euro, 2.15 pm (C.E.T.)",CHF,0
EXR.D.CHF.EUR.SP00.A,D,CHF,EUR,SP00,A,2010-07-02,1.3376,A,,,,P1D,,A,,,,,,,99Q1=100,,,4,,4F0,,Swiss franc/Euro ECB reference exchange rate,"ECB reference exchange rate, Swiss franc/Euro, 2.15 pm (C.E.T.)",CHF,0
EXR.D.CHF.EUR.SP00.A,D,CHF,EUR,SP00,A,2010-07-05,1.3325,A,,,,P1D,,A,,,,,,,99Q1=100,,,4,,4F0,,Swiss franc/Euro ECB reference exchange rate,"ECB reference exchange rate, Swiss franc/Euro, 2.15 pm (C.E.T.)",CHF,0
EXR.D.CHF.EUR.SP00.A,D,CHF,EUR,SP00,A,2010-07-06,1.3373,A,,,,P1D,,A,,,,,,,99Q1=100,,,4,,4F0,,Swiss franc/Euro ECB reference exchange rate,"ECB reference exchange rate, Swiss franc/Euro, 2.15 pm (C.E.T.)",CHF,0
EXR.D.CHF.EUR.SP00.A,D,CHF,EUR,SP00,A,2010-07-07,1.3312,A,,,,P1D,,A,,,,,,,99Q1=100,,,4,,4F0,,Swiss franc/Euro ECB reference exchange rate,"ECB reference exchange rate, Swiss franc/Euro, 2.15 pm (C.E.T.)",CHF,0
EXR.D.CHF.EUR.SP00.A,D,CHF,EUR,SP00,A,2010-07-08,1.3321,A,,,,P1D,,A,,,,,,,99Q1=100,,,4,,4F0,,Swiss franc/Euro ECB reference exchange rate,"ECB reference exchange rate, Swiss franc/Euro, 2.15 pm (C.E.T.)",CHF,0
EXR.D.CHF.EUR.SP00.A,D,CHF,EUR,SP00,A,2010-07-09,1.3331,A,,,,P1D,,A,,,,,,,99Q1=100,,,4,,4F0,,Swiss franc/Euro ECB reference exchange rate,"ECB reference exchange rate, Swiss franc/Euro, 2.15 pm (C.E.T.)",CHF,0
EXR.D.CHF.EUR.SP00.A,D,CHF,EUR,SP00,A,2010-07-12,1.3349,A,,,,P1D,,A,,,,,,,99Q1=100,,,4,,4F0,,Swiss franc/Euro ECB reference exchange rate,"ECB reference exchange rate, Swiss franc/Euro, 2.15 pm (C.E.T.)",CHF,0
EXR.D.CHF.EUR.SP00.A,D,CHF,EUR,SP00,A,2010-07-13,1.3337,A,,,,P1D,,A,,,,,,,99Q1=100,,,4,,4F0,,Swiss franc/Euro ECB reference exchange rate,"ECB reference exchange rate, Swiss franc/Euro, 2.15 pm (C.E.T.)",CHF,0
EXR.D.CHF.EUR.SP00.A,D,CHF,EUR,SP00,A,2010-07-14,1.3428,A,,,,P1D,,A,,,,,,,99Q1=100,,,4,,4F0,,Swiss franc/Euro ECB reference exchange rate,"ECB reference exchange rate, Swiss franc/Euro, 2.15 pm (C.E.T.)",CHF,0
EXR.D.CHF.EUR.SP00.A,D,CHF,EUR,SP00,A,2010-07-15,1.342,A,,,,P1D,,A,,,,,,,99Q1=100,,,4,,4F0,,Swiss franc/Euro ECB reference exchange rate,"ECB reference exchange rate, Swiss franc/Euro, 2.15 pm (C.E.T.)",CHF,0
EXR.D.CHF.EUR.SP00.A,D,CHF,EUR,SP00,A,2010-07-16,1.3543,A,,,,P1D,,A,,,,,,,99Q1=100,,,4,,4F0,,Swiss franc/Euro ECB reference exchange rate,"ECB reference exchange rate, Swiss franc/Euro, 2.15 pm (C.E.T.)",CHF,0
EXR.D.CHF.EUR.SP00.A,D,CHF,EUR,SP00,A,2010-07-19,1.364,A,,,,P1D,,A,,,,,,,99Q1=100,,,4,,4F0,,Swiss franc/Euro ECB reference exchange rate,"ECB reference exchange rate, Swiss franc/Euro, 2.15 pm (C.E.T.)",CHF,0
EXR.D.CHF.EUR.SP00.A,D,CHF,EUR,SP00,A,2010-07-20,1.3537,A,,,,P1D,,A,,,,,,,99Q1=100,,,4,,4F0,,Swiss franc/Euro ECB reference exchange rate,"ECB reference exchange rate, Swiss franc/Euro, 2.15 pm (C.E.T.)",CHF,0
EXR.D.CHF.EUR.SP00.A,D,CHF,EUR,SP00,A,2010-07-21,1.344,A,,,,P1D,,A,,,,,,,99Q1=100,,,4,,4F0,,Swiss franc/Euro ECB reference exchange rate,"ECB reference exchange rate, Swiss franc/Euro, 2.15 pm (C.E.T.)",CHF,0
EXR.D.CHF.EUR.SP00.A,D,CHF,EUR,SP00,A,2010-07-22,1.3418,A,,,,P1D,,A,,,,,,,99Q1=100,,,4,,4F0,,Swiss franc/Euro ECB reference exchange rate,"ECB reference exchange rate, Swiss franc/Euro, 2.15 pm (C.E.T.)",CHF,0
EXR.D.CHF.EUR.SP00.A,D,CHF,EUR,SP00,A,2010-07-23,1.3488,A,,,,P1D,,A,,,,,,,99Q1=100,,,4,,4F0,,Swiss franc/Euro ECB reference exchange rate,"ECB reference exchange rate, Swiss franc/Euro, 2.15 pm (C.E.T.)",CHF,0
EXR.D.CHF.EUR.SP00.A,D,CHF,EUR,SP00,A,2010-07-26,1.3574,A,,,,P1D,,A,,,,,,,99Q1=100,,,4,,4F0,,Swiss franc/Euro ECB reference exchange rate,"ECB reference exchange rate, Swiss franc/Euro, 2.15 pm (C.E.T.)",CHF,0
EXR.D.CHF.EUR.SP00.A,D,CHF,EUR,SP00,A,2010-07-27,1.3775,A,,,,P1D,,A,,,,,,,99Q1=100,,,4,,4F0,,Swiss franc/Euro ECB reference exchange rate,"ECB reference exchange rate, Swiss franc/Euro, 2.15 pm (C.E.T.)",CHF,0
EXR.D.CHF.EUR.SP00.A,D,CHF,EUR,SP00,A,2010-07-28,1.376,A,,,,P1D,,A,,,,,,,99Q1=100,,,4,,4F0,,Swiss franc/Euro ECB reference exchange rate,"ECB reference exchange rate, Swiss franc/Euro, 2.15 pm (C.E.T.)",CHF,0
EXR.D.CHF.EUR.SP00.A,D,CHF,EUR,SP00,A,2010-07-29,1.366,A,,,,P1D,,A,,,,,,,99Q1=100,,,4,,4F0,,Swiss franc/Euro ECB reference exchange rate,"ECB reference exchange rate, Swiss franc/Euro, 2.15 pm (C.E.T.)",CHF,0
EXR.D.CHF.EUR.SP00.A,D,CHF,EUR,SP00,A,2010-07-30,1.3541,A,,,,P1D,,A,,,,,,,99Q1=100,,,4,,4F0,,Swiss franc/Euro ECB reference exchange rate,"ECB reference exchange rate, Swiss franc/Euro, 2.15 pm (C.E.T.)",CHF,0
EXR.D.CHF.EUR.SP00.A,D,CHF,EUR,SP00,A,2010-08-02,1.366,A,,,,P1D,,A,,,,,,,99Q1=100,,,4,,4F0,,Swiss franc/Euro ECB reference exchange rate,"ECB reference exchange rate, Swiss franc/Euro, 2.15 pm (C.E.T.)",CHF,0
EXR.D.CHF.EUR.SP00.A,D,CHF,EUR,SP00,A,2010-08-03,1.3712,A,,,,P1D,,A,,,,,,,99Q1=100,,,4,,4F0,,Swiss franc/Euro ECB reference exchange rate,"ECB reference exchange rate, Swiss franc/Euro, 2.15 pm (C.E.T.)",CHF,0
EXR.D.CHF.EUR.SP00.A,D,CHF,EUR,SP00,A,2010-08-04,1.373,A,,,,P1D,,A,,,,,,,99Q1=100,,,4,,4F0,,Swiss franc/Euro ECB reference exchange rate,"ECB reference exchange rate, Swiss franc/Euro, 2.15 pm (C.E.T.)",CHF,0
EXR.D.CHF.EUR.SP00.A,D,CHF,EUR,SP00,A,2010-08-05,1.382,A,,,,P1D,,A,,,,,,,99Q1=100,,,4,,4F0,,Swiss franc/Euro ECB reference exchange rate,"ECB reference exchange rate, Swiss franc/Euro, 2.15 pm (C.E.T.)",CHF,0
EXR.D.CHF.EUR.SP00.A,D,CHF,EUR,SP00,A,2010-08-06,1.383,A,,,,P1D,,A,,,,,,,99Q1=100,,,4,,4F0,,Swiss franc/Euro ECB reference exchange rate,"ECB reference exchange rate, Swiss franc/Euro, 2.15 pm (C.E.T.)",CHF,0
EXR.D.CHF.EUR.SP00.A,D,CHF,EUR,SP00,A,2010-08-09,1.3771,A,,,,P1D,,A,,,,,,,99Q1=100,,,4,,4F0,,Swiss franc/Euro ECB reference exchange rate,"ECB reference exchange rate, Swiss franc/Euro, 2.15 pm (C.E.T.)",CHF,0
EXR.D.CHF.EUR.SP00.A,D,CHF,EUR,SP00,A,2010-08-10,1.3895,A,,,,P1D,,A,,,,,,,99Q1=100,,,4,,4F0,,Swiss franc/Euro ECB reference exchange rate,"ECB reference exchange rate, Swiss franc/Euro, 2.15 pm (C.E.T.)",CHF,0
EXR.D.CHF.EUR.SP00.A,D,CHF,EUR,SP00,A,2010-08-11,1.3695,A,,,,P1D,,A,,,,,,,99Q1=100,,,4,,4F0,,Swiss franc/Euro ECB reference exchange rate,"ECB reference exchange rate, Swiss franc/Euro, 2.15 pm (C.E.T.)",CHF,0
EXR.D.CHF.EUR.SP00.A,D,CHF,EUR,SP00,A,2010-08-12,1.3492,A,,,,P1D,,A,,,,,,,99Q1=100,,,4,,4F0,,Swiss franc/Euro ECB reference exchange rate,"ECB reference exchange rate, Swiss franc/Euro, 2.15 pm (C.E.T.)",CHF,0
EXR.D.CHF.EUR.SP00.A,D,CHF,EUR,SP00,A,2010-08-13,1.3488,A,,,,P1D,,A,,,,,,,99Q1=100,,,4,,4F0,,Swiss franc/Euro ECB reference exchange rate,"ECB reference exchange rate, Swiss franc/Euro, 2.15 pm (C.E.T.)",CHF,0
EXR.D.CHF.EUR.SP00.A,D,CHF,EUR,SP00,A,2010-08-16,1.335,A,,,,P1D,,A,,,,,,,99Q1=100,,,4,,4F0,,Swiss franc/Euro ECB reference exchange rate,"ECB reference exchange rate, Swiss franc/Euro, 2.15 pm (C.E.T.)",CHF,0
EXR.D.CHF.EUR.SP00.A,D,CHF,EUR,SP00,A,2010-08-17,1.3411,A,,,,P1D,,A,,,,,,,99Q1=100,,,4,,4F0,,Swiss franc/Euro ECB reference exchange rate,"ECB reference exchange rate, Swiss franc/Euro, 2.15 pm (C.E.T.)",CHF,0
EXR.D.CHF.EUR.SP00.A,D,CHF,EUR,SP00,A,2010-08-18,1.3423,A,,,,P1D,,A,,,,,,,99Q1=100,,,4,,4F0,,Swiss franc/Euro ECB reference exchange rate,"ECB reference exchange rate, Swiss franc/Euro, 2.15 pm (C.E.T.)",CHF,0
EXR.D.CHF.EUR.SP00.A,D,CHF,EUR,SP00,A,2010-08-19,1.3331,A,,,,P1D,,A,,,,,,,99Q1=100,,,4,,4F0,,Swiss franc/Euro ECB reference exchange rate,"ECB reference exchange rate, Swiss franc/Euro, 2.15 pm (C.E.T.)",CHF,0
EXR.D.CHF.EUR.SP00.A,D,CHF,EUR,SP00,A,2010-08-20,1.3151,A,,,,P1D,,A,,,,,,,99Q1=100,,,4,,4F0,,Swiss franc/Euro ECB reference exchange rate,"ECB reference exchange rate, Swiss franc/Euro, 2.15 pm (C.E.T.)",CHF,0
EXR.D.CHF.EUR.SP00.A,D,CHF,EUR,SP00,A,2010-08-23,1.316,A,,,,P1D,,A,,,,,,,99Q1=100,,,4,,4F0,,Swiss franc/Euro ECB reference exchange rate,"ECB reference exchange rate, Swiss franc/Euro, 2.15 pm (C.E.T.)",CHF,0
EXR.D.CHF.EUR.SP00.A,D,CHF,EUR,SP00,A,2010-08-24,1.3156,A,,,,P1D,,A,,,,,,,99Q1=100,,,4,,4F0,,Swiss franc/Euro ECB reference exchange rate,"ECB reference exchange rate, Swiss franc/Euro, 2.15 pm (C.E.T.)",CHF,0
EXR.D.CHF.EUR.SP00.A,D,CHF,EUR,SP00,A,2010-08-25,1.2994,A,,,,P1D,,A,,,,,,,99Q1=100,,,4,,4F0,,Swiss franc/Euro ECB reference exchange rate,"ECB reference exchange rate, Swiss franc/Euro, 2.15 pm (C.E.T.)",CHF,0
EXR.D.CHF.EUR.SP00.A,D,CHF,EUR,SP00,A,2010-08-26,1.3027,A,,,,P1D,,A,,,,,,,99Q1=100,,,4,,4F0,,Swiss franc/Euro ECB reference exchange rate,"ECB reference exchange rate, Swiss franc/Euro, 2.15 pm (C.E.T.)",CHF,0
EXR.D.CHF.EUR.SP00.A,D,CHF,EUR,SP00,A,2010-08-27,1.3004,A,,,,P1D,,A,,,,,,,99Q1=100,,,4,,4F0,,Swiss franc/Euro ECB reference exchange rate,"ECB reference exchange rate, Swiss franc/Euro, 2.15 pm (C.E.T.)",CHF,0
EXR.D.CHF.EUR.SP00.A,D,CHF,EUR,SP00,A,2010-08-30,1.3055,A,,,,P1D,,A,,,,,,,99Q1=100,,,4,,4F0,,Swiss franc/Euro ECB reference exchange rate,"ECB reference exchange rate, Swiss franc/Euro, 2.15 pm (C.E.T.)",CHF,0
EXR.D.CHF.EUR.SP00.A,D,CHF,EUR,SP00,A,2010-08-31,1.2935,A,,,,P1D,,A,,,,,,,99Q1=100,,,4,,4F0,,Swiss franc/Euro ECB reference exchange rate,"ECB reference exchange rate, Swiss franc/Euro, 2.15 pm (C.E.T.)",CHF,0
EXR.D.CHF.EUR.SP00.A,D,CHF,EUR,SP00,A,2010-09-01,1.2967,A,,,,P1D,,A,,,,,,,99Q1=100,,,4,,4F0,,Swiss franc/Euro ECB reference exchange rate,"ECB reference exchange rate, Swiss franc/Euro, 2.15 pm (C.E.T.)",CHF,0
EXR.D.CHF.EUR.SP00.A,D,CHF,EUR,SP00,A,2010-09-02,1.2953,A,,,,P1D,,A,,,,,,,99Q1=100,,,4,,4F0,,Swiss franc/Euro ECB reference exchange rate,"ECB reference exchange rate, Swiss franc/Euro, 2.15 pm (C.E.T.)",CHF,0
EXR.D.CHF.EUR.SP00.A,D,CHF,EUR,SP00,A,2010-09-03,1.3043,A,,,,P1D,,A,,,,,,,99Q1=100,,,4,,4F0,,Swiss franc/Euro ECB reference exchange rate,"ECB reference exchange rate, Swiss franc/Euro, 2.15 pm (C.E.T.)",CHF,0
EXR.D.CHF.EUR.SP00.A,D,CHF,EUR,SP00,A,2010-09-06,1.307,A,,,,P1D,,A,,,,,,,99Q1=100,,,4,,4F0,,Swiss franc/Euro ECB reference exchange rate,"ECB reference exchange rate, Swiss franc/Euro, 2.15 pm (C.E.T.)",CHF,0
EXR.D.CHF.EUR.SP00.A,D,CHF,EUR,SP00,A,2010-09-07,1.2903,A,,,,P1D,,A,,,,,,,99Q1=100,,,4,,4F0,,Swiss franc/Euro ECB reference exchange rate,"ECB reference exchange rate, Swiss franc/Euro, 2.15 pm (C.E.T.)",CHF,0
EXR.D.CHF.EUR.SP00.A,D,CHF,EUR,SP00,A,2010-09-08,1.2837,A,,,,P1D,,A,,,,,,,99Q1=100,,,4,,4F0,,Swiss franc/Euro ECB reference exchange rate,"ECB reference exchange rate, Swiss franc/Euro, 2.15 pm (C.E.T.)",CHF,0
EXR.D.CHF.EUR.SP00.A,D,CHF,EUR,SP00,A,2010-09-09,1.2859,A,,,,P1D,,A,,,,,,,99Q1=100,,,4,,4F0,,Swiss franc/Euro ECB reference exchange rate,"ECB reference exchange rate, Swiss franc/Euro, 2.15 pm (C.E.T.)",CHF,0
EXR.D.CHF.EUR.SP00.A,D,CHF,EUR,SP00,A,2010-09-10,1.302,A,,,,P1D,,A,,,,,,,99Q1=100,,,4,,4F0,,Swiss franc/Euro ECB reference exchange rate,"ECB reference exchange rate, Swiss franc/Euro, 2.15 pm (C.E.T.)",CHF,0
EXR.D.CHF.EUR.SP00.A,D,CHF,EUR,SP00,A,2010-09-13,1.2991,A,,,,P1D,,A,,,,,,,99Q1=100,,,4,,4F0,,Swiss franc/Euro ECB reference exchange rate,"ECB reference exchange rate, Swiss franc/Euro, 2.15 pm (C.E.T.)",CHF,0
EXR.D.CHF.EUR.SP00.A,D,CHF,EUR,SP00,A,2010-09-14,1.2911,A,,,,P1D,,A,,,,,,,99Q1=100,,,4,,4F0,,Swiss franc/Euro ECB reference exchange rate,"ECB reference exchange rate, Swiss franc/Euro, 2.15 pm (C.E.T.)",CHF,0
EXR.D.CHF.EUR.SP00.A,D,CHF,EUR,SP00,A,2010-09-15,1.3019,A,,,,P1D,,A,,,,,,,99Q1=100,,,4,,4F0,,Swiss franc/Euro ECB reference exchange rate,"ECB reference exchange rate, Swiss franc/Euro, 2.15 pm (C.E.T.)",CHF,0
EXR.D.CHF.EUR.SP00.A,D,CHF,EUR,SP00,A,2010-09-16,1.3225,A,,,,P1D,,A,,,,,,,99Q1=100,,,4,,4F0,,Swiss franc/Euro ECB reference exchange rate,"ECB reference exchange rate, Swiss franc/Euro, 2.15 pm (C.E.T.)",CHF,0
EXR.D.CHF.EUR.SP00.A,D,CHF,EUR,SP00,A,2010-09-17,1.321,A,,,,P1D,,A,,,,,,,99Q1=100,,,4,,4F0,,Swiss franc/Euro ECB reference exchange rate,"ECB reference exchange rate, Swiss franc/Euro, 2.15 pm (C.E.T.)",CHF,0
EXR.D.CHF.EUR.SP00.A,D,CHF,EUR,SP00,A,2010-09-20,1.316,A,,,,P1D,,A,,,,,,,99Q1=100,,,4,,4F0,,Swiss franc/Euro ECB reference exchange rate,"ECB reference exchange rate, Swiss franc/Euro, 2.15 pm (C.E.T.)",CHF,0
EXR.D.CHF.EUR.SP00.A,D,CHF,EUR,SP00,A,2010-09-21,1.3156,A,,,,P1D,,A,,,,,,,99Q1=100,,,4,,4F0,,Swiss franc/Euro ECB reference exchange rate,"ECB reference exchange rate, Swiss franc/Euro, 2.15 pm (C.E.T.)",CHF,0
EXR.D.CHF.EUR.SP00.A,D,CHF,EUR,SP00,A,2010-09-22,1.3217,A,,,,P1D,,A,,,,,,,99Q1=100,,,4,,4F0,,Swiss franc/Euro ECB reference exchange rate,"ECB reference exchange rate, Swiss franc/Euro, 2.15 pm (C.E.T.)",CHF,0
EXR.D.CHF.EUR.SP00.A,D,CHF,EUR,SP00,A,2010-09-23,1.3138,A,,,,P1D,,A,,,,,,,99Q1=100,,,4,,4F0,,Swiss franc/Euro ECB reference exchange rate,"ECB reference exchange rate, Swiss franc/Euro, 2.15 pm (C.E.T.)",CHF,0
EXR.D.CHF.EUR.SP00.A,D,CHF,EUR,SP00,A,2010-09-24,1.3163,A,,,,P1D,,A,,,,,,,99Q1=100,,,4,,4F0,,Swiss franc/Euro ECB reference exchange rate,"ECB reference exchange rate, Swiss franc/Euro, 2.15 pm (C.E.T.)",CHF,0
EXR.D.CHF.EUR.SP00.A,D,CHF,EUR,SP00,A,2010-09-27,1.3257,A,,,,P1D,,A,,,,,,,99Q1=100,,,4,,4F0,,Swiss franc/Euro ECB reference exchange rate,"ECB reference exchange rate, Swiss franc/Euro, 2.15 pm (C.E.T.)",CHF,0
EXR.D.CHF.EUR.SP00.A,D,CHF,EUR,SP00,A,2010-09-28,1.3272,A,,,,P1D,,A,,,,,,,99Q1=100,,,4,,4F0,,Swiss franc/Euro ECB reference exchange rate,"ECB reference exchange rate, Swiss franc/Euro, 2.15 pm (C.E.T.)",CHF,0
EXR.D.CHF.EUR.SP00.A,D,CHF,EUR,SP00,A,2010-09-29,1.3295,A,,,,P1D,,A,,,,,,,99Q1=100,,,4,,4F0,,Swiss franc/Euro ECB reference exchange rate,"ECB reference exchange rate, Swiss franc/Euro, 2.15 pm (C.E.T.)",CHF,0
EXR.D.CHF.EUR.SP00.A,D,CHF,EUR,SP00,A,2010-09-30,1.3287,A,,,,P1D,,A,,,,,,,99Q1=100,,,4,,4F0,,Swiss franc/Euro ECB reference exchange rate,"ECB reference exchange rate, Swiss franc/Euro, 2.15 pm (C.E.T.)",CHF,0
EXR.D.CHF.EUR.SP00.A,D,CHF,EUR,SP00,A,2010-10-01,1.3423,A,,,,P1D,,A,,,,,,,99Q1=100,,,4,,4F0,,Swiss franc/Euro ECB reference exchange rate,"ECB reference exchange rate, Swiss franc/Euro, 2.15 pm (C.E.T.)",CHF,0
EXR.D.CHF.EUR.SP00.A,D,CHF,EUR,SP00,A,2010-10-04,1.3327,A,,,,P1D,,A,,,,,,,99Q1=100,,,4,,4F0,,Swiss franc/Euro ECB reference exchange rate,"ECB reference exchange rate, Swiss franc/Euro, 2.15 pm (C.E.T.)",CHF,0
EXR.D.CHF.EUR.SP00.A,D,CHF,EUR,SP00,A,2010-10-05,1.3348,A,,,,P1D,,A,,,,,,,99Q1=100,,,4,,4F0,,Swiss franc/Euro ECB reference exchange rate,"ECB reference exchange rate, Swiss franc/Euro, 2.15 pm (C.E.T.)",CHF,0
EXR.D.CHF.EUR.SP00.A,D,CHF,EUR,SP00,A,2010-10-06,1.3361,A,,,,P1D,,A,,,,,,,99Q1=100,,,4,,4F0,,Swiss franc/Euro ECB reference exchange rate,"ECB reference exchange rate, Swiss franc/Euro, 2.15 pm (C.E.T.)",CHF,0
EXR.D.CHF.EUR.SP00.A,D,CHF,EUR,SP00,A,2010-10-07,1.3415,A,,,,P1D,,A,,,,,,,99Q1=100,,,4,,4F0,,Swiss franc/Euro ECB reference exchange rate,"ECB reference exchange rate, Swiss franc/Euro, 2.15 pm (C.E.T.)",CHF,0
EXR.D.CHF.EUR.SP00.A,D,CHF,EUR,SP00,A,2010-10-08,1.342,A,,,,P1D,,A,,,,,,,99Q1=100,,,4,,4F0,,Swiss franc/Euro ECB reference exchange rate,"ECB reference exchange rate, Swiss franc/Euro, 2.15 pm (C.E.T.)",CHF,0
EXR.D.CHF.EUR.SP00.A,D,CHF,EUR,SP00,A,2010-10-11,1.3412,A,,,,P1D,,A,,,,,,,99Q1=100,,,4,,4F0,,Swiss franc/Euro ECB reference exchange rate,"ECB reference exchange rate, Swiss franc/Euro, 2.15 pm (C.E.T.)",CHF,0
EXR.D.CHF.EUR.SP00.A,D,CHF,EUR,SP00,A,2010-10-12,1.3298,A,,,,P1D,,A,,,,,,,99Q1=100,,,4,,4F0,,Swiss franc/Euro ECB reference exchange rate,"ECB reference exchange rate, Swiss franc/Euro, 2.15 pm (C.E.T.)",CHF,0
EXR.D.CHF.EUR.SP00.A,D,CHF,EUR,SP00,A,2010-10-13,1.3352,A,,,,P1D,,A,,,,,,,99Q1=100,,,4,,4F0,,Swiss franc/Euro ECB reference exchange rate,"ECB reference exchange rate, Swiss franc/Euro, 2.15 pm (C.E.T.)",CHF,0
EXR.D.CHF.EUR.SP00.A,D,CHF,EUR,SP00,A,2010-10-14,1.3386,A,,,,P1D,,A,,,,,,,99Q1=100,,,4,,4F0,,Swiss franc/Euro ECB reference exchange rate,"ECB reference exchange rate, Swiss franc/Euro, 2.15 pm (C.E.T.)",CHF,0
EXR.D.CHF.EUR.SP00.A,D,CHF,EUR,SP00,A,2010-10-15,1.3423,A,,,,P1D,,A,,,,,,,99Q1=100,,,4,,4F0,,Swiss franc/Euro ECB reference exchange rate,"ECB reference exchange rate, Swiss franc/Euro, 2.15 pm (C.E.T.)",CHF,0
EXR.D.CHF.EUR.SP00.A,D,CHF,EUR,SP00,A,2010-10-18,1.3359,A,,,,P1D,,A,,,,,,,99Q1=100,,,4,,4F0,,Swiss franc/Euro ECB reference exchange rate,"ECB reference exchange rate, Swiss franc/Euro, 2.15 pm (C.E.T.)",CHF,0
EXR.D.CHF.EUR.SP00.A,D,CHF,EUR,SP00,A,2010-10-19,1.3405,A,,,,P1D,,A,,,,,,,99Q1=100,,,4,,4F0,,Swiss franc/Euro ECB reference exchange rate,"ECB reference exchange rate, Swiss franc/Euro, 2.15 pm (C.E.T.)",CHF,0
EXR.D.CHF.EUR.SP00.A,D,CHF,EUR,SP00,A,2010-10-20,1.3355,A,,,,P1D,,A,,,,,,,99Q1=100,,,4,,4F0,,Swiss franc/Euro ECB reference exchange rate,"ECB reference exchange rate, Swiss franc/Euro, 2.15 pm (C.E.T.)",CHF,0
EXR.D.CHF.EUR.SP00.A,D,CHF,EUR,SP00,A,2010-10-21,1.3493,A,,,,P1D,,A,,,,,,,99Q1=100,,,4,,4F0,,Swiss franc/Euro ECB reference exchange rate,"ECB reference exchange rate, Swiss franc/Euro, 2.15 pm (C.E.T.)",CHF,0
EXR.D.CHF.EUR.SP00.A,D,CHF,EUR,SP00,A,2010-10-22,1.3533,A,,,,P1D,,A,,,,,,,99Q1=100,,,4,,4F0,,Swiss franc/Euro ECB reference exchange rate,"ECB reference exchange rate, Swiss franc/Euro, 2.15 pm (C.E.T.)",CHF,0
EXR.D.CHF.EUR.SP00.A,D,CHF,EUR,SP00,A,2010-10-25,1.3618,A,,,,P1D,,A,,,,,,,99Q1=100,,,4,,4F0,,Swiss franc/Euro ECB reference exchange rate,"ECB reference exchange rate, Swiss franc/Euro, 2.15 pm (C.E.T.)",CHF,0
EXR.D.CHF.EUR.SP00.A,D,CHF,EUR,SP00,A,2010-10-26,1.3558,A,,,,P1D,,A,,,,,,,99Q1=100,,,4,,4F0,,Swiss franc/Euro ECB reference exchange rate,"ECB reference exchange rate, Swiss franc/Euro, 2.15 pm (C.E.T.)",CHF,0
EXR.D.CHF.EUR.SP00.A,D,CHF,EUR,SP00,A,2010-10-27,1.3639,A,,,,P1D,,A,,,,,,,99Q1=100,,,4,,4F0,,Swiss franc/Euro ECB reference exchange rate,"ECB reference exchange rate, Swiss franc/Euro, 2.15 pm (C.E.T.)",CHF,0
EXR.D.CHF.EUR.SP00.A,D,CHF,EUR,SP00,A,2010-10-28,1.3668,A,,,,P1D,,A,,,,,,,99Q1=100,,,4,,4F0,,Swiss franc/Euro ECB reference exchange rate,"ECB reference exchange rate, Swiss franc/Euro, 2.15 pm (C.E.T.)",CHF,0
EXR.D.CHF.EUR.SP00.A,D,CHF,EUR,SP00,A,2010-10-29,1.3708,A,,,,P1D,,A,,,,,,,99Q1=100,,,4,,4F0,,Swiss franc/Euro ECB reference exchange rate,"ECB reference exchange rate, Swiss franc/Euro, 2.15 pm (C.E.T.)",CHF,0
EXR.D.CHF.EUR.SP00.A,D,CHF,EUR,SP00,A,2010-11-01,1.3756,A,,,,P1D,,A,,,,,,,99Q1=100,,,4,,4F0,,Swiss franc/Euro ECB reference exchange rate,"ECB reference exchange rate, Swiss franc/Euro, 2.15 pm (C.E.T.)",CHF,0
EXR.D.CHF.EUR.SP00.A,D,CHF,EUR,SP00,A,2010-11-02,1.3766,A,,,,P1D,,A,,,,,,,99Q1=100,,,4,,4F0,,Swiss franc/Euro ECB reference exchange rate,"ECB reference exchange rate, Swiss franc/Euro, 2.15 pm (C.E.T.)",CHF,0
EXR.D.CHF.EUR.SP00.A,D,CHF,EUR,SP00,A,2010-11-03,1.3761,A,,,,P1D,,A,,,,,,,99Q1=100,,,4,,4F0,,Swiss franc/Euro ECB reference exchange rate,"ECB reference exchange rate, Swiss franc/Euro, 2.15 pm (C.E.T.)",CHF,0
EXR.D.CHF.EUR.SP00.A,D,CHF,EUR,SP00,A,2010-11-04,1.3782,A,,,,P1D,,A,,,,,,,99Q1=100,,,4,,4F0,,Swiss franc/Euro ECB reference exchange rate,"ECB reference exchange rate, Swiss franc/Euro, 2.15 pm (C.E.T.)",CHF,0
EXR.D.CHF.EUR.SP00.A,D,CHF,EUR,SP00,A,2010-11-05,1.3546,A,,,,P1D,,A,,,,,,,99Q1=100,,,4,,4F0,,Swiss franc/Euro ECB reference exchange rate,"ECB reference exchange rate, Swiss franc/Euro, 2.15 pm (C.E.T.)",CHF,0
EXR.D.CHF.EUR.SP00.A,D,CHF,EUR,SP00,A,2010-11-08,1.3435,A,,,,P1D,,A,,,,,,,99Q1=100,,,4,,4F0,,Swiss franc/Euro ECB reference exchange rate,"ECB reference exchange rate, Swiss franc/Euro, 2.15 pm (C.E.T.)",CHF,0
EXR.D.CHF.EUR.SP00.A,D,CHF,EUR,SP00,A,2010-11-09,1.342,A,,,,P1D,,A,,,,,,,99Q1=100,,,4,,4F0,,Swiss franc/Euro ECB reference exchange rate,"ECB reference exchange rate, Swiss franc/Euro, 2.15 pm (C.E.T.)",CHF,0
EXR.D.CHF.EUR.SP00.A,D,CHF,EUR,SP00,A,2010-11-10,1.3402,A,,,,P1D,,A,,,,,,,99Q1=100,,,4,,4F0,,Swiss franc/Euro ECB reference exchange rate,"ECB reference exchange rate, Swiss franc/Euro, 2.15 pm (C.E.T.)",CHF,0
EXR.D.CHF.EUR.SP00.A,D,CHF,EUR,SP00,A,2010-11-11,1.3282,A,,,,P1D,,A,,,,,,,99Q1=100,,,4,,4F0,,Swiss franc/Euro ECB reference exchange rate,"ECB reference exchange rate, Swiss franc/Euro, 2.15 pm (C.E.T.)",CHF,0
EXR.D.CHF.EUR.SP00.A,D,CHF,EUR,SP00,A,2010-11-12,1.3357,A,,,,P1D,,A,,,,,,,99Q1=100,,,4,,4F0,,Swiss franc/Euro ECB reference exchange rate,"ECB reference exchange rate, Swiss franc/Euro, 2.15 pm (C.E.T.)",CHF,0
EXR.D.CHF.EUR.SP00.A,D,CHF,EUR,SP00,A,2010-11-15,1.3428,A,,,,P1D,,A,,,,,,,99Q1=100,,,4,,4F0,,Swiss franc/Euro ECB reference exchange rate,"ECB reference exchange rate, Swiss franc/Euro, 2.15 pm (C.E.T.)",CHF,0
EXR.D.CHF.EUR.SP00.A,D,CHF,EUR,SP00,A,2010-11-16,1.3408,A,,,,P1D,,A,,,,,,,99Q1=100,,,4,,4F0,,Swiss franc/Euro ECB reference exchange rate,"ECB reference exchange rate, Swiss franc/Euro, 2.15 pm (C.E.T.)",CHF,0
EXR.D.CHF.EUR.SP00.A,D,CHF,EUR,SP00,A,2010-11-17,1.3426,A,,,,P1D,,A,,,,,,,99Q1=100,,,4,,4F0,,Swiss franc/Euro ECB reference exchange rate,"ECB reference exchange rate, Swiss franc/Euro, 2.15 pm (C.E.T.)",CHF,0
EXR.D.CHF.EUR.SP00.A,D,CHF,EUR,SP00,A,2010-11-18,1.3475,A,,,,P1D,,A,,,,,,,99Q1=100,,,4,,4F0,,Swiss franc/Euro ECB reference exchange rate,"ECB reference exchange rate, Swiss franc/Euro, 2.15 pm (C.E.T.)",CHF,0
EXR.D.CHF.EUR.SP00.A,D,CHF,EUR,SP00,A,2010-11-19,1.3607,A,,,,P1D,,A,,,,,,,99Q1=100,,,4,,4F0,,Swiss franc/Euro ECB reference exchange rate,"ECB reference exchange rate, Swiss franc/Euro, 2.15 pm (C.E.T.)",CHF,0
EXR.D.CHF.EUR.SP00.A,D,CHF,EUR,SP00,A,2010-11-22,1.3505,A,,,,P1D,,A,,,,,,,99Q1=100,,,4,,4F0,,Swiss franc/Euro ECB reference exchange rate,"ECB reference exchange rate, Swiss franc/Euro, 2.15 pm (C.E.T.)",CHF,0
EXR.D.CHF.EUR.SP00.A,D,CHF,EUR,SP00,A,2010-11-23,1.3338,A,,,,P1D,,A,,,,,,,99Q1=100,,,4,,4F0,,Swiss franc/Euro ECB reference exchange rate,"ECB reference exchange rate, Swiss franc/Euro, 2.15 pm (C.E.T.)",CHF,0
EXR.D.CHF.EUR.SP00.A,D,CHF,EUR,SP00,A,2010-11-24,1.3276,A,,,,P1D,,A,,,,,,,99Q1=100,,,4,,4F0,,Swiss franc/Euro ECB reference exchange rate,"ECB reference exchange rate, Swiss franc/Euro, 2.15 pm (C.E.T.)",CHF,0
EXR.D.CHF.EUR.SP00.A,D,CHF,EUR,SP00,A,2010-11-25,1.3326,A,,,,P1D,,A,,,,,,,99Q1=100,,,4,,4F0,,Swiss franc/Euro ECB reference exchange rate,"ECB reference exchange rate, Swiss franc/Euro, 2.15 pm (C.E.T.)",CHF,0
EXR.D.CHF.EUR.SP00.A,D,CHF,EUR,SP00,A,2010-11-26,1.3252,A,,,,P1D,,A,,,,,,,99Q1=100,,,4,,4F0,,Swiss franc/Euro ECB reference exchange rate,"ECB reference exchange rate, Swiss franc/Euro, 2.15 pm (C.E.T.)",CHF,0
EXR.D.CHF.EUR.SP00.A,D,CHF,EUR,SP00,A,2010-11-29,1.3186,A,,,,P1D,,A,,,,,,,99Q1=100,,,4,,4F0,,Swiss franc/Euro ECB reference exchange rate,"ECB reference exchange rate, Swiss franc/Euro, 2.15 pm (C.E.T.)",CHF,0
EXR.D.CHF.EUR.SP00.A,D,CHF,EUR,SP00,A,2010-11-30,1.299,A,,,,P1D,,A,,,,,,,99Q1=100,,,4,,4F0,,Swiss franc/Euro ECB reference exchange rate,"ECB reference exchange rate, Swiss franc/Euro, 2.15 pm (C.E.T.)",CHF,0
EXR.D.CHF.EUR.SP00.A,D,CHF,EUR,SP00,A,2010-12-01,1.3178,A,,,,P1D,,A,,,,,,,99Q1=100,,,4,,4F0,,Swiss franc/Euro ECB reference exchange rate,"ECB reference exchange rate, Swiss franc/Euro, 2.15 pm (C.E.T.)",CHF,0
EXR.D.CHF.EUR.SP00.A,D,CHF,EUR,SP00,A,2010-12-02,1.316,A,,,,P1D,,A,,,,,,,99Q1=100,,,4,,4F0,,Swiss franc/Euro ECB reference exchange rate,"ECB reference exchange rate, Swiss franc/Euro, 2.15 pm (C.E.T.)",CHF,0
EXR.D.CHF.EUR.SP00.A,D,CHF,EUR,SP00,A,2010-12-03,1.3143,A,,,,P1D,,A,,,,,,,99Q1=100,,,4,,4F0,,Swiss franc/Euro ECB reference exchange rate,"ECB reference exchange rate, Swiss franc/Euro, 2.15 pm (C.E.T.)",CHF,0
EXR.D.CHF.EUR.SP00.A,D,CHF,EUR,SP00,A,2010-12-06,1.3084,A,,,,P1D,,A,,,,,,,99Q1=100,,,4,,4F0,,Swiss franc/Euro ECB reference exchange rate,"ECB reference exchange rate, Swiss franc/Euro, 2.15 pm (C.E.T.)",CHF,0
EXR.D.CHF.EUR.SP00.A,D,CHF,EUR,SP00,A,2010-12-07,1.3062,A,,,,P1D,,A,,,,,,,99Q1=100,,,4,,4F0,,Swiss franc/Euro ECB reference exchange rate,"ECB reference exchange rate, Swiss franc/Euro, 2.15 pm (C.E.T.)",CHF,0
EXR.D.CHF.EUR.SP00.A,D,CHF,EUR,SP00,A,2010-12-08,1.306,A,,,,P1D,,A,,,,,,,99Q1=100,,,4,,4F0,,Swiss franc/Euro ECB reference exchange rate,"ECB reference exchange rate, Swiss franc/Euro, 2.15 pm (C.E.T.)",CHF,0
EXR.D.CHF.EUR.SP00.A,D,CHF,EUR,SP00,A,2010-12-09,1.306,A,,,,P1D,,A,,,,,,,99Q1=100,,,4,,4F0,,Swiss franc/Euro ECB reference exchange rate,"ECB reference exchange rate, Swiss franc/Euro, 2.15 pm (C.E.T.)",CHF,0
EXR.D.CHF.EUR.SP00.A,D,CHF,EUR,SP00,A,2010-12-10,1.2998,A,,,,P1D,,A,,,,,,,99Q1=100,,,4,,4F0,,Swiss franc/Euro ECB reference exchange rate,"ECB reference exchange rate, Swiss franc/Euro, 2.15 pm (C.E.T.)",CHF,0
EXR.D.CHF.EUR.SP00.A,D,CHF,EUR,SP00,A,2010-12-13,1.2987,A,,,,P1D,,A,,,,,,,99Q1=100,,,4,,4F0,,Swiss franc/Euro ECB reference exchange rate,"ECB reference exchange rate, Swiss franc/Euro, 2.15 pm (C.E.T.)",CHF,0
EXR.D.CHF.EUR.SP00.A,D,CHF,EUR,SP00,A,2010-12-14,1.2916,A,,,,P1D,,A,,,,,,,99Q1=100,,,4,,4F0,,Swiss franc/Euro ECB reference exchange rate,"ECB reference exchange rate, Swiss franc/Euro, 2.15 pm (C.E.T.)",CHF,0
EXR.D.CHF.EUR.SP00.A,D,CHF,EUR,SP00,A,2010-12-15,1.2826,A,,,,P1D,,A,,,,,,,99Q1=100,,,4,,4F0,,Swiss franc/Euro ECB reference exchange rate,"ECB reference exchange rate, Swiss franc/Euro, 2.15 pm (C.E.T.)",CHF,0
EXR.D.CHF.EUR.SP00.A,D,CHF,EUR,SP00,A,2010-12-16,1.2849,A,,,,P1D,,A,,,,,,,99Q1=100,,,4,,4F0,,Swiss franc/Euro ECB reference exchange rate,"ECB reference exchange rate, Swiss franc/Euro, 2.15 pm (C.E.T.)",CHF,0
EXR.D.CHF.EUR.SP00.A,D,CHF,EUR,SP00,A,2010-12-17,1.2738,A,,,,P1D,,A,,,,,,,99Q1=100,,,4,,4F0,,Swiss franc/Euro ECB reference exchange rate,"ECB reference exchange rate, Swiss franc/Euro, 2.15 pm (C.E.T.)",CHF,0
EXR.D.CHF.EUR.SP00.A,D,CHF,EUR,SP00,A,2010-12-20,1.2698,A,,,,P1D,,A,,,,,,,99Q1=100,,,4,,4F0,,Swiss franc/Euro ECB reference exchange rate,"ECB reference exchange rate, Swiss franc/Euro, 2.15 pm (C.E.T.)",CHF,0
EXR.D.CHF.EUR.SP00.A,D,CHF,EUR,SP00,A,2010-12-21,1.2613,A,,,,P1D,,A,,,,,,,99Q1=100,,,4,,4F0,,Swiss franc/Euro ECB reference exchange rate,"ECB reference exchange rate, Swiss franc/Euro, 2.15 pm (C.E.T.)",CHF,0
EXR.D.CHF.EUR.SP00.A,D,CHF,EUR,SP00,A,2010-12-22,1.2502,A,,,,P1D,,A,,,,,,,99Q1=100,,,4,,4F0,,Swiss franc/Euro ECB reference exchange rate,"ECB reference exchange rate, Swiss franc/Euro, 2.15 pm (C.E.T.)",CHF,0
EXR.D.CHF.EUR.SP00.A,D,CHF,EUR,SP00,A,2010-12-23,1.2553,A,,,,P1D,,A,,,,,,,99Q1=100,,,4,,4F0,,Swiss franc/Euro ECB reference exchange rate,"ECB reference exchange rate, Swiss franc/Euro, 2.15 pm (C.E.T.)",CHF,0
EXR.D.CHF.EUR.SP00.A,D,CHF,EUR,SP00,A,2010-12-24,1.2618,A,,,,P1D,,A,,,,,,,99Q1=100,,,4,,4F0,,Swiss franc/Euro ECB reference exchange rate,"ECB reference exchange rate, Swiss franc/Euro, 2.15 pm (C.E.T.)",CHF,0
EXR.D.CHF.EUR.SP00.A,D,CHF,EUR,SP00,A,2010-12-27,1.2626,A,,,,P1D,,A,,,,,,,99Q1=100,,,4,,4F0,,Swiss franc/Euro ECB reference exchange rate,"ECB reference exchange rate, Swiss franc/Euro, 2.15 pm (C.E.T.)",CHF,0
EXR.D.CHF.EUR.SP00.A,D,CHF,EUR,SP00,A,2010-12-28,1.2513,A,,,,P1D,,A,,,,,,,99Q1=100,,,4,,4F0,,Swiss franc/Euro ECB reference exchange rate,"ECB reference exchange rate, Swiss franc/Euro, 2.15 pm (C.E.T.)",CHF,0
EXR.D.CHF.EUR.SP00.A,D,CHF,EUR,SP00,A,2010-12-29,1.2483,A,,,,P1D,,A,,,,,,,99Q1=100,,,4,,4F0,,Swiss franc/Euro ECB reference exchange rate,"ECB reference exchange rate, Swiss franc/Euro, 2.15 pm (C.E.T.)",CHF,0
EXR.D.CHF.EUR.SP00.A,D,CHF,EUR,SP00,A,2010-12-30,1.2475,A,,,,P1D,,A,,,,,,,99Q1=100,,,4,,4F0,,Swiss franc/Euro ECB reference exchange rate,"ECB reference exchange rate, Swiss franc/Euro, 2.15 pm (C.E.T.)",CHF,0
EXR.D.CHF.EUR.SP00.A,D,CHF,EUR,SP00,A,2010-12-31,1.2504,A,,,,P1D,,A,,,,,,,99Q1=100,,,4,,4F0,,Swiss franc/Euro ECB reference exchange rate,"ECB reference exchange rate, Swiss franc/Euro, 2.15 pm (C.E.T.)",CHF,0
EXR.D.CHF.EUR.SP00.A,D,CHF,EUR,SP00,A,2011-01-03,1.2465,A,,,,P1D,,A,,,,,,,99Q1=100,,,4,,4F0,,Swiss franc/Euro ECB reference exchange rate,"ECB reference exchange rate, Swiss franc/Euro, 2.15 pm (C.E.T.)",CHF,0
EXR.D.CHF.EUR.SP00.A,D,CHF,EUR,SP00,A,2011-01-04,1.2669,A,,,,P1D,,A,,,,,,,99Q1=100,,,4,,4F0,,Swiss franc/Euro ECB reference exchange rate,"ECB reference exchange rate, Swiss franc/Euro, 2.15 pm (C.E.T.)",CHF,0
EXR.D.CHF.EUR.SP00.A,D,CHF,EUR,SP00,A,2011-01-05,1.2617,A,,,,P1D,,A,,,,,,,99Q1=100,,,4,,4F0,,Swiss franc/Euro ECB reference exchange rate,"ECB reference exchange rate, Swiss franc/Euro, 2.15 pm (C.E.T.)",CHF,0
EXR.D.CHF.EUR.SP00.A,D,CHF,EUR,SP00,A,2011-01-06,1.2677,A,,,,P1D,,A,,,,,,,99Q1=100,,,4,,4F0,,Swiss franc/Euro ECB reference exchange rate,"ECB reference exchange rate, Swiss franc/Euro, 2.15 pm (C.E.T.)",CHF,0
EXR.D.CHF.EUR.SP00.A,D,CHF,EUR,SP00,A,2011-01-07,1.2512,A,,,,P1D,,A,,,,,,,99Q1=100,,,4,,4F0,,Swiss franc/Euro ECB reference exchange rate,"ECB reference exchange rate, Swiss franc/Euro, 2.15 pm (C.E.T.)",CHF,0
EXR.D.CHF.EUR.SP00.A,D,CHF,EUR,SP00,A,2011-01-10,1.2459,A,,,,P1D,,A,,,,,,,99Q1=100,,,4,,4F0,,Swiss franc/Euro ECB reference exchange rate,"ECB reference exchange rate, Swiss franc/Euro, 2.15 pm (C.E.T.)",CHF,0
EXR.D.CHF.EUR.SP00.A,D,CHF,EUR,SP00,A,2011-01-11,1.2538,A,,,,P1D,,A,,,,,,,99Q1=100,,,4,,4F0,,Swiss franc/Euro ECB reference exchange rate,"ECB reference exchange rate, Swiss franc/Euro, 2.15 pm (C.E.T.)",CHF,0
EXR.D.CHF.EUR.SP00.A,D,CHF,EUR,SP00,A,2011-01-12,1.2622,A,,,,P1D,,A,,,,,,,99Q1=100,,,4,,4F0,,Swiss franc/Euro ECB reference exchange rate,"ECB reference exchange rate, Swiss franc/Euro, 2.15 pm (C.E.T.)",CHF,0
EXR.D.CHF.EUR.SP00.A,D,CHF,EUR,SP00,A,2011-01-13,1.2823,A,,,,P1D,,A,,,,,,,99Q1=100,,,4,,4F0,,Swiss franc/Euro ECB reference exchange rate,"ECB reference exchange rate, Swiss franc/Euro, 2.15 pm (C.E.T.)",CHF,0
EXR.D.CHF.EUR.SP00.A,D,CHF,EUR,SP00,A,2011-01-14,1.2915,A,,,,P1D,,A,,,,,,,99Q1=100,,,4,,4F0,,Swiss franc/Euro ECB reference exchange rate,"ECB reference exchange rate, Swiss franc/Euro, 2.15 pm (C.E.T.)",CHF,0
EXR.D.CHF.EUR.SP00.A,D,CHF,EUR,SP00,A,2011-01-17,1.2854,A,,,,P1D,,A,,,,,,,99Q1=100,,,4,,4F0,,Swiss franc/Euro ECB reference exchange rate,"ECB reference exchange rate, Swiss franc/Euro, 2.15 pm (C.E.T.)",CHF,0
EXR.D.CHF.EUR.SP00.A,D,CHF,EUR,SP00,A,2011-01-18,1.2812,A,,,,P1D,,A,,,,,,,99Q1=100,,,4,,4F0,,Swiss franc/Euro ECB reference exchange rate,"ECB reference exchange rate, Swiss franc/Euro, 2.15 pm (C.E.T.)",CHF,0
EXR.D.CHF.EUR.SP00.A,D,CHF,EUR,SP00,A,2011-01-19,1.2964,A,,,,P1D,,A,,,,,,,99Q1=100,,,4,,4F0,,Swiss franc/Euro ECB reference exchange rate,"ECB reference exchange rate, Swiss franc/Euro, 2.15 pm (C.E.T.)",CHF,0
EXR.D.CHF.EUR.SP00.A,D,CHF,EUR,SP00,A,2011-01-20,1.2873,A,,,,P1D,,A,,,,,,,99Q1=100,,,4,,4F0,,Swiss franc/Euro ECB reference exchange rate,"ECB reference exchange rate, Swiss franc/Euro, 2.15 pm (C.E.T.)",CHF,0
EXR.D.CHF.EUR.SP00.A,D,CHF,EUR,SP00,A,2011-01-21,1.3013,A,,,,P1D,,A,,,,,,,99Q1=100,,,4,,4F0,,Swiss franc/Euro ECB reference exchange rate,"ECB reference exchange rate, Swiss franc/Euro, 2.15 pm (C.E.T.)",CHF,0
EXR.D.CHF.EUR.SP00.A,D,CHF,EUR,SP00,A,2011-01-24,1.2989,A,,,,P1D,,A,,,,,,,99Q1=100,,,4,,4F0,,Swiss franc/Euro ECB reference exchange rate,"ECB reference exchange rate, Swiss franc/Euro, 2.15 pm (C.E.T.)",CHF,0
EXR.D.CHF.EUR.SP00.A,D,CHF,EUR,SP00,A,2011-01-25,1.2871,A,,,,P1D,,A,,,,,,,99Q1=100,,,4,,4F0,,Swiss franc/Euro ECB reference exchange rate,"ECB reference exchange rate, Swiss franc/Euro, 2.15 pm (C.E.T.)",CHF,0
EXR.D.CHF.EUR.SP00.A,D,CHF,EUR,SP00,A,2011-01-26,1.2922,A,,,,P1D,,A,,,,,,,99Q1=100,,,4,,4F0,,Swiss franc/Euro ECB reference exchange rate,"ECB reference exchange rate, Swiss franc/Euro, 2.15 pm (C.E.T.)",CHF,0
EXR.D.CHF.EUR.SP00.A,D,CHF,EUR,SP00,A,2011-01-27,1.294,A,,,,P1D,,A,,,,,,,99Q1=100,,,4,,4F0,,Swiss franc/Euro ECB reference exchange rate,"ECB reference exchange rate, Swiss franc/Euro, 2.15 pm (C.E.T.)",CHF,0
EXR.D.CHF.EUR.SP00.A,D,CHF,EUR,SP00,A,2011-01-28,1.2942,A,,,,P1D,,A,,,,,,,99Q1=100,,,4,,4F0,,Swiss franc/Euro ECB reference exchange rate,"ECB reference exchange rate, Swiss franc/Euro, 2.15 pm (C.E.T.)",CHF,0
EXR.D.CHF.EUR.SP00.A,D,CHF,EUR,SP00,A,2011-01-31,1.2891,A,,,,P1D,,A,,,,,,,99Q1=100,,,4,,4F0,,Swiss franc/Euro ECB reference exchange rate,"ECB reference exchange rate, Swiss franc/Euro, 2.15 pm (C.E.T.)",CHF,0
EXR.D.CHF.EUR.SP00.A,D,CHF,EUR,SP00,A,2011-02-01,1.2954,A,,,,P1D,,A,,,,,,,99Q1=100,,,4,,4F0,,Swiss franc/Euro ECB reference exchange rate,"ECB reference exchange rate, Swiss franc/Euro, 2.15 pm (C.E.T.)",CHF,0
EXR.D.CHF.EUR.SP00.A,D,CHF,EUR,SP00,A,2011-02-02,1.2922,A,,,,P1D,,A,,,,,,,99Q1=100,,,4,,4F0,,Swiss franc/Euro ECB reference exchange rate,"ECB reference exchange rate, Swiss franc/Euro, 2.15 pm (C.E.T.)",CHF,0
EXR.D.CHF.EUR.SP00.A,D,CHF,EUR,SP00,A,2011-02-03,1.2987,A,,,,P1D,,A,,,,,,,99Q1=100,,,4,,4F0,,Swiss franc/Euro ECB reference exchange rate,"ECB reference exchange rate, Swiss franc/Euro, 2.15 pm (C.E.T.)",CHF,0
EXR.D.CHF.EUR.SP00.A,D,CHF,EUR,SP00,A,2011-02-04,1.2954,A,,,,P1D,,A,,,,,,,99Q1=100,,,4,,4F0,,Swiss franc/Euro ECB reference exchange rate,"ECB reference exchange rate, Swiss franc/Euro, 2.15 pm (C.E.T.)",CHF,0
EXR.D.CHF.EUR.SP00.A,D,CHF,EUR,SP00,A,2011-02-07,1.2953,A,,,,P1D,,A,,,,,,,99Q1=100,,,4,,4F0,,Swiss franc/Euro ECB reference exchange rate,"ECB reference exchange rate, Swiss franc/Euro, 2.15 pm (C.E.T.)",CHF,0
EXR.D.CHF.EUR.SP00.A,D,CHF,EUR,SP00,A,2011-02-08,1.303,A,,,,P1D,,A,,,,,,,99Q1=100,,,4,,4F0,,Swiss franc/Euro ECB reference exchange rate,"ECB reference exchange rate, Swiss franc/Euro, 2.15 pm (C.E.T.)",CHF,0
EXR.D.CHF.EUR.SP00.A,D,CHF,EUR,SP00,A,2011-02-09,1.3152,A,,,,P1D,,A,,,,,,,99Q1=100,,,4,,4F0,,Swiss franc/Euro ECB reference exchange rate,"ECB reference exchange rate, Swiss franc/Euro, 2.15 pm (C.E.T.)",CHF,0
EXR.D.CHF.EUR.SP00.A,D,CHF,EUR,SP00,A,2011-02-10,1.3105,A,,,,P1D,,A,,,,,,,99Q1=100,,,4,,4F0,,Swiss franc/Euro ECB reference exchange rate,"ECB reference exchange rate, Swiss franc/Euro, 2.15 pm (C.E.T.)",CHF,0
EXR.D.CHF.EUR.SP00.A,D,CHF,EUR,SP00,A,2011-02-11,1.3163,A,,,,P1D,,A,,,,,,,99Q1=100,,,4,,4F0,,Swiss franc/Euro ECB reference exchange rate,"ECB reference exchange rate, Swiss franc/Euro, 2.15 pm (C.E.T.)",CHF,0
EXR.D.CHF.EUR.SP00.A,D,CHF,EUR,SP00,A,2011-02-14,1.3065,A,,,,P1D,,A,,,,,,,99Q1=100,,,4,,4F0,,Swiss franc/Euro ECB reference exchange rate,"ECB reference exchange rate, Swiss franc/Euro, 2.15 pm (C.E.T.)",CHF,0
EXR.D.CHF.EUR.SP00.A,D,CHF,EUR,SP00,A,2011-02-15,1.3124,A,,,,P1D,,A,,,,,,,99Q1=100,,,4,,4F0,,Swiss franc/Euro ECB reference exchange rate,"ECB reference exchange rate, Swiss franc/Euro, 2.15 pm (C.E.T.)",CHF,0
EXR.D.CHF.EUR.SP00.A,D,CHF,EUR,SP00,A,2011-02-16,1.3073,A,,,,P1D,,A,,,,,,,99Q1=100,,,4,,4F0,,Swiss franc/Euro ECB reference exchange rate,"ECB reference exchange rate, Swiss franc/Euro, 2.15 pm (C.E.T.)",CHF,0
EXR.D.CHF.EUR.SP00.A,D,CHF,EUR,SP00,A,2011-02-17,1.2973,A,,,,P1D,,A,,,,,,,99Q1=100,,,4,,4F0,,Swiss franc/Euro ECB reference exchange rate,"ECB reference exchange rate, Swiss franc/Euro, 2.15 pm (C.E.T.)",CHF,0
EXR.D.CHF.EUR.SP00.A,D,CHF,EUR,SP00,A,2011-02-18,1.2973,A,,,,P1D,,A,,,,,,,99Q1=100,,,4,,4F0,,Swiss franc/Euro ECB reference exchange rate,"ECB reference exchange rate, Swiss franc/Euro, 2.15 pm (C.E.T.)",CHF,0
EXR.D.CHF.EUR.SP00.A,D,CHF,EUR,SP00,A,2011-02-21,1.296,A,,,,P1D,,A,,,,,,,99Q1=100,,,4,,4F0,,Swiss franc/Euro ECB reference exchange rate,"ECB reference exchange rate, Swiss franc/Euro, 2.15 pm (C.E.T.)",CHF,0
EXR.D.CHF.EUR.SP00.A,D,CHF,EUR,SP00,A,2011-02-22,1.2844,A,,,,P1D,,A,,,,,,,99Q1=100,,,4,,4F0,,Swiss franc/Euro ECB reference exchange rate,"ECB reference exchange rate, Swiss franc/Euro, 2.15 pm (C.E.T.)",CHF,0
EXR.D.CHF.EUR.SP00.A,D,CHF,EUR,SP00,A,2011-02-23,1.2853,A,,,,P1D,,A,,,,,,,99Q1=100,,,4,,4F0,,Swiss franc/Euro ECB reference exchange rate,"ECB reference exchange rate, Swiss franc/Euro, 2.15 pm (C.E.T.)",CHF,0
EXR.D.CHF.EUR.SP00.A,D,CHF,EUR,SP00,A,2011-02-24,1.2748,A,,,,P1D,,A,,,,,,,99Q1=100,,,4,,4F0,,Swiss franc/Euro ECB reference exchange rate,"ECB reference exchange rate, Swiss franc/Euro, 2.15 pm (C.E.T.)",CHF,0
EXR.D.CHF.EUR.SP00.A,D,CHF,EUR,SP00,A,2011-02-25,1.2799,A,,,,P1D,,A,,,,,,,99Q1=100,,,4,,4F0,,Swiss franc/Euro ECB reference exchange rate,"ECB reference exchange rate, Swiss franc/Euro, 2.15 pm (C.E.T.)",CHF,0
EXR.D.CHF.EUR.SP00.A,D,CHF,EUR,SP00,A,2011-02-28,1.284,A,,,,P1D,,A,,,,,,,99Q1=100,,,4,,4F0,,Swiss franc/Euro ECB reference exchange rate,"ECB reference exchange rate, Swiss franc/Euro, 2.15 pm (C.E.T.)",CHF,0
EXR.D.CHF.EUR.SP00.A,D,CHF,EUR,SP00,A,2011-03-01,1.2849,A,,,,P1D,,A,,,,,,,99Q1=100,,,4,,4F0,,Swiss franc/Euro ECB reference exchange rate,"ECB reference exchange rate, Swiss franc/Euro, 2.15 pm (C.E.T.)",CHF,0
EXR.D.CHF.EUR.SP00.A,D,CHF,EUR,SP00,A,2011-03-02,1.2799,A,,,,P1D,,A,,,,,,,99Q1=100,,,4,,4F0,,Swiss franc/Euro ECB reference exchange rate,"ECB reference exchange rate, Swiss franc/Euro, 2.15 pm (C.E.T.)",CHF,0
EXR.D.CHF.EUR.SP00.A,D,CHF,EUR,SP00,A,2011-03-03,1.2844,A,,,,P1D,,A,,,,,,,99Q1=100,,,4,,4F0,,Swiss franc/Euro ECB reference exchange rate,"ECB reference exchange rate, Swiss franc/Euro, 2.15 pm (C.E.T.)",CHF,0
EXR.D.CHF.EUR.SP00.A,D,CHF,EUR,SP00,A,2011-03-04,1.3,A,,,,P1D,,A,,,,,,,99Q1=100,,,4,,4F0,,Swiss franc/Euro ECB reference exchange rate,"ECB reference exchange rate, Swiss franc/Euro, 2.15 pm (C.E.T.)",CHF,0
EXR.D.CHF.EUR.SP00.A,D,CHF,EUR,SP00,A,2011-03-07,1.296,A,,,,P1D,,A,,,,,,,99Q1=100,,,4,,4F0,,Swiss franc/Euro ECB reference exchange rate,"ECB reference exchange rate, Swiss franc/Euro, 2.15 pm (C.E.T.)",CHF,0
EXR.D.CHF.EUR.SP00.A,D,CHF,EUR,SP00,A,2011-03-08,1.2949,A,,,,P1D,,A,,,,,,,99Q1=100,,,4,,4F0,,Swiss franc/Euro ECB reference exchange rate,"ECB reference exchange rate, Swiss franc/Euro, 2.15 pm (C.E.T.)",CHF,0
EXR.D.CHF.EUR.SP00.A,D,CHF,EUR,SP00,A,2011-03-09,1.292,A,,,,P1D,,A,,,,,,,99Q1=100,,,4,,4F0,,Swiss franc/Euro ECB reference exchange rate,"ECB reference exchange rate, Swiss franc/Euro, 2.15 pm (C.E.T.)",CHF,0
EXR.D.CHF.EUR.SP00.A,D,CHF,EUR,SP00,A,2011-03-10,1.2914,A,,,,P1D,,A,,,,,,,99Q1=100,,,4,,4F0,,Swiss franc/Euro ECB reference exchange rate,"ECB reference exchange rate, Swiss franc/Euro, 2.15 pm (C.E.T.)",CHF,0
EXR.D.CHF.EUR.SP00.A,D,CHF,EUR,SP00,A,2011-03-11,1.2842,A,,,,P1D,,A,,,,,,,99Q1=100,,,4,,4F0,,Swiss franc/Euro ECB reference exchange rate,"ECB reference exchange rate, Swiss franc/Euro, 2.15 pm (C.E.T.)",CHF,0
EXR.D.CHF.EUR.SP00.A,D,CHF,EUR,SP00,A,2011-03-14,1.2941,A,,,,P1D,,A,,,,,,,99Q1=100,,,4,,4F0,,Swiss franc/Euro ECB reference exchange rate,"ECB reference exchange rate, Swiss franc/Euro, 2.15 pm (C.E.T.)",CHF,0
EXR.D.CHF.EUR.SP00.A,D,CHF,EUR,SP00,A,2011-03-15,1.2756,A,,,,P1D,,A,,,,,,,99Q1=100,,,4,,4F0,,Swiss franc/Euro ECB reference exchange rate,"ECB reference exchange rate, Swiss franc/Euro, 2.15 pm (C.E.T.)",CHF,0
EXR.D.CHF.EUR.SP00.A,D,CHF,EUR,SP00,A,2011-03-16,1.2755,A,,,,P1D,,A,,,,,,,99Q1=100,,,4,,4F0,,Swiss franc/Euro ECB reference exchange rate,"ECB reference exchange rate, Swiss franc/Euro, 2.15 pm (C.E.T.)",CHF,0
EXR.D.CHF.EUR.SP00.A,D,CHF,EUR,SP00,A,2011-03-17,1.2625,A,,,,P1D,,A,,,,,,,99Q1=100,,,4,,4F0,,Swiss franc/Euro ECB reference exchange rate,"ECB reference exchange rate, Swiss franc/Euro, 2.15 pm (C.E.T.)",CHF,0
EXR.D.CHF.EUR.SP00.A,D,CHF,EUR,SP00,A,2011-03-18,1.2758,A,,,,P1D,,A,,,,,,,99Q1=100,,,4,,4F0,,Swiss franc/Euro ECB reference exchange rate,"ECB reference exchange rate, Swiss franc/Euro, 2.15 pm (C.E.T.)",CHF,0
EXR.D.CHF.EUR.SP00.A,D,CHF,EUR,SP00,A,2011-03-21,1.2836,A,,,,P1D,,A,,,,,,,99Q1=100,,,4,,4F0,,Swiss franc/Euro ECB reference exchange rate,"ECB reference exchange rate, Swiss franc/Euro, 2.15 pm (C.E.T.)",CHF,0
EXR.D.CHF.EUR.SP00.A,D,CHF,EUR,SP00,A,2011-03-22,1.2843,A,,,,P1D,,A,,,,,,,99Q1=100,,,4,,4F0,,Swiss franc/Euro ECB reference exchange rate,"ECB reference exchange rate, Swiss franc/Euro, 2.15 pm (C.E.T.)",CHF,0
EXR.D.CHF.EUR.SP00.A,D,CHF,EUR,SP00,A,2011-03-23,1.2746,A,,,,P1D,,A,,,,,,,99Q1=100,,,4,,4F0,,Swiss franc/Euro ECB reference exchange rate,"ECB reference exchange rate, Swiss franc/Euro, 2.15 pm (C.E.T.)",CHF,0
EXR.D.CHF.EUR.SP00.A,D,CHF,EUR,SP00,A,2011-03-24,1.2817,A,,,,P1D,,A,,,,,,,99Q1=100,,,4,,4F0,,Swiss franc/Euro ECB reference exchange rate,"ECB reference exchange rate, Swiss franc/Euro, 2.15 pm (C.E.T.)",CHF,0
EXR.D.CHF.EUR.SP00.A,D,CHF,EUR,SP00,A,2011-03-25,1.2915,A,,,,P1D,,A,,,,,,,99Q1=100,,,4,,4F0,,Swiss franc/Euro ECB reference exchange rate,"ECB reference exchange rate, Swiss franc/Euro, 2.15 pm (C.E.T.)",CHF,0
EXR.D.CHF.EUR.SP00.A,D,CHF,EUR,SP00,A,2011-03-28,1.2908,A,,,,P1D,,A,,,,,,,99Q1=100,,,4,,4F0,,Swiss franc/Euro ECB reference exchange rate,"ECB reference exchange rate, Swiss franc/Euro, 2.15 pm (C.E.T.)",CHF,0
EXR.D.CHF.EUR.SP00.A,D,CHF,EUR,SP00,A,2011-03-29,1.2957,A,,,,P1D,,A,,,,,,,99Q1=100,,,4,,4F0,,Swiss franc/Euro ECB reference exchange rate,"ECB reference exchange rate, Swiss franc/Euro, 2.15 pm (C.E.T.)",CHF,0
EXR.D.CHF.EUR.SP00.A,D,CHF,EUR,SP00,A,2011-03-30,1.2993,A,,,,P1D,,A,,,,,,,99Q1=100,,,4,,4F0,,Swiss franc/Euro ECB reference exchange rate,"ECB reference exchange rate, Swiss franc/Euro, 2.15 pm (C.E.T.)",CHF,0
EXR.D.CHF.EUR.SP00.A,D,CHF,EUR,SP00,A,2011-03-31,1.3005,A,,,,P1D,,A,,,,,,,99Q1=100,,,4,,4F0,,Swiss franc/Euro ECB reference exchange rate,"ECB reference exchange rate, Swiss franc/Euro, 2.15 pm (C.E.T.)",CHF,0
EXR.D.CHF.EUR.SP00.A,D,CHF,EUR,SP00,A,2011-04-01,1.3059,A,,,,P1D,,A,,,,,,,99Q1=100,,,4,,4F0,,Swiss franc/Euro ECB reference exchange rate,"ECB reference exchange rate, Swiss franc/Euro, 2.15 pm (C.E.T.)",CHF,0
EXR.D.CHF.EUR.SP00.A,D,CHF,EUR,SP00,A,2011-04-04,1.313,A,,,,P1D,,A,,,,,,,99Q1=100,,,4,,4F0,,Swiss franc/Euro ECB reference exchange rate,"ECB reference exchange rate, Swiss franc/Euro, 2.15 pm (C.E.T.)",CHF,0
EXR.D.CHF.EUR.SP00.A,D,CHF,EUR,SP00,A,2011-04-05,1.3091,A,,,,P1D,,A,,,,,,,99Q1=100,,,4,,4F0,,Swiss franc/Euro ECB reference exchange rate,"ECB reference exchange rate, Swiss franc/Euro, 2.15 pm (C.E.T.)",CHF,0
EXR.D.CHF.EUR.SP00.A,D,CHF,EUR,SP00,A,2011-04-06,1.3097,A,,,,P1D,,A,,,,,,,99Q1=100,,,4,,4F0,,Swiss franc/Euro ECB reference exchange rate,"ECB reference exchange rate, Swiss franc/Euro, 2.15 pm (C.E.T.)",CHF,0
EXR.D.CHF.EUR.SP00.A,D,CHF,EUR,SP00,A,2011-04-07,1.3118,A,,,,P1D,,A,,,,,,,99Q1=100,,,4,,4F0,,Swiss franc/Euro ECB reference exchange rate,"ECB reference exchange rate, Swiss franc/Euro, 2.15 pm (C.E.T.)",CHF,0
EXR.D.CHF.EUR.SP00.A,D,CHF,EUR,SP00,A,2011-04-08,1.3163,A,,,,P1D,,A,,,,,,,99Q1=100,,,4,,4F0,,Swiss franc/Euro ECB reference exchange rate,"ECB reference exchange rate, Swiss franc/Euro, 2.15 pm (C.E.T.)",CHF,0
EXR.D.CHF.EUR.SP00.A,D,CHF,EUR,SP00,A,2011-04-11,1.3129,A,,,,P1D,,A,,,,,,,99Q1=100,,,4,,4F0,,Swiss franc/Euro ECB reference exchange rate,"ECB reference exchange rate, Swiss franc/Euro, 2.15 pm (C.E.T.)",CHF,0
EXR.D.CHF.EUR.SP00.A,D,CHF,EUR,SP00,A,2011-04-12,1.3017,A,,,,P1D,,A,,,,,,,99Q1=100,,,4,,4F0,,Swiss franc/Euro ECB reference exchange rate,"ECB reference exchange rate, Swiss franc/Euro, 2.15 pm (C.E.T.)",CHF,0
EXR.D.CHF.EUR.SP00.A,D,CHF,EUR,SP00,A,2011-04-13,1.2995,A,,,,P1D,,A,,,,,,,99Q1=100,,,4,,4F0,,Swiss franc/Euro ECB reference exchange rate,"ECB reference exchange rate, Swiss franc/Euro, 2.15 pm (C.E.T.)",CHF,0
EXR.D.CHF.EUR.SP00.A,D,CHF,EUR,SP00,A,2011-04-14,1.2879,A,,,,P1D,,A,,,,,,,99Q1=100,,,4,,4F0,,Swiss franc/Euro ECB reference exchange rate,"ECB reference exchange rate, Swiss franc/Euro, 2.15 pm (C.E.T.)",CHF,0
EXR.D.CHF.EUR.SP00.A,D,CHF,EUR,SP00,A,2011-04-15,1.2897,A,,,,P1D,,A,,,,,,,99Q1=100,,,4,,4F0,,Swiss franc/Euro ECB reference exchange rate,"ECB reference exchange rate, Swiss franc/Euro, 2.15 pm (C.E.T.)",CHF,0
EXR.D.CHF.EUR.SP00.A,D,CHF,EUR,SP00,A,2011-04-18,1.2821,A,,,,P1D,,A,,,,,,,99Q1=100,,,4,,4F0,,Swiss franc/Euro ECB reference exchange rate,"ECB reference exchange rate, Swiss franc/Euro, 2.15 pm (C.E.T.)",CHF,0
EXR.D.CHF.EUR.SP00.A,D,CHF,EUR,SP00,A,2011-04-19,1.2842,A,,,,P1D,,A,,,,,,,99Q1=100,,,4,,4F0,,Swiss franc/Euro ECB reference exchange rate,"ECB reference exchange rate, Swiss franc/Euro, 2.15 pm (C.E.T.)",CHF,0
EXR.D.CHF.EUR.SP00.A,D,CHF,EUR,SP00,A,2011-04-20,1.2944,A,,,,P1D,,A,,,,,,,99Q1=100,,,4,,4F0,,Swiss franc/Euro ECB reference exchange rate,"ECB reference exchange rate, Swiss franc/Euro, 2.15 pm (C.E.T.)",CHF,0
EXR.D.CHF.EUR.SP00.A,D,CHF,EUR,SP00,A,2011-04-21,1.2851,A,,,,P1D,,A,,,,,,,99Q1=100,,,4,,4F0,,Swiss franc/Euro ECB reference exchange rate,"ECB reference exchange rate, Swiss franc/Euro, 2.15 pm (C.E.T.)",CHF,0
EXR.D.CHF.EUR.SP00.A,D,CHF,EUR,SP00,A,2011-04-22,,H,,,,P1D,,A,,,,,,,99Q1=100,,,4,,4F0,,Swiss franc/Euro ECB reference exchange rate,"ECB reference exchange rate, Swiss franc/Euro, 2.15 pm (C.E.T.)",CHF,0
EXR.D.CHF.EUR.SP00.A,D,CHF,EUR,SP00,A,2011-04-25,,H,,,,P1D,,A,,,,,,,99Q1=100,,,4,,4F0,,Swiss franc/Euro ECB reference exchange rate,"ECB reference exchange rate, Swiss franc/Euro, 2.15 pm (C.E.T.)",CHF,0
EXR.D.CHF.EUR.SP00.A,D,CHF,EUR,SP00,A,2011-04-26,1.283,A,,,,P1D,,A,,,,,,,99Q1=100,,,4,,4F0,,Swiss franc/Euro ECB reference exchange rate,"ECB reference exchange rate, Swiss franc/Euro, 2.15 pm (C.E.T.)",CHF,0
EXR.D.CHF.EUR.SP00.A,D,CHF,EUR,SP00,A,2011-04-27,1.2886,A,,,,P1D,,A,,,,,,,99Q1=100,,,4,,4F0,,Swiss franc/Euro ECB reference exchange rate,"ECB reference exchange rate, Swiss franc/Euro, 2.15 pm (C.E.T.)",CHF,0
EXR.D.CHF.EUR.SP00.A,D,CHF,EUR,SP00,A,2011-04-28,1.2954,A,,,,P1D,,A,,,,,,,99Q1=100,,,4,,4F0,,Swiss franc/Euro ECB reference exchange rate,"ECB reference exchange rate, Swiss franc/Euro, 2.15 pm (C.E.T.)",CHF,0
EXR.D.CHF.EUR.SP00.A,D,CHF,EUR,SP00,A,2011-04-29,1.2867,A,,,,P1D,,A,,,,,,,99Q1=100,,,4,,4F0,,Swiss franc/Euro ECB reference exchange rate,"ECB reference exchange rate, Swiss franc/Euro, 2.15 pm (C.E.T.)",CHF,0
EXR.D.CHF.EUR.SP00.A,D,CHF,EUR,SP00,A,2011-05-02,1.2856,A,,,,P1D,,A,,,,,,,99Q1=100,,,4,,4F0,,Swiss franc/Euro ECB reference exchange rate,"ECB reference exchange rate, Swiss franc/Euro, 2.15 pm (C.E.T.)",CHF,0
EXR.D.CHF.EUR.SP00.A,D,CHF,EUR,SP00,A,2011-05-03,1.278,A,,,,P1D,,A,,,,,,,99Q1=100,,,4,,4F0,,Swiss franc/Euro ECB reference exchange rate,"ECB reference exchange rate, Swiss franc/Euro, 2.15 pm (C.E.T.)",CHF,0
EXR.D.CHF.EUR.SP00.A,D,CHF,EUR,SP00,A,2011-05-04,1.2826,A,,,,P1D,,A,,,,,,,99Q1=100,,,4,,4F0,,Swiss franc/Euro ECB reference exchange rate,"ECB reference exchange rate, Swiss franc/Euro, 2.15 pm (C.E.T.)",CHF,0
EXR.D.CHF.EUR.SP00.A,D,CHF,EUR,SP00,A,2011-05-05,1.273,A,,,,P1D,,A,,,,,,,99Q1=100,,,4,,4F0,,Swiss franc/Euro ECB reference exchange rate,"ECB reference exchange rate, Swiss franc/Euro, 2.15 pm (C.E.T.)",CHF,0
EXR.D.CHF.EUR.SP00.A,D,CHF,EUR,SP00,A,2011-05-06,1.2668,A,,,,P1D,,A,,,,,,,99Q1=100,,,4,,4F0,,Swiss franc/Euro ECB reference exchange rate,"ECB reference exchange rate, Swiss franc/Euro, 2.15 pm (C.E.T.)",CHF,0
EXR.D.CHF.EUR.SP00.A,D,CHF,EUR,SP00,A,2011-05-09,1.2617,A,,,,P1D,,A,,,,,,,99Q1=100,,,4,,4F0,,Swiss franc/Euro ECB reference exchange rate,"ECB reference exchange rate, Swiss franc/Euro, 2.15 pm (C.E.T.)",CHF,0
EXR.D.CHF.EUR.SP00.A,D,CHF,EUR,SP00,A,2011-05-10,1.2602,A,,,,P1D,,A,,,,,,,99Q1=100,,,4,,4F0,,Swiss franc/Euro ECB reference exchange rate,"ECB reference exchange rate, Swiss franc/Euro, 2.15 pm (C.E.T.)",CHF,0
EXR.D.CHF.EUR.SP00.A,D,CHF,EUR,SP00,A,2011-05-11,1.2661,A,,,,P1D,,A,,,,,,,99Q1=100,,,4,,4F0,,Swiss franc/Euro ECB reference exchange rate,"ECB reference exchange rate, Swiss franc/Euro, 2.15 pm (C.E.T.)",CHF,0
EXR.D.CHF.EUR.SP00.A,D,CHF,EUR,SP00,A,2011-05-12,1.2584,A,,,,P1D,,A,,,,,,,99Q1=100,,,4,,4F0,,Swiss franc/Euro ECB reference exchange rate,"ECB reference exchange rate, Swiss franc/Euro, 2.15 pm (C.E.T.)",CHF,0
EXR.D.CHF.EUR.SP00.A,D,CHF,EUR,SP00,A,2011-05-13,1.2667,A,,,,P1D,,A,,,,,,,99Q1=100,,,4,,4F0,,Swiss franc/Euro ECB reference exchange rate,"ECB reference exchange rate, Swiss franc/Euro, 2.15 pm (C.E.T.)",CHF,0
EXR.D.CHF.EUR.SP00.A,D,CHF,EUR,SP00,A,2011-05-16,1.2542,A,,,,P1D,,A,,,,,,,99Q1=100,,,4,,4F0,,Swiss franc/Euro ECB reference exchange rate,"ECB reference exchange rate, Swiss franc/Euro, 2.15 pm (C.E.T.)",CHF,0
EXR.D.CHF.EUR.SP00.A,D,CHF,EUR,SP00,A,2011-05-17,1.2553,A,,,,P1D,,A,,,,,,,99Q1=100,,,4,,4F0,,Swiss franc/Euro ECB reference exchange rate,"ECB reference exchange rate, Swiss franc/Euro, 2.15 pm (C.E.T.)",CHF,0
EXR.D.CHF.EUR.SP00.A,D,CHF,EUR,SP00,A,2011-05-18,1.2545,A,,,,P1D,,A,,,,,,,99Q1=100,,,4,,4F0,,Swiss franc/Euro ECB reference exchange rate,"ECB reference exchange rate, Swiss franc/Euro, 2.15 pm (C.E.T.)",CHF,0
EXR.D.CHF.EUR.SP00.A,D,CHF,EUR,SP00,A,2011-05-19,1.2616,A,,,,P1D,,A,,,,,,,99Q1=100,,,4,,4F0,,Swiss franc/Euro ECB reference exchange rate,"ECB reference exchange rate, Swiss franc/Euro, 2.15 pm (C.E.T.)",CHF,0
EXR.D.CHF.EUR.SP00.A,D,CHF,EUR,SP00,A,2011-05-20,1.2477,A,,,,P1D,,A,,,,,,,99Q1=100,,,4,,4F0,,Swiss franc/Euro ECB reference exchange rate,"ECB reference exchange rate, Swiss franc/Euro, 2.15 pm (C.E.T.)",CHF,0
EXR.D.CHF.EUR.SP00.A,D,CHF,EUR,SP00,A,2011-05-23,1.238,A,,,,P1D,,A,,,,,,,99Q1=100,,,4,,4F0,,Swiss franc/Euro ECB reference exchange rate,"ECB reference exchange rate, Swiss franc/Euro, 2.15 pm (C.E.T.)",CHF,0
EXR.D.CHF.EUR.SP00.A,D,CHF,EUR,SP00,A,2011-05-24,1.2405,A,,,,P1D,,A,,,,,,,99Q1=100,,,4,,4F0,,Swiss franc/Euro ECB reference exchange rate,"ECB reference exchange rate, Swiss franc/Euro, 2.15 pm (C.E.T.)",CHF,0
EXR.D.CHF.EUR.SP00.A,D,CHF,EUR,SP00,A,2011-05-25,1.2324,A,,,,P1D,,A,,,,,,,99Q1=100,,,4,,4F0,,Swiss franc/Euro ECB reference exchange rate,"ECB reference exchange rate, Swiss franc/Euro, 2.15 pm (C.E.T.)",CHF,0
EXR.D.CHF.EUR.SP00.A,D,CHF,EUR,SP00,A,2011-05-26,1.2343,A,,,,P1D,,A,,,,,,,99Q1=100,,,4,,4F0,,Swiss franc/Euro ECB reference exchange rate,"ECB reference exchange rate, Swiss franc/Euro, 2.15 pm (C.E.T.)",CHF,0
EXR.D.CHF.EUR.SP00.A,D,CHF,EUR,SP00,A,2011-05-27,1.2221,A,,,,P1D,,A,,,,,,,99Q1=100,,,4,,4F0,,Swiss franc/Euro ECB reference exchange rate,"ECB reference exchange rate, Swiss franc/Euro, 2.15 pm (C.E.T.)",CHF,0
EXR.D.CHF.EUR.SP00.A,D,CHF,EUR,SP00,A,2011-05-30,1.2147,A,,,,P1D,,A,,,,,,,99Q1=100,,,4,,4F0,,Swiss franc/Euro ECB reference exchange rate,"ECB reference exchange rate, Swiss franc/Euro, 2.15 pm (C.E.T.)",CHF,0
EXR.D.CHF.EUR.SP00.A,D,CHF,EUR,SP00,A,2011-05-31,1.2275,A,,,,P1D,,A,,,,,,,99Q1=100,,,4,,4F0,,Swiss franc/Euro ECB reference exchange rate,"ECB reference exchange rate, Swiss franc/Euro, 2.15 pm (C.E.T.)",CHF,0
EXR.D.CHF.EUR.SP00.A,D,CHF,EUR,SP00,A,2011-06-01,1.2182,A,,,,P1D,,A,,,,,,,99Q1=100,,,4,,4F0,,Swiss franc/Euro ECB reference exchange rate,"ECB reference exchange rate, Swiss franc/Euro, 2.15 pm (C.E.T.)",CHF,0
EXR.D.CHF.EUR.SP00.A,D,CHF,EUR,SP00,A,2011-06-02,1.2167,A,,,,P1D,,A,,,,,,,99Q1=100,,,4,,4F0,,Swiss franc/Euro ECB reference exchange rate,"ECB reference exchange rate, Swiss franc/Euro, 2.15 pm (C.E.T.)",CHF,0
EXR.D.CHF.EUR.SP00.A,D,CHF,EUR,SP00,A,2011-06-03,1.2197,A,,,,P1D,,A,,,,,,,99Q1=100,,,4,,4F0,,Swiss franc/Euro ECB reference exchange rate,"ECB reference exchange rate, Swiss franc/Euro, 2.15 pm (C.E.T.)",CHF,0
EXR.D.CHF.EUR.SP00.A,D,CHF,EUR,SP00,A,2011-06-06,1.2235,A,,,,P1D,,A,,,,,,,99Q1=100,,,4,,4F0,,Swiss franc/Euro ECB reference exchange rate,"ECB reference exchange rate, Swiss franc/Euro, 2.15 pm (C.E.T.)",CHF,0
EXR.D.CHF.EUR.SP00.A,D,CHF,EUR,SP00,A,2011-06-07,1.2237,A,,,,P1D,,A,,,,,,,99Q1=100,,,4,,4F0,,Swiss franc/Euro ECB reference exchange rate,"ECB reference exchange rate, Swiss franc/Euro, 2.15 pm (C.E.T.)",CHF,0
EXR.D.CHF.EUR.SP00.A,D,CHF,EUR,SP00,A,2011-06-08,1.2224,A,,,,P1D,,A,,,,,,,99Q1=100,,,4,,4F0,,Swiss franc/Euro ECB reference exchange rate,"ECB reference exchange rate, Swiss franc/Euro, 2.15 pm (C.E.T.)",CHF,0
EXR.D.CHF.EUR.SP00.A,D,CHF,EUR,SP00,A,2011-06-09,1.2242,A,,,,P1D,,A,,,,,,,99Q1=100,,,4,,4F0,,Swiss franc/Euro ECB reference exchange rate,"ECB reference exchange rate, Swiss franc/Euro, 2.15 pm (C.E.T.)",CHF,0
EXR.D.CHF.EUR.SP00.A,D,CHF,EUR,SP00,A,2011-06-10,1.219,A,,,,P1D,,A,,,,,,,99Q1=100,,,4,,4F0,,Swiss franc/Euro ECB reference exchange rate,"ECB reference exchange rate, Swiss franc/Euro, 2.15 pm (C.E.T.)",CHF,0
EXR.D.CHF.EUR.SP00.A,D,CHF,EUR,SP00,A,2011-06-13,1.2023,A,,,,P1D,,A,,,,,,,99Q1=100,,,4,,4F0,,Swiss franc/Euro ECB reference exchange rate,"ECB reference exchange rate, Swiss franc/Euro, 2.15 pm (C.E.T.)",CHF,0
EXR.D.CHF.EUR.SP00.A,D,CHF,EUR,SP00,A,2011-06-14,1.2116,A,,,,P1D,,A,,,,,,,99Q1=100,,,4,,4F0,,Swiss franc/Euro ECB reference exchange rate,"ECB reference exchange rate, Swiss franc/Euro, 2.15 pm (C.E.T.)",CHF,0
EXR.D.CHF.EUR.SP00.A,D,CHF,EUR,SP00,A,2011-06-15,1.2164,A,,,,P1D,,A,,,,,,,99Q1=100,,,4,,4F0,,Swiss franc/Euro ECB reference exchange rate,"ECB reference exchange rate, Swiss franc/Euro, 2.15 pm (C.E.T.)",CHF,0
EXR.D.CHF.EUR.SP00.A,D,CHF,EUR,SP00,A,2011-06-16,1.1958,A,,,,P1D,,A,,,,,,,99Q1=100,,,4,,4F0,,Swiss franc/Euro ECB reference exchange rate,"ECB reference exchange rate, Swiss franc/Euro, 2.15 pm (C.E.T.)",CHF,0
EXR.D.CHF.EUR.SP00.A,D,CHF,EUR,SP00,A,2011-06-17,1.2103,A,,,,P1D,,A,,,,,,,99Q1=100,,,4,,4F0,,Swiss franc/Euro ECB reference exchange rate,"ECB reference exchange rate, Swiss franc/Euro, 2.15 pm (C.E.T.)",CHF,0
EXR.D.CHF.EUR.SP00.A,D,CHF,EUR,SP00,A,2011-06-20,1.2039,A,,,,P1D,,A,,,,,,,99Q1=100,,,4,,4F0,,Swiss franc/Euro ECB reference exchange rate,"ECB reference exchange rate, Swiss franc/Euro, 2.15 pm (C.E.T.)",CHF,0
EXR.D.CHF.EUR.SP00.A,D,CHF,EUR,SP00,A,2011-06-21,1.2127,A,,,,P1D,,A,,,,,,,99Q1=100,,,4,,4F0,,Swiss franc/Euro ECB reference exchange rate,"ECB reference exchange rate, Swiss franc/Euro, 2.15 pm (C.E.T.)",CHF,0
EXR.D.CHF.EUR.SP00.A,D,CHF,EUR,SP00,A,2011-06-22,1.2109,A,,,,P1D,,A,,,,,,,99Q1=100,,,4,,4F0,,Swiss franc/Euro ECB reference exchange rate,"ECB reference exchange rate, Swiss franc/Euro, 2.15 pm (C.E.T.)",CHF,0
EXR.D.CHF.EUR.SP00.A,D,CHF,EUR,SP00,A,2011-06-23,1.1963,A,,,,P1D,,A,,,,,,,99Q1=100,,,4,,4F0,,Swiss franc/Euro ECB reference exchange rate,"ECB reference exchange rate, Swiss franc/Euro, 2.15 pm (C.E.T.)",CHF,0
EXR.D.CHF.EUR.SP00.A,D,CHF,EUR,SP00,A,2011-06-24,1.1902,A,,,,P1D,,A,,,,,,,99Q1=100,,,4,,4F0,,Swiss franc/Euro ECB reference exchange rate,"ECB reference exchange rate, Swiss franc/Euro, 2.15 pm (C.E.T.)",CHF,0
EXR.D.CHF.EUR.SP00.A,D,CHF,EUR,SP00,A,2011-06-27,1.1849,A,,,,P1D,,A,,,,,,,99Q1=100,,,4,,4F0,,Swiss franc/Euro ECB reference exchange rate,"ECB reference exchange rate, Swiss franc/Euro, 2.15 pm (C.E.T.)",CHF,0
EXR.D.CHF.EUR.SP00.A,D,CHF,EUR,SP00,A,2011-06-28,1.1884,A,,,,P1D,,A,,,,,,,99Q1=100,,,4,,4F0,,Swiss franc/Euro ECB reference exchange rate,"ECB reference exchange rate, Swiss franc/Euro, 2.15 pm (C.E.T.)",CHF,0
EXR.D.CHF.EUR.SP00.A,D,CHF,EUR,SP00,A,2011-06-29,1.2036,A,,,,P1D,,A,,,,,,,99Q1=100,,,4,,4F0,,Swiss franc/Euro ECB reference exchange rate,"ECB reference exchange rate, Swiss franc/Euro, 2.15 pm (C.E.T.)",CHF,0
EXR.D.CHF.EUR.SP00.A,D,CHF,EUR,SP00,A,2011-06-30,1.2071,A,,,,P1D,,A,,,,,,,99Q1=100,,,4,,4F0,,Swiss franc/Euro ECB reference exchange rate,"ECB reference exchange rate, Swiss franc/Euro, 2.15 pm (C.E.T.)",CHF,0
EXR.D.CHF.EUR.SP00.A,D,CHF,EUR,SP00,A,2011-07-01,1.2267,A,,,,P1D,,A,,,,,,,99Q1=100,,,4,,4F0,,Swiss franc/Euro ECB reference exchange rate,"ECB reference exchange rate, Swiss franc/Euro, 2.15 pm (C.E.T.)",CHF,0
EXR.D.CHF.EUR.SP00.A,D,CHF,EUR,SP00,A,2011-07-04,1.2324,A,,,,P1D,,A,,,,,,,99Q1=100,,,4,,4F0,,Swiss franc/Euro ECB reference exchange rate,"ECB reference exchange rate, Swiss franc/Euro, 2.15 pm (C.E.T.)",CHF,0
EXR.D.CHF.EUR.SP00.A,D,CHF,EUR,SP00,A,2011-07-05,1.2213,A,,,,P1D,,A,,,,,,,99Q1=100,,,4,,4F0,,Swiss franc/Euro ECB reference exchange rate,"ECB reference exchange rate, Swiss franc/Euro, 2.15 pm (C.E.T.)",CHF,0
EXR.D.CHF.EUR.SP00.A,D,CHF,EUR,SP00,A,2011-07-06,1.2059,A,,,,P1D,,A,,,,,,,99Q1=100,,,4,,4F0,,Swiss franc/Euro ECB reference exchange rate,"ECB reference exchange rate, Swiss franc/Euro, 2.15 pm (C.E.T.)",CHF,0
EXR.D.CHF.EUR.SP00.A,D,CHF,EUR,SP00,A,2011-07-07,1.205,A,,,,P1D,,A,,,,,,,99Q1=100,,,4,,4F0,,Swiss franc/Euro ECB reference exchange rate,"ECB reference exchange rate, Swiss franc/Euro, 2.15 pm (C.E.T.)",CHF,0
EXR.D.CHF.EUR.SP00.A,D,CHF,EUR,SP00,A,2011-07-08,1.2102,A,,,,P1D,,A,,,,,,,99Q1=100,,,4,,4F0,,Swiss franc/Euro ECB reference exchange rate,"ECB reference exchange rate, Swiss franc/Euro, 2.15 pm (C.E.T.)",CHF,0
EXR.D.CHF.EUR.SP00.A,D,CHF,EUR,SP00,A,2011-07-11,1.1715,A,,,,P1D,,A,,,,,,,99Q1=100,,,4,,4F0,,Swiss franc/Euro ECB reference exchange rate,"ECB reference exchange rate, Swiss franc/Euro, 2.15 pm (C.E.T.)",CHF,0
EXR.D.CHF.EUR.SP00.A,D,CHF,EUR,SP00,A,2011-07-12,1.165,A,,,,P1D,,A,,,,,,,99Q1=100,,,4,,4F0,,Swiss franc/Euro ECB reference exchange rate,"ECB reference exchange rate, Swiss franc/Euro, 2.15 pm (C.E.T.)",CHF,0
EXR.D.CHF.EUR.SP00.A,D,CHF,EUR,SP00,A,2011-07-13,1.1695,A,,,,P1D,,A,,,,,,,99Q1=100,,,4,,4F0,,Swiss franc/Euro ECB reference exchange rate,"ECB reference exchange rate, Swiss franc/Euro, 2.15 pm (C.E.T.)",CHF,0
EXR.D.CHF.EUR.SP00.A,D,CHF,EUR,SP00,A,2011-07-14,1.1575,A,,,,P1D,,A,,,,,,,99Q1=100,,,4,,4F0,,Swiss franc/Euro ECB reference exchange rate,"ECB reference exchange rate, Swiss franc/Euro, 2.15 pm (C.E.T.)",CHF,0
EXR.D.CHF.EUR.SP00.A,D,CHF,EUR,SP00,A,2011-07-15,1.1577,A,,,,P1D,,A,,,,,,,99Q1=100,,,4,,4F0,,Swiss franc/Euro ECB reference exchange rate,"ECB reference exchange rate, Swiss franc/Euro, 2.15 pm (C.E.T.)",CHF,0
EXR.D.CHF.EUR.SP00.A,D,CHF,EUR,SP00,A,2011-07-18,1.1485,A,,,,P1D,,A,,,,,,,99Q1=100,,,4,,4F0,,Swiss franc/Euro ECB reference exchange rate,"ECB reference exchange rate, Swiss franc/Euro, 2.15 pm (C.E.T.)",CHF,0
EXR.D.CHF.EUR.SP00.A,D,CHF,EUR,SP00,A,2011-07-19,1.1607,A,,,,P1D,,A,,,,,,,99Q1=100,,,4,,4F0,,Swiss franc/Euro ECB reference exchange rate,"ECB reference exchange rate, Swiss franc/Euro, 2.15 pm (C.E.T.)",CHF,0
EXR.D.CHF.EUR.SP00.A,D,CHF,EUR,SP00,A,2011-07-20,1.1652,A,,,,P1D,,A,,,,,,,99Q1=100,,,4,,4F0,,Swiss franc/Euro ECB reference exchange rate,"ECB reference exchange rate, Swiss franc/Euro, 2.15 pm (C.E.T.)",CHF,0
EXR.D.CHF.EUR.SP00.A,D,CHF,EUR,SP00,A,2011-07-21,1.169,A,,,,P1D,,A,,,,,,,99Q1=100,,,4,,4F0,,Swiss franc/Euro ECB reference exchange rate,"ECB reference exchange rate, Swiss franc/Euro, 2.15 pm (C.E.T.)",CHF,0
EXR.D.CHF.EUR.SP00.A,D,CHF,EUR,SP00,A,2011-07-22,1.1789,A,,,,P1D,,A,,,,,,,99Q1=100,,,4,,4F0,,Swiss franc/Euro ECB reference exchange rate,"ECB reference exchange rate, Swiss franc/Euro, 2.15 pm (C.E.T.)",CHF,0
EXR.D.CHF.EUR.SP00.A,D,CHF,EUR,SP00,A,2011-07-25,1.1563,A,,,,P1D,,A,,,,,,,99Q1=100,,,4,,4F0,,Swiss franc/Euro ECB reference exchange rate,"ECB reference exchange rate, Swiss franc/Euro, 2.15 pm (C.E.T.)",CHF,0
EXR.D.CHF.EUR.SP00.A,D,CHF,EUR,SP00,A,2011-07-26,1.163,A,,,,P1D,,A,,,,,,,99Q1=100,,,4,,4F0,,Swiss franc/Euro ECB reference exchange rate,"ECB reference exchange rate, Swiss franc/Euro, 2.15 pm (C.E.T.)",CHF,0
EXR.D.CHF.EUR.SP00.A,D,CHF,EUR,SP00,A,2011-07-27,1.1586,A,,,,P1D,,A,,,,,,,99Q1=100,,,4,,4F0,,Swiss franc/Euro ECB reference exchange rate,"ECB reference exchange rate, Swiss franc/Euro, 2.15 pm (C.E.T.)",CHF,0
EXR.D.CHF.EUR.SP00.A,D,CHF,EUR,SP00,A,2011-07-28,1.1437,A,,,,P1D,,A,,,,,,,99Q1=100,,,4,,4F0,,Swiss franc/Euro ECB reference exchange rate,"ECB reference exchange rate, Swiss franc/Euro, 2.15 pm (C.E.T.)",CHF,0
EXR.D.CHF.EUR.SP00.A,D,CHF,EUR,SP00,A,2011-07-29,1.1418,A,,,,P1D,,A,,,,,,,99Q1=100,,,4,,4F0,,Swiss franc/Euro ECB reference exchange rate,"ECB reference exchange rate, Swiss franc/Euro, 2.15 pm (C.E.T.)",CHF,0
EXR.D.CHF.EUR.SP00.A,D,CHF,EUR,SP00,A,2011-08-01,1.127,A,,,,P1D,,A,,,,,,,99Q1=100,,,4,,4F0,,Swiss franc/Euro ECB reference exchange rate,"ECB reference exchange rate, Swiss franc/Euro, 2.15 pm (C.E.T.)",CHF,0
EXR.D.CHF.EUR.SP00.A,D,CHF,EUR,SP00,A,2011-08-02,1.1049,A,,,,P1D,,A,,,,,,,99Q1=100,,,4,,4F0,,Swiss franc/Euro ECB reference exchange rate,"ECB reference exchange rate, Swiss franc/Euro, 2.15 pm (C.E.T.)",CHF,0
EXR.D.CHF.EUR.SP00.A,D,CHF,EUR,SP00,A,2011-08-03,1.1022,A,,,,P1D,,A,,,,,,,99Q1=100,,,4,,4F0,,Swiss franc/Euro ECB reference exchange rate,"ECB reference exchange rate, Swiss franc/Euro, 2.15 pm (C.E.T.)",CHF,0
EXR.D.CHF.EUR.SP00.A,D,CHF,EUR,SP00,A,2011-08-04,1.1012,A,,,,P1D,,A,,,,,,,99Q1=100,,,4,,4F0,,Swiss franc/Euro ECB reference exchange rate,"ECB reference exchange rate, Swiss franc/Euro, 2.15 pm (C.E.T.)",CHF,0
EXR.D.CHF.EUR.SP00.A,D,CHF,EUR,SP00,A,2011-08-05,1.0847,A,,,,P1D,,A,,,,,,,99Q1=100,,,4,,4F0,,Swiss franc/Euro ECB reference exchange rate,"ECB reference exchange rate, Swiss franc/Euro, 2.15 pm (C.E.T.)",CHF,0
EXR.D.CHF.EUR.SP00.A,D,CHF,EUR,SP00,A,2011-08-08,1.0849,A,,,,P1D,,A,,,,,,,99Q1=100,,,4,,4F0,,Swiss franc/Euro ECB reference exchange rate,"ECB reference exchange rate, Swiss franc/Euro, 2.15 pm (C.E.T.)",CHF,0
EXR.D.CHF.EUR.SP00.A,D,CHF,EUR,SP00,A,2011-08-09,1.0594,A,,,,P1D,,A,,,,,,,99Q1=100,,,4,,4F0,,Swiss franc/Euro ECB reference exchange rate,"ECB reference exchange rate, Swiss franc/Euro, 2.15 pm (C.E.T.)",CHF,0
EXR.D.CHF.EUR.SP00.A,D,CHF,EUR,SP00,A,2011-08-10,1.0451,A,,,,P1D,,A,,,,,,,99Q1=100,,,4,,4F0,,Swiss franc/Euro ECB reference exchange rate,"ECB reference exchange rate, Swiss franc/Euro, 2.15 pm (C.E.T.)",CHF,0
EXR.D.CHF.EUR.SP00.A,D,CHF,EUR,SP00,A,2011-08-11,1.0499,A,,,,P1D,,A,,,,,,,99Q1=100,,,4,,4F0,,Swiss franc/Euro ECB reference exchange rate,"ECB reference exchange rate, Swiss franc/Euro, 2.15 pm (C.E.T.)",CHF,0
EXR.D.CHF.EUR.SP00.A,D,CHF,EUR,SP00,A,2011-08-12,1.0984,A,,,,P1D,,A,,,,,,,99Q1=100,,,4,,4F0,,Swiss franc/Euro ECB reference exchange rate,"ECB reference exchange rate, Swiss franc/Euro, 2.15 pm (C.E.T.)",CHF,0
EXR.D.CHF.EUR.SP00.A,D,CHF,EUR,SP00,A,2011-08-15,1.1334,A,,,,P1D,,A,,,,,,,99Q1=100,,,4,,4F0,,Swiss franc/Euro ECB reference exchange rate,"ECB reference exchange rate, Swiss franc/Euro, 2.15 pm (C.E.T.)",CHF,0
EXR.D.CHF.EUR.SP00.A,D,CHF,EUR,SP00,A,2011-08-16,1.1195,A,,,,P1D,,A,,,,,,,99Q1=100,,,4,,4F0,,Swiss franc/Euro ECB reference exchange rate,"ECB reference exchange rate, Swiss franc/Euro, 2.15 pm (C.E.T.)",CHF,0
EXR.D.CHF.EUR.SP00.A,D,CHF,EUR,SP00,A,2011-08-17,1.1402,A,,,,P1D,,A,,,,,,,99Q1=100,,,4,,4F0,,Swiss franc/Euro ECB reference exchange rate,"ECB reference exchange rate, Swiss franc/Euro, 2.15 pm (C.E.T.)",CHF,0
EXR.D.CHF.EUR.SP00.A,D,CHF,EUR,SP00,A,2011-08-18,1.141,A,,,,P1D,,A,,,,,,,99Q1=100,,,4,,4F0,,Swiss franc/Euro ECB reference exchange rate,"ECB reference exchange rate, Swiss franc/Euro, 2.15 pm (C.E.T.)",CHF,0
EXR.D.CHF.EUR.SP00.A,D,CHF,EUR,SP00,A,2011-08-19,1.134,A,,,,P1D,,A,,,,,,,99Q1=100,,,4,,4F0,,Swiss franc/Euro ECB reference exchange rate,"ECB reference exchange rate, Swiss franc/Euro, 2.15 pm (C.E.T.)",CHF,0
EXR.D.CHF.EUR.SP00.A,D,CHF,EUR,SP00,A,2011-08-22,1.1341,A,,,,P1D,,A,,,,,,,99Q1=100,,,4,,4F0,,Swiss franc/Euro ECB reference exchange rate,"ECB reference exchange rate, Swiss franc/Euro, 2.15 pm (C.E.T.)",CHF,0
EXR.D.CHF.EUR.SP00.A,D,CHF,EUR,SP00,A,2011-08-23,1.141,A,,,,P1D,,A,,,,,,,99Q1=100,,,4,,4F0,,Swiss franc/Euro ECB reference exchange rate,"ECB reference exchange rate, Swiss franc/Euro, 2.15 pm (C.E.T.)",CHF,0
EXR.D.CHF.EUR.SP00.A,D,CHF,EUR,SP00,A,2011-08-24,1.1403,A,,,,P1D,,A,,,,,,,99Q1=100,,,4,,4F0,,Swiss franc/Euro ECB reference exchange rate,"ECB reference exchange rate, Swiss franc/Euro, 2.15 pm (C.E.T.)",CHF,0
EXR.D.CHF.EUR.SP00.A,D,CHF,EUR,SP00,A,2011-08-25,1.1466,A,,,,P1D,,A,,,,,,,99Q1=100,,,4,,4F0,,Swiss franc/Euro ECB reference exchange rate,"ECB reference exchange rate, Swiss franc/Euro, 2.15 pm (C.E.T.)",CHF,0
EXR.D.CHF.EUR.SP00.A,D,CHF,EUR,SP00,A,2011-08-26,1.1458,A,,,,P1D,,A,,,,,,,99Q1=100,,,4,,4F0,,Swiss franc/Euro ECB reference exchange rate,"ECB reference exchange rate, Swiss franc/Euro, 2.15 pm (C.E.T.)",CHF,0
EXR.D.CHF.EUR.SP00.A,D,CHF,EUR,SP00,A,2011-08-29,1.1824,A,,,,P1D,,A,,,,,,,99Q1=100,,,4,,4F0,,Swiss franc/Euro ECB reference exchange rate,"ECB reference exchange rate, Swiss franc/Euro, 2.15 pm (C.E.T.)",CHF,0
EXR.D.CHF.EUR.SP00.A,D,CHF,EUR,SP00,A,2011-08-30,1.1835,A,,,,P1D,,A,,,,,,,99Q1=100,,,4,,4F0,,Swiss franc/Euro ECB reference exchange rate,"ECB reference exchange rate, Swiss franc/Euro, 2.15 pm (C.E.T.)",CHF,0
EXR.D.CHF.EUR.SP00.A,D,CHF,EUR,SP00,A,2011-08-31,1.167,A,,,,P1D,,A,,,,,,,99Q1=100,,,4,,4F0,,Swiss franc/Euro ECB reference exchange rate,"ECB reference exchange rate, Swiss franc/Euro, 2.15 pm (C.E.T.)",CHF,0
EXR.D.CHF.EUR.SP00.A,D,CHF,EUR,SP00,A,2011-09-01,1.1417,A,,,,P1D,,A,,,,,,,99Q1=100,,,4,,4F0,,Swiss franc/Euro ECB reference exchange rate,"ECB reference exchange rate, Swiss franc/Euro, 2.15 pm (C.E.T.)",CHF,0
EXR.D.CHF.EUR.SP00.A,D,CHF,EUR,SP00,A,2011-09-02,1.1132,A,,,,P1D,,A,,,,,,,99Q1=100,,,4,,4F0,,Swiss franc/Euro ECB reference exchange rate,"ECB reference exchange rate, Swiss franc/Euro, 2.15 pm (C.E.T.)",CHF,0
EXR.D.CHF.EUR.SP00.A,D,CHF,EUR,SP00,A,2011-09-05,1.1111,A,,,,P1D,,A,,,,,,,99Q1=100,,,4,,4F0,,Swiss franc/Euro ECB reference exchange rate,"ECB reference exchange rate, Swiss franc/Euro, 2.15 pm (C.E.T.)",CHF,0
EXR.D.CHF.EUR.SP00.A,D,CHF,EUR,SP00,A,2011-09-06,1.2036,A,,,,P1D,,A,,,,,,,99Q1=100,,,4,,4F0,,Swiss franc/Euro ECB reference exchange rate,"ECB reference exchange rate, Swiss franc/Euro, 2.15 pm (C.E.T.)",CHF,0
EXR.D.CHF.EUR.SP00.A,D,CHF,EUR,SP00,A,2011-09-07,1.2052,A,,,,P1D,,A,,,,,,,99Q1=100,,,4,,4F0,,Swiss franc/Euro ECB reference exchange rate,"ECB reference exchange rate, Swiss franc/Euro, 2.15 pm (C.E.T.)",CHF,0
EXR.D.CHF.EUR.SP00.A,D,CHF,EUR,SP00,A,2011-09-08,1.2135,A,,,,P1D,,A,,,,,,,99Q1=100,,,4,,4F0,,Swiss franc/Euro ECB reference exchange rate,"ECB reference exchange rate, Swiss franc/Euro, 2.15 pm (C.E.T.)",CHF,0
EXR.D.CHF.EUR.SP00.A,D,CHF,EUR,SP00,A,2011-09-09,1.2165,A,,,,P1D,,A,,,,,,,99Q1=100,,,4,,4F0,,Swiss franc/Euro ECB reference exchange rate,"ECB reference exchange rate, Swiss franc/Euro, 2.15 pm (C.E.T.)",CHF,0
EXR.D.CHF.EUR.SP00.A,D,CHF,EUR,SP00,A,2011-09-12,1.2055,A,,,,P1D,,A,,,,,,,99Q1=100,,,4,,4F0,,Swiss franc/Euro ECB reference exchange rate,"ECB reference exchange rate, Swiss franc/Euro, 2.15 pm (C.E.T.)",CHF,0
EXR.D.CHF.EUR.SP00.A,D,CHF,EUR,SP00,A,2011-09-13,1.2037,A,,,,P1D,,A,,,,,,,99Q1=100,,,4,,4F0,,Swiss franc/Euro ECB reference exchange rate,"ECB reference exchange rate, Swiss franc/Euro, 2.15 pm (C.E.T.)",CHF,0
EXR.D.CHF.EUR.SP00.A,D,CHF,EUR,SP00,A,2011-09-14,1.2033,A,,,,P1D,,A,,,,,,,99Q1=100,,,4,,4F0,,Swiss franc/Euro ECB reference exchange rate,"ECB reference exchange rate, Swiss franc/Euro, 2.15 pm (C.E.T.)",CHF,0
EXR.D.CHF.EUR.SP00.A,D,CHF,EUR,SP00,A,2011-09-15,1.2062,A,,,,P1D,,A,,,,,,,99Q1=100,,,4,,4F0,,Swiss franc/Euro ECB reference exchange rate,"ECB reference exchange rate, Swiss franc/Euro, 2.15 pm (C.E.T.)",CHF,0
EXR.D.CHF.EUR.SP00.A,D,CHF,EUR,SP00,A,2011-09-16,1.2058,A,,,,P1D,,A,,,,,,,99Q1=100,,,4,,4F0,,Swiss franc/Euro ECB reference exchange rate,"ECB reference exchange rate, Swiss franc/Euro, 2.15 pm (C.E.T.)",CHF,0
EXR.D.CHF.EUR.SP00.A,D,CHF,EUR,SP00,A,2011-09-19,1.2061,A,,,,P1D,,A,,,,,,,99Q1=100,,,4,,4F0,,Swiss franc/Euro ECB reference exchange rate,"ECB reference exchange rate, Swiss franc/Euro, 2.15 pm (C.E.T.)",CHF,0
EXR.D.CHF.EUR.SP00.A,D,CHF,EUR,SP00,A,2011-09-20,1.2064,A,,,,P1D,,A,,,,,,,99Q1=100,,,4,,4F0,,Swiss franc/Euro ECB reference exchange rate,"ECB reference exchange rate, Swiss franc/Euro, 2.15 pm (C.E.T.)",CHF,0
EXR.D.CHF.EUR.SP00.A,D,CHF,EUR,SP00,A,2011-09-21,1.2208,A,,,,P1D,,A,,,,,,,99Q1=100,,,4,,4F0,,Swiss franc/Euro ECB reference exchange rate,"ECB reference exchange rate, Swiss franc/Euro, 2.15 pm (C.E.T.)",CHF,0
EXR.D.CHF.EUR.SP00.A,D,CHF,EUR,SP00,A,2011-09-22,1.2275,A,,,,P1D,,A,,,,,,,99Q1=100,,,4,,4F0,,Swiss franc/Euro ECB reference exchange rate,"ECB reference exchange rate, Swiss franc/Euro, 2.15 pm (C.E.T.)",CHF,0
EXR.D.CHF.EUR.SP00.A,D,CHF,EUR,SP00,A,2011-09-23,1.2195,A,,,,P1D,,A,,,,,,,99Q1=100,,,4,,4F0,,Swiss franc/Euro ECB reference exchange rate,"ECB reference exchange rate, Swiss franc/Euro, 2.15 pm (C.E.T.)",CHF,0
EXR.D.CHF.EUR.SP00.A,D,CHF,EUR,SP00,A,2011-09-26,1.2206,A,,,,P1D,,A,,,,,,,99Q1=100,,,4,,4F0,,Swiss franc/Euro ECB reference exchange rate,"ECB reference exchange rate, Swiss franc/Euro, 2.15 pm (C.E.T.)",CHF,0
EXR.D.CHF.EUR.SP00.A,D,CHF,EUR,SP00,A,2011-09-27,1.2232,A,,,,P1D,,A,,,,,,,99Q1=100,,,4,,4F0,,Swiss franc/Euro ECB reference exchange rate,"ECB reference exchange rate, Swiss franc/Euro, 2.15 pm (C.E.T.)",CHF,0
EXR.D.CHF.EUR.SP00.A,D,CHF,EUR,SP00,A,2011-09-28,1.2205,A,,,,P1D,,A,,,,,,,99Q1=100,,,4,,4F0,,Swiss franc/Euro ECB reference exchange rate,"ECB reference exchange rate, Swiss franc/Euro, 2.15 pm (C.E.T.)",CHF,0
EXR.D.CHF.EUR.SP00.A,D,CHF,EUR,SP00,A,2011-09-29,1.2207,A,,,,P1D,,A,,,,,,,99Q1=100,,,4,,4F0,,Swiss franc/Euro ECB reference exchange rate,"ECB reference exchange rate, Swiss franc/Euro, 2.15 pm (C.E.T.)",CHF,0
EXR.D.CHF.EUR.SP00.A,D,CHF,EUR,SP00,A,2011-09-30,1.217,A,,,,P1D,,A,,,,,,,99Q1=100,,,4,,4F0,,Swiss franc/Euro ECB reference exchange rate,"ECB reference exchange rate, Swiss franc/Euro, 2.15 pm (C.E.T.)",CHF,0
EXR.D.CHF.EUR.SP00.A,D,CHF,EUR,SP00,A,2011-10-03,1.214,A,,,,P1D,,A,,,,,,,99Q1=100,,,4,,4F0,,Swiss franc/Euro ECB reference exchange rate,"ECB reference exchange rate, Swiss franc/Euro, 2.15 pm (C.E.T.)",CHF,0
EXR.D.CHF.EUR.SP00.A,D,CHF,EUR,SP00,A,2011-10-04,1.2169,A,,,,P1D,,A,,,,,,,99Q1=100,,,4,,4F0,,Swiss franc/Euro ECB reference exchange rate,"ECB reference exchange rate, Swiss franc/Euro, 2.15 pm (C.E.T.)",CHF,0
EXR.D.CHF.EUR.SP00.A,D,CHF,EUR,SP00,A,2011-10-05,1.2265,A,,,,P1D,,A,,,,,,,99Q1=100,,,4,,4F0,,Swiss franc/Euro ECB reference exchange rate,"ECB reference exchange rate, Swiss franc/Euro, 2.15 pm (C.E.T.)",CHF,0
EXR.D.CHF.EUR.SP00.A,D,CHF,EUR,SP00,A,2011-10-06,1.2316,A,,,,P1D,,A,,,,,,,99Q1=100,,,4,,4F0,,Swiss franc/Euro ECB reference exchange rate,"ECB reference exchange rate, Swiss franc/Euro, 2.15 pm (C.E.T.)",CHF,0
EXR.D.CHF.EUR.SP00.A,D,CHF,EUR,SP00,A,2011-10-07,1.2365,A,,,,P1D,,A,,,,,,,99Q1=100,,,4,,4F0,,Swiss franc/Euro ECB reference exchange rate,"ECB reference exchange rate, Swiss franc/Euro, 2.15 pm (C.E.T.)",CHF,0
EXR.D.CHF.EUR.SP00.A,D,CHF,EUR,SP00,A,2011-10-10,1.2326,A,,,,P1D,,A,,,,,,,99Q1=100,,,4,,4F0,,Swiss franc/Euro ECB reference exchange rate,"ECB reference exchange rate, Swiss franc/Euro, 2.15 pm (C.E.T.)",CHF,0
EXR.D.CHF.EUR.SP00.A,D,CHF,EUR,SP00,A,2011-10-11,1.238,A,,,,P1D,,A,,,,,,,99Q1=100,,,4,,4F0,,Swiss franc/Euro ECB reference exchange rate,"ECB reference exchange rate, Swiss franc/Euro, 2.15 pm (C.E.T.)",CHF,0
EXR.D.CHF.EUR.SP00.A,D,CHF,EUR,SP00,A,2011-10-12,1.2367,A,,,,P1D,,A,,,,,,,99Q1=100,,,4,,4F0,,Swiss franc/Euro ECB reference exchange rate,"ECB reference exchange rate, Swiss franc/Euro, 2.15 pm (C.E.T.)",CHF,0
EXR.D.CHF.EUR.SP00.A,D,CHF,EUR,SP00,A,2011-10-13,1.2335,A,,,,P1D,,A,,,,,,,99Q1=100,,,4,,4F0,,Swiss franc/Euro ECB reference exchange rate,"ECB reference exchange rate, Swiss franc/Euro, 2.15 pm (C.E.T.)",CHF,0
EXR.D.CHF.EUR.SP00.A,D,CHF,EUR,SP00,A,2011-10-14,1.2388,A,,,,P1D,,A,,,,,,,99Q1=100,,,4,,4F0,,Swiss franc/Euro ECB reference exchange rate,"ECB reference exchange rate, Swiss franc/Euro, 2.15 pm (C.E.T.)",CHF,0
EXR.D.CHF.EUR.SP00.A,D,CHF,EUR,SP00,A,2011-10-17,1.2365,A,,,,P1D,,A,,,,,,,99Q1=100,,,4,,4F0,,Swiss franc/Euro ECB reference exchange rate,"ECB reference exchange rate, Swiss franc/Euro, 2.15 pm (C.E.T.)",CHF,0
EXR.D.CHF.EUR.SP00.A,D,CHF,EUR,SP00,A,2011-10-18,1.2348,A,,,,P1D,,A,,,,,,,99Q1=100,,,4,,4F0,,Swiss franc/Euro ECB reference exchange rate,"ECB reference exchange rate, Swiss franc/Euro, 2.15 pm (C.E.T.)",CHF,0
EXR.D.CHF.EUR.SP00.A,D,CHF,EUR,SP00,A,2011-10-19,1.2428,A,,,,P1D,,A,,,,,,,99Q1=100,,,4,,4F0,,Swiss franc/Euro ECB reference exchange rate,"ECB reference exchange rate, Swiss franc/Euro, 2.15 pm (C.E.T.)",CHF,0
EXR.D.CHF.EUR.SP00.A,D,CHF,EUR,SP00,A,2011-10-20,1.2362,A,,,,P1D,,A,,,,,,,99Q1=100,,,4,,4F0,,Swiss franc/Euro ECB reference exchange rate,"ECB reference exchange rate, Swiss franc/Euro, 2.15 pm (C.E.T.)",CHF,0
EXR.D.CHF.EUR.SP00.A,D,CHF,EUR,SP00,A,2011-10-21,1.2307,A,,,,P1D,,A,,,,,,,99Q1=100,,,4,,4F0,,Swiss franc/Euro ECB reference exchange rate,"ECB reference exchange rate, Swiss franc/Euro, 2.15 pm (C.E.T.)",CHF,0
EXR.D.CHF.EUR.SP00.A,D,CHF,EUR,SP00,A,2011-10-24,1.228,A,,,,P1D,,A,,,,,,,99Q1=100,,,4,,4F0,,Swiss franc/Euro ECB reference exchange rate,"ECB reference exchange rate, Swiss franc/Euro, 2.15 pm (C.E.T.)",CHF,0
EXR.D.CHF.EUR.SP00.A,D,CHF,EUR,SP00,A,2011-10-25,1.2253,A,,,,P1D,,A,,,,,,,99Q1=100,,,4,,4F0,,Swiss franc/Euro ECB reference exchange rate,"ECB reference exchange rate, Swiss franc/Euro, 2.15 pm (C.E.T.)",CHF,0
EXR.D.CHF.EUR.SP00.A,D,CHF,EUR,SP00,A,2011-10-26,1.2193,A,,,,P1D,,A,,,,,,,99Q1=100,,,4,,4F0,,Swiss franc/Euro ECB reference exchange rate,"ECB reference exchange rate, Swiss franc/Euro, 2.15 pm (C.E.T.)",CHF,0
EXR.D.CHF.EUR.SP00.A,D,CHF,EUR,SP00,A,2011-10-27,1.2213,A,,,,P1D,,A,,,,,,,99Q1=100,,,4,,4F0,,Swiss franc/Euro ECB reference exchange rate,"ECB reference exchange rate, Swiss franc/Euro, 2.15 pm (C.E.T.)",CHF,0
EXR.D.CHF.EUR.SP00.A,D,CHF,EUR,SP00,A,2011-10-28,1.2211,A,,,,P1D,,A,,,,,,,99Q1=100,,,4,,4F0,,Swiss franc/Euro ECB reference exchange rate,"ECB reference exchange rate, Swiss franc/Euro, 2.15 pm (C.E.T.)",CHF,0
EXR.D.CHF.EUR.SP00.A,D,CHF,EUR,SP00,A,2011-10-31,1.2191,A,,,,P1D,,A,,,,,,,99Q1=100,,,4,,4F0,,Swiss franc/Euro ECB reference exchange rate,"ECB reference exchange rate, Swiss franc/Euro, 2.15 pm (C.E.T.)",CHF,0
EXR.D.CHF.EUR.SP00.A,D,CHF,EUR,SP00,A,2011-11-01,1.2174,A,,,,P1D,,A,,,,,,,99Q1=100,,,4,,4F0,,Swiss franc/Euro ECB reference exchange rate,"ECB reference exchange rate, Swiss franc/Euro, 2.15 pm (C.E.T.)",CHF,0
EXR.D.CHF.EUR.SP00.A,D,CHF,EUR,SP00,A,2011-11-02,1.2166,A,,,,P1D,,A,,,,,,,99Q1=100,,,4,,4F0,,Swiss franc/Euro ECB reference exchange rate,"ECB reference exchange rate, Swiss franc/Euro, 2.15 pm (C.E.T.)",CHF,0
EXR.D.CHF.EUR.SP00.A,D,CHF,EUR,SP00,A,2011-11-03,1.2156,A,,,,P1D,,A,,,,,,,99Q1=100,,,4,,4F0,,Swiss franc/Euro ECB reference exchange rate,"ECB reference exchange rate, Swiss franc/Euro, 2.15 pm (C.E.T.)",CHF,0
EXR.D.CHF.EUR.SP00.A,D,CHF,EUR,SP00,A,2011-11-04,1.2217,A,,,,P1D,,A,,,,,,,99Q1=100,,,4,,4F0,,Swiss franc/Euro ECB reference exchange rate,"ECB reference exchange rate, Swiss franc/Euro, 2.15 pm (C.E.T.)",CHF,0
EXR.D.CHF.EUR.SP00.A,D,CHF,EUR,SP00,A,2011-11-07,1.2342,A,,,,P1D,,A,,,,,,,99Q1=100,,,4,,4F0,,Swiss franc/Euro ECB reference exchange rate,"ECB reference exchange rate, Swiss franc/Euro, 2.15 pm (C.E.T.)",CHF,0
EXR.D.CHF.EUR.SP00.A,D,CHF,EUR,SP00,A,2011-11-08,1.2382,A,,,,P1D,,A,,,,,,,99Q1=100,,,4,,4F0,,Swiss franc/Euro ECB reference exchange rate,"ECB reference exchange rate, Swiss franc/Euro, 2.15 pm (C.E.T.)",CHF,0
EXR.D.CHF.EUR.SP00.A,D,CHF,EUR,SP00,A,2011-11-09,1.2322,A,,,,P1D,,A,,,,,,,99Q1=100,,,4,,4F0,,Swiss franc/Euro ECB reference exchange rate,"ECB reference exchange rate, Swiss franc/Euro, 2.15 pm (C.E.T.)",CHF,0
EXR.D.CHF.EUR.SP00.A,D,CHF,EUR,SP00,A,2011-11-10,1.2315,A,,,,P1D,,A,,,,,,,99Q1=100,,,4,,4F0,,Swiss franc/Euro ECB reference exchange rate,"ECB reference exchange rate, Swiss franc/Euro, 2.15 pm (C.E.T.)",CHF,0
EXR.D.CHF.EUR.SP00.A,D,CHF,EUR,SP00,A,2011-11-11,1.236,A,,,,P1D,,A,,,,,,,99Q1=100,,,4,,4F0,,Swiss franc/Euro ECB reference exchange rate,"ECB reference exchange rate, Swiss franc/Euro, 2.15 pm (C.E.T.)",CHF,0
EXR.D.CHF.EUR.SP00.A,D,CHF,EUR,SP00,A,2011-11-14,1.2368,A,,,,P1D,,A,,,,,,,99Q1=100,,,4,,4F0,,Swiss franc/Euro ECB reference exchange rate,"ECB reference exchange rate, Swiss franc/Euro, 2.15 pm (C.E.T.)",CHF,0
EXR.D.CHF.EUR.SP00.A,D,CHF,EUR,SP00,A,2011-11-15,1.2405,A,,,,P1D,,A,,,,,,,99Q1=100,,,4,,4F0,,Swiss franc/Euro ECB reference exchange rate,"ECB reference exchange rate, Swiss franc/Euro, 2.15 pm (C.E.T.)",CHF,0
EXR.D.CHF.EUR.SP00.A,D,CHF,EUR,SP00,A,2011-11-16,1.2384,A,,,,P1D,,A,,,,,,,99Q1=100,,,4,,4F0,,Swiss franc/Euro ECB reference exchange rate,"ECB reference exchange rate, Swiss franc/Euro, 2.15 pm (C.E.T.)",CHF,0
EXR.D.CHF.EUR.SP00.A,D,CHF,EUR,SP00,A,2011-11-17,1.2387,A,,,,P1D,,A,,,,,,,99Q1=100,,,4,,4F0,,Swiss franc/Euro ECB reference exchange rate,"ECB reference exchange rate, Swiss franc/Euro, 2.15 pm (C.E.T.)",CHF,0
EXR.D.CHF.EUR.SP00.A,D,CHF,EUR,SP00,A,2011-11-18,1.2378,A,,,,P1D,,A,,,,,,,99Q1=100,,,4,,4F0,,Swiss franc/Euro ECB reference exchange rate,"ECB reference exchange rate, Swiss franc/Euro, 2.15 pm (C.E.T.)",CHF,0
EXR.D.CHF.EUR.SP00.A,D,CHF,EUR,SP00,A,2011-11-21,1.2375,A,,,,P1D,,A,,,,,,,99Q1=100,,,4,,4F0,,Swiss franc/Euro ECB reference exchange rate,"ECB reference exchange rate, Swiss franc/Euro, 2.15 pm (C.E.T.)",CHF,0
EXR.D.CHF.EUR.SP00.A,D,CHF,EUR,SP00,A,2011-11-22,1.235,A,,,,P1D,,A,,,,,,,99Q1=100,,,4,,4F0,,Swiss franc/Euro ECB reference exchange rate,"ECB reference exchange rate, Swiss franc/Euro, 2.15 pm (C.E.T.)",CHF,0
EXR.D.CHF.EUR.SP00.A,D,CHF,EUR,SP00,A,2011-11-23,1.2305,A,,,,P1D,,A,,,,,,,99Q1=100,,,4,,4F0,,Swiss franc/Euro ECB reference exchange rate,"ECB reference exchange rate, Swiss franc/Euro, 2.15 pm (C.E.T.)",CHF,0
EXR.D.CHF.EUR.SP00.A,D,CHF,EUR,SP00,A,2011-11-24,1.2268,A,,,,P1D,,A,,,,,,,99Q1=100,,,4,,4F0,,Swiss franc/Euro ECB reference exchange rate,"ECB reference exchange rate, Swiss franc/Euro, 2.15 pm (C.E.T.)",CHF,0
EXR.D.CHF.EUR.SP00.A,D,CHF,EUR,SP00,A,2011-11-25,1.2253,A,,,,P1D,,A,,,,,,,99Q1=100,,,4,,4F0,,Swiss franc/Euro ECB reference exchange rate,"ECB reference exchange rate, Swiss franc/Euro, 2.15 pm (C.E.T.)",CHF,0
EXR.D.CHF.EUR.SP00.A,D,CHF,EUR,SP00,A,2011-11-28,1.2309,A,,,,P1D,,A,,,,,,,99Q1=100,,,4,,4F0,,Swiss franc/Euro ECB reference exchange rate,"ECB reference exchange rate, Swiss franc/Euro, 2.15 pm (C.E.T.)",CHF,0
EXR.D.CHF.EUR.SP00.A,D,CHF,EUR,SP00,A,2011-11-29,1.2282,A,,,,P1D,,A,,,,,,,99Q1=100,,,4,,4F0,,Swiss franc/Euro ECB reference exchange rate,"ECB reference exchange rate, Swiss franc/Euro, 2.15 pm (C.E.T.)",CHF,0
EXR.D.CHF.EUR.SP00.A,D,CHF,EUR,SP00,A,2011-11-30,1.2265,A,,,,P1D,,A,,,,,,,99Q1=100,,,4,,4F0,,Swiss franc/Euro ECB reference exchange rate,"ECB reference exchange rate, Swiss franc/Euro, 2.15 pm (C.E.T.)",CHF,0
EXR.D.CHF.EUR.SP00.A,D,CHF,EUR,SP00,A,2011-12-01,1.2264,A,,,,P1D,,A,,,,,,,99Q1=100,,,4,,4F0,,Swiss franc/Euro ECB reference exchange rate,"ECB reference exchange rate, Swiss franc/Euro, 2.15 pm (C.E.T.)",CHF,0
EXR.D.CHF.EUR.SP00.A,D,CHF,EUR,SP00,A,2011-12-02,1.2343,A,,,,P1D,,A,,,,,,,99Q1=100,,,4,,4F0,,Swiss franc/Euro ECB reference exchange rate,"ECB reference exchange rate, Swiss franc/Euro, 2.15 pm (C.E.T.)",CHF,0
EXR.D.CHF.EUR.SP00.A,D,CHF,EUR,SP00,A,2011-12-05,1.2379,A,,,,P1D,,A,,,,,,,99Q1=100,,,4,,4F0,,Swiss franc/Euro ECB reference exchange rate,"ECB reference exchange rate, Swiss franc/Euro, 2.15 pm (C.E.T.)",CHF,0
EXR.D.CHF.EUR.SP00.A,D,CHF,EUR,SP00,A,2011-12-06,1.2388,A,,,,P1D,,A,,,,,,,99Q1=100,,,4,,4F0,,Swiss franc/Euro ECB reference exchange rate,"ECB reference exchange rate, Swiss franc/Euro, 2.15 pm (C.E.T.)",CHF,0
EXR.D.CHF.EUR.SP00.A,D,CHF,EUR,SP00,A,2011-12-07,1.2413,A,,,,P1D,,A,,,,,,,99Q1=100,,,4,,4F0,,Swiss franc/Euro ECB reference exchange rate,"ECB reference exchange rate, Swiss franc/Euro, 2.15 pm (C.E.T.)",CHF,0
EXR.D.CHF.EUR.SP00.A,D,CHF,EUR,SP00,A,2011-12-08,1.2373,A,,,,P1D,,A,,,,,,,99Q1=100,,,4,,4F0,,Swiss franc/Euro ECB reference exchange rate,"ECB reference exchange rate, Swiss franc/Euro, 2.15 pm (C.E.T.)",CHF,0
EXR.D.CHF.EUR.SP00.A,D,CHF,EUR,SP00,A,2011-12-09,1.2332,A,,,,P1D,,A,,,,,,,99Q1=100,,,4,,4F0,,Swiss franc/Euro ECB reference exchange rate,"ECB reference exchange rate, Swiss franc/Euro, 2.15 pm (C.E.T.)",CHF,0
EXR.D.CHF.EUR.SP00.A,D,CHF,EUR,SP00,A,2011-12-12,1.2349,A,,,,P1D,,A,,,,,,,99Q1=100,,,4,,4F0,,Swiss franc/Euro ECB reference exchange rate,"ECB reference exchange rate, Swiss franc/Euro, 2.15 pm (C.E.T.)",CHF,0
EXR.D.CHF.EUR.SP00.A,D,CHF,EUR,SP00,A,2011-12-13,1.2345,A,,,,P1D,,A,,,,,,,99Q1=100,,,4,,4F0,,Swiss franc/Euro ECB reference exchange rate,"ECB reference exchange rate, Swiss franc/Euro, 2.15 pm (C.E.T.)",CHF,0
EXR.D.CHF.EUR.SP00.A,D,CHF,EUR,SP00,A,2011-12-14,1.2317,A,,,,P1D,,A,,,,,,,99Q1=100,,,4,,4F0,,Swiss franc/Euro ECB reference exchange rate,"ECB reference exchange rate, Swiss franc/Euro, 2.15 pm (C.E.T.)",CHF,0
EXR.D.CHF.EUR.SP00.A,D,CHF,EUR,SP00,A,2011-12-15,1.2261,A,,,,P1D,,A,,,,,,,99Q1=100,,,4,,4F0,,Swiss franc/Euro ECB reference exchange rate,"ECB reference exchange rate, Swiss franc/Euro, 2.15 pm (C.E.T.)",CHF,0
EXR.D.CHF.EUR.SP00.A,D,CHF,EUR,SP00,A,2011-12-16,1.2249,A,,,,P1D,,A,,,,,,,99Q1=100,,,4,,4F0,,Swiss franc/Euro ECB reference exchange rate,"ECB reference exchange rate, Swiss franc/Euro, 2.15 pm (C.E.T.)",CHF,0
EXR.D.CHF.EUR.SP00.A,D,CHF,EUR,SP00,A,2011-12-19,1.219,A,,,,P1D,,A,,,,,,,99Q1=100,,,4,,4F0,,Swiss franc/Euro ECB reference exchange rate,"ECB reference exchange rate, Swiss franc/Euro, 2.15 pm (C.E.T.)",CHF,0
EXR.D.CHF.EUR.SP00.A,D,CHF,EUR,SP00,A,2011-12-20,1.2192,A,,,,P1D,,A,,,,,,,99Q1=100,,,4,,4F0,,Swiss franc/Euro ECB reference exchange rate,"ECB reference exchange rate, Swiss franc/Euro, 2.15 pm (C.E.T.)",CHF,0
EXR.D.CHF.EUR.SP00.A,D,CHF,EUR,SP00,A,2011-12-21,1.219,A,,,,P1D,,A,,,,,,,99Q1=100,,,4,,4F0,,Swiss franc/Euro ECB reference exchange rate,"ECB reference exchange rate, Swiss franc/Euro, 2.15 pm (C.E.T.)",CHF,0
EXR.D.CHF.EUR.SP00.A,D,CHF,EUR,SP00,A,2011-12-22,1.2232,A,,,,P1D,,A,,,,,,,99Q1=100,,,4,,4F0,,Swiss franc/Euro ECB reference exchange rate,"ECB reference exchange rate, Swiss franc/Euro, 2.15 pm (C.E.T.)",CHF,0
EXR.D.CHF.EUR.SP00.A,D,CHF,EUR,SP00,A,2011-12-23,1.2221,A,,,,P1D,,A,,,,,,,99Q1=100,,,4,,4F0,,Swiss franc/Euro ECB reference exchange rate,"ECB reference exchange rate, Swiss franc/Euro, 2.15 pm (C.E.T.)",CHF,0
EXR.D.CHF.EUR.SP00.A,D,CHF,EUR,SP00,A,2011-12-26,,H,,,,P1D,,A,,,,,,,99Q1=100,,,4,,4F0,,Swiss franc/Euro ECB reference exchange rate,"ECB reference exchange rate, Swiss franc/Euro, 2.15 pm (C.E.T.)",CHF,0
EXR.D.CHF.EUR.SP00.A,D,CHF,EUR,SP00,A,2011-12-27,1.221,A,,,,P1D,,A,,,,,,,99Q1=100,,,4,,4F0,,Swiss franc/Euro ECB reference exchange rate,"ECB reference exchange rate, Swiss franc/Euro, 2.15 pm (C.E.T.)",CHF,0
EXR.D.CHF.EUR.SP00.A,D,CHF,EUR,SP00,A,2011-12-28,1.2196,A,,,,P1D,,A,,,,,,,99Q1=100,,,4,,4F0,,Swiss franc/Euro ECB reference exchange rate,"ECB reference exchange rate, Swiss franc/Euro, 2.15 pm (C.E.T.)",CHF,0
EXR.D.CHF.EUR.SP00.A,D,CHF,EUR,SP00,A,2011-12-29,1.2186,A,,,,P1D,,A,,,,,,,99Q1=100,,,4,,4F0,,Swiss franc/Euro ECB reference exchange rate,"ECB reference exchange rate, Swiss franc/Euro, 2.15 pm (C.E.T.)",CHF,0
EXR.D.CHF.EUR.SP00.A,D,CHF,EUR,SP00,A,2011-12-30,1.2156,A,,,,P1D,,A,,,,,,,99Q1=100,,,4,,4F0,,Swiss franc/Euro ECB reference exchange rate,"ECB reference exchange rate, Swiss franc/Euro, 2.15 pm (C.E.T.)",CHF,0
EXR.D.CHF.EUR.SP00.A,D,CHF,EUR,SP00,A,2012-01-02,1.2155,A,,,,P1D,,A,,,,,,,99Q1=100,,,4,,4F0,,Swiss franc/Euro ECB reference exchange rate,"ECB reference exchange rate, Swiss franc/Euro, 2.15 pm (C.E.T.)",CHF,0
EXR.D.CHF.EUR.SP00.A,D,CHF,EUR,SP00,A,2012-01-03,1.2183,A,,,,P1D,,A,,,,,,,99Q1=100,,,4,,4F0,,Swiss franc/Euro ECB reference exchange rate,"ECB reference exchange rate, Swiss franc/Euro, 2.15 pm (C.E.T.)",CHF,0
EXR.D.CHF.EUR.SP00.A,D,CHF,EUR,SP00,A,2012-01-04,1.2196,A,,,,P1D,,A,,,,,,,99Q1=100,,,4,,4F0,,Swiss franc/Euro ECB reference exchange rate,"ECB reference exchange rate, Swiss franc/Euro, 2.15 pm (C.E.T.)",CHF,0
EXR.D.CHF.EUR.SP00.A,D,CHF,EUR,SP00,A,2012-01-05,1.2187,A,,,,P1D,,A,,,,,,,99Q1=100,,,4,,4F0,,Swiss franc/Euro ECB reference exchange rate,"ECB reference exchange rate, Swiss franc/Euro, 2.15 pm (C.E.T.)",CHF,0
EXR.D.CHF.EUR.SP00.A,D,CHF,EUR,SP00,A,2012-01-06,1.2177,A,,,,P1D,,A,,,,,,,99Q1=100,,,4,,4F0,,Swiss franc/Euro ECB reference exchange rate,"ECB reference exchange rate, Swiss franc/Euro, 2.15 pm (C.E.T.)",CHF,0
EXR.D.CHF.EUR.SP00.A,D,CHF,EUR,SP00,A,2012-01-09,1.2139,A,,,,P1D,,A,,,,,,,99Q1=100,,,4,,4F0,,Swiss franc/Euro ECB reference exchange rate,"ECB reference exchange rate, Swiss franc/Euro, 2.15 pm (C.E.T.)",CHF,0
EXR.D.CHF.EUR.SP00.A,D,CHF,EUR,SP00,A,2012-01-10,1.2136,A,,,,P1D,,A,,,,,,,99Q1=100,,,4,,4F0,,Swiss franc/Euro ECB reference exchange rate,"ECB reference exchange rate, Swiss franc/Euro, 2.15 pm (C.E.T.)",CHF,0
EXR.D.CHF.EUR.SP00.A,D,CHF,EUR,SP00,A,2012-01-11,1.212,A,,,,P1D,,A,,,,,,,99Q1=100,,,4,,4F0,,Swiss franc/Euro ECB reference exchange rate,"ECB reference exchange rate, Swiss franc/Euro, 2.15 pm (C.E.T.)",CHF,0
EXR.D.CHF.EUR.SP00.A,D,CHF,EUR,SP00,A,2012-01-12,1.2112,A,,,,P1D,,A,,,,,,,99Q1=100,,,4,,4F0,,Swiss franc/Euro ECB reference exchange rate,"ECB reference exchange rate, Swiss franc/Euro, 2.15 pm (C.E.T.)",CHF,0
EXR.D.CHF.EUR.SP00.A,D,CHF,EUR,SP00,A,2012-01-13,1.21,A,,,,P1D,,A,,,,,,,99Q1=100,,,4,,4F0,,Swiss franc/Euro ECB reference exchange rate,"ECB reference exchange rate, Swiss franc/Euro, 2.15 pm (C.E.T.)",CHF,0
EXR.D.CHF.EUR.SP00.A,D,CHF,EUR,SP00,A,2012-01-16,1.2093,A,,,,P1D,,A,,,,,,,99Q1=100,,,4,,4F0,,Swiss franc/Euro ECB reference exchange rate,"ECB reference exchange rate, Swiss franc/Euro, 2.15 pm (C.E.T.)",CHF,0
EXR.D.CHF.EUR.SP00.A,D,CHF,EUR,SP00,A,2012-01-17,1.209,A,,,,P1D,,A,,,,,,,99Q1=100,,,4,,4F0,,Swiss franc/Euro ECB reference exchange rate,"ECB reference exchange rate, Swiss franc/Euro, 2.15 pm (C.E.T.)",CHF,0
EXR.D.CHF.EUR.SP00.A,D,CHF,EUR,SP00,A,2012-01-18,1.2088,A,,,,P1D,,A,,,,,,,99Q1=100,,,4,,4F0,,Swiss franc/Euro ECB reference exchange rate,"ECB reference exchange rate, Swiss franc/Euro, 2.15 pm (C.E.T.)",CHF,0
EXR.D.CHF.EUR.SP00.A,D,CHF,EUR,SP00,A,2012-01-19,1.2076,A,,,,P1D,,A,,,,,,,99Q1=100,,,4,,4F0,,Swiss franc/Euro ECB reference exchange rate,"ECB reference exchange rate, Swiss franc/Euro, 2.15 pm (C.E.T.)",CHF,0
EXR.D.CHF.EUR.SP00.A,D,CHF,EUR,SP00,A,2012-01-20,1.2077,A,,,,P1D,,A,,,,,,,99Q1=100,,,4,,4F0,,Swiss franc/Euro ECB reference exchange rate,"ECB reference exchange rate, Swiss franc/Euro, 2.15 pm (C.E.T.)",CHF,0
EXR.D.CHF.EUR.SP00.A,D,CHF,EUR,SP00,A,2012-01-23,1.2061,A,,,,P1D,,A,,,,,,,99Q1=100,,,4,,4F0,,Swiss franc/Euro ECB reference exchange rate,"ECB reference exchange rate, Swiss franc/Euro, 2.15 pm (C.E.T.)",CHF,0
EXR.D.CHF.EUR.SP00.A,D,CHF,EUR,SP00,A,2012-01-24,1.2065,A,,,,P1D,,A,,,,,,,99Q1=100,,,4,,4F0,,Swiss franc/Euro ECB reference exchange rate,"ECB reference exchange rate, Swiss franc/Euro, 2.15 pm (C.E.T.)",CHF,0
EXR.D.CHF.EUR.SP00.A,D,CHF,EUR,SP00,A,2012-01-25,1.2075,A,,,,P1D,,A,,,,,,,99Q1=100,,,4,,4F0,,Swiss franc/Euro ECB reference exchange rate,"ECB reference exchange rate, Swiss franc/Euro, 2.15 pm (C.E.T.)",CHF,0
EXR.D.CHF.EUR.SP00.A,D,CHF,EUR,SP00,A,2012-01-26,1.2071,A,,,,P1D,,A,,,,,,,99Q1=100,,,4,,4F0,,Swiss franc/Euro ECB reference exchange rate,"ECB reference exchange rate, Swiss franc/Euro, 2.15 pm (C.E.T.)",CHF,0
EXR.D.CHF.EUR.SP00.A,D,CHF,EUR,SP00,A,2012-01-27,1.2078,A,,,,P1D,,A,,,,,,,99Q1=100,,,4,,4F0,,Swiss franc/Euro ECB reference exchange rate,"ECB reference exchange rate, Swiss franc/Euro, 2.15 pm (C.E.T.)",CHF,0
EXR.D.CHF.EUR.SP00.A,D,CHF,EUR,SP00,A,2012-01-30,1.2046,A,,,,P1D,,A,,,,,,,99Q1=100,,,4,,4F0,,Swiss franc/Euro ECB reference exchange rate,"ECB reference exchange rate, Swiss franc/Euro, 2.15 pm (C.E.T.)",CHF,0
EXR.D.CHF.EUR.SP00.A,D,CHF,EUR,SP00,A,2012-01-31,1.2048,A,,,,P1D,,A,,,,,,,99Q1=100,,,4,,4F0,,Swiss franc/Euro ECB reference exchange rate,"ECB reference exchange rate, Swiss franc/Euro, 2.15 pm (C.E.T.)",CHF,0
EXR.D.CHF.EUR.SP00.A,D,CHF,EUR,SP00,A,2012-02-01,1.2048,A,,,,P1D,,A,,,,,,,99Q1=100,,,4,,4F0,,Swiss franc/Euro ECB reference exchange rate,"ECB reference exchange rate, Swiss franc/Euro, 2.15 pm (C.E.T.)",CHF,0
EXR.D.CHF.EUR.SP00.A,D,CHF,EUR,SP00,A,2012-02-02,1.2048,A,,,,P1D,,A,,,,,,,99Q1=100,,,4,,4F0,,Swiss franc/Euro ECB reference exchange rate,"ECB reference exchange rate, Swiss franc/Euro, 2.15 pm (C.E.T.)",CHF,0
EXR.D.CHF.EUR.SP00.A,D,CHF,EUR,SP00,A,2012-02-03,1.205,A,,,,P1D,,A,,,,,,,99Q1=100,,,4,,4F0,,Swiss franc/Euro ECB reference exchange rate,"ECB reference exchange rate, Swiss franc/Euro, 2.15 pm (C.E.T.)",CHF,0
EXR.D.CHF.EUR.SP00.A,D,CHF,EUR,SP00,A,2012-02-06,1.2067,A,,,,P1D,,A,,,,,,,99Q1=100,,,4,,4F0,,Swiss franc/Euro ECB reference exchange rate,"ECB reference exchange rate, Swiss franc/Euro, 2.15 pm (C.E.T.)",CHF,0
EXR.D.CHF.EUR.SP00.A,D,CHF,EUR,SP00,A,2012-02-07,1.2087,A,,,,P1D,,A,,,,,,,99Q1=100,,,4,,4F0,,Swiss franc/Euro ECB reference exchange rate,"ECB reference exchange rate, Swiss franc/Euro, 2.15 pm (C.E.T.)",CHF,0
EXR.D.CHF.EUR.SP00.A,D,CHF,EUR,SP00,A,2012-02-08,1.2114,A,,,,P1D,,A,,,,,,,99Q1=100,,,4,,4F0,,Swiss franc/Euro ECB reference exchange rate,"ECB reference exchange rate, Swiss franc/Euro, 2.15 pm (C.E.T.)",CHF,0
EXR.D.CHF.EUR.SP00.A,D,CHF,EUR,SP00,A,2012-02-09,1.2103,A,,,,P1D,,A,,,,,,,99Q1=100,,,4,,4F0,,Swiss franc/Euro ECB reference exchange rate,"ECB reference exchange rate, Swiss franc/Euro, 2.15 pm (C.E.T.)",CHF,0
EXR.D.CHF.EUR.SP00.A,D,CHF,EUR,SP00,A,2012-02-10,1.2098,A,,,,P1D,,A,,,,,,,99Q1=100,,,4,,4F0,,Swiss franc/Euro ECB reference exchange rate,"ECB reference exchange rate, Swiss franc/Euro, 2.15 pm (C.E.T.)",CHF,0
EXR.D.CHF.EUR.SP00.A,D,CHF,EUR,SP00,A,2012-02-13,1.209,A,,,,P1D,,A,,,,,,,99Q1=100,,,4,,4F0,,Swiss franc/Euro ECB reference exchange rate,"ECB reference exchange rate, Swiss franc/Euro, 2.15 pm (C.E.T.)",CHF,0
EXR.D.CHF.EUR.SP00.A,D,CHF,EUR,SP00,A,2012-02-14,1.2075,A,,,,P1D,,A,,,,,,,99Q1=100,,,4,,4F0,,Swiss franc/Euro ECB reference exchange rate,"ECB reference exchange rate, Swiss franc/Euro, 2.15 pm (C.E.T.)",CHF,0
EXR.D.CHF.EUR.SP00.A,D,CHF,EUR,SP00,A,2012-02-15,1.2073,A,,,,P1D,,A,,,,,,,99Q1=100,,,4,,4F0,,Swiss franc/Euro ECB reference exchange rate,"ECB reference exchange rate, Swiss franc/Euro, 2.15 pm (C.E.T.)",CHF,0
EXR.D.CHF.EUR.SP00.A,D,CHF,EUR,SP00,A,2012-02-16,1.2072,A,,,,P1D,,A,,,,,,,99Q1=100,,,4,,4F0,,Swiss franc/Euro ECB reference exchange rate,"ECB reference exchange rate, Swiss franc/Euro, 2.15 pm (C.E.T.)",CHF,0
EXR.D.CHF.EUR.SP00.A,D,CHF,EUR,SP00,A,2012-02-17,1.2083,A,,,,P1D,,A,,,,,,,99Q1=100,,,4,,4F0,,Swiss franc/Euro ECB reference exchange rate,"ECB reference exchange rate, Swiss franc/Euro, 2.15 pm (C.E.T.)",CHF,0
EXR.D.CHF.EUR.SP00.A,D,CHF,EUR,SP00,A,2012-02-20,1.2075,A,,,,P1D,,A,,,,,,,99Q1=100,,,4,,4F0,,Swiss franc/Euro ECB reference exchange rate,"ECB reference exchange rate, Swiss franc/Euro, 2.15 pm (C.E.T.)",CHF,0
EXR.D.CHF.EUR.SP00.A,D,CHF,EUR,SP00,A,2012-02-21,1.2073,A,,,,P1D,,A,,,,,,,99Q1=100,,,4,,4F0,,Swiss franc/Euro ECB reference exchange rate,"ECB reference exchange rate, Swiss franc/Euro, 2.15 pm (C.E.T.)",CHF,0
EXR.D.CHF.EUR.SP00.A,D,CHF,EUR,SP00,A,2012-02-22,1.2072,A,,,,P1D,,A,,,,,,,99Q1=100,,,4,,4F0,,Swiss franc/Euro ECB reference exchange rate,"ECB reference exchange rate, Swiss franc/Euro, 2.15 pm (C.E.T.)",CHF,0
EXR.D.CHF.EUR.SP00.A,D,CHF,EUR,SP00,A,2012-02-23,1.2053,A,,,,P1D,,A,,,,,,,99Q1=100,,,4,,4F0,,Swiss franc/Euro ECB reference exchange rate,"ECB reference exchange rate, Swiss franc/Euro, 2.15 pm (C.E.T.)",CHF,0
EXR.D.CHF.EUR.SP00.A,D,CHF,EUR,SP00,A,2012-02-24,1.2048,A,,,,P1D,,A,,,,,,,99Q1=100,,,4,,4F0,,Swiss franc/Euro ECB reference exchange rate,"ECB reference exchange rate, Swiss franc/Euro, 2.15 pm (C.E.T.)",CHF,0
EXR.D.CHF.EUR.SP00.A,D,CHF,EUR,SP00,A,2012-02-27,1.2052,A,,,,P1D,,A,,,,,,,99Q1=100,,,4,,4F0,,Swiss franc/Euro ECB reference exchange rate,"ECB reference exchange rate, Swiss franc/Euro, 2.15 pm (C.E.T.)",CHF,0
EXR.D.CHF.EUR.SP00.A,D,CHF,EUR,SP00,A,2012-02-28,1.205,A,,,,P1D,,A,,,,,,,99Q1=100,,,4,,4F0,,Swiss franc/Euro ECB reference exchange rate,"ECB reference exchange rate, Swiss franc/Euro, 2.15 pm (C.E.T.)",CHF,0
EXR.D.CHF.EUR.SP00.A,D,CHF,EUR,SP00,A,2012-02-29,1.2051,A,,,,P1D,,A,,,,,,,99Q1=100,,,4,,4F0,,Swiss franc/Euro ECB reference exchange rate,"ECB reference exchange rate, Swiss franc/Euro, 2.15 pm (C.E.T.)",CHF,0
EXR.D.CHF.EUR.SP00.A,D,CHF,EUR,SP00,A,2012-03-01,1.2052,A,,,,P1D,,A,,,,,,,99Q1=100,,,4,,4F0,,Swiss franc/Euro ECB reference exchange rate,"ECB reference exchange rate, Swiss franc/Euro, 2.15 pm (C.E.T.)",CHF,0
EXR.D.CHF.EUR.SP00.A,D,CHF,EUR,SP00,A,2012-03-02,1.2062,A,,,,P1D,,A,,,,,,,99Q1=100,,,4,,4F0,,Swiss franc/Euro ECB reference exchange rate,"ECB reference exchange rate, Swiss franc/Euro, 2.15 pm (C.E.T.)",CHF,0
EXR.D.CHF.EUR.SP00.A,D,CHF,EUR,SP00,A,2012-03-05,1.2061,A,,,,P1D,,A,,,,,,,99Q1=100,,,4,,4F0,,Swiss franc/Euro ECB reference exchange rate,"ECB reference exchange rate, Swiss franc/Euro, 2.15 pm (C.E.T.)",CHF,0
EXR.D.CHF.EUR.SP00.A,D,CHF,EUR,SP00,A,2012-03-06,1.2055,A,,,,P1D,,A,,,,,,,99Q1=100,,,4,,4F0,,Swiss franc/Euro ECB reference exchange rate,"ECB reference exchange rate, Swiss franc/Euro, 2.15 pm (C.E.T.)",CHF,0
EXR.D.CHF.EUR.SP00.A,D,CHF,EUR,SP00,A,2012-03-07,1.2052,A,,,,P1D,,A,,,,,,,99Q1=100,,,4,,4F0,,Swiss franc/Euro ECB reference exchange rate,"ECB reference exchange rate, Swiss franc/Euro, 2.15 pm (C.E.T.)",CHF,0
EXR.D.CHF.EUR.SP00.A,D,CHF,EUR,SP00,A,2012-03-08,1.205,A,,,,P1D,,A,,,,,,,99Q1=100,,,4,,4F0,,Swiss franc/Euro ECB reference exchange rate,"ECB reference exchange rate, Swiss franc/Euro, 2.15 pm (C.E.T.)",CHF,0
EXR.D.CHF.EUR.SP00.A,D,CHF,EUR,SP00,A,2012-03-09,1.2053,A,,,,P1D,,A,,,,,,,99Q1=100,,,4,,4F0,,Swiss franc/Euro ECB reference exchange rate,"ECB reference exchange rate, Swiss franc/Euro, 2.15 pm (C.E.T.)",CHF,0
EXR.D.CHF.EUR.SP00.A,D,CHF,EUR,SP00,A,2012-03-12,1.2056,A,,,,P1D,,A,,,,,,,99Q1=100,,,4,,4F0,,Swiss franc/Euro ECB reference exchange rate,"ECB reference exchange rate, Swiss franc/Euro, 2.15 pm (C.E.T.)",CHF,0
EXR.D.CHF.EUR.SP00.A,D,CHF,EUR,SP00,A,2012-03-13,1.206,A,,,,P1D,,A,,,,,,,99Q1=100,,,4,,4F0,,Swiss franc/Euro ECB reference exchange rate,"ECB reference exchange rate, Swiss franc/Euro, 2.15 pm (C.E.T.)",CHF,0
EXR.D.CHF.EUR.SP00.A,D,CHF,EUR,SP00,A,2012-03-14,1.211,A,,,,P1D,,A,,,,,,,99Q1=100,,,4,,4F0,,Swiss franc/Euro ECB reference exchange rate,"ECB reference exchange rate, Swiss franc/Euro, 2.15 pm (C.E.T.)",CHF,0
EXR.D.CHF.EUR.SP00.A,D,CHF,EUR,SP00,A,2012-03-15,1.2096,A,,,,P1D,,A,,,,,,,99Q1=100,,,4,,4F0,,Swiss franc/Euro ECB reference exchange rate,"ECB reference exchange rate, Swiss franc/Euro, 2.15 pm (C.E.T.)",CHF,0
EXR.D.CHF.EUR.SP00.A,D,CHF,EUR,SP00,A,2012-03-16,1.207,A,,,,P1D,,A,,,,,,,99Q1=100,,,4,,4F0,,Swiss franc/Euro ECB reference exchange rate,"ECB reference exchange rate, Swiss franc/Euro, 2.15 pm (C.E.T.)",CHF,0
EXR.D.CHF.EUR.SP00.A,D,CHF,EUR,SP00,A,2012-03-19,1.2067,A,,,,P1D,,A,,,,,,,99Q1=100,,,4,,4F0,,Swiss franc/Euro ECB reference exchange rate,"ECB reference exchange rate, Swiss franc/Euro, 2.15 pm (C.E.T.)",CHF,0
EXR.D.CHF.EUR.SP00.A,D,CHF,EUR,SP00,A,2012-03-20,1.2059,A,,,,P1D,,A,,,,,,,99Q1=100,,,4,,4F0,,Swiss franc/Euro ECB reference exchange rate,"ECB reference exchange rate, Swiss franc/Euro, 2.15 pm (C.E.T.)",CHF,0
EXR.D.CHF.EUR.SP00.A,D,CHF,EUR,SP00,A,2012-03-21,1.2058,A,,,,P1D,,A,,,,,,,99Q1=100,,,4,,4F0,,Swiss franc/Euro ECB reference exchange rate,"ECB reference exchange rate, Swiss franc/Euro, 2.15 pm (C.E.T.)",CHF,0
EXR.D.CHF.EUR.SP00.A,D,CHF,EUR,SP00,A,2012-03-22,1.2055,A,,,,P1D,,A,,,,,,,99Q1=100,,,4,,4F0,,Swiss franc/Euro ECB reference exchange rate,"ECB reference exchange rate, Swiss franc/Euro, 2.15 pm (C.E.T.)",CHF,0
EXR.D.CHF.EUR.SP00.A,D,CHF,EUR,SP00,A,2012-03-23,1.2054,A,,,,P1D,,A,,,,,,,99Q1=100,,,4,,4F0,,Swiss franc/Euro ECB reference exchange rate,"ECB reference exchange rate, Swiss franc/Euro, 2.15 pm (C.E.T.)",CHF,0
EXR.D.CHF.EUR.SP00.A,D,CHF,EUR,SP00,A,2012-03-26,1.2054,A,,,,P1D,,A,,,,,,,99Q1=100,,,4,,4F0,,Swiss franc/Euro ECB reference exchange rate,"ECB reference exchange rate, Swiss franc/Euro, 2.15 pm (C.E.T.)",CHF,0
EXR.D.CHF.EUR.SP00.A,D,CHF,EUR,SP00,A,2012-03-27,1.2056,A,,,,P1D,,A,,,,,,,99Q1=100,,,4,,4F0,,Swiss franc/Euro ECB reference exchange rate,"ECB reference exchange rate, Swiss franc/Euro, 2.15 pm (C.E.T.)",CHF,0
EXR.D.CHF.EUR.SP00.A,D,CHF,EUR,SP00,A,2012-03-28,1.2063,A,,,,P1D,,A,,,,,,,99Q1=100,,,4,,4F0,,Swiss franc/Euro ECB reference exchange rate,"ECB reference exchange rate, Swiss franc/Euro, 2.15 pm (C.E.T.)",CHF,0
EXR.D.CHF.EUR.SP00.A,D,CHF,EUR,SP00,A,2012-03-29,1.2051,A,,,,P1D,,A,,,,,,,99Q1=100,,,4,,4F0,,Swiss franc/Euro ECB reference exchange rate,"ECB reference exchange rate, Swiss franc/Euro, 2.15 pm (C.E.T.)",CHF,0
EXR.D.CHF.EUR.SP00.A,D,CHF,EUR,SP00,A,2012-03-30,1.2045,A,,,,P1D,,A,,,,,,,99Q1=100,,,4,,4F0,,Swiss franc/Euro ECB reference exchange rate,"ECB reference exchange rate, Swiss franc/Euro, 2.15 pm (C.E.T.)",CHF,0
EXR.D.CHF.EUR.SP00.A,D,CHF,EUR,SP00,A,2012-04-02,1.2044,A,,,,P1D,,A,,,,,,,99Q1=100,,,4,,4F0,,Swiss franc/Euro ECB reference exchange rate,"ECB reference exchange rate, Swiss franc/Euro, 2.15 pm (C.E.T.)",CHF,0
EXR.D.CHF.EUR.SP00.A,D,CHF,EUR,SP00,A,2012-04-03,1.2035,A,,,,P1D,,A,,,,,,,99Q1=100,,,4,,4F0,,Swiss franc/Euro ECB reference exchange rate,"ECB reference exchange rate, Swiss franc/Euro, 2.15 pm (C.E.T.)",CHF,0
EXR.D.CHF.EUR.SP00.A,D,CHF,EUR,SP00,A,2012-04-04,1.2038,A,,,,P1D,,A,,,,,,,99Q1=100,,,4,,4F0,,Swiss franc/Euro ECB reference exchange rate,"ECB reference exchange rate, Swiss franc/Euro, 2.15 pm (C.E.T.)",CHF,0
EXR.D.CHF.EUR.SP00.A,D,CHF,EUR,SP00,A,2012-04-05,1.2025,A,,,,P1D,,A,,,,,,,99Q1=100,,,4,,4F0,,Swiss franc/Euro ECB reference exchange rate,"ECB reference exchange rate, Swiss franc/Euro, 2.15 pm (C.E.T.)",CHF,0
EXR.D.CHF.EUR.SP00.A,D,CHF,EUR,SP00,A,2012-04-06,,H,,,,P1D,,A,,,,,,,99Q1=100,,,4,,4F0,,Swiss franc/Euro ECB reference exchange rate,"ECB reference exchange rate, Swiss franc/Euro, 2.15 pm (C.E.T.)",CHF,0
EXR.D.CHF.EUR.SP00.A,D,CHF,EUR,SP00,A,2012-04-09,,H,,,,P1D,,A,,,,,,,99Q1=100,,,4,,4F0,,Swiss franc/Euro ECB reference exchange rate,"ECB reference exchange rate, Swiss franc/Euro, 2.15 pm (C.E.T.)",CHF,0
EXR.D.CHF.EUR.SP00.A,D,CHF,EUR,SP00,A,2012-04-10,1.2027,A,,,,P1D,,A,,,,,,,99Q1=100,,,4,,4F0,,Swiss franc/Euro ECB reference exchange rate,"ECB reference exchange rate, Swiss franc/Euro, 2.15 pm (C.E.T.)",CHF,0
EXR.D.CHF.EUR.SP00.A,D,CHF,EUR,SP00,A,2012-04-11,1.2011,A,,,,P1D,,A,,,,,,,99Q1=100,,,4,,4F0,,Swiss franc/Euro ECB reference exchange rate,"ECB reference exchange rate, Swiss franc/Euro, 2.15 pm (C.E.T.)",CHF,0
EXR.D.CHF.EUR.SP00.A,D,CHF,EUR,SP00,A,2012-04-12,1.2027,A,,,,P1D,,A,,,,,,,99Q1=100,,,4,,4F0,,Swiss franc/Euro ECB reference exchange rate,"ECB reference exchange rate, Swiss franc/Euro, 2.15 pm (C.E.T.)",CHF,0
EXR.D.CHF.EUR.SP00.A,D,CHF,EUR,SP00,A,2012-04-13,1.2017,A,,,,P1D,,A,,,,,,,99Q1=100,,,4,,4F0,,Swiss franc/Euro ECB reference exchange rate,"ECB reference exchange rate, Swiss franc/Euro, 2.15 pm (C.E.T.)",CHF,0
EXR.D.CHF.EUR.SP00.A,D,CHF,EUR,SP00,A,2012-04-16,1.2025,A,,,,P1D,,A,,,,,,,99Q1=100,,,4,,4F0,,Swiss franc/Euro ECB reference exchange rate,"ECB reference exchange rate, Swiss franc/Euro, 2.15 pm (C.E.T.)",CHF,0
EXR.D.CHF.EUR.SP00.A,D,CHF,EUR,SP00,A,2012-04-17,1.2018,A,,,,P1D,,A,,,,,,,99Q1=100,,,4,,4F0,,Swiss franc/Euro ECB reference exchange rate,"ECB reference exchange rate, Swiss franc/Euro, 2.15 pm (C.E.T.)",CHF,0
EXR.D.CHF.EUR.SP00.A,D,CHF,EUR,SP00,A,2012-04-18,1.2032,A,,,,P1D,,A,,,,,,,99Q1=100,,,4,,4F0,,Swiss franc/Euro ECB reference exchange rate,"ECB reference exchange rate, Swiss franc/Euro, 2.15 pm (C.E.T.)",CHF,0
EXR.D.CHF.EUR.SP00.A,D,CHF,EUR,SP00,A,2012-04-19,1.2021,A,,,,P1D,,A,,,,,,,99Q1=100,,,4,,4F0,,Swiss franc/Euro ECB reference exchange rate,"ECB reference exchange rate, Swiss franc/Euro, 2.15 pm (C.E.T.)",CHF,0
EXR.D.CHF.EUR.SP00.A,D,CHF,EUR,SP00,A,2012-04-20,1.2017,A,,,,P1D,,A,,,,,,,99Q1=100,,,4,,4F0,,Swiss franc/Euro ECB reference exchange rate,"ECB reference exchange rate, Swiss franc/Euro, 2.15 pm (C.E.T.)",CHF,0
EXR.D.CHF.EUR.SP00.A,D,CHF,EUR,SP00,A,2012-04-23,1.2018,A,,,,P1D,,A,,,,,,,99Q1=100,,,4,,4F0,,Swiss franc/Euro ECB reference exchange rate,"ECB reference exchange rate, Swiss franc/Euro, 2.15 pm (C.E.T.)",CHF,0
EXR.D.CHF.EUR.SP00.A,D,CHF,EUR,SP00,A,2012-04-24,1.2021,A,,,,P1D,,A,,,,,,,99Q1=100,,,4,,4F0,,Swiss franc/Euro ECB reference exchange rate,"ECB reference exchange rate, Swiss franc/Euro, 2.15 pm (C.E.T.)",CHF,0
EXR.D.CHF.EUR.SP00.A,D,CHF,EUR,SP00,A,2012-04-25,1.2018,A,,,,P1D,,A,,,,,,,99Q1=100,,,4,,4F0,,Swiss franc/Euro ECB reference exchange rate,"ECB reference exchange rate, Swiss franc/Euro, 2.15 pm (C.E.T.)",CHF,0
EXR.D.CHF.EUR.SP00.A,D,CHF,EUR,SP00,A,2012-04-26,1.2016,A,,,,P1D,,A,,,,,,,99Q1=100,,,4,,4F0,,Swiss franc/Euro ECB reference exchange rate,"ECB reference exchange rate, Swiss franc/Euro, 2.15 pm (C.E.T.)",CHF,0
EXR.D.CHF.EUR.SP00.A,D,CHF,EUR,SP00,A,2012-04-27,1.2014,A,,,,P1D,,A,,,,,,,99Q1=100,,,4,,4F0,,Swiss franc/Euro ECB reference exchange rate,"ECB reference exchange rate, Swiss franc/Euro, 2.15 pm (C.E.T.)",CHF,0
EXR.D.CHF.EUR.SP00.A,D,CHF,EUR,SP00,A,2012-04-30,1.2018,A,,,,P1D,,A,,,,,,,99Q1=100,,,4,,4F0,,Swiss franc/Euro ECB reference exchange rate,"ECB reference exchange rate, Swiss franc/Euro, 2.15 pm (C.E.T.)",CHF,0
EXR.D.CHF.EUR.SP00.A,D,CHF,EUR,SP00,A,2012-05-01,,H,,,,P1D,,A,,,,,,,99Q1=100,,,4,,4F0,,Swiss franc/Euro ECB reference exchange rate,"ECB reference exchange rate, Swiss franc/Euro, 2.15 pm (C.E.T.)",CHF,0
EXR.D.CHF.EUR.SP00.A,D,CHF,EUR,SP00,A,2012-05-02,1.2018,A,,,,P1D,,A,,,,,,,99Q1=100,,,4,,4F0,,Swiss franc/Euro ECB reference exchange rate,"ECB reference exchange rate, Swiss franc/Euro, 2.15 pm (C.E.T.)",CHF,0
EXR.D.CHF.EUR.SP00.A,D,CHF,EUR,SP00,A,2012-05-03,1.2014,A,,,,P1D,,A,,,,,,,99Q1=100,,,4,,4F0,,Swiss franc/Euro ECB reference exchange rate,"ECB reference exchange rate, Swiss franc/Euro, 2.15 pm (C.E.T.)",CHF,0
EXR.D.CHF.EUR.SP00.A,D,CHF,EUR,SP00,A,2012-05-04,1.2014,A,,,,P1D,,A,,,,,,,99Q1=100,,,4,,4F0,,Swiss franc/Euro ECB reference exchange rate,"ECB reference exchange rate, Swiss franc/Euro, 2.15 pm (C.E.T.)",CHF,0
EXR.D.CHF.EUR.SP00.A,D,CHF,EUR,SP00,A,2012-05-07,1.2012,A,,,,P1D,,A,,,,,,,99Q1=100,,,4,,4F0,,Swiss franc/Euro ECB reference exchange rate,"ECB reference exchange rate, Swiss franc/Euro, 2.15 pm (C.E.T.)",CHF,0
EXR.D.CHF.EUR.SP00.A,D,CHF,EUR,SP00,A,2012-05-08,1.2014,A,,,,P1D,,A,,,,,,,99Q1=100,,,4,,4F0,,Swiss franc/Euro ECB reference exchange rate,"ECB reference exchange rate, Swiss franc/Euro, 2.15 pm (C.E.T.)",CHF,0
EXR.D.CHF.EUR.SP00.A,D,CHF,EUR,SP00,A,2012-05-09,1.201,A,,,,P1D,,A,,,,,,,99Q1=100,,,4,,4F0,,Swiss franc/Euro ECB reference exchange rate,"ECB reference exchange rate, Swiss franc/Euro, 2.15 pm (C.E.T.)",CHF,0
EXR.D.CHF.EUR.SP00.A,D,CHF,EUR,SP00,A,2012-05-10,1.2013,A,,,,P1D,,A,,,,,,,99Q1=100,,,4,,4F0,,Swiss franc/Euro ECB reference exchange rate,"ECB reference exchange rate, Swiss franc/Euro, 2.15 pm (C.E.T.)",CHF,0
EXR.D.CHF.EUR.SP00.A,D,CHF,EUR,SP00,A,2012-05-11,1.2012,A,,,,P1D,,A,,,,,,,99Q1=100,,,4,,4F0,,Swiss franc/Euro ECB reference exchange rate,"ECB reference exchange rate, Swiss franc/Euro, 2.15 pm (C.E.T.)",CHF,0
EXR.D.CHF.EUR.SP00.A,D,CHF,EUR,SP00,A,2012-05-14,1.201,A,,,,P1D,,A,,,,,,,99Q1=100,,,4,,4F0,,Swiss franc/Euro ECB reference exchange rate,"ECB reference exchange rate, Swiss franc/Euro, 2.15 pm (C.E.T.)",CHF,0
EXR.D.CHF.EUR.SP00.A,D,CHF,EUR,SP00,A,2012-05-15,1.201,A,,,,P1D,,A,,,,,,,99Q1=100,,,4,,4F0,,Swiss franc/Euro ECB reference exchange rate,"ECB reference exchange rate, Swiss franc/Euro, 2.15 pm (C.E.T.)",CHF,0
EXR.D.CHF.EUR.SP00.A,D,CHF,EUR,SP00,A,2012-05-16,1.2011,A,,,,P1D,,A,,,,,,,99Q1=100,,,4,,4F0,,Swiss franc/Euro ECB reference exchange rate,"ECB reference exchange rate, Swiss franc/Euro, 2.15 pm (C.E.T.)",CHF,0
EXR.D.CHF.EUR.SP00.A,D,CHF,EUR,SP00,A,2012-05-17,1.2011,A,,,,P1D,,A,,,,,,,99Q1=100,,,4,,4F0,,Swiss franc/Euro ECB reference exchange rate,"ECB reference exchange rate, Swiss franc/Euro, 2.15 pm (C.E.T.)",CHF,0
EXR.D.CHF.EUR.SP00.A,D,CHF,EUR,SP00,A,2012-05-18,1.2012,A,,,,P1D,,A,,,,,,,99Q1=100,,,4,,4F0,,Swiss franc/Euro ECB reference exchange rate,"ECB reference exchange rate, Swiss franc/Euro, 2.15 pm (C.E.T.)",CHF,0
EXR.D.CHF.EUR.SP00.A,D,CHF,EUR,SP00,A,2012-05-21,1.2011,A,,,,P1D,,A,,,,,,,99Q1=100,,,4,,4F0,,Swiss franc/Euro ECB reference exchange rate,"ECB reference exchange rate, Swiss franc/Euro, 2.15 pm (C.E.T.)",CHF,0
EXR.D.CHF.EUR.SP00.A,D,CHF,EUR,SP00,A,2012-05-22,1.2011,A,,,,P1D,,A,,,,,,,99Q1=100,,,4,,4F0,,Swiss franc/Euro ECB reference exchange rate,"ECB reference exchange rate, Swiss franc/Euro, 2.15 pm (C.E.T.)",CHF,0
EXR.D.CHF.EUR.SP00.A,D,CHF,EUR,SP00,A,2012-05-23,1.2011,A,,,,P1D,,A,,,,,,,99Q1=100,,,4,,4F0,,Swiss franc/Euro ECB reference exchange rate,"ECB reference exchange rate, Swiss franc/Euro, 2.15 pm (C.E.T.)",CHF,0
EXR.D.CHF.EUR.SP00.A,D,CHF,EUR,SP00,A,2012-05-24,1.201,A,,,,P1D,,A,,,,,,,99Q1=100,,,4,,4F0,,Swiss franc/Euro ECB reference exchange rate,"ECB reference exchange rate, Swiss franc/Euro, 2.15 pm (C.E.T.)",CHF,0
EXR.D.CHF.EUR.SP00.A,D,CHF,EUR,SP00,A,2012-05-25,1.2014,A,,,,P1D,,A,,,,,,,99Q1=100,,,4,,4F0,,Swiss franc/Euro ECB reference exchange rate,"ECB reference exchange rate, Swiss franc/Euro, 2.15 pm (C.E.T.)",CHF,0
EXR.D.CHF.EUR.SP00.A,D,CHF,EUR,SP00,A,2012-05-28,1.2019,A,,,,P1D,,A,,,,,,,99Q1=100,,,4,,4F0,,Swiss franc/Euro ECB reference exchange rate,"ECB reference exchange rate, Swiss franc/Euro, 2.15 pm (C.E.T.)",CHF,0
EXR.D.CHF.EUR.SP00.A,D,CHF,EUR,SP00,A,2012-05-29,1.2015,A,,,,P1D,,A,,,,,,,99Q1=100,,,4,,4F0,,Swiss franc/Euro ECB reference exchange rate,"ECB reference exchange rate, Swiss franc/Euro, 2.15 pm (C.E.T.)",CHF,0
EXR.D.CHF.EUR.SP00.A,D,CHF,EUR,SP00,A,2012-05-30,1.201,A,,,,P1D,,A,,,,,,,99Q1=100,,,4,,4F0,,Swiss franc/Euro ECB reference exchange rate,"ECB reference exchange rate, Swiss franc/Euro, 2.15 pm (C.E.T.)",CHF,0
EXR.D.CHF.EUR.SP00.A,D,CHF,EUR,SP00,A,2012-05-31,1.201,A,,,,P1D,,A,,,,,,,99Q1=100,,,4,,4F0,,Swiss franc/Euro ECB reference exchange rate,"ECB reference exchange rate, Swiss franc/Euro, 2.15 pm (C.E.T.)",CHF,0
EXR.D.CHF.EUR.SP00.A,D,CHF,EUR,SP00,A,2012-06-01,1.2008,A,,,,P1D,,A,,,,,,,99Q1=100,,,4,,4F0,,Swiss franc/Euro ECB reference exchange rate,"ECB reference exchange rate, Swiss franc/Euro, 2.15 pm (C.E.T.)",CHF,0
EXR.D.CHF.EUR.SP00.A,D,CHF,EUR,SP00,A,2012-06-04,1.2009,A,,,,P1D,,A,,,,,,,99Q1=100,,,4,,4F0,,Swiss franc/Euro ECB reference exchange rate,"ECB reference exchange rate, Swiss franc/Euro, 2.15 pm (C.E.T.)",CHF,0
EXR.D.CHF.EUR.SP00.A,D,CHF,EUR,SP00,A,2012-06-05,1.201,A,,,,P1D,,A,,,,,,,99Q1=100,,,4,,4F0,,Swiss franc/Euro ECB reference exchange rate,"ECB reference exchange rate, Swiss franc/Euro, 2.15 pm (C.E.T.)",CHF,0
EXR.D.CHF.EUR.SP00.A,D,CHF,EUR,SP00,A,2012-06-06,1.2008,A,,,,P1D,,A,,,,,,,99Q1=100,,,4,,4F0,,Swiss franc/Euro ECB reference exchange rate,"ECB reference exchange rate, Swiss franc/Euro, 2.15 pm (C.E.T.)",CHF,0
EXR.D.CHF.EUR.SP00.A,D,CHF,EUR,SP00,A,2012-06-07,1.2011,A,,,,P1D,,A,,,,,,,99Q1=100,,,4,,4F0,,Swiss franc/Euro ECB reference exchange rate,"ECB reference exchange rate, Swiss franc/Euro, 2.15 pm (C.E.T.)",CHF,0
EXR.D.CHF.EUR.SP00.A,D,CHF,EUR,SP00,A,2012-06-08,1.2012,A,,,,P1D,,A,,,,,,,99Q1=100,,,4,,4F0,,Swiss franc/Euro ECB reference exchange rate,"ECB reference exchange rate, Swiss franc/Euro, 2.15 pm (C.E.T.)",CHF,0
EXR.D.CHF.EUR.SP00.A,D,CHF,EUR,SP00,A,2012-06-11,1.201,A,,,,P1D,,A,,,,,,,99Q1=100,,,4,,4F0,,Swiss franc/Euro ECB reference exchange rate,"ECB reference exchange rate, Swiss franc/Euro, 2.15 pm (C.E.T.)",CHF,0
EXR.D.CHF.EUR.SP00.A,D,CHF,EUR,SP00,A,2012-06-12,1.2012,A,,,,P1D,,A,,,,,,,99Q1=100,,,4,,4F0,,Swiss franc/Euro ECB reference exchange rate,"ECB reference exchange rate, Swiss franc/Euro, 2.15 pm (C.E.T.)",CHF,0
EXR.D.CHF.EUR.SP00.A,D,CHF,EUR,SP00,A,2012-06-13,1.2009,A,,,,P1D,,A,,,,,,,99Q1=100,,,4,,4F0,,Swiss franc/Euro ECB reference exchange rate,"ECB reference exchange rate, Swiss franc/Euro, 2.15 pm (C.E.T.)",CHF,0
EXR.D.CHF.EUR.SP00.A,D,CHF,EUR,SP00,A,2012-06-14,1.2008,A,,,,P1D,,A,,,,,,,99Q1=100,,,4,,4F0,,Swiss franc/Euro ECB reference exchange rate,"ECB reference exchange rate, Swiss franc/Euro, 2.15 pm (C.E.T.)",CHF,0
EXR.D.CHF.EUR.SP00.A,D,CHF,EUR,SP00,A,2012-06-15,1.201,A,,,,P1D,,A,,,,,,,99Q1=100,,,4,,4F0,,Swiss franc/Euro ECB reference exchange rate,"ECB reference exchange rate, Swiss franc/Euro, 2.15 pm (C.E.T.)",CHF,0
EXR.D.CHF.EUR.SP00.A,D,CHF,EUR,SP00,A,2012-06-18,1.201,A,,,,P1D,,A,,,,,,,99Q1=100,,,4,,4F0,,Swiss franc/Euro ECB reference exchange rate,"ECB reference exchange rate, Swiss franc/Euro, 2.15 pm (C.E.T.)",CHF,0
EXR.D.CHF.EUR.SP00.A,D,CHF,EUR,SP00,A,2012-06-19,1.2009,A,,,,P1D,,A,,,,,,,99Q1=100,,,4,,4F0,,Swiss franc/Euro ECB reference exchange rate,"ECB reference exchange rate, Swiss franc/Euro, 2.15 pm (C.E.T.)",CHF,0
EXR.D.CHF.EUR.SP00.A,D,CHF,EUR,SP00,A,2012-06-20,1.2009,A,,,,P1D,,A,,,,,,,99Q1=100,,,4,,4F0,,Swiss franc/Euro ECB reference exchange rate,"ECB reference exchange rate, Swiss franc/Euro, 2.15 pm (C.E.T.)",CHF,0
EXR.D.CHF.EUR.SP00.A,D,CHF,EUR,SP00,A,2012-06-21,1.201,A,,,,P1D,,A,,,,,,,99Q1=100,,,4,,4F0,,Swiss franc/Euro ECB reference exchange rate,"ECB reference exchange rate, Swiss franc/Euro, 2.15 pm (C.E.T.)",CHF,0
EXR.D.CHF.EUR.SP00.A,D,CHF,EUR,SP00,A,2012-06-22,1.2009,A,,,,P1D,,A,,,,,,,99Q1=100,,,4,,4F0,,Swiss franc/Euro ECB reference exchange rate,"ECB reference exchange rate, Swiss franc/Euro, 2.15 pm (C.E.T.)",CHF,0
EXR.D.CHF.EUR.SP00.A,D,CHF,EUR,SP00,A,2012-06-25,1.2008,A,,,,P1D,,A,,,,,,,99Q1=100,,,4,,4F0,,Swiss franc/Euro ECB reference exchange rate,"ECB reference exchange rate, Swiss franc/Euro, 2.15 pm (C.E.T.)",CHF,0
EXR.D.CHF.EUR.SP00.A,D,CHF,EUR,SP00,A,2012-06-26,1.201,A,,,,P1D,,A,,,,,,,99Q1=100,,,4,,4F0,,Swiss franc/Euro ECB reference exchange rate,"ECB reference exchange rate, Swiss franc/Euro, 2.15 pm (C.E.T.)",CHF,0
EXR.D.CHF.EUR.SP00.A,D,CHF,EUR,SP00,A,2012-06-27,1.2011,A,,,,P1D,,A,,,,,,,99Q1=100,,,4,,4F0,,Swiss franc/Euro ECB reference exchange rate,"ECB reference exchange rate, Swiss franc/Euro, 2.15 pm (C.E.T.)",CHF,0
EXR.D.CHF.EUR.SP00.A,D,CHF,EUR,SP00,A,2012-06-28,1.201,A,,,,P1D,,A,,,,,,,99Q1=100,,,4,,4F0,,Swiss franc/Euro ECB reference exchange rate,"ECB reference exchange rate, Swiss franc/Euro, 2.15 pm (C.E.T.)",CHF,0
EXR.D.CHF.EUR.SP00.A,D,CHF,EUR,SP00,A,2012-06-29,1.203,A,,,,P1D,,A,,,,,,,99Q1=100,,,4,,4F0,,Swiss franc/Euro ECB reference exchange rate,"ECB reference exchange rate, Swiss franc/Euro, 2.15 pm (C.E.T.)",CHF,0
EXR.D.CHF.EUR.SP00.A,D,CHF,EUR,SP00,A,2012-07-02,1.2015,A,,,,P1D,,A,,,,,,,99Q1=100,,,4,,4F0,,Swiss franc/Euro ECB reference exchange rate,"ECB reference exchange rate, Swiss franc/Euro, 2.15 pm (C.E.T.)",CHF,0
EXR.D.CHF.EUR.SP00.A,D,CHF,EUR,SP00,A,2012-07-03,1.2012,A,,,,P1D,,A,,,,,,,99Q1=100,,,4,,4F0,,Swiss franc/Euro ECB reference exchange rate,"ECB reference exchange rate, Swiss franc/Euro, 2.15 pm (C.E.T.)",CHF,0
EXR.D.CHF.EUR.SP00.A,D,CHF,EUR,SP00,A,2012-07-04,1.2013,A,,,,P1D,,A,,,,,,,99Q1=100,,,4,,4F0,,Swiss franc/Euro ECB reference exchange rate,"ECB reference exchange rate, Swiss franc/Euro, 2.15 pm (C.E.T.)",CHF,0
EXR.D.CHF.EUR.SP00.A,D,CHF,EUR,SP00,A,2012-07-05,1.2012,A,,,,P1D,,A,,,,,,,99Q1=100,,,4,,4F0,,Swiss franc/Euro ECB reference exchange rate,"ECB reference exchange rate, Swiss franc/Euro, 2.15 pm (C.E.T.)",CHF,0
EXR.D.CHF.EUR.SP00.A,D,CHF,EUR,SP00,A,2012-07-06,1.2011,A,,,,P1D,,A,,,,,,,99Q1=100,,,4,,4F0,,Swiss franc/Euro ECB reference exchange rate,"ECB reference exchange rate, Swiss franc/Euro, 2.15 pm (C.E.T.)",CHF,0
EXR.D.CHF.EUR.SP00.A,D,CHF,EUR,SP00,A,2012-07-09,1.201,A,,,,P1D,,A,,,,,,,99Q1=100,,,4,,4F0,,Swiss franc/Euro ECB reference exchange rate,"ECB reference exchange rate, Swiss franc/Euro, 2.15 pm (C.E.T.)",CHF,0
EXR.D.CHF.EUR.SP00.A,D,CHF,EUR,SP00,A,2012-07-10,1.201,A,,,,P1D,,A,,,,,,,99Q1=100,,,4,,4F0,,Swiss franc/Euro ECB reference exchange rate,"ECB reference exchange rate, Swiss franc/Euro, 2.15 pm (C.E.T.)",CHF,0
EXR.D.CHF.EUR.SP00.A,D,CHF,EUR,SP00,A,2012-07-11,1.201,A,,,,P1D,,A,,,,,,,99Q1=100,,,4,,4F0,,Swiss franc/Euro ECB reference exchange rate,"ECB reference exchange rate, Swiss franc/Euro, 2.15 pm (C.E.T.)",CHF,0
EXR.D.CHF.EUR.SP00.A,D,CHF,EUR,SP00,A,2012-07-12,1.201,A,,,,P1D,,A,,,,,,,99Q1=100,,,4,,4F0,,Swiss franc/Euro ECB reference exchange rate,"ECB reference exchange rate, Swiss franc/Euro, 2.15 pm (C.E.T.)",CHF,0
EXR.D.CHF.EUR.SP00.A,D,CHF,EUR,SP00,A,2012-07-13,1.2009,A,,,,P1D,,A,,,,,,,99Q1=100,,,4,,4F0,,Swiss franc/Euro ECB reference exchange rate,"ECB reference exchange rate, Swiss franc/Euro, 2.15 pm (C.E.T.)",CHF,0
EXR.D.CHF.EUR.SP00.A,D,CHF,EUR,SP00,A,2012-07-16,1.201,A,,,,P1D,,A,,,,,,,99Q1=100,,,4,,4F0,,Swiss franc/Euro ECB reference exchange rate,"ECB reference exchange rate, Swiss franc/Euro, 2.15 pm (C.E.T.)",CHF,0
EXR.D.CHF.EUR.SP00.A,D,CHF,EUR,SP00,A,2012-07-17,1.201,A,,,,P1D,,A,,,,,,,99Q1=100,,,4,,4F0,,Swiss franc/Euro ECB reference exchange rate,"ECB reference exchange rate, Swiss franc/Euro, 2.15 pm (C.E.T.)",CHF,0
EXR.D.CHF.EUR.SP00.A,D,CHF,EUR,SP00,A,2012-07-18,1.201,A,,,,P1D,,A,,,,,,,99Q1=100,,,4,,4F0,,Swiss franc/Euro ECB reference exchange rate,"ECB reference exchange rate, Swiss franc/Euro, 2.15 pm (C.E.T.)",CHF,0
EXR.D.CHF.EUR.SP00.A,D,CHF,EUR,SP00,A,2012-07-19,1.201,A,,,,P1D,,A,,,,,,,99Q1=100,,,4,,4F0,,Swiss franc/Euro ECB reference exchange rate,"ECB reference exchange rate, Swiss franc/Euro, 2.15 pm (C.E.T.)",CHF,0
EXR.D.CHF.EUR.SP00.A,D,CHF,EUR,SP00,A,2012-07-20,1.2009,A,,,,P1D,,A,,,,,,,99Q1=100,,,4,,4F0,,Swiss franc/Euro ECB reference exchange rate,"ECB reference exchange rate, Swiss franc/Euro, 2.15 pm (C.E.T.)",CHF,0
EXR.D.CHF.EUR.SP00.A,D,CHF,EUR,SP00,A,2012-07-23,1.201,A,,,,P1D,,A,,,,,,,99Q1=100,,,4,,4F0,,Swiss franc/Euro ECB reference exchange rate,"ECB reference exchange rate, Swiss franc/Euro, 2.15 pm (C.E.T.)",CHF,0
EXR.D.CHF.EUR.SP00.A,D,CHF,EUR,SP00,A,2012-07-24,1.201,A,,,,P1D,,A,,,,,,,99Q1=100,,,4,,4F0,,Swiss franc/Euro ECB reference exchange rate,"ECB reference exchange rate, Swiss franc/Euro, 2.15 pm (C.E.T.)",CHF,0
EXR.D.CHF.EUR.SP00.A,D,CHF,EUR,SP00,A,2012-07-25,1.201,A,,,,P1D,,A,,,,,,,99Q1=100,,,4,,4F0,,Swiss franc/Euro ECB reference exchange rate,"ECB reference exchange rate, Swiss franc/Euro, 2.15 pm (C.E.T.)",CHF,0
EXR.D.CHF.EUR.SP00.A,D,CHF,EUR,SP00,A,2012-07-26,1.201,A,,,,P1D,,A,,,,,,,99Q1=100,,,4,,4F0,,Swiss franc/Euro ECB reference exchange rate,"ECB reference exchange rate, Swiss franc/Euro, 2.15 pm (C.E.T.)",CHF,0
EXR.D.CHF.EUR.SP00.A,D,CHF,EUR,SP00,A,2012-07-27,1.201,A,,,,P1D,,A,,,,,,,99Q1=100,,,4,,4F0,,Swiss franc/Euro ECB reference exchange rate,"ECB reference exchange rate, Swiss franc/Euro, 2.15 pm (C.E.T.)",CHF,0
EXR.D.CHF.EUR.SP00.A,D,CHF,EUR,SP00,A,2012-07-30,1.201,A,,,,P1D,,A,,,,,,,99Q1=100,,,4,,4F0,,Swiss franc/Euro ECB reference exchange rate,"ECB reference exchange rate, Swiss franc/Euro, 2.15 pm (C.E.T.)",CHF,0
EXR.D.CHF.EUR.SP00.A,D,CHF,EUR,SP00,A,2012-07-31,1.2014,A,,,,P1D,,A,,,,,,,99Q1=100,,,4,,4F0,,Swiss franc/Euro ECB reference exchange rate,"ECB reference exchange rate, Swiss franc/Euro, 2.15 pm (C.E.T.)",CHF,0
EXR.D.CHF.EUR.SP00.A,D,CHF,EUR,SP00,A,2012-08-01,1.2013,A,,,,P1D,,A,,,,,,,99Q1=100,,,4,,4F0,,Swiss franc/Euro ECB reference exchange rate,"ECB reference exchange rate, Swiss franc/Euro, 2.15 pm (C.E.T.)",CHF,0
EXR.D.CHF.EUR.SP00.A,D,CHF,EUR,SP00,A,2012-08-02,1.2024,A,,,,P1D,,A,,,,,,,99Q1=100,,,4,,4F0,,Swiss franc/Euro ECB reference exchange rate,"ECB reference exchange rate, Swiss franc/Euro, 2.15 pm (C.E.T.)",CHF,0
EXR.D.CHF.EUR.SP00.A,D,CHF,EUR,SP00,A,2012-08-03,1.2012,A,,,,P1D,,A,,,,,,,99Q1=100,,,4,,4F0,,Swiss franc/Euro ECB reference exchange rate,"ECB reference exchange rate, Swiss franc/Euro, 2.15 pm (C.E.T.)",CHF,0
EXR.D.CHF.EUR.SP00.A,D,CHF,EUR,SP00,A,2012-08-06,1.2013,A,,,,P1D,,A,,,,,,,99Q1=100,,,4,,4F0,,Swiss franc/Euro ECB reference exchange rate,"ECB reference exchange rate, Swiss franc/Euro, 2.15 pm (C.E.T.)",CHF,0
EXR.D.CHF.EUR.SP00.A,D,CHF,EUR,SP00,A,2012-08-07,1.2015,A,,,,P1D,,A,,,,,,,99Q1=100,,,4,,4F0,,Swiss franc/Euro ECB reference exchange rate,"ECB reference exchange rate, Swiss franc/Euro, 2.15 pm (C.E.T.)",CHF,0
EXR.D.CHF.EUR.SP00.A,D,CHF,EUR,SP00,A,2012-08-08,1.2012,A,,,,P1D,,A,,,,,,,99Q1=100,,,4,,4F0,,Swiss franc/Euro ECB reference exchange rate,"ECB reference exchange rate, Swiss franc/Euro, 2.15 pm (C.E.T.)",CHF,0
EXR.D.CHF.EUR.SP00.A,D,CHF,EUR,SP00,A,2012-08-09,1.201,A,,,,P1D,,A,,,,,,,99Q1=100,,,4,,4F0,,Swiss franc/Euro ECB reference exchange rate,"ECB reference exchange rate, Swiss franc/Euro, 2.15 pm (C.E.T.)",CHF,0
EXR.D.CHF.EUR.SP00.A,D,CHF,EUR,SP00,A,2012-08-10,1.2009,A,,,,P1D,,A,,,,,,,99Q1=100,,,4,,4F0,,Swiss franc/Euro ECB reference exchange rate,"ECB reference exchange rate, Swiss franc/Euro, 2.15 pm (C.E.T.)",CHF,0
EXR.D.CHF.EUR.SP00.A,D,CHF,EUR,SP00,A,2012-08-13,1.201,A,,,,P1D,,A,,,,,,,99Q1=100,,,4,,4F0,,Swiss franc/Euro ECB reference exchange rate,"ECB reference exchange rate, Swiss franc/Euro, 2.15 pm (C.E.T.)",CHF,0
EXR.D.CHF.EUR.SP00.A,D,CHF,EUR,SP00,A,2012-08-14,1.201,A,,,,P1D,,A,,,,,,,99Q1=100,,,4,,4F0,,Swiss franc/Euro ECB reference exchange rate,"ECB reference exchange rate, Swiss franc/Euro, 2.15 pm (C.E.T.)",CHF,0
EXR.D.CHF.EUR.SP00.A,D,CHF,EUR,SP00,A,2012-08-15,1.2011,A,,,,P1D,,A,,,,,,,99Q1=100,,,4,,4F0,,Swiss franc/Euro ECB reference exchange rate,"ECB reference exchange rate, Swiss franc/Euro, 2.15 pm (C.E.T.)",CHF,0
EXR.D.CHF.EUR.SP00.A,D,CHF,EUR,SP00,A,2012-08-16,1.201,A,,,,P1D,,A,,,,,,,99Q1=100,,,4,,4F0,,Swiss franc/Euro ECB reference exchange rate,"ECB reference exchange rate, Swiss franc/Euro, 2.15 pm (C.E.T.)",CHF,0
EXR.D.CHF.EUR.SP00.A,D,CHF,EUR,SP00,A,2012-08-17,1.2011,A,,,,P1D,,A,,,,,,,99Q1=100,,,4,,4F0,,Swiss franc/Euro ECB reference exchange rate,"ECB reference exchange rate, Swiss franc/Euro, 2.15 pm (C.E.T.)",CHF,0
EXR.D.CHF.EUR.SP00.A,D,CHF,EUR,SP00,A,2012-08-20,1.201,A,,,,P1D,,A,,,,,,,99Q1=100,,,4,,4F0,,Swiss franc/Euro ECB reference exchange rate,"ECB reference exchange rate, Swiss franc/Euro, 2.15 pm (C.E.T.)",CHF,0
EXR.D.CHF.EUR.SP00.A,D,CHF,EUR,SP00,A,2012-08-21,1.201,A,,,,P1D,,A,,,,,,,99Q1=100,,,4,,4F0,,Swiss franc/Euro ECB reference exchange rate,"ECB reference exchange rate, Swiss franc/Euro, 2.15 pm (C.E.T.)",CHF,0
EXR.D.CHF.EUR.SP00.A,D,CHF,EUR,SP00,A,2012-08-22,1.2009,A,,,,P1D,,A,,,,,,,99Q1=100,,,4,,4F0,,Swiss franc/Euro ECB reference exchange rate,"ECB reference exchange rate, Swiss franc/Euro, 2.15 pm (C.E.T.)",CHF,0
EXR.D.CHF.EUR.SP00.A,D,CHF,EUR,SP00,A,2012-08-23,1.201,A,,,,P1D,,A,,,,,,,99Q1=100,,,4,,4F0,,Swiss franc/Euro ECB reference exchange rate,"ECB reference exchange rate, Swiss franc/Euro, 2.15 pm (C.E.T.)",CHF,0
EXR.D.CHF.EUR.SP00.A,D,CHF,EUR,SP00,A,2012-08-24,1.2009,A,,,,P1D,,A,,,,,,,99Q1=100,,,4,,4F0,,Swiss franc/Euro ECB reference exchange rate,"ECB reference exchange rate, Swiss franc/Euro, 2.15 pm (C.E.T.)",CHF,0
EXR.D.CHF.EUR.SP00.A,D,CHF,EUR,SP00,A,2012-08-27,1.201,A,,,,P1D,,A,,,,,,,99Q1=100,,,4,,4F0,,Swiss franc/Euro ECB reference exchange rate,"ECB reference exchange rate, Swiss franc/Euro, 2.15 pm (C.E.T.)",CHF,0
EXR.D.CHF.EUR.SP00.A,D,CHF,EUR,SP00,A,2012-08-28,1.201,A,,,,P1D,,A,,,,,,,99Q1=100,,,4,,4F0,,Swiss franc/Euro ECB reference exchange rate,"ECB reference exchange rate, Swiss franc/Euro, 2.15 pm (C.E.T.)",CHF,0
EXR.D.CHF.EUR.SP00.A,D,CHF,EUR,SP00,A,2012-08-29,1.201,A,,,,P1D,,A,,,,,,,99Q1=100,,,4,,4F0,,Swiss franc/Euro ECB reference exchange rate,"ECB reference exchange rate, Swiss franc/Euro, 2.15 pm (C.E.T.)",CHF,0
EXR.D.CHF.EUR.SP00.A,D,CHF,EUR,SP00,A,2012-08-30,1.2009,A,,,,P1D,,A,,,,,,,99Q1=100,,,4,,4F0,,Swiss franc/Euro ECB reference exchange rate,"ECB reference exchange rate, Swiss franc/Euro, 2.15 pm (C.E.T.)",CHF,0
EXR.D.CHF.EUR.SP00.A,D,CHF,EUR,SP00,A,2012-08-31,1.2009,A,,,,P1D,,A,,,,,,,99Q1=100,,,4,,4F0,,Swiss franc/Euro ECB reference exchange rate,"ECB reference exchange rate, Swiss franc/Euro, 2.15 pm (C.E.T.)",CHF,0
EXR.D.CHF.EUR.SP00.A,D,CHF,EUR,SP00,A,2012-09-03,1.2008,A,,,,P1D,,A,,,,,,,99Q1=100,,,4,,4F0,,Swiss franc/Euro ECB reference exchange rate,"ECB reference exchange rate, Swiss franc/Euro, 2.15 pm (C.E.T.)",CHF,0
EXR.D.CHF.EUR.SP00.A,D,CHF,EUR,SP00,A,2012-09-04,1.201,A,,,,P1D,,A,,,,,,,99Q1=100,,,4,,4F0,,Swiss franc/Euro ECB reference exchange rate,"ECB reference exchange rate, Swiss franc/Euro, 2.15 pm (C.E.T.)",CHF,0
EXR.D.CHF.EUR.SP00.A,D,CHF,EUR,SP00,A,2012-09-05,1.2014,A,,,,P1D,,A,,,,,,,99Q1=100,,,4,,4F0,,Swiss franc/Euro ECB reference exchange rate,"ECB reference exchange rate, Swiss franc/Euro, 2.15 pm (C.E.T.)",CHF,0
EXR.D.CHF.EUR.SP00.A,D,CHF,EUR,SP00,A,2012-09-06,1.2049,A,,,,P1D,,A,,,,,,,99Q1=100,,,4,,4F0,,Swiss franc/Euro ECB reference exchange rate,"ECB reference exchange rate, Swiss franc/Euro, 2.15 pm (C.E.T.)",CHF,0
EXR.D.CHF.EUR.SP00.A,D,CHF,EUR,SP00,A,2012-09-07,1.2128,A,,,,P1D,,A,,,,,,,99Q1=100,,,4,,4F0,,Swiss franc/Euro ECB reference exchange rate,"ECB reference exchange rate, Swiss franc/Euro, 2.15 pm (C.E.T.)",CHF,0
EXR.D.CHF.EUR.SP00.A,D,CHF,EUR,SP00,A,2012-09-10,1.209,A,,,,P1D,,A,,,,,,,99Q1=100,,,4,,4F0,,Swiss franc/Euro ECB reference exchange rate,"ECB reference exchange rate, Swiss franc/Euro, 2.15 pm (C.E.T.)",CHF,0
EXR.D.CHF.EUR.SP00.A,D,CHF,EUR,SP00,A,2012-09-11,1.2074,A,,,,P1D,,A,,,,,,,99Q1=100,,,4,,4F0,,Swiss franc/Euro ECB reference exchange rate,"ECB reference exchange rate, Swiss franc/Euro, 2.15 pm (C.E.T.)",CHF,0
EXR.D.CHF.EUR.SP00.A,D,CHF,EUR,SP00,A,2012-09-12,1.2083,A,,,,P1D,,A,,,,,,,99Q1=100,,,4,,4F0,,Swiss franc/Euro ECB reference exchange rate,"ECB reference exchange rate, Swiss franc/Euro, 2.15 pm (C.E.T.)",CHF,0
EXR.D.CHF.EUR.SP00.A,D,CHF,EUR,SP00,A,2012-09-13,1.213,A,,,,P1D,,A,,,,,,,99Q1=100,,,4,,4F0,,Swiss franc/Euro ECB reference exchange rate,"ECB reference exchange rate, Swiss franc/Euro, 2.15 pm (C.E.T.)",CHF,0
EXR.D.CHF.EUR.SP00.A,D,CHF,EUR,SP00,A,2012-09-14,1.2162,A,,,,P1D,,A,,,,,,,99Q1=100,,,4,,4F0,,Swiss franc/Euro ECB reference exchange rate,"ECB reference exchange rate, Swiss franc/Euro, 2.15 pm (C.E.T.)",CHF,0
EXR.D.CHF.EUR.SP00.A,D,CHF,EUR,SP00,A,2012-09-17,1.216,A,,,,P1D,,A,,,,,,,99Q1=100,,,4,,4F0,,Swiss franc/Euro ECB reference exchange rate,"ECB reference exchange rate, Swiss franc/Euro, 2.15 pm (C.E.T.)",CHF,0
EXR.D.CHF.EUR.SP00.A,D,CHF,EUR,SP00,A,2012-09-18,1.2113,A,,,,P1D,,A,,,,,,,99Q1=100,,,4,,4F0,,Swiss franc/Euro ECB reference exchange rate,"ECB reference exchange rate, Swiss franc/Euro, 2.15 pm (C.E.T.)",CHF,0
EXR.D.CHF.EUR.SP00.A,D,CHF,EUR,SP00,A,2012-09-19,1.2095,A,,,,P1D,,A,,,,,,,99Q1=100,,,4,,4F0,,Swiss franc/Euro ECB reference exchange rate,"ECB reference exchange rate, Swiss franc/Euro, 2.15 pm (C.E.T.)",CHF,0
EXR.D.CHF.EUR.SP00.A,D,CHF,EUR,SP00,A,2012-09-20,1.2088,A,,,,P1D,,A,,,,,,,99Q1=100,,,4,,4F0,,Swiss franc/Euro ECB reference exchange rate,"ECB reference exchange rate, Swiss franc/Euro, 2.15 pm (C.E.T.)",CHF,0
EXR.D.CHF.EUR.SP00.A,D,CHF,EUR,SP00,A,2012-09-21,1.211,A,,,,P1D,,A,,,,,,,99Q1=100,,,4,,4F0,,Swiss franc/Euro ECB reference exchange rate,"ECB reference exchange rate, Swiss franc/Euro, 2.15 pm (C.E.T.)",CHF,0
EXR.D.CHF.EUR.SP00.A,D,CHF,EUR,SP00,A,2012-09-24,1.2095,A,,,,P1D,,A,,,,,,,99Q1=100,,,4,,4F0,,Swiss franc/Euro ECB reference exchange rate,"ECB reference exchange rate, Swiss franc/Euro, 2.15 pm (C.E.T.)",CHF,0
EXR.D.CHF.EUR.SP00.A,D,CHF,EUR,SP00,A,2012-09-25,1.2092,A,,,,P1D,,A,,,,,,,99Q1=100,,,4,,4F0,,Swiss franc/Euro ECB reference exchange rate,"ECB reference exchange rate, Swiss franc/Euro, 2.15 pm (C.E.T.)",CHF,0
EXR.D.CHF.EUR.SP00.A,D,CHF,EUR,SP00,A,2012-09-26,1.2088,A,,,,P1D,,A,,,,,,,99Q1=100,,,4,,4F0,,Swiss franc/Euro ECB reference exchange rate,"ECB reference exchange rate, Swiss franc/Euro, 2.15 pm (C.E.T.)",CHF,0
EXR.D.CHF.EUR.SP00.A,D,CHF,EUR,SP00,A,2012-09-27,1.2084,A,,,,P1D,,A,,,,,,,99Q1=100,,,4,,4F0,,Swiss franc/Euro ECB reference exchange rate,"ECB reference exchange rate, Swiss franc/Euro, 2.15 pm (C.E.T.)",CHF,0
EXR.D.CHF.EUR.SP00.A,D,CHF,EUR,SP00,A,2012-09-28,1.2099,A,,,,P1D,,A,,,,,,,99Q1=100,,,4,,4F0,,Swiss franc/Euro ECB reference exchange rate,"ECB reference exchange rate, Swiss franc/Euro, 2.15 pm (C.E.T.)",CHF,0
EXR.D.CHF.EUR.SP00.A,D,CHF,EUR,SP00,A,2012-10-01,1.2095,A,,,,P1D,,A,,,,,,,99Q1=100,,,4,,4F0,,Swiss franc/Euro ECB reference exchange rate,"ECB reference exchange rate, Swiss franc/Euro, 2.15 pm (C.E.T.)",CHF,0
EXR.D.CHF.EUR.SP00.A,D,CHF,EUR,SP00,A,2012-10-02,1.2102,A,,,,P1D,,A,,,,,,,99Q1=100,,,4,,4F0,,Swiss franc/Euro ECB reference exchange rate,"ECB reference exchange rate, Swiss franc/Euro, 2.15 pm (C.E.T.)",CHF,0
EXR.D.CHF.EUR.SP00.A,D,CHF,EUR,SP00,A,2012-10-03,1.2104,A,,,,P1D,,A,,,,,,,99Q1=100,,,4,,4F0,,Swiss franc/Euro ECB reference exchange rate,"ECB reference exchange rate, Swiss franc/Euro, 2.15 pm (C.E.T.)",CHF,0
EXR.D.CHF.EUR.SP00.A,D,CHF,EUR,SP00,A,2012-10-04,1.2123,A,,,,P1D,,A,,,,,,,99Q1=100,,,4,,4F0,,Swiss franc/Euro ECB reference exchange rate,"ECB reference exchange rate, Swiss franc/Euro, 2.15 pm (C.E.T.)",CHF,0
EXR.D.CHF.EUR.SP00.A,D,CHF,EUR,SP00,A,2012-10-05,1.2112,A,,,,P1D,,A,,,,,,,99Q1=100,,,4,,4F0,,Swiss franc/Euro ECB reference exchange rate,"ECB reference exchange rate, Swiss franc/Euro, 2.15 pm (C.E.T.)",CHF,0
EXR.D.CHF.EUR.SP00.A,D,CHF,EUR,SP00,A,2012-10-08,1.211,A,,,,P1D,,A,,,,,,,99Q1=100,,,4,,4F0,,Swiss franc/Euro ECB reference exchange rate,"ECB reference exchange rate, Swiss franc/Euro, 2.15 pm (C.E.T.)",CHF,0
EXR.D.CHF.EUR.SP00.A,D,CHF,EUR,SP00,A,2012-10-09,1.2111,A,,,,P1D,,A,,,,,,,99Q1=100,,,4,,4F0,,Swiss franc/Euro ECB reference exchange rate,"ECB reference exchange rate, Swiss franc/Euro, 2.15 pm (C.E.T.)",CHF,0
EXR.D.CHF.EUR.SP00.A,D,CHF,EUR,SP00,A,2012-10-10,1.211,A,,,,P1D,,A,,,,,,,99Q1=100,,,4,,4F0,,Swiss franc/Euro ECB reference exchange rate,"ECB reference exchange rate, Swiss franc/Euro, 2.15 pm (C.E.T.)",CHF,0
EXR.D.CHF.EUR.SP00.A,D,CHF,EUR,SP00,A,2012-10-11,1.2087,A,,,,P1D,,A,,,,,,,99Q1=100,,,4,,4F0,,Swiss franc/Euro ECB reference exchange rate,"ECB reference exchange rate, Swiss franc/Euro, 2.15 pm (C.E.T.)",CHF,0
EXR.D.CHF.EUR.SP00.A,D,CHF,EUR,SP00,A,2012-10-12,1.2093,A,,,,P1D,,A,,,,,,,99Q1=100,,,4,,4F0,,Swiss franc/Euro ECB reference exchange rate,"ECB reference exchange rate, Swiss franc/Euro, 2.15 pm (C.E.T.)",CHF,0
EXR.D.CHF.EUR.SP00.A,D,CHF,EUR,SP00,A,2012-10-15,1.2091,A,,,,P1D,,A,,,,,,,99Q1=100,,,4,,4F0,,Swiss franc/Euro ECB reference exchange rate,"ECB reference exchange rate, Swiss franc/Euro, 2.15 pm (C.E.T.)",CHF,0
EXR.D.CHF.EUR.SP00.A,D,CHF,EUR,SP00,A,2012-10-16,1.2091,A,,,,P1D,,A,,,,,,,99Q1=100,,,4,,4F0,,Swiss franc/Euro ECB reference exchange rate,"ECB reference exchange rate, Swiss franc/Euro, 2.15 pm (C.E.T.)",CHF,0
EXR.D.CHF.EUR.SP00.A,D,CHF,EUR,SP00,A,2012-10-17,1.2106,A,,,,P1D,,A,,,,,,,99Q1=100,,,4,,4F0,,Swiss franc/Euro ECB reference exchange rate,"ECB reference exchange rate, Swiss franc/Euro, 2.15 pm (C.E.T.)",CHF,0
EXR.D.CHF.EUR.SP00.A,D,CHF,EUR,SP00,A,2012-10-18,1.2094,A,,,,P1D,,A,,,,,,,99Q1=100,,,4,,4F0,,Swiss franc/Euro ECB reference exchange rate,"ECB reference exchange rate, Swiss franc/Euro, 2.15 pm (C.E.T.)",CHF,0
EXR.D.CHF.EUR.SP00.A,D,CHF,EUR,SP00,A,2012-10-19,1.2085,A,,,,P1D,,A,,,,,,,99Q1=100,,,4,,4F0,,Swiss franc/Euro ECB reference exchange rate,"ECB reference exchange rate, Swiss franc/Euro, 2.15 pm (C.E.T.)",CHF,0
EXR.D.CHF.EUR.SP00.A,D,CHF,EUR,SP00,A,2012-10-22,1.2097,A,,,,P1D,,A,,,,,,,99Q1=100,,,4,,4F0,,Swiss franc/Euro ECB reference exchange rate,"ECB reference exchange rate, Swiss franc/Euro, 2.15 pm (C.E.T.)",CHF,0
EXR.D.CHF.EUR.SP00.A,D,CHF,EUR,SP00,A,2012-10-23,1.2098,A,,,,P1D,,A,,,,,,,99Q1=100,,,4,,4F0,,Swiss franc/Euro ECB reference exchange rate,"ECB reference exchange rate, Swiss franc/Euro, 2.15 pm (C.E.T.)",CHF,0
EXR.D.CHF.EUR.SP00.A,D,CHF,EUR,SP00,A,2012-10-24,1.21,A,,,,P1D,,A,,,,,,,99Q1=100,,,4,,4F0,,Swiss franc/Euro ECB reference exchange rate,"ECB reference exchange rate, Swiss franc/Euro, 2.15 pm (C.E.T.)",CHF,0
EXR.D.CHF.EUR.SP00.A,D,CHF,EUR,SP00,A,2012-10-25,1.2097,A,,,,P1D,,A,,,,,,,99Q1=100,,,4,,4F0,,Swiss franc/Euro ECB reference exchange rate,"ECB reference exchange rate, Swiss franc/Euro, 2.15 pm (C.E.T.)",CHF,0
EXR.D.CHF.EUR.SP00.A,D,CHF,EUR,SP00,A,2012-10-26,1.209,A,,,,P1D,,A,,,,,,,99Q1=100,,,4,,4F0,,Swiss franc/Euro ECB reference exchange rate,"ECB reference exchange rate, Swiss franc/Euro, 2.15 pm (C.E.T.)",CHF,0
EXR.D.CHF.EUR.SP00.A,D,CHF,EUR,SP00,A,2012-10-29,1.2087,A,,,,P1D,,A,,,,,,,99Q1=100,,,4,,4F0,,Swiss franc/Euro ECB reference exchange rate,"ECB reference exchange rate, Swiss franc/Euro, 2.15 pm (C.E.T.)",CHF,0
EXR.D.CHF.EUR.SP00.A,D,CHF,EUR,SP00,A,2012-10-30,1.2085,A,,,,P1D,,A,,,,,,,99Q1=100,,,4,,4F0,,Swiss franc/Euro ECB reference exchange rate,"ECB reference exchange rate, Swiss franc/Euro, 2.15 pm (C.E.T.)",CHF,0
EXR.D.CHF.EUR.SP00.A,D,CHF,EUR,SP00,A,2012-10-31,1.2076,A,,,,P1D,,A,,,,,,,99Q1=100,,,4,,4F0,,Swiss franc/Euro ECB reference exchange rate,"ECB reference exchange rate, Swiss franc/Euro, 2.15 pm (C.E.T.)",CHF,0
EXR.D.CHF.EUR.SP00.A,D,CHF,EUR,SP00,A,2012-11-01,1.2072,A,,,,P1D,,A,,,,,,,99Q1=100,,,4,,4F0,,Swiss franc/Euro ECB reference exchange rate,"ECB reference exchange rate, Swiss franc/Euro, 2.15 pm (C.E.T.)",CHF,0
EXR.D.CHF.EUR.SP00.A,D,CHF,EUR,SP00,A,2012-11-02,1.2073,A,,,,P1D,,A,,,,,,,99Q1=100,,,4,,4F0,,Swiss franc/Euro ECB reference exchange rate,"ECB reference exchange rate, Swiss franc/Euro, 2.15 pm (C.E.T.)",CHF,0
EXR.D.CHF.EUR.SP00.A,D,CHF,EUR,SP00,A,2012-11-05,1.2063,A,,,,P1D,,A,,,,,,,99Q1=100,,,4,,4F0,,Swiss franc/Euro ECB reference exchange rate,"ECB reference exchange rate, Swiss franc/Euro, 2.15 pm (C.E.T.)",CHF,0
EXR.D.CHF.EUR.SP00.A,D,CHF,EUR,SP00,A,2012-11-06,1.2075,A,,,,P1D,,A,,,,,,,99Q1=100,,,4,,4F0,,Swiss franc/Euro ECB reference exchange rate,"ECB reference exchange rate, Swiss franc/Euro, 2.15 pm (C.E.T.)",CHF,0
EXR.D.CHF.EUR.SP00.A,D,CHF,EUR,SP00,A,2012-11-07,1.2065,A,,,,P1D,,A,,,,,,,99Q1=100,,,4,,4F0,,Swiss franc/Euro ECB reference exchange rate,"ECB reference exchange rate, Swiss franc/Euro, 2.15 pm (C.E.T.)",CHF,0
EXR.D.CHF.EUR.SP00.A,D,CHF,EUR,SP00,A,2012-11-08,1.2058,A,,,,P1D,,A,,,,,,,99Q1=100,,,4,,4F0,,Swiss franc/Euro ECB reference exchange rate,"ECB reference exchange rate, Swiss franc/Euro, 2.15 pm (C.E.T.)",CHF,0
EXR.D.CHF.EUR.SP00.A,D,CHF,EUR,SP00,A,2012-11-09,1.2054,A,,,,P1D,,A,,,,,,,99Q1=100,,,4,,4F0,,Swiss franc/Euro ECB reference exchange rate,"ECB reference exchange rate, Swiss franc/Euro, 2.15 pm (C.E.T.)",CHF,0
EXR.D.CHF.EUR.SP00.A,D,CHF,EUR,SP00,A,2012-11-12,1.2057,A,,,,P1D,,A,,,,,,,99Q1=100,,,4,,4F0,,Swiss franc/Euro ECB reference exchange rate,"ECB reference exchange rate, Swiss franc/Euro, 2.15 pm (C.E.T.)",CHF,0
EXR.D.CHF.EUR.SP00.A,D,CHF,EUR,SP00,A,2012-11-13,1.2046,A,,,,P1D,,A,,,,,,,99Q1=100,,,4,,4F0,,Swiss franc/Euro ECB reference exchange rate,"ECB reference exchange rate, Swiss franc/Euro, 2.15 pm (C.E.T.)",CHF,0
EXR.D.CHF.EUR.SP00.A,D,CHF,EUR,SP00,A,2012-11-14,1.204,A,,,,P1D,,A,,,,,,,99Q1=100,,,4,,4F0,,Swiss franc/Euro ECB reference exchange rate,"ECB reference exchange rate, Swiss franc/Euro, 2.15 pm (C.E.T.)",CHF,0
EXR.D.CHF.EUR.SP00.A,D,CHF,EUR,SP00,A,2012-11-15,1.2042,A,,,,P1D,,A,,,,,,,99Q1=100,,,4,,4F0,,Swiss franc/Euro ECB reference exchange rate,"ECB reference exchange rate, Swiss franc/Euro, 2.15 pm (C.E.T.)",CHF,0
EXR.D.CHF.EUR.SP00.A,D,CHF,EUR,SP00,A,2012-11-16,1.2042,A,,,,P1D,,A,,,,,,,99Q1=100,,,4,,4F0,,Swiss franc/Euro ECB reference exchange rate,"ECB reference exchange rate, Swiss franc/Euro, 2.15 pm (C.E.T.)",CHF,0
EXR.D.CHF.EUR.SP00.A,D,CHF,EUR,SP00,A,2012-11-19,1.2045,A,,,,P1D,,A,,,,,,,99Q1=100,,,4,,4F0,,Swiss franc/Euro ECB reference exchange rate,"ECB reference exchange rate, Swiss franc/Euro, 2.15 pm (C.E.T.)",CHF,0
EXR.D.CHF.EUR.SP00.A,D,CHF,EUR,SP00,A,2012-11-20,1.2049,A,,,,P1D,,A,,,,,,,99Q1=100,,,4,,4F0,,Swiss franc/Euro ECB reference exchange rate,"ECB reference exchange rate, Swiss franc/Euro, 2.15 pm (C.E.T.)",CHF,0
EXR.D.CHF.EUR.SP00.A,D,CHF,EUR,SP00,A,2012-11-21,1.2041,A,,,,P1D,,A,,,,,,,99Q1=100,,,4,,4F0,,Swiss franc/Euro ECB reference exchange rate,"ECB reference exchange rate, Swiss franc/Euro, 2.15 pm (C.E.T.)",CHF,0
EXR.D.CHF.EUR.SP00.A,D,CHF,EUR,SP00,A,2012-11-22,1.2045,A,,,,P1D,,A,,,,,,,99Q1=100,,,4,,4F0,,Swiss franc/Euro ECB reference exchange rate,"ECB reference exchange rate, Swiss franc/Euro, 2.15 pm (C.E.T.)",CHF,0
EXR.D.CHF.EUR.SP00.A,D,CHF,EUR,SP00,A,2012-11-23,1.205,A,,,,P1D,,A,,,,,,,99Q1=100,,,4,,4F0,,Swiss franc/Euro ECB reference exchange rate,"ECB reference exchange rate, Swiss franc/Euro, 2.15 pm (C.E.T.)",CHF,0
EXR.D.CHF.EUR.SP00.A,D,CHF,EUR,SP00,A,2012-11-26,1.2046,A,,,,P1D,,A,,,,,,,99Q1=100,,,4,,4F0,,Swiss franc/Euro ECB reference exchange rate,"ECB reference exchange rate, Swiss franc/Euro, 2.15 pm (C.E.T.)",CHF,0
EXR.D.CHF.EUR.SP00.A,D,CHF,EUR,SP00,A,2012-11-27,1.2043,A,,,,P1D,,A,,,,,,,99Q1=100,,,4,,4F0,,Swiss franc/Euro ECB reference exchange rate,"ECB reference exchange rate, Swiss franc/Euro, 2.15 pm (C.E.T.)",CHF,0
EXR.D.CHF.EUR.SP00.A,D,CHF,EUR,SP00,A,2012-11-28,1.2033,A,,,,P1D,,A,,,,,,,99Q1=100,,,4,,4F0,,Swiss franc/Euro ECB reference exchange rate,"ECB reference exchange rate, Swiss franc/Euro, 2.15 pm (C.E.T.)",CHF,0
EXR.D.CHF.EUR.SP00.A,D,CHF,EUR,SP00,A,2012-11-29,1.2043,A,,,,P1D,,A,,,,,,,99Q1=100,,,4,,4F0,,Swiss franc/Euro ECB reference exchange rate,"ECB reference exchange rate, Swiss franc/Euro, 2.15 pm (C.E.T.)",CHF,0
EXR.D.CHF.EUR.SP00.A,D,CHF,EUR,SP00,A,2012-11-30,1.2054,A,,,,P1D,,A,,,,,,,99Q1=100,,,4,,4F0,,Swiss franc/Euro ECB reference exchange rate,"ECB reference exchange rate, Swiss franc/Euro, 2.15 pm (C.E.T.)",CHF,0
EXR.D.CHF.EUR.SP00.A,D,CHF,EUR,SP00,A,2012-12-03,1.2087,A,,,,P1D,,A,,,,,,,99Q1=100,,,4,,4F0,,Swiss franc/Euro ECB reference exchange rate,"ECB reference exchange rate, Swiss franc/Euro, 2.15 pm (C.E.T.)",CHF,0
EXR.D.CHF.EUR.SP00.A,D,CHF,EUR,SP00,A,2012-12-04,1.2136,A,,,,P1D,,A,,,,,,,99Q1=100,,,4,,4F0,,Swiss franc/Euro ECB reference exchange rate,"ECB reference exchange rate, Swiss franc/Euro, 2.15 pm (C.E.T.)",CHF,0
EXR.D.CHF.EUR.SP00.A,D,CHF,EUR,SP00,A,2012-12-05,1.2128,A,,,,P1D,,A,,,,,,,99Q1=100,,,4,,4F0,,Swiss franc/Euro ECB reference exchange rate,"ECB reference exchange rate, Swiss franc/Euro, 2.15 pm (C.E.T.)",CHF,0
EXR.D.CHF.EUR.SP00.A,D,CHF,EUR,SP00,A,2012-12-06,1.2114,A,,,,P1D,,A,,,,,,,99Q1=100,,,4,,4F0,,Swiss franc/Euro ECB reference exchange rate,"ECB reference exchange rate, Swiss franc/Euro, 2.15 pm (C.E.T.)",CHF,0
EXR.D.CHF.EUR.SP00.A,D,CHF,EUR,SP00,A,2012-12-07,1.2077,A,,,,P1D,,A,,,,,,,99Q1=100,,,4,,4F0,,Swiss franc/Euro ECB reference exchange rate,"ECB reference exchange rate, Swiss franc/Euro, 2.15 pm (C.E.T.)",CHF,0
EXR.D.CHF.EUR.SP00.A,D,CHF,EUR,SP00,A,2012-12-10,1.2068,A,,,,P1D,,A,,,,,,,99Q1=100,,,4,,4F0,,Swiss franc/Euro ECB reference exchange rate,"ECB reference exchange rate, Swiss franc/Euro, 2.15 pm (C.E.T.)",CHF,0
EXR.D.CHF.EUR.SP00.A,D,CHF,EUR,SP00,A,2012-12-11,1.2115,A,,,,P1D,,A,,,,,,,99Q1=100,,,4,,4F0,,Swiss franc/Euro ECB reference exchange rate,"ECB reference exchange rate, Swiss franc/Euro, 2.15 pm (C.E.T.)",CHF,0
EXR.D.CHF.EUR.SP00.A,D,CHF,EUR,SP00,A,2012-12-12,1.2109,A,,,,P1D,,A,,,,,,,99Q1=100,,,4,,4F0,,Swiss franc/Euro ECB reference exchange rate,"ECB reference exchange rate, Swiss franc/Euro, 2.15 pm (C.E.T.)",CHF,0
EXR.D.CHF.EUR.SP00.A,D,CHF,EUR,SP00,A,2012-12-13,1.209,A,,,,P1D,,A,,,,,,,99Q1=100,,,4,,4F0,,Swiss franc/Euro ECB reference exchange rate,"ECB reference exchange rate, Swiss franc/Euro, 2.15 pm (C.E.T.)",CHF,0
EXR.D.CHF.EUR.SP00.A,D,CHF,EUR,SP00,A,2012-12-14,1.2089,A,,,,P1D,,A,,,,,,,99Q1=100,,,4,,4F0,,Swiss franc/Euro ECB reference exchange rate,"ECB reference exchange rate, Swiss franc/Euro, 2.15 pm (C.E.T.)",CHF,0
EXR.D.CHF.EUR.SP00.A,D,CHF,EUR,SP00,A,2012-12-17,1.2082,A,,,,P1D,,A,,,,,,,99Q1=100,,,4,,4F0,,Swiss franc/Euro ECB reference exchange rate,"ECB reference exchange rate, Swiss franc/Euro, 2.15 pm (C.E.T.)",CHF,0
EXR.D.CHF.EUR.SP00.A,D,CHF,EUR,SP00,A,2012-12-18,1.208,A,,,,P1D,,A,,,,,,,99Q1=100,,,4,,4F0,,Swiss franc/Euro ECB reference exchange rate,"ECB reference exchange rate, Swiss franc/Euro, 2.15 pm (C.E.T.)",CHF,0
EXR.D.CHF.EUR.SP00.A,D,CHF,EUR,SP00,A,2012-12-19,1.2096,A,,,,P1D,,A,,,,,,,99Q1=100,,,4,,4F0,,Swiss franc/Euro ECB reference exchange rate,"ECB reference exchange rate, Swiss franc/Euro, 2.15 pm (C.E.T.)",CHF,0
EXR.D.CHF.EUR.SP00.A,D,CHF,EUR,SP00,A,2012-12-20,1.2079,A,,,,P1D,,A,,,,,,,99Q1=100,,,4,,4F0,,Swiss franc/Euro ECB reference exchange rate,"ECB reference exchange rate, Swiss franc/Euro, 2.15 pm (C.E.T.)",CHF,0
EXR.D.CHF.EUR.SP00.A,D,CHF,EUR,SP00,A,2012-12-21,1.2077,A,,,,P1D,,A,,,,,,,99Q1=100,,,4,,4F0,,Swiss franc/Euro ECB reference exchange rate,"ECB reference exchange rate, Swiss franc/Euro, 2.15 pm (C.E.T.)",CHF,0
EXR.D.CHF.EUR.SP00.A,D,CHF,EUR,SP00,A,2012-12-24,1.207,A,,,,P1D,,A,,,,,,,99Q1=100,,,4,,4F0,,Swiss franc/Euro ECB reference exchange rate,"ECB reference exchange rate, Swiss franc/Euro, 2.15 pm (C.E.T.)",CHF,0
EXR.D.CHF.EUR.SP00.A,D,CHF,EUR,SP00,A,2012-12-27,1.2082,A,,,,P1D,,A,,,,,,,99Q1=100,,,4,,4F0,,Swiss franc/Euro ECB reference exchange rate,"ECB reference exchange rate, Swiss franc/Euro, 2.15 pm (C.E.T.)",CHF,0
EXR.D.CHF.EUR.SP00.A,D,CHF,EUR,SP00,A,2012-12-28,1.208,A,,,,P1D,,A,,,,,,,99Q1=100,,,4,,4F0,,Swiss franc/Euro ECB reference exchange rate,"ECB reference exchange rate, Swiss franc/Euro, 2.15 pm (C.E.T.)",CHF,0
EXR.D.CHF.EUR.SP00.A,D,CHF,EUR,SP00,A,2012-12-31,1.2072,A,,,,P1D,,A,,,,,,,99Q1=100,,,4,,4F0,,Swiss franc/Euro ECB reference exchange rate,"ECB reference exchange rate, Swiss franc/Euro, 2.15 pm (C.E.T.)",CHF,0
EXR.D.CHF.EUR.SP00.A,D,CHF,EUR,SP00,A,2013-01-02,1.209,A,,,,P1D,,A,,,,,,,99Q1=100,,,4,,4F0,,Swiss franc/Euro ECB reference exchange rate,"ECB reference exchange rate, Swiss franc/Euro, 2.15 pm (C.E.T.)",CHF,0
EXR.D.CHF.EUR.SP00.A,D,CHF,EUR,SP00,A,2013-01-03,1.209,A,,,,P1D,,A,,,,,,,99Q1=100,,,4,,4F0,,Swiss franc/Euro ECB reference exchange rate,"ECB reference exchange rate, Swiss franc/Euro, 2.15 pm (C.E.T.)",CHF,0
EXR.D.CHF.EUR.SP00.A,D,CHF,EUR,SP00,A,2013-01-04,1.2092,A,,,,P1D,,A,,,,,,,99Q1=100,,,4,,4F0,,Swiss franc/Euro ECB reference exchange rate,"ECB reference exchange rate, Swiss franc/Euro, 2.15 pm (C.E.T.)",CHF,0
EXR.D.CHF.EUR.SP00.A,D,CHF,EUR,SP00,A,2013-01-07,1.2087,A,,,,P1D,,A,,,,,,,99Q1=100,,,4,,4F0,,Swiss franc/Euro ECB reference exchange rate,"ECB reference exchange rate, Swiss franc/Euro, 2.15 pm (C.E.T.)",CHF,0
EXR.D.CHF.EUR.SP00.A,D,CHF,EUR,SP00,A,2013-01-08,1.2092,A,,,,P1D,,A,,,,,,,99Q1=100,,,4,,4F0,,Swiss franc/Euro ECB reference exchange rate,"ECB reference exchange rate, Swiss franc/Euro, 2.15 pm (C.E.T.)",CHF,0
EXR.D.CHF.EUR.SP00.A,D,CHF,EUR,SP00,A,2013-01-09,1.2089,A,,,,P1D,,A,,,,,,,99Q1=100,,,4,,4F0,,Swiss franc/Euro ECB reference exchange rate,"ECB reference exchange rate, Swiss franc/Euro, 2.15 pm (C.E.T.)",CHF,0
EXR.D.CHF.EUR.SP00.A,D,CHF,EUR,SP00,A,2013-01-10,1.2104,A,,,,P1D,,A,,,,,,,99Q1=100,,,4,,4F0,,Swiss franc/Euro ECB reference exchange rate,"ECB reference exchange rate, Swiss franc/Euro, 2.15 pm (C.E.T.)",CHF,0
EXR.D.CHF.EUR.SP00.A,D,CHF,EUR,SP00,A,2013-01-11,1.2157,A,,,,P1D,,A,,,,,,,99Q1=100,,,4,,4F0,,Swiss franc/Euro ECB reference exchange rate,"ECB reference exchange rate, Swiss franc/Euro, 2.15 pm (C.E.T.)",CHF,0
EXR.D.CHF.EUR.SP00.A,D,CHF,EUR,SP00,A,2013-01-14,1.2243,A,,,,P1D,,A,,,,,,,99Q1=100,,,4,,4F0,,Swiss franc/Euro ECB reference exchange rate,"ECB reference exchange rate, Swiss franc/Euro, 2.15 pm (C.E.T.)",CHF,0
EXR.D.CHF.EUR.SP00.A,D,CHF,EUR,SP00,A,2013-01-15,1.2358,A,,,,P1D,,A,,,,,,,99Q1=100,,,4,,4F0,,Swiss franc/Euro ECB reference exchange rate,"ECB reference exchange rate, Swiss franc/Euro, 2.15 pm (C.E.T.)",CHF,0
EXR.D.CHF.EUR.SP00.A,D,CHF,EUR,SP00,A,2013-01-16,1.2359,A,,,,P1D,,A,,,,,,,99Q1=100,,,4,,4F0,,Swiss franc/Euro ECB reference exchange rate,"ECB reference exchange rate, Swiss franc/Euro, 2.15 pm (C.E.T.)",CHF,0
EXR.D.CHF.EUR.SP00.A,D,CHF,EUR,SP00,A,2013-01-17,1.2453,A,,,,P1D,,A,,,,,,,99Q1=100,,,4,,4F0,,Swiss franc/Euro ECB reference exchange rate,"ECB reference exchange rate, Swiss franc/Euro, 2.15 pm (C.E.T.)",CHF,0
EXR.D.CHF.EUR.SP00.A,D,CHF,EUR,SP00,A,2013-01-18,1.2446,A,,,,P1D,,A,,,,,,,99Q1=100,,,4,,4F0,,Swiss franc/Euro ECB reference exchange rate,"ECB reference exchange rate, Swiss franc/Euro, 2.15 pm (C.E.T.)",CHF,0
EXR.D.CHF.EUR.SP00.A,D,CHF,EUR,SP00,A,2013-01-21,1.2421,A,,,,P1D,,A,,,,,,,99Q1=100,,,4,,4F0,,Swiss franc/Euro ECB reference exchange rate,"ECB reference exchange rate, Swiss franc/Euro, 2.15 pm (C.E.T.)",CHF,0
EXR.D.CHF.EUR.SP00.A,D,CHF,EUR,SP00,A,2013-01-22,1.2383,A,,,,P1D,,A,,,,,,,99Q1=100,,,4,,4F0,,Swiss franc/Euro ECB reference exchange rate,"ECB reference exchange rate, Swiss franc/Euro, 2.15 pm (C.E.T.)",CHF,0
EXR.D.CHF.EUR.SP00.A,D,CHF,EUR,SP00,A,2013-01-23,1.2385,A,,,,P1D,,A,,,,,,,99Q1=100,,,4,,4F0,,Swiss franc/Euro ECB reference exchange rate,"ECB reference exchange rate, Swiss franc/Euro, 2.15 pm (C.E.T.)",CHF,0
EXR.D.CHF.EUR.SP00.A,D,CHF,EUR,SP00,A,2013-01-24,1.2417,A,,,,P1D,,A,,,,,,,99Q1=100,,,4,,4F0,,Swiss franc/Euro ECB reference exchange rate,"ECB reference exchange rate, Swiss franc/Euro, 2.15 pm (C.E.T.)",CHF,0
EXR.D.CHF.EUR.SP00.A,D,CHF,EUR,SP00,A,2013-01-25,1.2444,A,,,,P1D,,A,,,,,,,99Q1=100,,,4,,4F0,,Swiss franc/Euro ECB reference exchange rate,"ECB reference exchange rate, Swiss franc/Euro, 2.15 pm (C.E.T.)",CHF,0
EXR.D.CHF.EUR.SP00.A,D,CHF,EUR,SP00,A,2013-01-28,1.2472,A,,,,P1D,,A,,,,,,,99Q1=100,,,4,,4F0,,Swiss franc/Euro ECB reference exchange rate,"ECB reference exchange rate, Swiss franc/Euro, 2.15 pm (C.E.T.)",CHF,0
EXR.D.CHF.EUR.SP00.A,D,CHF,EUR,SP00,A,2013-01-29,1.2416,A,,,,P1D,,A,,,,,,,99Q1=100,,,4,,4F0,,Swiss franc/Euro ECB reference exchange rate,"ECB reference exchange rate, Swiss franc/Euro, 2.15 pm (C.E.T.)",CHF,0
EXR.D.CHF.EUR.SP00.A,D,CHF,EUR,SP00,A,2013-01-30,1.2392,A,,,,P1D,,A,,,,,,,99Q1=100,,,4,,4F0,,Swiss franc/Euro ECB reference exchange rate,"ECB reference exchange rate, Swiss franc/Euro, 2.15 pm (C.E.T.)",CHF,0
EXR.D.CHF.EUR.SP00.A,D,CHF,EUR,SP00,A,2013-01-31,1.2342,A,,,,P1D,,A,,,,,,,99Q1=100,,,4,,4F0,,Swiss franc/Euro ECB reference exchange rate,"ECB reference exchange rate, Swiss franc/Euro, 2.15 pm (C.E.T.)",CHF,0
EXR.D.CHF.EUR.SP00.A,D,CHF,EUR,SP00,A,2013-02-01,1.2351,A,,,,P1D,,A,,,,,,,99Q1=100,,,4,,4F0,,Swiss franc/Euro ECB reference exchange rate,"ECB reference exchange rate, Swiss franc/Euro, 2.15 pm (C.E.T.)",CHF,0
EXR.D.CHF.EUR.SP00.A,D,CHF,EUR,SP00,A,2013-02-04,1.235,A,,,,P1D,,A,,,,,,,99Q1=100,,,4,,4F0,,Swiss franc/Euro ECB reference exchange rate,"ECB reference exchange rate, Swiss franc/Euro, 2.15 pm (C.E.T.)",CHF,0
EXR.D.CHF.EUR.SP00.A,D,CHF,EUR,SP00,A,2013-02-05,1.2299,A,,,,P1D,,A,,,,,,,99Q1=100,,,4,,4F0,,Swiss franc/Euro ECB reference exchange rate,"ECB reference exchange rate, Swiss franc/Euro, 2.15 pm (C.E.T.)",CHF,0
EXR.D.CHF.EUR.SP00.A,D,CHF,EUR,SP00,A,2013-02-06,1.2348,A,,,,P1D,,A,,,,,,,99Q1=100,,,4,,4F0,,Swiss franc/Euro ECB reference exchange rate,"ECB reference exchange rate, Swiss franc/Euro, 2.15 pm (C.E.T.)",CHF,0
EXR.D.CHF.EUR.SP00.A,D,CHF,EUR,SP00,A,2013-02-07,1.2312,A,,,,P1D,,A,,,,,,,99Q1=100,,,4,,4F0,,Swiss franc/Euro ECB reference exchange rate,"ECB reference exchange rate, Swiss franc/Euro, 2.15 pm (C.E.T.)",CHF,0
EXR.D.CHF.EUR.SP00.A,D,CHF,EUR,SP00,A,2013-02-08,1.2282,A,,,,P1D,,A,,,,,,,99Q1=100,,,4,,4F0,,Swiss franc/Euro ECB reference exchange rate,"ECB reference exchange rate, Swiss franc/Euro, 2.15 pm (C.E.T.)",CHF,0
EXR.D.CHF.EUR.SP00.A,D,CHF,EUR,SP00,A,2013-02-11,1.2294,A,,,,P1D,,A,,,,,,,99Q1=100,,,4,,4F0,,Swiss franc/Euro ECB reference exchange rate,"ECB reference exchange rate, Swiss franc/Euro, 2.15 pm (C.E.T.)",CHF,0
EXR.D.CHF.EUR.SP00.A,D,CHF,EUR,SP00,A,2013-02-12,1.2328,A,,,,P1D,,A,,,,,,,99Q1=100,,,4,,4F0,,Swiss franc/Euro ECB reference exchange rate,"ECB reference exchange rate, Swiss franc/Euro, 2.15 pm (C.E.T.)",CHF,0
EXR.D.CHF.EUR.SP00.A,D,CHF,EUR,SP00,A,2013-02-13,1.2365,A,,,,P1D,,A,,,,,,,99Q1=100,,,4,,4F0,,Swiss franc/Euro ECB reference exchange rate,"ECB reference exchange rate, Swiss franc/Euro, 2.15 pm (C.E.T.)",CHF,0
EXR.D.CHF.EUR.SP00.A,D,CHF,EUR,SP00,A,2013-02-14,1.2293,A,,,,P1D,,A,,,,,,,99Q1=100,,,4,,4F0,,Swiss franc/Euro ECB reference exchange rate,"ECB reference exchange rate, Swiss franc/Euro, 2.15 pm (C.E.T.)",CHF,0
EXR.D.CHF.EUR.SP00.A,D,CHF,EUR,SP00,A,2013-02-15,1.2303,A,,,,P1D,,A,,,,,,,99Q1=100,,,4,,4F0,,Swiss franc/Euro ECB reference exchange rate,"ECB reference exchange rate, Swiss franc/Euro, 2.15 pm (C.E.T.)",CHF,0
EXR.D.CHF.EUR.SP00.A,D,CHF,EUR,SP00,A,2013-02-18,1.2332,A,,,,P1D,,A,,,,,,,99Q1=100,,,4,,4F0,,Swiss franc/Euro ECB reference exchange rate,"ECB reference exchange rate, Swiss franc/Euro, 2.15 pm (C.E.T.)",CHF,0
EXR.D.CHF.EUR.SP00.A,D,CHF,EUR,SP00,A,2013-02-19,1.2332,A,,,,P1D,,A,,,,,,,99Q1=100,,,4,,4F0,,Swiss franc/Euro ECB reference exchange rate,"ECB reference exchange rate, Swiss franc/Euro, 2.15 pm (C.E.T.)",CHF,0
EXR.D.CHF.EUR.SP00.A,D,CHF,EUR,SP00,A,2013-02-20,1.2347,A,,,,P1D,,A,,,,,,,99Q1=100,,,4,,4F0,,Swiss franc/Euro ECB reference exchange rate,"ECB reference exchange rate, Swiss franc/Euro, 2.15 pm (C.E.T.)",CHF,0
EXR.D.CHF.EUR.SP00.A,D,CHF,EUR,SP00,A,2013-02-21,1.229,A,,,,P1D,,A,,,,,,,99Q1=100,,,4,,4F0,,Swiss franc/Euro ECB reference exchange rate,"ECB reference exchange rate, Swiss franc/Euro, 2.15 pm (C.E.T.)",CHF,0
EXR.D.CHF.EUR.SP00.A,D,CHF,EUR,SP00,A,2013-02-22,1.2272,A,,,,P1D,,A,,,,,,,99Q1=100,,,4,,4F0,,Swiss franc/Euro ECB reference exchange rate,"ECB reference exchange rate, Swiss franc/Euro, 2.15 pm (C.E.T.)",CHF,0
EXR.D.CHF.EUR.SP00.A,D,CHF,EUR,SP00,A,2013-02-25,1.2305,A,,,,P1D,,A,,,,,,,99Q1=100,,,4,,4F0,,Swiss franc/Euro ECB reference exchange rate,"ECB reference exchange rate, Swiss franc/Euro, 2.15 pm (C.E.T.)",CHF,0
EXR.D.CHF.EUR.SP00.A,D,CHF,EUR,SP00,A,2013-02-26,1.2167,A,,,,P1D,,A,,,,,,,99Q1=100,,,4,,4F0,,Swiss franc/Euro ECB reference exchange rate,"ECB reference exchange rate, Swiss franc/Euro, 2.15 pm (C.E.T.)",CHF,0
EXR.D.CHF.EUR.SP00.A,D,CHF,EUR,SP00,A,2013-02-27,1.2177,A,,,,P1D,,A,,,,,,,99Q1=100,,,4,,4F0,,Swiss franc/Euro ECB reference exchange rate,"ECB reference exchange rate, Swiss franc/Euro, 2.15 pm (C.E.T.)",CHF,0
EXR.D.CHF.EUR.SP00.A,D,CHF,EUR,SP00,A,2013-02-28,1.2209,A,,,,P1D,,A,,,,,,,99Q1=100,,,4,,4F0,,Swiss franc/Euro ECB reference exchange rate,"ECB reference exchange rate, Swiss franc/Euro, 2.15 pm (C.E.T.)",CHF,0
EXR.D.CHF.EUR.SP00.A,D,CHF,EUR,SP00,A,2013-03-01,1.2245,A,,,,P1D,,A,,,,,,,99Q1=100,,,4,,4F0,,Swiss franc/Euro ECB reference exchange rate,"ECB reference exchange rate, Swiss franc/Euro, 2.15 pm (C.E.T.)",CHF,0
EXR.D.CHF.EUR.SP00.A,D,CHF,EUR,SP00,A,2013-03-04,1.2256,A,,,,P1D,,A,,,,,,,99Q1=100,,,4,,4F0,,Swiss franc/Euro ECB reference exchange rate,"ECB reference exchange rate, Swiss franc/Euro, 2.15 pm (C.E.T.)",CHF,0
EXR.D.CHF.EUR.SP00.A,D,CHF,EUR,SP00,A,2013-03-05,1.2277,A,,,,P1D,,A,,,,,,,99Q1=100,,,4,,4F0,,Swiss franc/Euro ECB reference exchange rate,"ECB reference exchange rate, Swiss franc/Euro, 2.15 pm (C.E.T.)",CHF,0
EXR.D.CHF.EUR.SP00.A,D,CHF,EUR,SP00,A,2013-03-06,1.2301,A,,,,P1D,,A,,,,,,,99Q1=100,,,4,,4F0,,Swiss franc/Euro ECB reference exchange rate,"ECB reference exchange rate, Swiss franc/Euro, 2.15 pm (C.E.T.)",CHF,0
EXR.D.CHF.EUR.SP00.A,D,CHF,EUR,SP00,A,2013-03-07,1.2318,A,,,,P1D,,A,,,,,,,99Q1=100,,,4,,4F0,,Swiss franc/Euro ECB reference exchange rate,"ECB reference exchange rate, Swiss franc/Euro, 2.15 pm (C.E.T.)",CHF,0
EXR.D.CHF.EUR.SP00.A,D,CHF,EUR,SP00,A,2013-03-08,1.2355,A,,,,P1D,,A,,,,,,,99Q1=100,,,4,,4F0,,Swiss franc/Euro ECB reference exchange rate,"ECB reference exchange rate, Swiss franc/Euro, 2.15 pm (C.E.T.)",CHF,0
EXR.D.CHF.EUR.SP00.A,D,CHF,EUR,SP00,A,2013-03-11,1.236,A,,,,P1D,,A,,,,,,,99Q1=100,,,4,,4F0,,Swiss franc/Euro ECB reference exchange rate,"ECB reference exchange rate, Swiss franc/Euro, 2.15 pm (C.E.T.)",CHF,0
EXR.D.CHF.EUR.SP00.A,D,CHF,EUR,SP00,A,2013-03-12,1.2344,A,,,,P1D,,A,,,,,,,99Q1=100,,,4,,4F0,,Swiss franc/Euro ECB reference exchange rate,"ECB reference exchange rate, Swiss franc/Euro, 2.15 pm (C.E.T.)",CHF,0
EXR.D.CHF.EUR.SP00.A,D,CHF,EUR,SP00,A,2013-03-13,1.2319,A,,,,P1D,,A,,,,,,,99Q1=100,,,4,,4F0,,Swiss franc/Euro ECB reference exchange rate,"ECB reference exchange rate, Swiss franc/Euro, 2.15 pm (C.E.T.)",CHF,0
EXR.D.CHF.EUR.SP00.A,D,CHF,EUR,SP00,A,2013-03-14,1.2347,A,,,,P1D,,A,,,,,,,99Q1=100,,,4,,4F0,,Swiss franc/Euro ECB reference exchange rate,"ECB reference exchange rate, Swiss franc/Euro, 2.15 pm (C.E.T.)",CHF,0
EXR.D.CHF.EUR.SP00.A,D,CHF,EUR,SP00,A,2013-03-15,1.2308,A,,,,P1D,,A,,,,,,,99Q1=100,,,4,,4F0,,Swiss franc/Euro ECB reference exchange rate,"ECB reference exchange rate, Swiss franc/Euro, 2.15 pm (C.E.T.)",CHF,0
EXR.D.CHF.EUR.SP00.A,D,CHF,EUR,SP00,A,2013-03-18,1.2221,A,,,,P1D,,A,,,,,,,99Q1=100,,,4,,4F0,,Swiss franc/Euro ECB reference exchange rate,"ECB reference exchange rate, Swiss franc/Euro, 2.15 pm (C.E.T.)",CHF,0
EXR.D.CHF.EUR.SP00.A,D,CHF,EUR,SP00,A,2013-03-19,1.2218,A,,,,P1D,,A,,,,,,,99Q1=100,,,4,,4F0,,Swiss franc/Euro ECB reference exchange rate,"ECB reference exchange rate, Swiss franc/Euro, 2.15 pm (C.E.T.)",CHF,0
EXR.D.CHF.EUR.SP00.A,D,CHF,EUR,SP00,A,2013-03-20,1.2222,A,,,,P1D,,A,,,,,,,99Q1=100,,,4,,4F0,,Swiss franc/Euro ECB reference exchange rate,"ECB reference exchange rate, Swiss franc/Euro, 2.15 pm (C.E.T.)",CHF,0
EXR.D.CHF.EUR.SP00.A,D,CHF,EUR,SP00,A,2013-03-21,1.2225,A,,,,P1D,,A,,,,,,,99Q1=100,,,4,,4F0,,Swiss franc/Euro ECB reference exchange rate,"ECB reference exchange rate, Swiss franc/Euro, 2.15 pm (C.E.T.)",CHF,0
EXR.D.CHF.EUR.SP00.A,D,CHF,EUR,SP00,A,2013-03-22,1.2212,A,,,,P1D,,A,,,,,,,99Q1=100,,,4,,4F0,,Swiss franc/Euro ECB reference exchange rate,"ECB reference exchange rate, Swiss franc/Euro, 2.15 pm (C.E.T.)",CHF,0
EXR.D.CHF.EUR.SP00.A,D,CHF,EUR,SP00,A,2013-03-25,1.2213,A,,,,P1D,,A,,,,,,,99Q1=100,,,4,,4F0,,Swiss franc/Euro ECB reference exchange rate,"ECB reference exchange rate, Swiss franc/Euro, 2.15 pm (C.E.T.)",CHF,0
EXR.D.CHF.EUR.SP00.A,D,CHF,EUR,SP00,A,2013-03-26,1.2209,A,,,,P1D,,A,,,,,,,99Q1=100,,,4,,4F0,,Swiss franc/Euro ECB reference exchange rate,"ECB reference exchange rate, Swiss franc/Euro, 2.15 pm (C.E.T.)",CHF,0
EXR.D.CHF.EUR.SP00.A,D,CHF,EUR,SP00,A,2013-03-27,1.2174,A,,,,P1D,,A,,,,,,,99Q1=100,,,4,,4F0,,Swiss franc/Euro ECB reference exchange rate,"ECB reference exchange rate, Swiss franc/Euro, 2.15 pm (C.E.T.)",CHF,0
EXR.D.CHF.EUR.SP00.A,D,CHF,EUR,SP00,A,2013-03-28,1.2195,A,,,,P1D,,A,,,,,,,99Q1=100,,,4,,4F0,,Swiss franc/Euro ECB reference exchange rate,"ECB reference exchange rate, Swiss franc/Euro, 2.15 pm (C.E.T.)",CHF,0
EXR.D.CHF.EUR.SP00.A,D,CHF,EUR,SP00,A,2013-04-02,1.2159,A,,,,P1D,,A,,,,,,,99Q1=100,,,4,,4F0,,Swiss franc/Euro ECB reference exchange rate,"ECB reference exchange rate, Swiss franc/Euro, 2.15 pm (C.E.T.)",CHF,0
EXR.D.CHF.EUR.SP00.A,D,CHF,EUR,SP00,A,2013-04-03,1.2167,A,,,,P1D,,A,,,,,,,99Q1=100,,,4,,4F0,,Swiss franc/Euro ECB reference exchange rate,"ECB reference exchange rate, Swiss franc/Euro, 2.15 pm (C.E.T.)",CHF,0
EXR.D.CHF.EUR.SP00.A,D,CHF,EUR,SP00,A,2013-04-04,1.2155,A,,,,P1D,,A,,,,,,,99Q1=100,,,4,,4F0,,Swiss franc/Euro ECB reference exchange rate,"ECB reference exchange rate, Swiss franc/Euro, 2.15 pm (C.E.T.)",CHF,0
EXR.D.CHF.EUR.SP00.A,D,CHF,EUR,SP00,A,2013-04-05,1.2158,A,,,,P1D,,A,,,,,,,99Q1=100,,,4,,4F0,,Swiss franc/Euro ECB reference exchange rate,"ECB reference exchange rate, Swiss franc/Euro, 2.15 pm (C.E.T.)",CHF,0
EXR.D.CHF.EUR.SP00.A,D,CHF,EUR,SP00,A,2013-04-08,1.2168,A,,,,P1D,,A,,,,,,,99Q1=100,,,4,,4F0,,Swiss franc/Euro ECB reference exchange rate,"ECB reference exchange rate, Swiss franc/Euro, 2.15 pm (C.E.T.)",CHF,0
EXR.D.CHF.EUR.SP00.A,D,CHF,EUR,SP00,A,2013-04-09,1.22,A,,,,P1D,,A,,,,,,,99Q1=100,,,4,,4F0,,Swiss franc/Euro ECB reference exchange rate,"ECB reference exchange rate, Swiss franc/Euro, 2.15 pm (C.E.T.)",CHF,0
EXR.D.CHF.EUR.SP00.A,D,CHF,EUR,SP00,A,2013-04-10,1.2183,A,,,,P1D,,A,,,,,,,99Q1=100,,,4,,4F0,,Swiss franc/Euro ECB reference exchange rate,"ECB reference exchange rate, Swiss franc/Euro, 2.15 pm (C.E.T.)",CHF,0
EXR.D.CHF.EUR.SP00.A,D,CHF,EUR,SP00,A,2013-04-11,1.2187,A,,,,P1D,,A,,,,,,,99Q1=100,,,4,,4F0,,Swiss franc/Euro ECB reference exchange rate,"ECB reference exchange rate, Swiss franc/Euro, 2.15 pm (C.E.T.)",CHF,0
EXR.D.CHF.EUR.SP00.A,D,CHF,EUR,SP00,A,2013-04-12,1.2167,A,,,,P1D,,A,,,,,,,99Q1=100,,,4,,4F0,,Swiss franc/Euro ECB reference exchange rate,"ECB reference exchange rate, Swiss franc/Euro, 2.15 pm (C.E.T.)",CHF,0
EXR.D.CHF.EUR.SP00.A,D,CHF,EUR,SP00,A,2013-04-15,1.2147,A,,,,P1D,,A,,,,,,,99Q1=100,,,4,,4F0,,Swiss franc/Euro ECB reference exchange rate,"ECB reference exchange rate, Swiss franc/Euro, 2.15 pm (C.E.T.)",CHF,0
EXR.D.CHF.EUR.SP00.A,D,CHF,EUR,SP00,A,2013-04-16,1.2163,A,,,,P1D,,A,,,,,,,99Q1=100,,,4,,4F0,,Swiss franc/Euro ECB reference exchange rate,"ECB reference exchange rate, Swiss franc/Euro, 2.15 pm (C.E.T.)",CHF,0
EXR.D.CHF.EUR.SP00.A,D,CHF,EUR,SP00,A,2013-04-17,1.2149,A,,,,P1D,,A,,,,,,,99Q1=100,,,4,,4F0,,Swiss franc/Euro ECB reference exchange rate,"ECB reference exchange rate, Swiss franc/Euro, 2.15 pm (C.E.T.)",CHF,0
EXR.D.CHF.EUR.SP00.A,D,CHF,EUR,SP00,A,2013-04-18,1.2164,A,,,,P1D,,A,,,,,,,99Q1=100,,,4,,4F0,,Swiss franc/Euro ECB reference exchange rate,"ECB reference exchange rate, Swiss franc/Euro, 2.15 pm (C.E.T.)",CHF,0
EXR.D.CHF.EUR.SP00.A,D,CHF,EUR,SP00,A,2013-04-19,1.2176,A,,,,P1D,,A,,,,,,,99Q1=100,,,4,,4F0,,Swiss franc/Euro ECB reference exchange rate,"ECB reference exchange rate, Swiss franc/Euro, 2.15 pm (C.E.T.)",CHF,0
EXR.D.CHF.EUR.SP00.A,D,CHF,EUR,SP00,A,2013-04-22,1.2188,A,,,,P1D,,A,,,,,,,99Q1=100,,,4,,4F0,,Swiss franc/Euro ECB reference exchange rate,"ECB reference exchange rate, Swiss franc/Euro, 2.15 pm (C.E.T.)",CHF,0
EXR.D.CHF.EUR.SP00.A,D,CHF,EUR,SP00,A,2013-04-23,1.2219,A,,,,P1D,,A,,,,,,,99Q1=100,,,4,,4F0,,Swiss franc/Euro ECB reference exchange rate,"ECB reference exchange rate, Swiss franc/Euro, 2.15 pm (C.E.T.)",CHF,0
EXR.D.CHF.EUR.SP00.A,D,CHF,EUR,SP00,A,2013-04-24,1.2302,A,,,,P1D,,A,,,,,,,99Q1=100,,,4,,4F0,,Swiss franc/Euro ECB reference exchange rate,"ECB reference exchange rate, Swiss franc/Euro, 2.15 pm (C.E.T.)",CHF,0
EXR.D.CHF.EUR.SP00.A,D,CHF,EUR,SP00,A,2013-04-25,1.2334,A,,,,P1D,,A,,,,,,,99Q1=100,,,4,,4F0,,Swiss franc/Euro ECB reference exchange rate,"ECB reference exchange rate, Swiss franc/Euro, 2.15 pm (C.E.T.)",CHF,0
EXR.D.CHF.EUR.SP00.A,D,CHF,EUR,SP00,A,2013-04-26,1.2273,A,,,,P1D,,A,,,,,,,99Q1=100,,,4,,4F0,,Swiss franc/Euro ECB reference exchange rate,"ECB reference exchange rate, Swiss franc/Euro, 2.15 pm (C.E.T.)",CHF,0
EXR.D.CHF.EUR.SP00.A,D,CHF,EUR,SP00,A,2013-04-29,1.2279,A,,,,P1D,,A,,,,,,,99Q1=100,,,4,,4F0,,Swiss franc/Euro ECB reference exchange rate,"ECB reference exchange rate, Swiss franc/Euro, 2.15 pm (C.E.T.)",CHF,0
EXR.D.CHF.EUR.SP00.A,D,CHF,EUR,SP00,A,2013-04-30,1.2238,A,,,,P1D,,A,,,,,,,99Q1=100,,,4,,4F0,,Swiss franc/Euro ECB reference exchange rate,"ECB reference exchange rate, Swiss franc/Euro, 2.15 pm (C.E.T.)",CHF,0
EXR.D.CHF.EUR.SP00.A,D,CHF,EUR,SP00,A,2013-05-02,1.2244,A,,,,P1D,,A,,,,,,,99Q1=100,,,4,,4F0,,Swiss franc/Euro ECB reference exchange rate,"ECB reference exchange rate, Swiss franc/Euro, 2.15 pm (C.E.T.)",CHF,0
EXR.D.CHF.EUR.SP00.A,D,CHF,EUR,SP00,A,2013-05-03,1.2235,A,,,,P1D,,A,,,,,,,99Q1=100,,,4,,4F0,,Swiss franc/Euro ECB reference exchange rate,"ECB reference exchange rate, Swiss franc/Euro, 2.15 pm (C.E.T.)",CHF,0
EXR.D.CHF.EUR.SP00.A,D,CHF,EUR,SP00,A,2013-05-06,1.228,A,,,,P1D,,A,,,,,,,99Q1=100,,,4,,4F0,,Swiss franc/Euro ECB reference exchange rate,"ECB reference exchange rate, Swiss franc/Euro, 2.15 pm (C.E.T.)",CHF,0
EXR.D.CHF.EUR.SP00.A,D,CHF,EUR,SP00,A,2013-05-07,1.2333,A,,,,P1D,,A,,,,,,,99Q1=100,,,4,,4F0,,Swiss franc/Euro ECB reference exchange rate,"ECB reference exchange rate, Swiss franc/Euro, 2.15 pm (C.E.T.)",CHF,0
EXR.D.CHF.EUR.SP00.A,D,CHF,EUR,SP00,A,2013-05-08,1.2336,A,,,,P1D,,A,,,,,,,99Q1=100,,,4,,4F0,,Swiss franc/Euro ECB reference exchange rate,"ECB reference exchange rate, Swiss franc/Euro, 2.15 pm (C.E.T.)",CHF,0
EXR.D.CHF.EUR.SP00.A,D,CHF,EUR,SP00,A,2013-05-09,1.229,A,,,,P1D,,A,,,,,,,99Q1=100,,,4,,4F0,,Swiss franc/Euro ECB reference exchange rate,"ECB reference exchange rate, Swiss franc/Euro, 2.15 pm (C.E.T.)",CHF,0
EXR.D.CHF.EUR.SP00.A,D,CHF,EUR,SP00,A,2013-05-10,1.243,A,,,,P1D,,A,,,,,,,99Q1=100,,,4,,4F0,,Swiss franc/Euro ECB reference exchange rate,"ECB reference exchange rate, Swiss franc/Euro, 2.15 pm (C.E.T.)",CHF,0
EXR.D.CHF.EUR.SP00.A,D,CHF,EUR,SP00,A,2013-05-13,1.2404,A,,,,P1D,,A,,,,,,,99Q1=100,,,4,,4F0,,Swiss franc/Euro ECB reference exchange rate,"ECB reference exchange rate, Swiss franc/Euro, 2.15 pm (C.E.T.)",CHF,0
EXR.D.CHF.EUR.SP00.A,D,CHF,EUR,SP00,A,2013-05-14,1.2416,A,,,,P1D,,A,,,,,,,99Q1=100,,,4,,4F0,,Swiss franc/Euro ECB reference exchange rate,"ECB reference exchange rate, Swiss franc/Euro, 2.15 pm (C.E.T.)",CHF,0
EXR.D.CHF.EUR.SP00.A,D,CHF,EUR,SP00,A,2013-05-15,1.2499,A,,,,P1D,,A,,,,,,,99Q1=100,,,4,,4F0,,Swiss franc/Euro ECB reference exchange rate,"ECB reference exchange rate, Swiss franc/Euro, 2.15 pm (C.E.T.)",CHF,0
EXR.D.CHF.EUR.SP00.A,D,CHF,EUR,SP00,A,2013-05-16,1.2444,A,,,,P1D,,A,,,,,,,99Q1=100,,,4,,4F0,,Swiss franc/Euro ECB reference exchange rate,"ECB reference exchange rate, Swiss franc/Euro, 2.15 pm (C.E.T.)",CHF,0
EXR.D.CHF.EUR.SP00.A,D,CHF,EUR,SP00,A,2013-05-17,1.2449,A,,,,P1D,,A,,,,,,,99Q1=100,,,4,,4F0,,Swiss franc/Euro ECB reference exchange rate,"ECB reference exchange rate, Swiss franc/Euro, 2.15 pm (C.E.T.)",CHF,0
EXR.D.CHF.EUR.SP00.A,D,CHF,EUR,SP00,A,2013-05-20,1.246,A,,,,P1D,,A,,,,,,,99Q1=100,,,4,,4F0,,Swiss franc/Euro ECB reference exchange rate,"ECB reference exchange rate, Swiss franc/Euro, 2.15 pm (C.E.T.)",CHF,0
EXR.D.CHF.EUR.SP00.A,D,CHF,EUR,SP00,A,2013-05-21,1.2476,A,,,,P1D,,A,,,,,,,99Q1=100,,,4,,4F0,,Swiss franc/Euro ECB reference exchange rate,"ECB reference exchange rate, Swiss franc/Euro, 2.15 pm (C.E.T.)",CHF,0
EXR.D.CHF.EUR.SP00.A,D,CHF,EUR,SP00,A,2013-05-22,1.2599,A,,,,P1D,,A,,,,,,,99Q1=100,,,4,,4F0,,Swiss franc/Euro ECB reference exchange rate,"ECB reference exchange rate, Swiss franc/Euro, 2.15 pm (C.E.T.)",CHF,0
EXR.D.CHF.EUR.SP00.A,D,CHF,EUR,SP00,A,2013-05-23,1.2486,A,,,,P1D,,A,,,,,,,99Q1=100,,,4,,4F0,,Swiss franc/Euro ECB reference exchange rate,"ECB reference exchange rate, Swiss franc/Euro, 2.15 pm (C.E.T.)",CHF,0
EXR.D.CHF.EUR.SP00.A,D,CHF,EUR,SP00,A,2013-05-24,1.2466,A,,,,P1D,,A,,,,,,,99Q1=100,,,4,,4F0,,Swiss franc/Euro ECB reference exchange rate,"ECB reference exchange rate, Swiss franc/Euro, 2.15 pm (C.E.T.)",CHF,0
EXR.D.CHF.EUR.SP00.A,D,CHF,EUR,SP00,A,2013-05-27,1.2452,A,,,,P1D,,A,,,,,,,99Q1=100,,,4,,4F0,,Swiss franc/Euro ECB reference exchange rate,"ECB reference exchange rate, Swiss franc/Euro, 2.15 pm (C.E.T.)",CHF,0
EXR.D.CHF.EUR.SP00.A,D,CHF,EUR,SP00,A,2013-05-28,1.2533,A,,,,P1D,,A,,,,,,,99Q1=100,,,4,,4F0,,Swiss franc/Euro ECB reference exchange rate,"ECB reference exchange rate, Swiss franc/Euro, 2.15 pm (C.E.T.)",CHF,0
EXR.D.CHF.EUR.SP00.A,D,CHF,EUR,SP00,A,2013-05-29,1.248,A,,,,P1D,,A,,,,,,,99Q1=100,,,4,,4F0,,Swiss franc/Euro ECB reference exchange rate,"ECB reference exchange rate, Swiss franc/Euro, 2.15 pm (C.E.T.)",CHF,0
EXR.D.CHF.EUR.SP00.A,D,CHF,EUR,SP00,A,2013-05-30,1.2487,A,,,,P1D,,A,,,,,,,99Q1=100,,,4,,4F0,,Swiss franc/Euro ECB reference exchange rate,"ECB reference exchange rate, Swiss franc/Euro, 2.15 pm (C.E.T.)",CHF,0
EXR.D.CHF.EUR.SP00.A,D,CHF,EUR,SP00,A,2013-05-31,1.2406,A,,,,P1D,,A,,,,,,,99Q1=100,,,4,,4F0,,Swiss franc/Euro ECB reference exchange rate,"ECB reference exchange rate, Swiss franc/Euro, 2.15 pm (C.E.T.)",CHF,0
EXR.D.CHF.EUR.SP00.A,D,CHF,EUR,SP00,A,2013-06-03,1.2456,A,,,,P1D,,A,,,,,,,99Q1=100,,,4,,4F0,,Swiss franc/Euro ECB reference exchange rate,"ECB reference exchange rate, Swiss franc/Euro, 2.15 pm (C.E.T.)",CHF,0
EXR.D.CHF.EUR.SP00.A,D,CHF,EUR,SP00,A,2013-06-04,1.2397,A,,,,P1D,,A,,,,,,,99Q1=100,,,4,,4F0,,Swiss franc/Euro ECB reference exchange rate,"ECB reference exchange rate, Swiss franc/Euro, 2.15 pm (C.E.T.)",CHF,0
EXR.D.CHF.EUR.SP00.A,D,CHF,EUR,SP00,A,2013-06-05,1.2371,A,,,,P1D,,A,,,,,,,99Q1=100,,,4,,4F0,,Swiss franc/Euro ECB reference exchange rate,"ECB reference exchange rate, Swiss franc/Euro, 2.15 pm (C.E.T.)",CHF,0
EXR.D.CHF.EUR.SP00.A,D,CHF,EUR,SP00,A,2013-06-06,1.2357,A,,,,P1D,,A,,,,,,,99Q1=100,,,4,,4F0,,Swiss franc/Euro ECB reference exchange rate,"ECB reference exchange rate, Swiss franc/Euro, 2.15 pm (C.E.T.)",CHF,0
EXR.D.CHF.EUR.SP00.A,D,CHF,EUR,SP00,A,2013-06-07,1.2273,A,,,,P1D,,A,,,,,,,99Q1=100,,,4,,4F0,,Swiss franc/Euro ECB reference exchange rate,"ECB reference exchange rate, Swiss franc/Euro, 2.15 pm (C.E.T.)",CHF,0
EXR.D.CHF.EUR.SP00.A,D,CHF,EUR,SP00,A,2013-06-10,1.2395,A,,,,P1D,,A,,,,,,,99Q1=100,,,4,,4F0,,Swiss franc/Euro ECB reference exchange rate,"ECB reference exchange rate, Swiss franc/Euro, 2.15 pm (C.E.T.)",CHF,0
EXR.D.CHF.EUR.SP00.A,D,CHF,EUR,SP00,A,2013-06-11,1.2305,A,,,,P1D,,A,,,,,,,99Q1=100,,,4,,4F0,,Swiss franc/Euro ECB reference exchange rate,"ECB reference exchange rate, Swiss franc/Euro, 2.15 pm (C.E.T.)",CHF,0
EXR.D.CHF.EUR.SP00.A,D,CHF,EUR,SP00,A,2013-06-12,1.2323,A,,,,P1D,,A,,,,,,,99Q1=100,,,4,,4F0,,Swiss franc/Euro ECB reference exchange rate,"ECB reference exchange rate, Swiss franc/Euro, 2.15 pm (C.E.T.)",CHF,0
EXR.D.CHF.EUR.SP00.A,D,CHF,EUR,SP00,A,2013-06-13,1.229,A,,,,P1D,,A,,,,,,,99Q1=100,,,4,,4F0,,Swiss franc/Euro ECB reference exchange rate,"ECB reference exchange rate, Swiss franc/Euro, 2.15 pm (C.E.T.)",CHF,0
EXR.D.CHF.EUR.SP00.A,D,CHF,EUR,SP00,A,2013-06-14,1.2322,A,,,,P1D,,A,,,,,,,99Q1=100,,,4,,4F0,,Swiss franc/Euro ECB reference exchange rate,"ECB reference exchange rate, Swiss franc/Euro, 2.15 pm (C.E.T.)",CHF,0
EXR.D.CHF.EUR.SP00.A,D,CHF,EUR,SP00,A,2013-06-17,1.2308,A,,,,P1D,,A,,,,,,,99Q1=100,,,4,,4F0,,Swiss franc/Euro ECB reference exchange rate,"ECB reference exchange rate, Swiss franc/Euro, 2.15 pm (C.E.T.)",CHF,0
EXR.D.CHF.EUR.SP00.A,D,CHF,EUR,SP00,A,2013-06-18,1.2315,A,,,,P1D,,A,,,,,,,99Q1=100,,,4,,4F0,,Swiss franc/Euro ECB reference exchange rate,"ECB reference exchange rate, Swiss franc/Euro, 2.15 pm (C.E.T.)",CHF,0
EXR.D.CHF.EUR.SP00.A,D,CHF,EUR,SP00,A,2013-06-19,1.2326,A,,,,P1D,,A,,,,,,,99Q1=100,,,4,,4F0,,Swiss franc/Euro ECB reference exchange rate,"ECB reference exchange rate, Swiss franc/Euro, 2.15 pm (C.E.T.)",CHF,0
EXR.D.CHF.EUR.SP00.A,D,CHF,EUR,SP00,A,2013-06-20,1.2319,A,,,,P1D,,A,,,,,,,99Q1=100,,,4,,4F0,,Swiss franc/Euro ECB reference exchange rate,"ECB reference exchange rate, Swiss franc/Euro, 2.15 pm (C.E.T.)",CHF,0
EXR.D.CHF.EUR.SP00.A,D,CHF,EUR,SP00,A,2013-06-21,1.2257,A,,,,P1D,,A,,,,,,,99Q1=100,,,4,,4F0,,Swiss franc/Euro ECB reference exchange rate,"ECB reference exchange rate, Swiss franc/Euro, 2.15 pm (C.E.T.)",CHF,0
EXR.D.CHF.EUR.SP00.A,D,CHF,EUR,SP00,A,2013-06-24,1.2241,A,,,,P1D,,A,,,,,,,99Q1=100,,,4,,4F0,,Swiss franc/Euro ECB reference exchange rate,"ECB reference exchange rate, Swiss franc/Euro, 2.15 pm (C.E.T.)",CHF,0
EXR.D.CHF.EUR.SP00.A,D,CHF,EUR,SP00,A,2013-06-25,1.2268,A,,,,P1D,,A,,,,,,,99Q1=100,,,4,,4F0,,Swiss franc/Euro ECB reference exchange rate,"ECB reference exchange rate, Swiss franc/Euro, 2.15 pm (C.E.T.)",CHF,0
EXR.D.CHF.EUR.SP00.A,D,CHF,EUR,SP00,A,2013-06-26,1.2262,A,,,,P1D,,A,,,,,,,99Q1=100,,,4,,4F0,,Swiss franc/Euro ECB reference exchange rate,"ECB reference exchange rate, Swiss franc/Euro, 2.15 pm (C.E.T.)",CHF,0
EXR.D.CHF.EUR.SP00.A,D,CHF,EUR,SP00,A,2013-06-27,1.2326,A,,,,P1D,,A,,,,,,,99Q1=100,,,4,,4F0,,Swiss franc/Euro ECB reference exchange rate,"ECB reference exchange rate, Swiss franc/Euro, 2.15 pm (C.E.T.)",CHF,0
EXR.D.CHF.EUR.SP00.A,D,CHF,EUR,SP00,A,2013-06-28,1.2338,A,,,,P1D,,A,,,,,,,99Q1=100,,,4,,4F0,,Swiss franc/Euro ECB reference exchange rate,"ECB reference exchange rate, Swiss franc/Euro, 2.15 pm (C.E.T.)",CHF,0
EXR.D.CHF.EUR.SP00.A,D,CHF,EUR,SP00,A,2013-07-01,1.234,A,,,,P1D,,A,,,,,,,99Q1=100,,,4,,4F0,,Swiss franc/Euro ECB reference exchange rate,"ECB reference exchange rate, Swiss franc/Euro, 2.15 pm (C.E.T.)",CHF,0
EXR.D.CHF.EUR.SP00.A,D,CHF,EUR,SP00,A,2013-07-02,1.2354,A,,,,P1D,,A,,,,,,,99Q1=100,,,4,,4F0,,Swiss franc/Euro ECB reference exchange rate,"ECB reference exchange rate, Swiss franc/Euro, 2.15 pm (C.E.T.)",CHF,0
EXR.D.CHF.EUR.SP00.A,D,CHF,EUR,SP00,A,2013-07-03,1.2285,A,,,,P1D,,A,,,,,,,99Q1=100,,,4,,4F0,,Swiss franc/Euro ECB reference exchange rate,"ECB reference exchange rate, Swiss franc/Euro, 2.15 pm (C.E.T.)",CHF,0
EXR.D.CHF.EUR.SP00.A,D,CHF,EUR,SP00,A,2013-07-04,1.2328,A,,,,P1D,,A,,,,,,,99Q1=100,,,4,,4F0,,Swiss franc/Euro ECB reference exchange rate,"ECB reference exchange rate, Swiss franc/Euro, 2.15 pm (C.E.T.)",CHF,0
EXR.D.CHF.EUR.SP00.A,D,CHF,EUR,SP00,A,2013-07-05,1.2348,A,,,,P1D,,A,,,,,,,99Q1=100,,,4,,4F0,,Swiss franc/Euro ECB reference exchange rate,"ECB reference exchange rate, Swiss franc/Euro, 2.15 pm (C.E.T.)",CHF,0
EXR.D.CHF.EUR.SP00.A,D,CHF,EUR,SP00,A,2013-07-08,1.2404,A,,,,P1D,,A,,,,,,,99Q1=100,,,4,,4F0,,Swiss franc/Euro ECB reference exchange rate,"ECB reference exchange rate, Swiss franc/Euro, 2.15 pm (C.E.T.)",CHF,0
EXR.D.CHF.EUR.SP00.A,D,CHF,EUR,SP00,A,2013-07-09,1.2452,A,,,,P1D,,A,,,,,,,99Q1=100,,,4,,4F0,,Swiss franc/Euro ECB reference exchange rate,"ECB reference exchange rate, Swiss franc/Euro, 2.15 pm (C.E.T.)",CHF,0
EXR.D.CHF.EUR.SP00.A,D,CHF,EUR,SP00,A,2013-07-10,1.244,A,,,,P1D,,A,,,,,,,99Q1=100,,,4,,4F0,,Swiss franc/Euro ECB reference exchange rate,"ECB reference exchange rate, Swiss franc/Euro, 2.15 pm (C.E.T.)",CHF,0
EXR.D.CHF.EUR.SP00.A,D,CHF,EUR,SP00,A,2013-07-11,1.2414,A,,,,P1D,,A,,,,,,,99Q1=100,,,4,,4F0,,Swiss franc/Euro ECB reference exchange rate,"ECB reference exchange rate, Swiss franc/Euro, 2.15 pm (C.E.T.)",CHF,0
EXR.D.CHF.EUR.SP00.A,D,CHF,EUR,SP00,A,2013-07-12,1.2388,A,,,,P1D,,A,,,,,,,99Q1=100,,,4,,4F0,,Swiss franc/Euro ECB reference exchange rate,"ECB reference exchange rate, Swiss franc/Euro, 2.15 pm (C.E.T.)",CHF,0
EXR.D.CHF.EUR.SP00.A,D,CHF,EUR,SP00,A,2013-07-15,1.2394,A,,,,P1D,,A,,,,,,,99Q1=100,,,4,,4F0,,Swiss franc/Euro ECB reference exchange rate,"ECB reference exchange rate, Swiss franc/Euro, 2.15 pm (C.E.T.)",CHF,0
EXR.D.CHF.EUR.SP00.A,D,CHF,EUR,SP00,A,2013-07-16,1.2371,A,,,,P1D,,A,,,,,,,99Q1=100,,,4,,4F0,,Swiss franc/Euro ECB reference exchange rate,"ECB reference exchange rate, Swiss franc/Euro, 2.15 pm (C.E.T.)",CHF,0
EXR.D.CHF.EUR.SP00.A,D,CHF,EUR,SP00,A,2013-07-17,1.234,A,,,,P1D,,A,,,,,,,99Q1=100,,,4,,4F0,,Swiss franc/Euro ECB reference exchange rate,"ECB reference exchange rate, Swiss franc/Euro, 2.15 pm (C.E.T.)",CHF,0
EXR.D.CHF.EUR.SP00.A,D,CHF,EUR,SP00,A,2013-07-18,1.237,A,,,,P1D,,A,,,,,,,99Q1=100,,,4,,4F0,,Swiss franc/Euro ECB reference exchange rate,"ECB reference exchange rate, Swiss franc/Euro, 2.15 pm (C.E.T.)",CHF,0
EXR.D.CHF.EUR.SP00.A,D,CHF,EUR,SP00,A,2013-07-19,1.2361,A,,,,P1D,,A,,,,,,,99Q1=100,,,4,,4F0,,Swiss franc/Euro ECB reference exchange rate,"ECB reference exchange rate, Swiss franc/Euro, 2.15 pm (C.E.T.)",CHF,0
EXR.D.CHF.EUR.SP00.A,D,CHF,EUR,SP00,A,2013-07-22,1.237,A,,,,P1D,,A,,,,,,,99Q1=100,,,4,,4F0,,Swiss franc/Euro ECB reference exchange rate,"ECB reference exchange rate, Swiss franc/Euro, 2.15 pm (C.E.T.)",CHF,0
EXR.D.CHF.EUR.SP00.A,D,CHF,EUR,SP00,A,2013-07-23,1.2387,A,,,,P1D,,A,,,,,,,99Q1=100,,,4,,4F0,,Swiss franc/Euro ECB reference exchange rate,"ECB reference exchange rate, Swiss franc/Euro, 2.15 pm (C.E.T.)",CHF,0
EXR.D.CHF.EUR.SP00.A,D,CHF,EUR,SP00,A,2013-07-24,1.2388,A,,,,P1D,,A,,,,,,,99Q1=100,,,4,,4F0,,Swiss franc/Euro ECB reference exchange rate,"ECB reference exchange rate, Swiss franc/Euro, 2.15 pm (C.E.T.)",CHF,0
EXR.D.CHF.EUR.SP00.A,D,CHF,EUR,SP00,A,2013-07-25,1.2365,A,,,,P1D,,A,,,,,,,99Q1=100,,,4,,4F0,,Swiss franc/Euro ECB reference exchange rate,"ECB reference exchange rate, Swiss franc/Euro, 2.15 pm (C.E.T.)",CHF,0
EXR.D.CHF.EUR.SP00.A,D,CHF,EUR,SP00,A,2013-07-26,1.2334,A,,,,P1D,,A,,,,,,,99Q1=100,,,4,,4F0,,Swiss franc/Euro ECB reference exchange rate,"ECB reference exchange rate, Swiss franc/Euro, 2.15 pm (C.E.T.)",CHF,0
EXR.D.CHF.EUR.SP00.A,D,CHF,EUR,SP00,A,2013-07-29,1.233,A,,,,P1D,,A,,,,,,,99Q1=100,,,4,,4F0,,Swiss franc/Euro ECB reference exchange rate,"ECB reference exchange rate, Swiss franc/Euro, 2.15 pm (C.E.T.)",CHF,0
EXR.D.CHF.EUR.SP00.A,D,CHF,EUR,SP00,A,2013-07-30,1.2335,A,,,,P1D,,A,,,,,,,99Q1=100,,,4,,4F0,,Swiss franc/Euro ECB reference exchange rate,"ECB reference exchange rate, Swiss franc/Euro, 2.15 pm (C.E.T.)",CHF,0
EXR.D.CHF.EUR.SP00.A,D,CHF,EUR,SP00,A,2013-07-31,1.2317,A,,,,P1D,,A,,,,,,,99Q1=100,,,4,,4F0,,Swiss franc/Euro ECB reference exchange rate,"ECB reference exchange rate, Swiss franc/Euro, 2.15 pm (C.E.T.)",CHF,0
EXR.D.CHF.EUR.SP00.A,D,CHF,EUR,SP00,A,2013-08-01,1.2317,A,,,,P1D,,A,,,,,,,99Q1=100,,,4,,4F0,,Swiss franc/Euro ECB reference exchange rate,"ECB reference exchange rate, Swiss franc/Euro, 2.15 pm (C.E.T.)",CHF,0
EXR.D.CHF.EUR.SP00.A,D,CHF,EUR,SP00,A,2013-08-02,1.2383,A,,,,P1D,,A,,,,,,,99Q1=100,,,4,,4F0,,Swiss franc/Euro ECB reference exchange rate,"ECB reference exchange rate, Swiss franc/Euro, 2.15 pm (C.E.T.)",CHF,0
EXR.D.CHF.EUR.SP00.A,D,CHF,EUR,SP00,A,2013-08-05,1.2352,A,,,,P1D,,A,,,,,,,99Q1=100,,,4,,4F0,,Swiss franc/Euro ECB reference exchange rate,"ECB reference exchange rate, Swiss franc/Euro, 2.15 pm (C.E.T.)",CHF,0
EXR.D.CHF.EUR.SP00.A,D,CHF,EUR,SP00,A,2013-08-06,1.2313,A,,,,P1D,,A,,,,,,,99Q1=100,,,4,,4F0,,Swiss franc/Euro ECB reference exchange rate,"ECB reference exchange rate, Swiss franc/Euro, 2.15 pm (C.E.T.)",CHF,0
EXR.D.CHF.EUR.SP00.A,D,CHF,EUR,SP00,A,2013-08-07,1.2321,A,,,,P1D,,A,,,,,,,99Q1=100,,,4,,4F0,,Swiss franc/Euro ECB reference exchange rate,"ECB reference exchange rate, Swiss franc/Euro, 2.15 pm (C.E.T.)",CHF,0
EXR.D.CHF.EUR.SP00.A,D,CHF,EUR,SP00,A,2013-08-08,1.2307,A,,,,P1D,,A,,,,,,,99Q1=100,,,4,,4F0,,Swiss franc/Euro ECB reference exchange rate,"ECB reference exchange rate, Swiss franc/Euro, 2.15 pm (C.E.T.)",CHF,0
EXR.D.CHF.EUR.SP00.A,D,CHF,EUR,SP00,A,2013-08-09,1.231,A,,,,P1D,,A,,,,,,,99Q1=100,,,4,,4F0,,Swiss franc/Euro ECB reference exchange rate,"ECB reference exchange rate, Swiss franc/Euro, 2.15 pm (C.E.T.)",CHF,0
EXR.D.CHF.EUR.SP00.A,D,CHF,EUR,SP00,A,2013-08-12,1.2327,A,,,,P1D,,A,,,,,,,99Q1=100,,,4,,4F0,,Swiss franc/Euro ECB reference exchange rate,"ECB reference exchange rate, Swiss franc/Euro, 2.15 pm (C.E.T.)",CHF,0
EXR.D.CHF.EUR.SP00.A,D,CHF,EUR,SP00,A,2013-08-13,1.2358,A,,,,P1D,,A,,,,,,,99Q1=100,,,4,,4F0,,Swiss franc/Euro ECB reference exchange rate,"ECB reference exchange rate, Swiss franc/Euro, 2.15 pm (C.E.T.)",CHF,0
EXR.D.CHF.EUR.SP00.A,D,CHF,EUR,SP00,A,2013-08-14,1.2415,A,,,,P1D,,A,,,,,,,99Q1=100,,,4,,4F0,,Swiss franc/Euro ECB reference exchange rate,"ECB reference exchange rate, Swiss franc/Euro, 2.15 pm (C.E.T.)",CHF,0
EXR.D.CHF.EUR.SP00.A,D,CHF,EUR,SP00,A,2013-08-15,1.2427,A,,,,P1D,,A,,,,,,,99Q1=100,,,4,,4F0,,Swiss franc/Euro ECB reference exchange rate,"ECB reference exchange rate, Swiss franc/Euro, 2.15 pm (C.E.T.)",CHF,0
EXR.D.CHF.EUR.SP00.A,D,CHF,EUR,SP00,A,2013-08-16,1.2354,A,,,,P1D,,A,,,,,,,99Q1=100,,,4,,4F0,,Swiss franc/Euro ECB reference exchange rate,"ECB reference exchange rate, Swiss franc/Euro, 2.15 pm (C.E.T.)",CHF,0
EXR.D.CHF.EUR.SP00.A,D,CHF,EUR,SP00,A,2013-08-19,1.2352,A,,,,P1D,,A,,,,,,,99Q1=100,,,4,,4F0,,Swiss franc/Euro ECB reference exchange rate,"ECB reference exchange rate, Swiss franc/Euro, 2.15 pm (C.E.T.)",CHF,0
EXR.D.CHF.EUR.SP00.A,D,CHF,EUR,SP00,A,2013-08-20,1.2323,A,,,,P1D,,A,,,,,,,99Q1=100,,,4,,4F0,,Swiss franc/Euro ECB reference exchange rate,"ECB reference exchange rate, Swiss franc/Euro, 2.15 pm (C.E.T.)",CHF,0
EXR.D.CHF.EUR.SP00.A,D,CHF,EUR,SP00,A,2013-08-21,1.231,A,,,,P1D,,A,,,,,,,99Q1=100,,,4,,4F0,,Swiss franc/Euro ECB reference exchange rate,"ECB reference exchange rate, Swiss franc/Euro, 2.15 pm (C.E.T.)",CHF,0
EXR.D.CHF.EUR.SP00.A,D,CHF,EUR,SP00,A,2013-08-22,1.2349,A,,,,P1D,,A,,,,,,,99Q1=100,,,4,,4F0,,Swiss franc/Euro ECB reference exchange rate,"ECB reference exchange rate, Swiss franc/Euro, 2.15 pm (C.E.T.)",CHF,0
EXR.D.CHF.EUR.SP00.A,D,CHF,EUR,SP00,A,2013-08-23,1.2358,A,,,,P1D,,A,,,,,,,99Q1=100,,,4,,4F0,,Swiss franc/Euro ECB reference exchange rate,"ECB reference exchange rate, Swiss franc/Euro, 2.15 pm (C.E.T.)",CHF,0
EXR.D.CHF.EUR.SP00.A,D,CHF,EUR,SP00,A,2013-08-26,1.2352,A,,,,P1D,,A,,,,,,,99Q1=100,,,4,,4F0,,Swiss franc/Euro ECB reference exchange rate,"ECB reference exchange rate, Swiss franc/Euro, 2.15 pm (C.E.T.)",CHF,0
EXR.D.CHF.EUR.SP00.A,D,CHF,EUR,SP00,A,2013-08-27,1.2293,A,,,,P1D,,A,,,,,,,99Q1=100,,,4,,4F0,,Swiss franc/Euro ECB reference exchange rate,"ECB reference exchange rate, Swiss franc/Euro, 2.15 pm (C.E.T.)",CHF,0
EXR.D.CHF.EUR.SP00.A,D,CHF,EUR,SP00,A,2013-08-28,1.229,A,,,,P1D,,A,,,,,,,99Q1=100,,,4,,4F0,,Swiss franc/Euro ECB reference exchange rate,"ECB reference exchange rate, Swiss franc/Euro, 2.15 pm (C.E.T.)",CHF,0
EXR.D.CHF.EUR.SP00.A,D,CHF,EUR,SP00,A,2013-08-29,1.2308,A,,,,P1D,,A,,,,,,,99Q1=100,,,4,,4F0,,Swiss franc/Euro ECB reference exchange rate,"ECB reference exchange rate, Swiss franc/Euro, 2.15 pm (C.E.T.)",CHF,0
EXR.D.CHF.EUR.SP00.A,D,CHF,EUR,SP00,A,2013-08-30,1.231,A,,,,P1D,,A,,,,,,,99Q1=100,,,4,,4F0,,Swiss franc/Euro ECB reference exchange rate,"ECB reference exchange rate, Swiss franc/Euro, 2.15 pm (C.E.T.)",CHF,0
EXR.D.CHF.EUR.SP00.A,D,CHF,EUR,SP00,A,2013-09-02,1.2317,A,,,,P1D,,A,,,,,,,99Q1=100,,,4,,4F0,,Swiss franc/Euro ECB reference exchange rate,"ECB reference exchange rate, Swiss franc/Euro, 2.15 pm (C.E.T.)",CHF,0
EXR.D.CHF.EUR.SP00.A,D,CHF,EUR,SP00,A,2013-09-03,1.2325,A,,,,P1D,,A,,,,,,,99Q1=100,,,4,,4F0,,Swiss franc/Euro ECB reference exchange rate,"ECB reference exchange rate, Swiss franc/Euro, 2.15 pm (C.E.T.)",CHF,0
EXR.D.CHF.EUR.SP00.A,D,CHF,EUR,SP00,A,2013-09-04,1.2345,A,,,,P1D,,A,,,,,,,99Q1=100,,,4,,4F0,,Swiss franc/Euro ECB reference exchange rate,"ECB reference exchange rate, Swiss franc/Euro, 2.15 pm (C.E.T.)",CHF,0
EXR.D.CHF.EUR.SP00.A,D,CHF,EUR,SP00,A,2013-09-05,1.239,A,,,,P1D,,A,,,,,,,99Q1=100,,,4,,4F0,,Swiss franc/Euro ECB reference exchange rate,"ECB reference exchange rate, Swiss franc/Euro, 2.15 pm (C.E.T.)",CHF,0
EXR.D.CHF.EUR.SP00.A,D,CHF,EUR,SP00,A,2013-09-06,1.2382,A,,,,P1D,,A,,,,,,,99Q1=100,,,4,,4F0,,Swiss franc/Euro ECB reference exchange rate,"ECB reference exchange rate, Swiss franc/Euro, 2.15 pm (C.E.T.)",CHF,0
EXR.D.CHF.EUR.SP00.A,D,CHF,EUR,SP00,A,2013-09-09,1.235,A,,,,P1D,,A,,,,,,,99Q1=100,,,4,,4F0,,Swiss franc/Euro ECB reference exchange rate,"ECB reference exchange rate, Swiss franc/Euro, 2.15 pm (C.E.T.)",CHF,0
EXR.D.CHF.EUR.SP00.A,D,CHF,EUR,SP00,A,2013-09-10,1.2392,A,,,,P1D,,A,,,,,,,99Q1=100,,,4,,4F0,,Swiss franc/Euro ECB reference exchange rate,"ECB reference exchange rate, Swiss franc/Euro, 2.15 pm (C.E.T.)",CHF,0
EXR.D.CHF.EUR.SP00.A,D,CHF,EUR,SP00,A,2013-09-11,1.2395,A,,,,P1D,,A,,,,,,,99Q1=100,,,4,,4F0,,Swiss franc/Euro ECB reference exchange rate,"ECB reference exchange rate, Swiss franc/Euro, 2.15 pm (C.E.T.)",CHF,0
EXR.D.CHF.EUR.SP00.A,D,CHF,EUR,SP00,A,2013-09-12,1.2368,A,,,,P1D,,A,,,,,,,99Q1=100,,,4,,4F0,,Swiss franc/Euro ECB reference exchange rate,"ECB reference exchange rate, Swiss franc/Euro, 2.15 pm (C.E.T.)",CHF,0
EXR.D.CHF.EUR.SP00.A,D,CHF,EUR,SP00,A,2013-09-13,1.2376,A,,,,P1D,,A,,,,,,,99Q1=100,,,4,,4F0,,Swiss franc/Euro ECB reference exchange rate,"ECB reference exchange rate, Swiss franc/Euro, 2.15 pm (C.E.T.)",CHF,0
EXR.D.CHF.EUR.SP00.A,D,CHF,EUR,SP00,A,2013-09-16,1.2374,A,,,,P1D,,A,,,,,,,99Q1=100,,,4,,4F0,,Swiss franc/Euro ECB reference exchange rate,"ECB reference exchange rate, Swiss franc/Euro, 2.15 pm (C.E.T.)",CHF,0
EXR.D.CHF.EUR.SP00.A,D,CHF,EUR,SP00,A,2013-09-17,1.2375,A,,,,P1D,,A,,,,,,,99Q1=100,,,4,,4F0,,Swiss franc/Euro ECB reference exchange rate,"ECB reference exchange rate, Swiss franc/Euro, 2.15 pm (C.E.T.)",CHF,0
EXR.D.CHF.EUR.SP00.A,D,CHF,EUR,SP00,A,2013-09-18,1.237,A,,,,P1D,,A,,,,,,,99Q1=100,,,4,,4F0,,Swiss franc/Euro ECB reference exchange rate,"ECB reference exchange rate, Swiss franc/Euro, 2.15 pm (C.E.T.)",CHF,0
EXR.D.CHF.EUR.SP00.A,D,CHF,EUR,SP00,A,2013-09-19,1.2333,A,,,,P1D,,A,,,,,,,99Q1=100,,,4,,4F0,,Swiss franc/Euro ECB reference exchange rate,"ECB reference exchange rate, Swiss franc/Euro, 2.15 pm (C.E.T.)",CHF,0
EXR.D.CHF.EUR.SP00.A,D,CHF,EUR,SP00,A,2013-09-20,1.233,A,,,,P1D,,A,,,,,,,99Q1=100,,,4,,4F0,,Swiss franc/Euro ECB reference exchange rate,"ECB reference exchange rate, Swiss franc/Euro, 2.15 pm (C.E.T.)",CHF,0
EXR.D.CHF.EUR.SP00.A,D,CHF,EUR,SP00,A,2013-09-23,1.2323,A,,,,P1D,,A,,,,,,,99Q1=100,,,4,,4F0,,Swiss franc/Euro ECB reference exchange rate,"ECB reference exchange rate, Swiss franc/Euro, 2.15 pm (C.E.T.)",CHF,0
EXR.D.CHF.EUR.SP00.A,D,CHF,EUR,SP00,A,2013-09-24,1.2295,A,,,,P1D,,A,,,,,,,99Q1=100,,,4,,4F0,,Swiss franc/Euro ECB reference exchange rate,"ECB reference exchange rate, Swiss franc/Euro, 2.15 pm (C.E.T.)",CHF,0
EXR.D.CHF.EUR.SP00.A,D,CHF,EUR,SP00,A,2013-09-25,1.2304,A,,,,P1D,,A,,,,,,,99Q1=100,,,4,,4F0,,Swiss franc/Euro ECB reference exchange rate,"ECB reference exchange rate, Swiss franc/Euro, 2.15 pm (C.E.T.)",CHF,0
EXR.D.CHF.EUR.SP00.A,D,CHF,EUR,SP00,A,2013-09-26,1.2288,A,,,,P1D,,A,,,,,,,99Q1=100,,,4,,4F0,,Swiss franc/Euro ECB reference exchange rate,"ECB reference exchange rate, Swiss franc/Euro, 2.15 pm (C.E.T.)",CHF,0
EXR.D.CHF.EUR.SP00.A,D,CHF,EUR,SP00,A,2013-09-27,1.2248,A,,,,P1D,,A,,,,,,,99Q1=100,,,4,,4F0,,Swiss franc/Euro ECB reference exchange rate,"ECB reference exchange rate, Swiss franc/Euro, 2.15 pm (C.E.T.)",CHF,0
EXR.D.CHF.EUR.SP00.A,D,CHF,EUR,SP00,A,2013-09-30,1.2225,A,,,,P1D,,A,,,,,,,99Q1=100,,,4,,4F0,,Swiss franc/Euro ECB reference exchange rate,"ECB reference exchange rate, Swiss franc/Euro, 2.15 pm (C.E.T.)",CHF,0
EXR.D.CHF.EUR.SP00.A,D,CHF,EUR,SP00,A,2013-10-01,1.2253,A,,,,P1D,,A,,,,,,,99Q1=100,,,4,,4F0,,Swiss franc/Euro ECB reference exchange rate,"ECB reference exchange rate, Swiss franc/Euro, 2.15 pm (C.E.T.)",CHF,0
EXR.D.CHF.EUR.SP00.A,D,CHF,EUR,SP00,A,2013-10-02,1.2241,A,,,,P1D,,A,,,,,,,99Q1=100,,,4,,4F0,,Swiss franc/Euro ECB reference exchange rate,"ECB reference exchange rate, Swiss franc/Euro, 2.15 pm (C.E.T.)",CHF,0
EXR.D.CHF.EUR.SP00.A,D,CHF,EUR,SP00,A,2013-10-03,1.2276,A,,,,P1D,,A,,,,,,,99Q1=100,,,4,,4F0,,Swiss franc/Euro ECB reference exchange rate,"ECB reference exchange rate, Swiss franc/Euro, 2.15 pm (C.E.T.)",CHF,0
EXR.D.CHF.EUR.SP00.A,D,CHF,EUR,SP00,A,2013-10-04,1.2271,A,,,,P1D,,A,,,,,,,99Q1=100,,,4,,4F0,,Swiss franc/Euro ECB reference exchange rate,"ECB reference exchange rate, Swiss franc/Euro, 2.15 pm (C.E.T.)",CHF,0
EXR.D.CHF.EUR.SP00.A,D,CHF,EUR,SP00,A,2013-10-07,1.2262,A,,,,P1D,,A,,,,,,,99Q1=100,,,4,,4F0,,Swiss franc/Euro ECB reference exchange rate,"ECB reference exchange rate, Swiss franc/Euro, 2.15 pm (C.E.T.)",CHF,0
EXR.D.CHF.EUR.SP00.A,D,CHF,EUR,SP00,A,2013-10-08,1.2284,A,,,,P1D,,A,,,,,,,99Q1=100,,,4,,4F0,,Swiss franc/Euro ECB reference exchange rate,"ECB reference exchange rate, Swiss franc/Euro, 2.15 pm (C.E.T.)",CHF,0
EXR.D.CHF.EUR.SP00.A,D,CHF,EUR,SP00,A,2013-10-09,1.2313,A,,,,P1D,,A,,,,,,,99Q1=100,,,4,,4F0,,Swiss franc/Euro ECB reference exchange rate,"ECB reference exchange rate, Swiss franc/Euro, 2.15 pm (C.E.T.)",CHF,0
EXR.D.CHF.EUR.SP00.A,D,CHF,EUR,SP00,A,2013-10-10,1.2311,A,,,,P1D,,A,,,,,,,99Q1=100,,,4,,4F0,,Swiss franc/Euro ECB reference exchange rate,"ECB reference exchange rate, Swiss franc/Euro, 2.15 pm (C.E.T.)",CHF,0
EXR.D.CHF.EUR.SP00.A,D,CHF,EUR,SP00,A,2013-10-11,1.2314,A,,,,P1D,,A,,,,,,,99Q1=100,,,4,,4F0,,Swiss franc/Euro ECB reference exchange rate,"ECB reference exchange rate, Swiss franc/Euro, 2.15 pm (C.E.T.)",CHF,0
EXR.D.CHF.EUR.SP00.A,D,CHF,EUR,SP00,A,2013-10-14,1.2334,A,,,,P1D,,A,,,,,,,99Q1=100,,,4,,4F0,,Swiss franc/Euro ECB reference exchange rate,"ECB reference exchange rate, Swiss franc/Euro, 2.15 pm (C.E.T.)",CHF,0
EXR.D.CHF.EUR.SP00.A,D,CHF,EUR,SP00,A,2013-10-15,1.2361,A,,,,P1D,,A,,,,,,,99Q1=100,,,4,,4F0,,Swiss franc/Euro ECB reference exchange rate,"ECB reference exchange rate, Swiss franc/Euro, 2.15 pm (C.E.T.)",CHF,0
EXR.D.CHF.EUR.SP00.A,D,CHF,EUR,SP00,A,2013-10-16,1.2341,A,,,,P1D,,A,,,,,,,99Q1=100,,,4,,4F0,,Swiss franc/Euro ECB reference exchange rate,"ECB reference exchange rate, Swiss franc/Euro, 2.15 pm (C.E.T.)",CHF,0
EXR.D.CHF.EUR.SP00.A,D,CHF,EUR,SP00,A,2013-10-17,1.2327,A,,,,P1D,,A,,,,,,,99Q1=100,,,4,,4F0,,Swiss franc/Euro ECB reference exchange rate,"ECB reference exchange rate, Swiss franc/Euro, 2.15 pm (C.E.T.)",CHF,0
EXR.D.CHF.EUR.SP00.A,D,CHF,EUR,SP00,A,2013-10-18,1.2343,A,,,,P1D,,A,,,,,,,99Q1=100,,,4,,4F0,,Swiss franc/Euro ECB reference exchange rate,"ECB reference exchange rate, Swiss franc/Euro, 2.15 pm (C.E.T.)",CHF,0
EXR.D.CHF.EUR.SP00.A,D,CHF,EUR,SP00,A,2013-10-21,1.2352,A,,,,P1D,,A,,,,,,,99Q1=100,,,4,,4F0,,Swiss franc/Euro ECB reference exchange rate,"ECB reference exchange rate, Swiss franc/Euro, 2.15 pm (C.E.T.)",CHF,0
EXR.D.CHF.EUR.SP00.A,D,CHF,EUR,SP00,A,2013-10-22,1.2355,A,,,,P1D,,A,,,,,,,99Q1=100,,,4,,4F0,,Swiss franc/Euro ECB reference exchange rate,"ECB reference exchange rate, Swiss franc/Euro, 2.15 pm (C.E.T.)",CHF,0
EXR.D.CHF.EUR.SP00.A,D,CHF,EUR,SP00,A,2013-10-23,1.2307,A,,,,P1D,,A,,,,,,,99Q1=100,,,4,,4F0,,Swiss franc/Euro ECB reference exchange rate,"ECB reference exchange rate, Swiss franc/Euro, 2.15 pm (C.E.T.)",CHF,0
EXR.D.CHF.EUR.SP00.A,D,CHF,EUR,SP00,A,2013-10-24,1.2303,A,,,,P1D,,A,,,,,,,99Q1=100,,,4,,4F0,,Swiss franc/Euro ECB reference exchange rate,"ECB reference exchange rate, Swiss franc/Euro, 2.15 pm (C.E.T.)",CHF,0
EXR.D.CHF.EUR.SP00.A,D,CHF,EUR,SP00,A,2013-10-25,1.2348,A,,,,P1D,,A,,,,,,,99Q1=100,,,4,,4F0,,Swiss franc/Euro ECB reference exchange rate,"ECB reference exchange rate, Swiss franc/Euro, 2.15 pm (C.E.T.)",CHF,0
EXR.D.CHF.EUR.SP00.A,D,CHF,EUR,SP00,A,2013-10-28,1.2343,A,,,,P1D,,A,,,,,,,99Q1=100,,,4,,4F0,,Swiss franc/Euro ECB reference exchange rate,"ECB reference exchange rate, Swiss franc/Euro, 2.15 pm (C.E.T.)",CHF,0
EXR.D.CHF.EUR.SP00.A,D,CHF,EUR,SP00,A,2013-10-29,1.2358,A,,,,P1D,,A,,,,,,,99Q1=100,,,4,,4F0,,Swiss franc/Euro ECB reference exchange rate,"ECB reference exchange rate, Swiss franc/Euro, 2.15 pm (C.E.T.)",CHF,0
EXR.D.CHF.EUR.SP00.A,D,CHF,EUR,SP00,A,2013-10-30,1.2347,A,,,,P1D,,A,,,,,,,99Q1=100,,,4,,4F0,,Swiss franc/Euro ECB reference exchange rate,"ECB reference exchange rate, Swiss franc/Euro, 2.15 pm (C.E.T.)",CHF,0
EXR.D.CHF.EUR.SP00.A,D,CHF,EUR,SP00,A,2013-10-31,1.2333,A,,,,P1D,,A,,,,,,,99Q1=100,,,4,,4F0,,Swiss franc/Euro ECB reference exchange rate,"ECB reference exchange rate, Swiss franc/Euro, 2.15 pm (C.E.T.)",CHF,0
EXR.D.CHF.EUR.SP00.A,D,CHF,EUR,SP00,A,2013-11-01,1.231,A,,,,P1D,,A,,,,,,,99Q1=100,,,4,,4F0,,Swiss franc/Euro ECB reference exchange rate,"ECB reference exchange rate, Swiss franc/Euro, 2.15 pm (C.E.T.)",CHF,0
EXR.D.CHF.EUR.SP00.A,D,CHF,EUR,SP00,A,2013-11-04,1.2321,A,,,,P1D,,A,,,,,,,99Q1=100,,,4,,4F0,,Swiss franc/Euro ECB reference exchange rate,"ECB reference exchange rate, Swiss franc/Euro, 2.15 pm (C.E.T.)",CHF,0
EXR.D.CHF.EUR.SP00.A,D,CHF,EUR,SP00,A,2013-11-05,1.2297,A,,,,P1D,,A,,,,,,,99Q1=100,,,4,,4F0,,Swiss franc/Euro ECB reference exchange rate,"ECB reference exchange rate, Swiss franc/Euro, 2.15 pm (C.E.T.)",CHF,0
EXR.D.CHF.EUR.SP00.A,D,CHF,EUR,SP00,A,2013-11-06,1.2321,A,,,,P1D,,A,,,,,,,99Q1=100,,,4,,4F0,,Swiss franc/Euro ECB reference exchange rate,"ECB reference exchange rate, Swiss franc/Euro, 2.15 pm (C.E.T.)",CHF,0
EXR.D.CHF.EUR.SP00.A,D,CHF,EUR,SP00,A,2013-11-07,1.2298,A,,,,P1D,,A,,,,,,,99Q1=100,,,4,,4F0,,Swiss franc/Euro ECB reference exchange rate,"ECB reference exchange rate, Swiss franc/Euro, 2.15 pm (C.E.T.)",CHF,0
EXR.D.CHF.EUR.SP00.A,D,CHF,EUR,SP00,A,2013-11-08,1.2302,A,,,,P1D,,A,,,,,,,99Q1=100,,,4,,4F0,,Swiss franc/Euro ECB reference exchange rate,"ECB reference exchange rate, Swiss franc/Euro, 2.15 pm (C.E.T.)",CHF,0
EXR.D.CHF.EUR.SP00.A,D,CHF,EUR,SP00,A,2013-11-11,1.2328,A,,,,P1D,,A,,,,,,,99Q1=100,,,4,,4F0,,Swiss franc/Euro ECB reference exchange rate,"ECB reference exchange rate, Swiss franc/Euro, 2.15 pm (C.E.T.)",CHF,0
EXR.D.CHF.EUR.SP00.A,D,CHF,EUR,SP00,A,2013-11-12,1.2328,A,,,,P1D,,A,,,,,,,99Q1=100,,,4,,4F0,,Swiss franc/Euro ECB reference exchange rate,"ECB reference exchange rate, Swiss franc/Euro, 2.15 pm (C.E.T.)",CHF,0
EXR.D.CHF.EUR.SP00.A,D,CHF,EUR,SP00,A,2013-11-13,1.2316,A,,,,P1D,,A,,,,,,,99Q1=100,,,4,,4F0,,Swiss franc/Euro ECB reference exchange rate,"ECB reference exchange rate, Swiss franc/Euro, 2.15 pm (C.E.T.)",CHF,0
EXR.D.CHF.EUR.SP00.A,D,CHF,EUR,SP00,A,2013-11-14,1.2332,A,,,,P1D,,A,,,,,,,99Q1=100,,,4,,4F0,,Swiss franc/Euro ECB reference exchange rate,"ECB reference exchange rate, Swiss franc/Euro, 2.15 pm (C.E.T.)",CHF,0
EXR.D.CHF.EUR.SP00.A,D,CHF,EUR,SP00,A,2013-11-15,1.2346,A,,,,P1D,,A,,,,,,,99Q1=100,,,4,,4F0,,Swiss franc/Euro ECB reference exchange rate,"ECB reference exchange rate, Swiss franc/Euro, 2.15 pm (C.E.T.)",CHF,0
EXR.D.CHF.EUR.SP00.A,D,CHF,EUR,SP00,A,2013-11-18,1.2321,A,,,,P1D,,A,,,,,,,99Q1=100,,,4,,4F0,,Swiss franc/Euro ECB reference exchange rate,"ECB reference exchange rate, Swiss franc/Euro, 2.15 pm (C.E.T.)",CHF,0
EXR.D.CHF.EUR.SP00.A,D,CHF,EUR,SP00,A,2013-11-19,1.2333,A,,,,P1D,,A,,,,,,,99Q1=100,,,4,,4F0,,Swiss franc/Euro ECB reference exchange rate,"ECB reference exchange rate, Swiss franc/Euro, 2.15 pm (C.E.T.)",CHF,0
EXR.D.CHF.EUR.SP00.A,D,CHF,EUR,SP00,A,2013-11-20,1.2323,A,,,,P1D,,A,,,,,,,99Q1=100,,,4,,4F0,,Swiss franc/Euro ECB reference exchange rate,"ECB reference exchange rate, Swiss franc/Euro, 2.15 pm (C.E.T.)",CHF,0
EXR.D.CHF.EUR.SP00.A,D,CHF,EUR,SP00,A,2013-11-21,1.2318,A,,,,P1D,,A,,,,,,,99Q1=100,,,4,,4F0,,Swiss franc/Euro ECB reference exchange rate,"ECB reference exchange rate, Swiss franc/Euro, 2.15 pm (C.E.T.)",CHF,0
EXR.D.CHF.EUR.SP00.A,D,CHF,EUR,SP00,A,2013-11-22,1.2302,A,,,,P1D,,A,,,,,,,99Q1=100,,,4,,4F0,,Swiss franc/Euro ECB reference exchange rate,"ECB reference exchange rate, Swiss franc/Euro, 2.15 pm (C.E.T.)",CHF,0
EXR.D.CHF.EUR.SP00.A,D,CHF,EUR,SP00,A,2013-11-25,1.2311,A,,,,P1D,,A,,,,,,,99Q1=100,,,4,,4F0,,Swiss franc/Euro ECB reference exchange rate,"ECB reference exchange rate, Swiss franc/Euro, 2.15 pm (C.E.T.)",CHF,0
EXR.D.CHF.EUR.SP00.A,D,CHF,EUR,SP00,A,2013-11-26,1.2312,A,,,,P1D,,A,,,,,,,99Q1=100,,,4,,4F0,,Swiss franc/Euro ECB reference exchange rate,"ECB reference exchange rate, Swiss franc/Euro, 2.15 pm (C.E.T.)",CHF,0
EXR.D.CHF.EUR.SP00.A,D,CHF,EUR,SP00,A,2013-11-27,1.2305,A,,,,P1D,,A,,,,,,,99Q1=100,,,4,,4F0,,Swiss franc/Euro ECB reference exchange rate,"ECB reference exchange rate, Swiss franc/Euro, 2.15 pm (C.E.T.)",CHF,0
EXR.D.CHF.EUR.SP00.A,D,CHF,EUR,SP00,A,2013-11-28,1.2323,A,,,,P1D,,A,,,,,,,99Q1=100,,,4,,4F0,,Swiss franc/Euro ECB reference exchange rate,"ECB reference exchange rate, Swiss franc/Euro, 2.15 pm (C.E.T.)",CHF,0
EXR.D.CHF.EUR.SP00.A,D,CHF,EUR,SP00,A,2013-11-29,1.2298,A,,,,P1D,,A,,,,,,,99Q1=100,,,4,,4F0,,Swiss franc/Euro ECB reference exchange rate,"ECB reference exchange rate, Swiss franc/Euro, 2.15 pm (C.E.T.)",CHF,0
EXR.D.CHF.EUR.SP00.A,D,CHF,EUR,SP00,A,2013-12-02,1.2321,A,,,,P1D,,A,,,,,,,99Q1=100,,,4,,4F0,,Swiss franc/Euro ECB reference exchange rate,"ECB reference exchange rate, Swiss franc/Euro, 2.15 pm (C.E.T.)",CHF,0
EXR.D.CHF.EUR.SP00.A,D,CHF,EUR,SP00,A,2013-12-03,1.2287,A,,,,P1D,,A,,,,,,,99Q1=100,,,4,,4F0,,Swiss franc/Euro ECB reference exchange rate,"ECB reference exchange rate, Swiss franc/Euro, 2.15 pm (C.E.T.)",CHF,0
EXR.D.CHF.EUR.SP00.A,D,CHF,EUR,SP00,A,2013-12-04,1.2268,A,,,,P1D,,A,,,,,,,99Q1=100,,,4,,4F0,,Swiss franc/Euro ECB reference exchange rate,"ECB reference exchange rate, Swiss franc/Euro, 2.15 pm (C.E.T.)",CHF,0
EXR.D.CHF.EUR.SP00.A,D,CHF,EUR,SP00,A,2013-12-05,1.2262,A,,,,P1D,,A,,,,,,,99Q1=100,,,4,,4F0,,Swiss franc/Euro ECB reference exchange rate,"ECB reference exchange rate, Swiss franc/Euro, 2.15 pm (C.E.T.)",CHF,0
EXR.D.CHF.EUR.SP00.A,D,CHF,EUR,SP00,A,2013-12-06,1.2231,A,,,,P1D,,A,,,,,,,99Q1=100,,,4,,4F0,,Swiss franc/Euro ECB reference exchange rate,"ECB reference exchange rate, Swiss franc/Euro, 2.15 pm (C.E.T.)",CHF,0
EXR.D.CHF.EUR.SP00.A,D,CHF,EUR,SP00,A,2013-12-09,1.2231,A,,,,P1D,,A,,,,,,,99Q1=100,,,4,,4F0,,Swiss franc/Euro ECB reference exchange rate,"ECB reference exchange rate, Swiss franc/Euro, 2.15 pm (C.E.T.)",CHF,0
EXR.D.CHF.EUR.SP00.A,D,CHF,EUR,SP00,A,2013-12-10,1.2214,A,,,,P1D,,A,,,,,,,99Q1=100,,,4,,4F0,,Swiss franc/Euro ECB reference exchange rate,"ECB reference exchange rate, Swiss franc/Euro, 2.15 pm (C.E.T.)",CHF,0
EXR.D.CHF.EUR.SP00.A,D,CHF,EUR,SP00,A,2013-12-11,1.2219,A,,,,P1D,,A,,,,,,,99Q1=100,,,4,,4F0,,Swiss franc/Euro ECB reference exchange rate,"ECB reference exchange rate, Swiss franc/Euro, 2.15 pm (C.E.T.)",CHF,0
EXR.D.CHF.EUR.SP00.A,D,CHF,EUR,SP00,A,2013-12-12,1.2211,A,,,,P1D,,A,,,,,,,99Q1=100,,,4,,4F0,,Swiss franc/Euro ECB reference exchange rate,"ECB reference exchange rate, Swiss franc/Euro, 2.15 pm (C.E.T.)",CHF,0
EXR.D.CHF.EUR.SP00.A,D,CHF,EUR,SP00,A,2013-12-13,1.2226,A,,,,P1D,,A,,,,,,,99Q1=100,,,4,,4F0,,Swiss franc/Euro ECB reference exchange rate,"ECB reference exchange rate, Swiss franc/Euro, 2.15 pm (C.E.T.)",CHF,0
EXR.D.CHF.EUR.SP00.A,D,CHF,EUR,SP00,A,2013-12-16,1.2212,A,,,,P1D,,A,,,,,,,99Q1=100,,,4,,4F0,,Swiss franc/Euro ECB reference exchange rate,"ECB reference exchange rate, Swiss franc/Euro, 2.15 pm (C.E.T.)",CHF,0
EXR.D.CHF.EUR.SP00.A,D,CHF,EUR,SP00,A,2013-12-17,1.2206,A,,,,P1D,,A,,,,,,,99Q1=100,,,4,,4F0,,Swiss franc/Euro ECB reference exchange rate,"ECB reference exchange rate, Swiss franc/Euro, 2.15 pm (C.E.T.)",CHF,0
EXR.D.CHF.EUR.SP00.A,D,CHF,EUR,SP00,A,2013-12-18,1.2211,A,,,,P1D,,A,,,,,,,99Q1=100,,,4,,4F0,,Swiss franc/Euro ECB reference exchange rate,"ECB reference exchange rate, Swiss franc/Euro, 2.15 pm (C.E.T.)",CHF,0
EXR.D.CHF.EUR.SP00.A,D,CHF,EUR,SP00,A,2013-12-19,1.2261,A,,,,P1D,,A,,,,,,,99Q1=100,,,4,,4F0,,Swiss franc/Euro ECB reference exchange rate,"ECB reference exchange rate, Swiss franc/Euro, 2.15 pm (C.E.T.)",CHF,0
EXR.D.CHF.EUR.SP00.A,D,CHF,EUR,SP00,A,2013-12-20,1.2263,A,,,,P1D,,A,,,,,,,99Q1=100,,,4,,4F0,,Swiss franc/Euro ECB reference exchange rate,"ECB reference exchange rate, Swiss franc/Euro, 2.15 pm (C.E.T.)",CHF,0
EXR.D.CHF.EUR.SP00.A,D,CHF,EUR,SP00,A,2013-12-23,1.2257,A,,,,P1D,,A,,,,,,,99Q1=100,,,4,,4F0,,Swiss franc/Euro ECB reference exchange rate,"ECB reference exchange rate, Swiss franc/Euro, 2.15 pm (C.E.T.)",CHF,0
EXR.D.CHF.EUR.SP00.A,D,CHF,EUR,SP00,A,2013-12-24,1.2243,A,,,,P1D,,A,,,,,,,99Q1=100,,,4,,4F0,,Swiss franc/Euro ECB reference exchange rate,"ECB reference exchange rate, Swiss franc/Euro, 2.15 pm (C.E.T.)",CHF,0
EXR.D.CHF.EUR.SP00.A,D,CHF,EUR,SP00,A,2013-12-27,1.2234,A,,,,P1D,,A,,,,,,,99Q1=100,,,4,,4F0,,Swiss franc/Euro ECB reference exchange rate,"ECB reference exchange rate, Swiss franc/Euro, 2.15 pm (C.E.T.)",CHF,0
EXR.D.CHF.EUR.SP00.A,D,CHF,EUR,SP00,A,2013-12-30,1.2259,A,,,,P1D,,A,,,,,,,99Q1=100,,,4,,4F0,,Swiss franc/Euro ECB reference exchange rate,"ECB reference exchange rate, Swiss franc/Euro, 2.15 pm (C.E.T.)",CHF,0
EXR.D.CHF.EUR.SP00.A,D,CHF,EUR,SP00,A,2013-12-31,1.2276,A,,,,P1D,,A,,,,,,,99Q1=100,,,4,,4F0,,Swiss franc/Euro ECB reference exchange rate,"ECB reference exchange rate, Swiss franc/Euro, 2.15 pm (C.E.T.)",CHF,0
EXR.D.CHF.EUR.SP00.A,D,CHF,EUR,SP00,A,2014-01-02,1.2307,A,,,,P1D,,A,,,,,,,99Q1=100,,,4,,4F0,,Swiss franc/Euro ECB reference exchange rate,"ECB reference exchange rate, Swiss franc/Euro, 2.15 pm (C.E.T.)",CHF,0
EXR.D.CHF.EUR.SP00.A,D,CHF,EUR,SP00,A,2014-01-03,1.2309,A,,,,P1D,,A,,,,,,,99Q1=100,,,4,,4F0,,Swiss franc/Euro ECB reference exchange rate,"ECB reference exchange rate, Swiss franc/Euro, 2.15 pm (C.E.T.)",CHF,0
EXR.D.CHF.EUR.SP00.A,D,CHF,EUR,SP00,A,2014-01-06,1.2319,A,,,,P1D,,A,,,,,,,99Q1=100,,,4,,4F0,,Swiss franc/Euro ECB reference exchange rate,"ECB reference exchange rate, Swiss franc/Euro, 2.15 pm (C.E.T.)",CHF,0
EXR.D.CHF.EUR.SP00.A,D,CHF,EUR,SP00,A,2014-01-07,1.2367,A,,,,P1D,,A,,,,,,,99Q1=100,,,4,,4F0,,Swiss franc/Euro ECB reference exchange rate,"ECB reference exchange rate, Swiss franc/Euro, 2.15 pm (C.E.T.)",CHF,0
EXR.D.CHF.EUR.SP00.A,D,CHF,EUR,SP00,A,2014-01-08,1.2383,A,,,,P1D,,A,,,,,,,99Q1=100,,,4,,4F0,,Swiss franc/Euro ECB reference exchange rate,"ECB reference exchange rate, Swiss franc/Euro, 2.15 pm (C.E.T.)",CHF,0
EXR.D.CHF.EUR.SP00.A,D,CHF,EUR,SP00,A,2014-01-09,1.2368,A,,,,P1D,,A,,,,,,,99Q1=100,,,4,,4F0,,Swiss franc/Euro ECB reference exchange rate,"ECB reference exchange rate, Swiss franc/Euro, 2.15 pm (C.E.T.)",CHF,0
EXR.D.CHF.EUR.SP00.A,D,CHF,EUR,SP00,A,2014-01-10,1.2342,A,,,,P1D,,A,,,,,,,99Q1=100,,,4,,4F0,,Swiss franc/Euro ECB reference exchange rate,"ECB reference exchange rate, Swiss franc/Euro, 2.15 pm (C.E.T.)",CHF,0
EXR.D.CHF.EUR.SP00.A,D,CHF,EUR,SP00,A,2014-01-13,1.2342,A,,,,P1D,,A,,,,,,,99Q1=100,,,4,,4F0,,Swiss franc/Euro ECB reference exchange rate,"ECB reference exchange rate, Swiss franc/Euro, 2.15 pm (C.E.T.)",CHF,0
EXR.D.CHF.EUR.SP00.A,D,CHF,EUR,SP00,A,2014-01-14,1.2334,A,,,,P1D,,A,,,,,,,99Q1=100,,,4,,4F0,,Swiss franc/Euro ECB reference exchange rate,"ECB reference exchange rate, Swiss franc/Euro, 2.15 pm (C.E.T.)",CHF,0
EXR.D.CHF.EUR.SP00.A,D,CHF,EUR,SP00,A,2014-01-15,1.2354,A,,,,P1D,,A,,,,,,,99Q1=100,,,4,,4F0,,Swiss franc/Euro ECB reference exchange rate,"ECB reference exchange rate, Swiss franc/Euro, 2.15 pm (C.E.T.)",CHF,0
EXR.D.CHF.EUR.SP00.A,D,CHF,EUR,SP00,A,2014-01-16,1.235,A,,,,P1D,,A,,,,,,,99Q1=100,,,4,,4F0,,Swiss franc/Euro ECB reference exchange rate,"ECB reference exchange rate, Swiss franc/Euro, 2.15 pm (C.E.T.)",CHF,0
EXR.D.CHF.EUR.SP00.A,D,CHF,EUR,SP00,A,2014-01-17,1.2332,A,,,,P1D,,A,,,,,,,99Q1=100,,,4,,4F0,,Swiss franc/Euro ECB reference exchange rate,"ECB reference exchange rate, Swiss franc/Euro, 2.15 pm (C.E.T.)",CHF,0
EXR.D.CHF.EUR.SP00.A,D,CHF,EUR,SP00,A,2014-01-20,1.2337,A,,,,P1D,,A,,,,,,,99Q1=100,,,4,,4F0,,Swiss franc/Euro ECB reference exchange rate,"ECB reference exchange rate, Swiss franc/Euro, 2.15 pm (C.E.T.)",CHF,0
EXR.D.CHF.EUR.SP00.A,D,CHF,EUR,SP00,A,2014-01-21,1.2357,A,,,,P1D,,A,,,,,,,99Q1=100,,,4,,4F0,,Swiss franc/Euro ECB reference exchange rate,"ECB reference exchange rate, Swiss franc/Euro, 2.15 pm (C.E.T.)",CHF,0
EXR.D.CHF.EUR.SP00.A,D,CHF,EUR,SP00,A,2014-01-22,1.2345,A,,,,P1D,,A,,,,,,,99Q1=100,,,4,,4F0,,Swiss franc/Euro ECB reference exchange rate,"ECB reference exchange rate, Swiss franc/Euro, 2.15 pm (C.E.T.)",CHF,0
EXR.D.CHF.EUR.SP00.A,D,CHF,EUR,SP00,A,2014-01-23,1.2317,A,,,,P1D,,A,,,,,,,99Q1=100,,,4,,4F0,,Swiss franc/Euro ECB reference exchange rate,"ECB reference exchange rate, Swiss franc/Euro, 2.15 pm (C.E.T.)",CHF,0
EXR.D.CHF.EUR.SP00.A,D,CHF,EUR,SP00,A,2014-01-24,1.2256,A,,,,P1D,,A,,,,,,,99Q1=100,,,4,,4F0,,Swiss franc/Euro ECB reference exchange rate,"ECB reference exchange rate, Swiss franc/Euro, 2.15 pm (C.E.T.)",CHF,0
EXR.D.CHF.EUR.SP00.A,D,CHF,EUR,SP00,A,2014-01-27,1.2267,A,,,,P1D,,A,,,,,,,99Q1=100,,,4,,4F0,,Swiss franc/Euro ECB reference exchange rate,"ECB reference exchange rate, Swiss franc/Euro, 2.15 pm (C.E.T.)",CHF,0
EXR.D.CHF.EUR.SP00.A,D,CHF,EUR,SP00,A,2014-01-28,1.2278,A,,,,P1D,,A,,,,,,,99Q1=100,,,4,,4F0,,Swiss franc/Euro ECB reference exchange rate,"ECB reference exchange rate, Swiss franc/Euro, 2.15 pm (C.E.T.)",CHF,0
EXR.D.CHF.EUR.SP00.A,D,CHF,EUR,SP00,A,2014-01-29,1.2255,A,,,,P1D,,A,,,,,,,99Q1=100,,,4,,4F0,,Swiss franc/Euro ECB reference exchange rate,"ECB reference exchange rate, Swiss franc/Euro, 2.15 pm (C.E.T.)",CHF,0
EXR.D.CHF.EUR.SP00.A,D,CHF,EUR,SP00,A,2014-01-30,1.2233,A,,,,P1D,,A,,,,,,,99Q1=100,,,4,,4F0,,Swiss franc/Euro ECB reference exchange rate,"ECB reference exchange rate, Swiss franc/Euro, 2.15 pm (C.E.T.)",CHF,0
EXR.D.CHF.EUR.SP00.A,D,CHF,EUR,SP00,A,2014-01-31,1.222,A,,,,P1D,,A,,,,,,,99Q1=100,,,4,,4F0,,Swiss franc/Euro ECB reference exchange rate,"ECB reference exchange rate, Swiss franc/Euro, 2.15 pm (C.E.T.)",CHF,0
EXR.D.CHF.EUR.SP00.A,D,CHF,EUR,SP00,A,2014-02-03,1.2226,A,,,,P1D,,A,,,,,,,99Q1=100,,,4,,4F0,,Swiss franc/Euro ECB reference exchange rate,"ECB reference exchange rate, Swiss franc/Euro, 2.15 pm (C.E.T.)",CHF,0
EXR.D.CHF.EUR.SP00.A,D,CHF,EUR,SP00,A,2014-02-04,1.2215,A,,,,P1D,,A,,,,,,,99Q1=100,,,4,,4F0,,Swiss franc/Euro ECB reference exchange rate,"ECB reference exchange rate, Swiss franc/Euro, 2.15 pm (C.E.T.)",CHF,0
EXR.D.CHF.EUR.SP00.A,D,CHF,EUR,SP00,A,2014-02-05,1.2222,A,,,,P1D,,A,,,,,,,99Q1=100,,,4,,4F0,,Swiss franc/Euro ECB reference exchange rate,"ECB reference exchange rate, Swiss franc/Euro, 2.15 pm (C.E.T.)",CHF,0
EXR.D.CHF.EUR.SP00.A,D,CHF,EUR,SP00,A,2014-02-06,1.2224,A,,,,P1D,,A,,,,,,,99Q1=100,,,4,,4F0,,Swiss franc/Euro ECB reference exchange rate,"ECB reference exchange rate, Swiss franc/Euro, 2.15 pm (C.E.T.)",CHF,0
EXR.D.CHF.EUR.SP00.A,D,CHF,EUR,SP00,A,2014-02-07,1.2237,A,,,,P1D,,A,,,,,,,99Q1=100,,,4,,4F0,,Swiss franc/Euro ECB reference exchange rate,"ECB reference exchange rate, Swiss franc/Euro, 2.15 pm (C.E.T.)",CHF,0
EXR.D.CHF.EUR.SP00.A,D,CHF,EUR,SP00,A,2014-02-10,1.2234,A,,,,P1D,,A,,,,,,,99Q1=100,,,4,,4F0,,Swiss franc/Euro ECB reference exchange rate,"ECB reference exchange rate, Swiss franc/Euro, 2.15 pm (C.E.T.)",CHF,0
EXR.D.CHF.EUR.SP00.A,D,CHF,EUR,SP00,A,2014-02-11,1.2235,A,,,,P1D,,A,,,,,,,99Q1=100,,,4,,4F0,,Swiss franc/Euro ECB reference exchange rate,"ECB reference exchange rate, Swiss franc/Euro, 2.15 pm (C.E.T.)",CHF,0
EXR.D.CHF.EUR.SP00.A,D,CHF,EUR,SP00,A,2014-02-12,1.2249,A,,,,P1D,,A,,,,,,,99Q1=100,,,4,,4F0,,Swiss franc/Euro ECB reference exchange rate,"ECB reference exchange rate, Swiss franc/Euro, 2.15 pm (C.E.T.)",CHF,0
EXR.D.CHF.EUR.SP00.A,D,CHF,EUR,SP00,A,2014-02-13,1.2216,A,,,,P1D,,A,,,,,,,99Q1=100,,,4,,4F0,,Swiss franc/Euro ECB reference exchange rate,"ECB reference exchange rate, Swiss franc/Euro, 2.15 pm (C.E.T.)",CHF,0
EXR.D.CHF.EUR.SP00.A,D,CHF,EUR,SP00,A,2014-02-14,1.2221,A,,,,P1D,,A,,,,,,,99Q1=100,,,4,,4F0,,Swiss franc/Euro ECB reference exchange rate,"ECB reference exchange rate, Swiss franc/Euro, 2.15 pm (C.E.T.)",CHF,0
EXR.D.CHF.EUR.SP00.A,D,CHF,EUR,SP00,A,2014-02-17,1.2221,A,,,,P1D,,A,,,,,,,99Q1=100,,,4,,4F0,,Swiss franc/Euro ECB reference exchange rate,"ECB reference exchange rate, Swiss franc/Euro, 2.15 pm (C.E.T.)",CHF,0
EXR.D.CHF.EUR.SP00.A,D,CHF,EUR,SP00,A,2014-02-18,1.2221,A,,,,P1D,,A,,,,,,,99Q1=100,,,4,,4F0,,Swiss franc/Euro ECB reference exchange rate,"ECB reference exchange rate, Swiss franc/Euro, 2.15 pm (C.E.T.)",CHF,0
EXR.D.CHF.EUR.SP00.A,D,CHF,EUR,SP00,A,2014-02-19,1.2214,A,,,,P1D,,A,,,,,,,99Q1=100,,,4,,4F0,,Swiss franc/Euro ECB reference exchange rate,"ECB reference exchange rate, Swiss franc/Euro, 2.15 pm (C.E.T.)",CHF,0
EXR.D.CHF.EUR.SP00.A,D,CHF,EUR,SP00,A,2014-02-20,1.2203,A,,,,P1D,,A,,,,,,,99Q1=100,,,4,,4F0,,Swiss franc/Euro ECB reference exchange rate,"ECB reference exchange rate, Swiss franc/Euro, 2.15 pm (C.E.T.)",CHF,0
EXR.D.CHF.EUR.SP00.A,D,CHF,EUR,SP00,A,2014-02-21,1.2195,A,,,,P1D,,A,,,,,,,99Q1=100,,,4,,4F0,,Swiss franc/Euro ECB reference exchange rate,"ECB reference exchange rate, Swiss franc/Euro, 2.15 pm (C.E.T.)",CHF,0
EXR.D.CHF.EUR.SP00.A,D,CHF,EUR,SP00,A,2014-02-24,1.2209,A,,,,P1D,,A,,,,,,,99Q1=100,,,4,,4F0,,Swiss franc/Euro ECB reference exchange rate,"ECB reference exchange rate, Swiss franc/Euro, 2.15 pm (C.E.T.)",CHF,0
EXR.D.CHF.EUR.SP00.A,D,CHF,EUR,SP00,A,2014-02-25,1.2193,A,,,,P1D,,A,,,,,,,99Q1=100,,,4,,4F0,,Swiss franc/Euro ECB reference exchange rate,"ECB reference exchange rate, Swiss franc/Euro, 2.15 pm (C.E.T.)",CHF,0
EXR.D.CHF.EUR.SP00.A,D,CHF,EUR,SP00,A,2014-02-26,1.2198,A,,,,P1D,,A,,,,,,,99Q1=100,,,4,,4F0,,Swiss franc/Euro ECB reference exchange rate,"ECB reference exchange rate, Swiss franc/Euro, 2.15 pm (C.E.T.)",CHF,0
EXR.D.CHF.EUR.SP00.A,D,CHF,EUR,SP00,A,2014-02-27,1.2161,A,,,,P1D,,A,,,,,,,99Q1=100,,,4,,4F0,,Swiss franc/Euro ECB reference exchange rate,"ECB reference exchange rate, Swiss franc/Euro, 2.15 pm (C.E.T.)",CHF,0
EXR.D.CHF.EUR.SP00.A,D,CHF,EUR,SP00,A,2014-02-28,1.2153,A,,,,P1D,,A,,,,,,,99Q1=100,,,4,,4F0,,Swiss franc/Euro ECB reference exchange rate,"ECB reference exchange rate, Swiss franc/Euro, 2.15 pm (C.E.T.)",CHF,0
EXR.D.CHF.EUR.SP00.A,D,CHF,EUR,SP00,A,2014-03-03,1.2129,A,,,,P1D,,A,,,,,,,99Q1=100,,,4,,4F0,,Swiss franc/Euro ECB reference exchange rate,"ECB reference exchange rate, Swiss franc/Euro, 2.15 pm (C.E.T.)",CHF,0
EXR.D.CHF.EUR.SP00.A,D,CHF,EUR,SP00,A,2014-03-04,1.2172,A,,,,P1D,,A,,,,,,,99Q1=100,,,4,,4F0,,Swiss franc/Euro ECB reference exchange rate,"ECB reference exchange rate, Swiss franc/Euro, 2.15 pm (C.E.T.)",CHF,0
EXR.D.CHF.EUR.SP00.A,D,CHF,EUR,SP00,A,2014-03-05,1.2186,A,,,,P1D,,A,,,,,,,99Q1=100,,,4,,4F0,,Swiss franc/Euro ECB reference exchange rate,"ECB reference exchange rate, Swiss franc/Euro, 2.15 pm (C.E.T.)",CHF,0
EXR.D.CHF.EUR.SP00.A,D,CHF,EUR,SP00,A,2014-03-06,1.219,A,,,,P1D,,A,,,,,,,99Q1=100,,,4,,4F0,,Swiss franc/Euro ECB reference exchange rate,"ECB reference exchange rate, Swiss franc/Euro, 2.15 pm (C.E.T.)",CHF,0
EXR.D.CHF.EUR.SP00.A,D,CHF,EUR,SP00,A,2014-03-07,1.2191,A,,,,P1D,,A,,,,,,,99Q1=100,,,4,,4F0,,Swiss franc/Euro ECB reference exchange rate,"ECB reference exchange rate, Swiss franc/Euro, 2.15 pm (C.E.T.)",CHF,0
EXR.D.CHF.EUR.SP00.A,D,CHF,EUR,SP00,A,2014-03-10,1.2192,A,,,,P1D,,A,,,,,,,99Q1=100,,,4,,4F0,,Swiss franc/Euro ECB reference exchange rate,"ECB reference exchange rate, Swiss franc/Euro, 2.15 pm (C.E.T.)",CHF,0
EXR.D.CHF.EUR.SP00.A,D,CHF,EUR,SP00,A,2014-03-11,1.2175,A,,,,P1D,,A,,,,,,,99Q1=100,,,4,,4F0,,Swiss franc/Euro ECB reference exchange rate,"ECB reference exchange rate, Swiss franc/Euro, 2.15 pm (C.E.T.)",CHF,0
EXR.D.CHF.EUR.SP00.A,D,CHF,EUR,SP00,A,2014-03-12,1.2159,A,,,,P1D,,A,,,,,,,99Q1=100,,,4,,4F0,,Swiss franc/Euro ECB reference exchange rate,"ECB reference exchange rate, Swiss franc/Euro, 2.15 pm (C.E.T.)",CHF,0
EXR.D.CHF.EUR.SP00.A,D,CHF,EUR,SP00,A,2014-03-13,1.216,A,,,,P1D,,A,,,,,,,99Q1=100,,,4,,4F0,,Swiss franc/Euro ECB reference exchange rate,"ECB reference exchange rate, Swiss franc/Euro, 2.15 pm (C.E.T.)",CHF,0
EXR.D.CHF.EUR.SP00.A,D,CHF,EUR,SP00,A,2014-03-14,1.2124,A,,,,P1D,,A,,,,,,,99Q1=100,,,4,,4F0,,Swiss franc/Euro ECB reference exchange rate,"ECB reference exchange rate, Swiss franc/Euro, 2.15 pm (C.E.T.)",CHF,0
EXR.D.CHF.EUR.SP00.A,D,CHF,EUR,SP00,A,2014-03-17,1.2154,A,,,,P1D,,A,,,,,,,99Q1=100,,,4,,4F0,,Swiss franc/Euro ECB reference exchange rate,"ECB reference exchange rate, Swiss franc/Euro, 2.15 pm (C.E.T.)",CHF,0
EXR.D.CHF.EUR.SP00.A,D,CHF,EUR,SP00,A,2014-03-18,1.2162,A,,,,P1D,,A,,,,,,,99Q1=100,,,4,,4F0,,Swiss franc/Euro ECB reference exchange rate,"ECB reference exchange rate, Swiss franc/Euro, 2.15 pm (C.E.T.)",CHF,0
EXR.D.CHF.EUR.SP00.A,D,CHF,EUR,SP00,A,2014-03-19,1.2167,A,,,,P1D,,A,,,,,,,99Q1=100,,,4,,4F0,,Swiss franc/Euro ECB reference exchange rate,"ECB reference exchange rate, Swiss franc/Euro, 2.15 pm (C.E.T.)",CHF,0
EXR.D.CHF.EUR.SP00.A,D,CHF,EUR,SP00,A,2014-03-20,1.219,A,,,,P1D,,A,,,,,,,99Q1=100,,,4,,4F0,,Swiss franc/Euro ECB reference exchange rate,"ECB reference exchange rate, Swiss franc/Euro, 2.15 pm (C.E.T.)",CHF,0
EXR.D.CHF.EUR.SP00.A,D,CHF,EUR,SP00,A,2014-03-21,1.2182,A,,,,P1D,,A,,,,,,,99Q1=100,,,4,,4F0,,Swiss franc/Euro ECB reference exchange rate,"ECB reference exchange rate, Swiss franc/Euro, 2.15 pm (C.E.T.)",CHF,0
EXR.D.CHF.EUR.SP00.A,D,CHF,EUR,SP00,A,2014-03-24,1.2197,A,,,,P1D,,A,,,,,,,99Q1=100,,,4,,4F0,,Swiss franc/Euro ECB reference exchange rate,"ECB reference exchange rate, Swiss franc/Euro, 2.15 pm (C.E.T.)",CHF,0
EXR.D.CHF.EUR.SP00.A,D,CHF,EUR,SP00,A,2014-03-25,1.2197,A,,,,P1D,,A,,,,,,,99Q1=100,,,4,,4F0,,Swiss franc/Euro ECB reference exchange rate,"ECB reference exchange rate, Swiss franc/Euro, 2.15 pm (C.E.T.)",CHF,0
EXR.D.CHF.EUR.SP00.A,D,CHF,EUR,SP00,A,2014-03-26,1.2216,A,,,,P1D,,A,,,,,,,99Q1=100,,,4,,4F0,,Swiss franc/Euro ECB reference exchange rate,"ECB reference exchange rate, Swiss franc/Euro, 2.15 pm (C.E.T.)",CHF,0
EXR.D.CHF.EUR.SP00.A,D,CHF,EUR,SP00,A,2014-03-27,1.2187,A,,,,P1D,,A,,,,,,,99Q1=100,,,4,,4F0,,Swiss franc/Euro ECB reference exchange rate,"ECB reference exchange rate, Swiss franc/Euro, 2.15 pm (C.E.T.)",CHF,0
EXR.D.CHF.EUR.SP00.A,D,CHF,EUR,SP00,A,2014-03-28,1.2186,A,,,,P1D,,A,,,,,,,99Q1=100,,,4,,4F0,,Swiss franc/Euro ECB reference exchange rate,"ECB reference exchange rate, Swiss franc/Euro, 2.15 pm (C.E.T.)",CHF,0
EXR.D.CHF.EUR.SP00.A,D,CHF,EUR,SP00,A,2014-03-31,1.2194,A,,,,P1D,,A,,,,,,,99Q1=100,,,4,,4F0,,Swiss franc/Euro ECB reference exchange rate,"ECB reference exchange rate, Swiss franc/Euro, 2.15 pm (C.E.T.)",CHF,0
EXR.D.CHF.EUR.SP00.A,D,CHF,EUR,SP00,A,2014-04-01,1.2178,A,,,,P1D,,A,,,,,,,99Q1=100,,,4,,4F0,,Swiss franc/Euro ECB reference exchange rate,"ECB reference exchange rate, Swiss franc/Euro, 2.15 pm (C.E.T.)",CHF,0
EXR.D.CHF.EUR.SP00.A,D,CHF,EUR,SP00,A,2014-04-02,1.219,A,,,,P1D,,A,,,,,,,99Q1=100,,,4,,4F0,,Swiss franc/Euro ECB reference exchange rate,"ECB reference exchange rate, Swiss franc/Euro, 2.15 pm (C.E.T.)",CHF,0
EXR.D.CHF.EUR.SP00.A,D,CHF,EUR,SP00,A,2014-04-03,1.2209,A,,,,P1D,,A,,,,,,,99Q1=100,,,4,,4F0,,Swiss franc/Euro ECB reference exchange rate,"ECB reference exchange rate, Swiss franc/Euro, 2.15 pm (C.E.T.)",CHF,0
EXR.D.CHF.EUR.SP00.A,D,CHF,EUR,SP00,A,2014-04-04,1.2235,A,,,,P1D,,A,,,,,,,99Q1=100,,,4,,4F0,,Swiss franc/Euro ECB reference exchange rate,"ECB reference exchange rate, Swiss franc/Euro, 2.15 pm (C.E.T.)",CHF,0
EXR.D.CHF.EUR.SP00.A,D,CHF,EUR,SP00,A,2014-04-07,1.2202,A,,,,P1D,,A,,,,,,,99Q1=100,,,4,,4F0,,Swiss franc/Euro ECB reference exchange rate,"ECB reference exchange rate, Swiss franc/Euro, 2.15 pm (C.E.T.)",CHF,0
EXR.D.CHF.EUR.SP00.A,D,CHF,EUR,SP00,A,2014-04-08,1.22,A,,,,P1D,,A,,,,,,,99Q1=100,,,4,,4F0,,Swiss franc/Euro ECB reference exchange rate,"ECB reference exchange rate, Swiss franc/Euro, 2.15 pm (C.E.T.)",CHF,0
EXR.D.CHF.EUR.SP00.A,D,CHF,EUR,SP00,A,2014-04-09,1.2184,A,,,,P1D,,A,,,,,,,99Q1=100,,,4,,4F0,,Swiss franc/Euro ECB reference exchange rate,"ECB reference exchange rate, Swiss franc/Euro, 2.15 pm (C.E.T.)",CHF,0
EXR.D.CHF.EUR.SP00.A,D,CHF,EUR,SP00,A,2014-04-10,1.218,A,,,,P1D,,A,,,,,,,99Q1=100,,,4,,4F0,,Swiss franc/Euro ECB reference exchange rate,"ECB reference exchange rate, Swiss franc/Euro, 2.15 pm (C.E.T.)",CHF,0
EXR.D.CHF.EUR.SP00.A,D,CHF,EUR,SP00,A,2014-04-11,1.2161,A,,,,P1D,,A,,,,,,,99Q1=100,,,4,,4F0,,Swiss franc/Euro ECB reference exchange rate,"ECB reference exchange rate, Swiss franc/Euro, 2.15 pm (C.E.T.)",CHF,0
EXR.D.CHF.EUR.SP00.A,D,CHF,EUR,SP00,A,2014-04-14,1.2154,A,,,,P1D,,A,,,,,,,99Q1=100,,,4,,4F0,,Swiss franc/Euro ECB reference exchange rate,"ECB reference exchange rate, Swiss franc/Euro, 2.15 pm (C.E.T.)",CHF,0
EXR.D.CHF.EUR.SP00.A,D,CHF,EUR,SP00,A,2014-04-15,1.2162,A,,,,P1D,,A,,,,,,,99Q1=100,,,4,,4F0,,Swiss franc/Euro ECB reference exchange rate,"ECB reference exchange rate, Swiss franc/Euro, 2.15 pm (C.E.T.)",CHF,0
EXR.D.CHF.EUR.SP00.A,D,CHF,EUR,SP00,A,2014-04-16,1.2169,A,,,,P1D,,A,,,,,,,99Q1=100,,,4,,4F0,,Swiss franc/Euro ECB reference exchange rate,"ECB reference exchange rate, Swiss franc/Euro, 2.15 pm (C.E.T.)",CHF,0
EXR.D.CHF.EUR.SP00.A,D,CHF,EUR,SP00,A,2014-04-17,1.2175,A,,,,P1D,,A,,,,,,,99Q1=100,,,4,,4F0,,Swiss franc/Euro ECB reference exchange rate,"ECB reference exchange rate, Swiss franc/Euro, 2.15 pm (C.E.T.)",CHF,0
EXR.D.CHF.EUR.SP00.A,D,CHF,EUR,SP00,A,2014-04-22,1.2214,A,,,,P1D,,A,,,,,,,99Q1=100,,,4,,4F0,,Swiss franc/Euro ECB reference exchange rate,"ECB reference exchange rate, Swiss franc/Euro, 2.15 pm (C.E.T.)",CHF,0
EXR.D.CHF.EUR.SP00.A,D,CHF,EUR,SP00,A,2014-04-23,1.2198,A,,,,P1D,,A,,,,,,,99Q1=100,,,4,,4F0,,Swiss franc/Euro ECB reference exchange rate,"ECB reference exchange rate, Swiss franc/Euro, 2.15 pm (C.E.T.)",CHF,0
EXR.D.CHF.EUR.SP00.A,D,CHF,EUR,SP00,A,2014-04-24,1.2203,A,,,,P1D,,A,,,,,,,99Q1=100,,,4,,4F0,,Swiss franc/Euro ECB reference exchange rate,"ECB reference exchange rate, Swiss franc/Euro, 2.15 pm (C.E.T.)",CHF,0
EXR.D.CHF.EUR.SP00.A,D,CHF,EUR,SP00,A,2014-04-25,1.2194,A,,,,P1D,,A,,,,,,,99Q1=100,,,4,,4F0,,Swiss franc/Euro ECB reference exchange rate,"ECB reference exchange rate, Swiss franc/Euro, 2.15 pm (C.E.T.)",CHF,0
EXR.D.CHF.EUR.SP00.A,D,CHF,EUR,SP00,A,2014-04-28,1.2181,A,,,,P1D,,A,,,,,,,99Q1=100,,,4,,4F0,,Swiss franc/Euro ECB reference exchange rate,"ECB reference exchange rate, Swiss franc/Euro, 2.15 pm (C.E.T.)",CHF,0
EXR.D.CHF.EUR.SP00.A,D,CHF,EUR,SP00,A,2014-04-29,1.22,A,,,,P1D,,A,,,,,,,99Q1=100,,,4,,4F0,,Swiss franc/Euro ECB reference exchange rate,"ECB reference exchange rate, Swiss franc/Euro, 2.15 pm (C.E.T.)",CHF,0
EXR.D.CHF.EUR.SP00.A,D,CHF,EUR,SP00,A,2014-04-30,1.22,A,,,,P1D,,A,,,,,,,99Q1=100,,,4,,4F0,,Swiss franc/Euro ECB reference exchange rate,"ECB reference exchange rate, Swiss franc/Euro, 2.15 pm (C.E.T.)",CHF,0
EXR.D.CHF.EUR.SP00.A,D,CHF,EUR,SP00,A,2014-05-02,1.2189,A,,,,P1D,,A,,,,,,,99Q1=100,,,4,,4F0,,Swiss franc/Euro ECB reference exchange rate,"ECB reference exchange rate, Swiss franc/Euro, 2.15 pm (C.E.T.)",CHF,0
EXR.D.CHF.EUR.SP00.A,D,CHF,EUR,SP00,A,2014-05-05,1.2174,A,,,,P1D,,A,,,,,,,99Q1=100,,,4,,4F0,,Swiss franc/Euro ECB reference exchange rate,"ECB reference exchange rate, Swiss franc/Euro, 2.15 pm (C.E.T.)",CHF,0
EXR.D.CHF.EUR.SP00.A,D,CHF,EUR,SP00,A,2014-05-06,1.2169,A,,,,P1D,,A,,,,,,,99Q1=100,,,4,,4F0,,Swiss franc/Euro ECB reference exchange rate,"ECB reference exchange rate, Swiss franc/Euro, 2.15 pm (C.E.T.)",CHF,0
EXR.D.CHF.EUR.SP00.A,D,CHF,EUR,SP00,A,2014-05-07,1.2186,A,,,,P1D,,A,,,,,,,99Q1=100,,,4,,4F0,,Swiss franc/Euro ECB reference exchange rate,"ECB reference exchange rate, Swiss franc/Euro, 2.15 pm (C.E.T.)",CHF,0
EXR.D.CHF.EUR.SP00.A,D,CHF,EUR,SP00,A,2014-05-08,1.2178,A,,,,P1D,,A,,,,,,,99Q1=100,,,4,,4F0,,Swiss franc/Euro ECB reference exchange rate,"ECB reference exchange rate, Swiss franc/Euro, 2.15 pm (C.E.T.)",CHF,0
EXR.D.CHF.EUR.SP00.A,D,CHF,EUR,SP00,A,2014-05-09,1.2186,A,,,,P1D,,A,,,,,,,99Q1=100,,,4,,4F0,,Swiss franc/Euro ECB reference exchange rate,"ECB reference exchange rate, Swiss franc/Euro, 2.15 pm (C.E.T.)",CHF,0
EXR.D.CHF.EUR.SP00.A,D,CHF,EUR,SP00,A,2014-05-12,1.2211,A,,,,P1D,,A,,,,,,,99Q1=100,,,4,,4F0,,Swiss franc/Euro ECB reference exchange rate,"ECB reference exchange rate, Swiss franc/Euro, 2.15 pm (C.E.T.)",CHF,0
EXR.D.CHF.EUR.SP00.A,D,CHF,EUR,SP00,A,2014-05-13,1.2201,A,,,,P1D,,A,,,,,,,99Q1=100,,,4,,4F0,,Swiss franc/Euro ECB reference exchange rate,"ECB reference exchange rate, Swiss franc/Euro, 2.15 pm (C.E.T.)",CHF,0
EXR.D.CHF.EUR.SP00.A,D,CHF,EUR,SP00,A,2014-05-14,1.2199,A,,,,P1D,,A,,,,,,,99Q1=100,,,4,,4F0,,Swiss franc/Euro ECB reference exchange rate,"ECB reference exchange rate, Swiss franc/Euro, 2.15 pm (C.E.T.)",CHF,0
EXR.D.CHF.EUR.SP00.A,D,CHF,EUR,SP00,A,2014-05-15,1.2227,A,,,,P1D,,A,,,,,,,99Q1=100,,,4,,4F0,,Swiss franc/Euro ECB reference exchange rate,"ECB reference exchange rate, Swiss franc/Euro, 2.15 pm (C.E.T.)",CHF,0
EXR.D.CHF.EUR.SP00.A,D,CHF,EUR,SP00,A,2014-05-16,1.221,A,,,,P1D,,A,,,,,,,99Q1=100,,,4,,4F0,,Swiss franc/Euro ECB reference exchange rate,"ECB reference exchange rate, Swiss franc/Euro, 2.15 pm (C.E.T.)",CHF,0
EXR.D.CHF.EUR.SP00.A,D,CHF,EUR,SP00,A,2014-05-19,1.2228,A,,,,P1D,,A,,,,,,,99Q1=100,,,4,,4F0,,Swiss franc/Euro ECB reference exchange rate,"ECB reference exchange rate, Swiss franc/Euro, 2.15 pm (C.E.T.)",CHF,0
EXR.D.CHF.EUR.SP00.A,D,CHF,EUR,SP00,A,2014-05-20,1.2223,A,,,,P1D,,A,,,,,,,99Q1=100,,,4,,4F0,,Swiss franc/Euro ECB reference exchange rate,"ECB reference exchange rate, Swiss franc/Euro, 2.15 pm (C.E.T.)",CHF,0
EXR.D.CHF.EUR.SP00.A,D,CHF,EUR,SP00,A,2014-05-21,1.2216,A,,,,P1D,,A,,,,,,,99Q1=100,,,4,,4F0,,Swiss franc/Euro ECB reference exchange rate,"ECB reference exchange rate, Swiss franc/Euro, 2.15 pm (C.E.T.)",CHF,0
EXR.D.CHF.EUR.SP00.A,D,CHF,EUR,SP00,A,2014-05-22,1.2215,A,,,,P1D,,A,,,,,,,99Q1=100,,,4,,4F0,,Swiss franc/Euro ECB reference exchange rate,"ECB reference exchange rate, Swiss franc/Euro, 2.15 pm (C.E.T.)",CHF,0
EXR.D.CHF.EUR.SP00.A,D,CHF,EUR,SP00,A,2014-05-23,1.221,A,,,,P1D,,A,,,,,,,99Q1=100,,,4,,4F0,,Swiss franc/Euro ECB reference exchange rate,"ECB reference exchange rate, Swiss franc/Euro, 2.15 pm (C.E.T.)",CHF,0
EXR.D.CHF.EUR.SP00.A,D,CHF,EUR,SP00,A,2014-05-26,1.221,A,,,,P1D,,A,,,,,,,99Q1=100,,,4,,4F0,,Swiss franc/Euro ECB reference exchange rate,"ECB reference exchange rate, Swiss franc/Euro, 2.15 pm (C.E.T.)",CHF,0
EXR.D.CHF.EUR.SP00.A,D,CHF,EUR,SP00,A,2014-05-27,1.2221,A,,,,P1D,,A,,,,,,,99Q1=100,,,4,,4F0,,Swiss franc/Euro ECB reference exchange rate,"ECB reference exchange rate, Swiss franc/Euro, 2.15 pm (C.E.T.)",CHF,0
EXR.D.CHF.EUR.SP00.A,D,CHF,EUR,SP00,A,2014-05-28,1.2225,A,,,,P1D,,A,,,,,,,99Q1=100,,,4,,4F0,,Swiss franc/Euro ECB reference exchange rate,"ECB reference exchange rate, Swiss franc/Euro, 2.15 pm (C.E.T.)",CHF,0
EXR.D.CHF.EUR.SP00.A,D,CHF,EUR,SP00,A,2014-05-29,1.221,A,,,,P1D,,A,,,,,,,99Q1=100,,,4,,4F0,,Swiss franc/Euro ECB reference exchange rate,"ECB reference exchange rate, Swiss franc/Euro, 2.15 pm (C.E.T.)",CHF,0
EXR.D.CHF.EUR.SP00.A,D,CHF,EUR,SP00,A,2014-05-30,1.2204,A,,,,P1D,,A,,,,,,,99Q1=100,,,4,,4F0,,Swiss franc/Euro ECB reference exchange rate,"ECB reference exchange rate, Swiss franc/Euro, 2.15 pm (C.E.T.)",CHF,0
EXR.D.CHF.EUR.SP00.A,D,CHF,EUR,SP00,A,2014-06-02,1.2214,A,,,,P1D,,A,,,,,,,99Q1=100,,,4,,4F0,,Swiss franc/Euro ECB reference exchange rate,"ECB reference exchange rate, Swiss franc/Euro, 2.15 pm (C.E.T.)",CHF,0
EXR.D.CHF.EUR.SP00.A,D,CHF,EUR,SP00,A,2014-06-03,1.2216,A,,,,P1D,,A,,,,,,,99Q1=100,,,4,,4F0,,Swiss franc/Euro ECB reference exchange rate,"ECB reference exchange rate, Swiss franc/Euro, 2.15 pm (C.E.T.)",CHF,0
EXR.D.CHF.EUR.SP00.A,D,CHF,EUR,SP00,A,2014-06-04,1.2204,A,,,,P1D,,A,,,,,,,99Q1=100,,,4,,4F0,,Swiss franc/Euro ECB reference exchange rate,"ECB reference exchange rate, Swiss franc/Euro, 2.15 pm (C.E.T.)",CHF,0
EXR.D.CHF.EUR.SP00.A,D,CHF,EUR,SP00,A,2014-06-05,1.22,A,,,,P1D,,A,,,,,,,99Q1=100,,,4,,4F0,,Swiss franc/Euro ECB reference exchange rate,"ECB reference exchange rate, Swiss franc/Euro, 2.15 pm (C.E.T.)",CHF,0
EXR.D.CHF.EUR.SP00.A,D,CHF,EUR,SP00,A,2014-06-06,1.2185,A,,,,P1D,,A,,,,,,,99Q1=100,,,4,,4F0,,Swiss franc/Euro ECB reference exchange rate,"ECB reference exchange rate, Swiss franc/Euro, 2.15 pm (C.E.T.)",CHF,0
EXR.D.CHF.EUR.SP00.A,D,CHF,EUR,SP00,A,2014-06-09,1.2193,A,,,,P1D,,A,,,,,,,99Q1=100,,,4,,4F0,,Swiss franc/Euro ECB reference exchange rate,"ECB reference exchange rate, Swiss franc/Euro, 2.15 pm (C.E.T.)",CHF,0
EXR.D.CHF.EUR.SP00.A,D,CHF,EUR,SP00,A,2014-06-10,1.2188,A,,,,P1D,,A,,,,,,,99Q1=100,,,4,,4F0,,Swiss franc/Euro ECB reference exchange rate,"ECB reference exchange rate, Swiss franc/Euro, 2.15 pm (C.E.T.)",CHF,0
EXR.D.CHF.EUR.SP00.A,D,CHF,EUR,SP00,A,2014-06-11,1.2179,A,,,,P1D,,A,,,,,,,99Q1=100,,,4,,4F0,,Swiss franc/Euro ECB reference exchange rate,"ECB reference exchange rate, Swiss franc/Euro, 2.15 pm (C.E.T.)",CHF,0
EXR.D.CHF.EUR.SP00.A,D,CHF,EUR,SP00,A,2014-06-12,1.2174,A,,,,P1D,,A,,,,,,,99Q1=100,,,4,,4F0,,Swiss franc/Euro ECB reference exchange rate,"ECB reference exchange rate, Swiss franc/Euro, 2.15 pm (C.E.T.)",CHF,0
EXR.D.CHF.EUR.SP00.A,D,CHF,EUR,SP00,A,2014-06-13,1.2178,A,,,,P1D,,A,,,,,,,99Q1=100,,,4,,4F0,,Swiss franc/Euro ECB reference exchange rate,"ECB reference exchange rate, Swiss franc/Euro, 2.15 pm (C.E.T.)",CHF,0
EXR.D.CHF.EUR.SP00.A,D,CHF,EUR,SP00,A,2014-06-16,1.2176,A,,,,P1D,,A,,,,,,,99Q1=100,,,4,,4F0,,Swiss franc/Euro ECB reference exchange rate,"ECB reference exchange rate, Swiss franc/Euro, 2.15 pm (C.E.T.)",CHF,0
EXR.D.CHF.EUR.SP00.A,D,CHF,EUR,SP00,A,2014-06-17,1.2188,A,,,,P1D,,A,,,,,,,99Q1=100,,,4,,4F0,,Swiss franc/Euro ECB reference exchange rate,"ECB reference exchange rate, Swiss franc/Euro, 2.15 pm (C.E.T.)",CHF,0
EXR.D.CHF.EUR.SP00.A,D,CHF,EUR,SP00,A,2014-06-18,1.218,A,,,,P1D,,A,,,,,,,99Q1=100,,,4,,4F0,,Swiss franc/Euro ECB reference exchange rate,"ECB reference exchange rate, Swiss franc/Euro, 2.15 pm (C.E.T.)",CHF,0
EXR.D.CHF.EUR.SP00.A,D,CHF,EUR,SP00,A,2014-06-19,1.217,A,,,,P1D,,A,,,,,,,99Q1=100,,,4,,4F0,,Swiss franc/Euro ECB reference exchange rate,"ECB reference exchange rate, Swiss franc/Euro, 2.15 pm (C.E.T.)",CHF,0
EXR.D.CHF.EUR.SP00.A,D,CHF,EUR,SP00,A,2014-06-20,1.2169,A,,,,P1D,,A,,,,,,,99Q1=100,,,4,,4F0,,Swiss franc/Euro ECB reference exchange rate,"ECB reference exchange rate, Swiss franc/Euro, 2.15 pm (C.E.T.)",CHF,0
EXR.D.CHF.EUR.SP00.A,D,CHF,EUR,SP00,A,2014-06-23,1.2167,A,,,,P1D,,A,,,,,,,99Q1=100,,,4,,4F0,,Swiss franc/Euro ECB reference exchange rate,"ECB reference exchange rate, Swiss franc/Euro, 2.15 pm (C.E.T.)",CHF,0
EXR.D.CHF.EUR.SP00.A,D,CHF,EUR,SP00,A,2014-06-24,1.2173,A,,,,P1D,,A,,,,,,,99Q1=100,,,4,,4F0,,Swiss franc/Euro ECB reference exchange rate,"ECB reference exchange rate, Swiss franc/Euro, 2.15 pm (C.E.T.)",CHF,0
EXR.D.CHF.EUR.SP00.A,D,CHF,EUR,SP00,A,2014-06-25,1.2168,A,,,,P1D,,A,,,,,,,99Q1=100,,,4,,4F0,,Swiss franc/Euro ECB reference exchange rate,"ECB reference exchange rate, Swiss franc/Euro, 2.15 pm (C.E.T.)",CHF,0
EXR.D.CHF.EUR.SP00.A,D,CHF,EUR,SP00,A,2014-06-26,1.2164,A,,,,P1D,,A,,,,,,,99Q1=100,,,4,,4F0,,Swiss franc/Euro ECB reference exchange rate,"ECB reference exchange rate, Swiss franc/Euro, 2.15 pm (C.E.T.)",CHF,0
EXR.D.CHF.EUR.SP00.A,D,CHF,EUR,SP00,A,2014-06-27,1.2162,A,,,,P1D,,A,,,,,,,99Q1=100,,,4,,4F0,,Swiss franc/Euro ECB reference exchange rate,"ECB reference exchange rate, Swiss franc/Euro, 2.15 pm (C.E.T.)",CHF,0
EXR.D.CHF.EUR.SP00.A,D,CHF,EUR,SP00,A,2014-06-30,1.2156,A,,,,P1D,,A,,,,,,,99Q1=100,,,4,,4F0,,Swiss franc/Euro ECB reference exchange rate,"ECB reference exchange rate, Swiss franc/Euro, 2.15 pm (C.E.T.)",CHF,0
EXR.D.CHF.EUR.SP00.A,D,CHF,EUR,SP00,A,2014-07-01,1.2138,A,,,,P1D,,A,,,,,,,99Q1=100,,,4,,4F0,,Swiss franc/Euro ECB reference exchange rate,"ECB reference exchange rate, Swiss franc/Euro, 2.15 pm (C.E.T.)",CHF,0
EXR.D.CHF.EUR.SP00.A,D,CHF,EUR,SP00,A,2014-07-02,1.2137,A,,,,P1D,,A,,,,,,,99Q1=100,,,4,,4F0,,Swiss franc/Euro ECB reference exchange rate,"ECB reference exchange rate, Swiss franc/Euro, 2.15 pm (C.E.T.)",CHF,0
EXR.D.CHF.EUR.SP00.A,D,CHF,EUR,SP00,A,2014-07-03,1.2147,A,,,,P1D,,A,,,,,,,99Q1=100,,,4,,4F0,,Swiss franc/Euro ECB reference exchange rate,"ECB reference exchange rate, Swiss franc/Euro, 2.15 pm (C.E.T.)",CHF,0
EXR.D.CHF.EUR.SP00.A,D,CHF,EUR,SP00,A,2014-07-04,1.216,A,,,,P1D,,A,,,,,,,99Q1=100,,,4,,4F0,,Swiss franc/Euro ECB reference exchange rate,"ECB reference exchange rate, Swiss franc/Euro, 2.15 pm (C.E.T.)",CHF,0
EXR.D.CHF.EUR.SP00.A,D,CHF,EUR,SP00,A,2014-07-07,1.2155,A,,,,P1D,,A,,,,,,,99Q1=100,,,4,,4F0,,Swiss franc/Euro ECB reference exchange rate,"ECB reference exchange rate, Swiss franc/Euro, 2.15 pm (C.E.T.)",CHF,0
EXR.D.CHF.EUR.SP00.A,D,CHF,EUR,SP00,A,2014-07-08,1.2155,A,,,,P1D,,A,,,,,,,99Q1=100,,,4,,4F0,,Swiss franc/Euro ECB reference exchange rate,"ECB reference exchange rate, Swiss franc/Euro, 2.15 pm (C.E.T.)",CHF,0
EXR.D.CHF.EUR.SP00.A,D,CHF,EUR,SP00,A,2014-07-09,1.2158,A,,,,P1D,,A,,,,,,,99Q1=100,,,4,,4F0,,Swiss franc/Euro ECB reference exchange rate,"ECB reference exchange rate, Swiss franc/Euro, 2.15 pm (C.E.T.)",CHF,0
EXR.D.CHF.EUR.SP00.A,D,CHF,EUR,SP00,A,2014-07-10,1.2143,A,,,,P1D,,A,,,,,,,99Q1=100,,,4,,4F0,,Swiss franc/Euro ECB reference exchange rate,"ECB reference exchange rate, Swiss franc/Euro, 2.15 pm (C.E.T.)",CHF,0
EXR.D.CHF.EUR.SP00.A,D,CHF,EUR,SP00,A,2014-07-11,1.2143,A,,,,P1D,,A,,,,,,,99Q1=100,,,4,,4F0,,Swiss franc/Euro ECB reference exchange rate,"ECB reference exchange rate, Swiss franc/Euro, 2.15 pm (C.E.T.)",CHF,0
EXR.D.CHF.EUR.SP00.A,D,CHF,EUR,SP00,A,2014-07-14,1.2139,A,,,,P1D,,A,,,,,,,99Q1=100,,,4,,4F0,,Swiss franc/Euro ECB reference exchange rate,"ECB reference exchange rate, Swiss franc/Euro, 2.15 pm (C.E.T.)",CHF,0
EXR.D.CHF.EUR.SP00.A,D,CHF,EUR,SP00,A,2014-07-15,1.2142,A,,,,P1D,,A,,,,,,,99Q1=100,,,4,,4F0,,Swiss franc/Euro ECB reference exchange rate,"ECB reference exchange rate, Swiss franc/Euro, 2.15 pm (C.E.T.)",CHF,0
EXR.D.CHF.EUR.SP00.A,D,CHF,EUR,SP00,A,2014-07-16,1.2156,A,,,,P1D,,A,,,,,,,99Q1=100,,,4,,4F0,,Swiss franc/Euro ECB reference exchange rate,"ECB reference exchange rate, Swiss franc/Euro, 2.15 pm (C.E.T.)",CHF,0
EXR.D.CHF.EUR.SP00.A,D,CHF,EUR,SP00,A,2014-07-17,1.2147,A,,,,P1D,,A,,,,,,,99Q1=100,,,4,,4F0,,Swiss franc/Euro ECB reference exchange rate,"ECB reference exchange rate, Swiss franc/Euro, 2.15 pm (C.E.T.)",CHF,0
EXR.D.CHF.EUR.SP00.A,D,CHF,EUR,SP00,A,2014-07-18,1.2144,A,,,,P1D,,A,,,,,,,99Q1=100,,,4,,4F0,,Swiss franc/Euro ECB reference exchange rate,"ECB reference exchange rate, Swiss franc/Euro, 2.15 pm (C.E.T.)",CHF,0
EXR.D.CHF.EUR.SP00.A,D,CHF,EUR,SP00,A,2014-07-21,1.2144,A,,,,P1D,,A,,,,,,,99Q1=100,,,4,,4F0,,Swiss franc/Euro ECB reference exchange rate,"ECB reference exchange rate, Swiss franc/Euro, 2.15 pm (C.E.T.)",CHF,0
EXR.D.CHF.EUR.SP00.A,D,CHF,EUR,SP00,A,2014-07-22,1.2151,A,,,,P1D,,A,,,,,,,99Q1=100,,,4,,4F0,,Swiss franc/Euro ECB reference exchange rate,"ECB reference exchange rate, Swiss franc/Euro, 2.15 pm (C.E.T.)",CHF,0
EXR.D.CHF.EUR.SP00.A,D,CHF,EUR,SP00,A,2014-07-23,1.215,A,,,,P1D,,A,,,,,,,99Q1=100,,,4,,4F0,,Swiss franc/Euro ECB reference exchange rate,"ECB reference exchange rate, Swiss franc/Euro, 2.15 pm (C.E.T.)",CHF,0
EXR.D.CHF.EUR.SP00.A,D,CHF,EUR,SP00,A,2014-07-24,1.2152,A,,,,P1D,,A,,,,,,,99Q1=100,,,4,,4F0,,Swiss franc/Euro ECB reference exchange rate,"ECB reference exchange rate, Swiss franc/Euro, 2.15 pm (C.E.T.)",CHF,0
EXR.D.CHF.EUR.SP00.A,D,CHF,EUR,SP00,A,2014-07-25,1.2152,A,,,,P1D,,A,,,,,,,99Q1=100,,,4,,4F0,,Swiss franc/Euro ECB reference exchange rate,"ECB reference exchange rate, Swiss franc/Euro, 2.15 pm (C.E.T.)",CHF,0
EXR.D.CHF.EUR.SP00.A,D,CHF,EUR,SP00,A,2014-07-28,1.215,A,,,,P1D,,A,,,,,,,99Q1=100,,,4,,4F0,,Swiss franc/Euro ECB reference exchange rate,"ECB reference exchange rate, Swiss franc/Euro, 2.15 pm (C.E.T.)",CHF,0
EXR.D.CHF.EUR.SP00.A,D,CHF,EUR,SP00,A,2014-07-29,1.2152,A,,,,P1D,,A,,,,,,,99Q1=100,,,4,,4F0,,Swiss franc/Euro ECB reference exchange rate,"ECB reference exchange rate, Swiss franc/Euro, 2.15 pm (C.E.T.)",CHF,0
EXR.D.CHF.EUR.SP00.A,D,CHF,EUR,SP00,A,2014-07-30,1.2165,A,,,,P1D,,A,,,,,,,99Q1=100,,,4,,4F0,,Swiss franc/Euro ECB reference exchange rate,"ECB reference exchange rate, Swiss franc/Euro, 2.15 pm (C.E.T.)",CHF,0
EXR.D.CHF.EUR.SP00.A,D,CHF,EUR,SP00,A,2014-07-31,1.2169,A,,,,P1D,,A,,,,,,,99Q1=100,,,4,,4F0,,Swiss franc/Euro ECB reference exchange rate,"ECB reference exchange rate, Swiss franc/Euro, 2.15 pm (C.E.T.)",CHF,0
EXR.D.CHF.EUR.SP00.A,D,CHF,EUR,SP00,A,2014-08-01,1.2163,A,,,,P1D,,A,,,,,,,99Q1=100,,,4,,4F0,,Swiss franc/Euro ECB reference exchange rate,"ECB reference exchange rate, Swiss franc/Euro, 2.15 pm (C.E.T.)",CHF,0
EXR.D.CHF.EUR.SP00.A,D,CHF,EUR,SP00,A,2014-08-04,1.2167,A,,,,P1D,,A,,,,,,,99Q1=100,,,4,,4F0,,Swiss franc/Euro ECB reference exchange rate,"ECB reference exchange rate, Swiss franc/Euro, 2.15 pm (C.E.T.)",CHF,0
EXR.D.CHF.EUR.SP00.A,D,CHF,EUR,SP00,A,2014-08-05,1.2175,A,,,,P1D,,A,,,,,,,99Q1=100,,,4,,4F0,,Swiss franc/Euro ECB reference exchange rate,"ECB reference exchange rate, Swiss franc/Euro, 2.15 pm (C.E.T.)",CHF,0
EXR.D.CHF.EUR.SP00.A,D,CHF,EUR,SP00,A,2014-08-06,1.2152,A,,,,P1D,,A,,,,,,,99Q1=100,,,4,,4F0,,Swiss franc/Euro ECB reference exchange rate,"ECB reference exchange rate, Swiss franc/Euro, 2.15 pm (C.E.T.)",CHF,0
EXR.D.CHF.EUR.SP00.A,D,CHF,EUR,SP00,A,2014-08-07,1.215,A,,,,P1D,,A,,,,,,,99Q1=100,,,4,,4F0,,Swiss franc/Euro ECB reference exchange rate,"ECB reference exchange rate, Swiss franc/Euro, 2.15 pm (C.E.T.)",CHF,0
EXR.D.CHF.EUR.SP00.A,D,CHF,EUR,SP00,A,2014-08-08,1.2137,A,,,,P1D,,A,,,,,,,99Q1=100,,,4,,4F0,,Swiss franc/Euro ECB reference exchange rate,"ECB reference exchange rate, Swiss franc/Euro, 2.15 pm (C.E.T.)",CHF,0
EXR.D.CHF.EUR.SP00.A,D,CHF,EUR,SP00,A,2014-08-11,1.2134,A,,,,P1D,,A,,,,,,,99Q1=100,,,4,,4F0,,Swiss franc/Euro ECB reference exchange rate,"ECB reference exchange rate, Swiss franc/Euro, 2.15 pm (C.E.T.)",CHF,0
EXR.D.CHF.EUR.SP00.A,D,CHF,EUR,SP00,A,2014-08-12,1.2138,A,,,,P1D,,A,,,,,,,99Q1=100,,,4,,4F0,,Swiss franc/Euro ECB reference exchange rate,"ECB reference exchange rate, Swiss franc/Euro, 2.15 pm (C.E.T.)",CHF,0
EXR.D.CHF.EUR.SP00.A,D,CHF,EUR,SP00,A,2014-08-13,1.2135,A,,,,P1D,,A,,,,,,,99Q1=100,,,4,,4F0,,Swiss franc/Euro ECB reference exchange rate,"ECB reference exchange rate, Swiss franc/Euro, 2.15 pm (C.E.T.)",CHF,0
EXR.D.CHF.EUR.SP00.A,D,CHF,EUR,SP00,A,2014-08-14,1.2124,A,,,,P1D,,A,,,,,,,99Q1=100,,,4,,4F0,,Swiss franc/Euro ECB reference exchange rate,"ECB reference exchange rate, Swiss franc/Euro, 2.15 pm (C.E.T.)",CHF,0
EXR.D.CHF.EUR.SP00.A,D,CHF,EUR,SP00,A,2014-08-15,1.2114,A,,,,P1D,,A,,,,,,,99Q1=100,,,4,,4F0,,Swiss franc/Euro ECB reference exchange rate,"ECB reference exchange rate, Swiss franc/Euro, 2.15 pm (C.E.T.)",CHF,0
EXR.D.CHF.EUR.SP00.A,D,CHF,EUR,SP00,A,2014-08-18,1.2107,A,,,,P1D,,A,,,,,,,99Q1=100,,,4,,4F0,,Swiss franc/Euro ECB reference exchange rate,"ECB reference exchange rate, Swiss franc/Euro, 2.15 pm (C.E.T.)",CHF,0
EXR.D.CHF.EUR.SP00.A,D,CHF,EUR,SP00,A,2014-08-19,1.2104,A,,,,P1D,,A,,,,,,,99Q1=100,,,4,,4F0,,Swiss franc/Euro ECB reference exchange rate,"ECB reference exchange rate, Swiss franc/Euro, 2.15 pm (C.E.T.)",CHF,0
EXR.D.CHF.EUR.SP00.A,D,CHF,EUR,SP00,A,2014-08-20,1.2106,A,,,,P1D,,A,,,,,,,99Q1=100,,,4,,4F0,,Swiss franc/Euro ECB reference exchange rate,"ECB reference exchange rate, Swiss franc/Euro, 2.15 pm (C.E.T.)",CHF,0
EXR.D.CHF.EUR.SP00.A,D,CHF,EUR,SP00,A,2014-08-21,1.2109,A,,,,P1D,,A,,,,,,,99Q1=100,,,4,,4F0,,Swiss franc/Euro ECB reference exchange rate,"ECB reference exchange rate, Swiss franc/Euro, 2.15 pm (C.E.T.)",CHF,0
EXR.D.CHF.EUR.SP00.A,D,CHF,EUR,SP00,A,2014-08-22,1.21,A,,,,P1D,,A,,,,,,,99Q1=100,,,4,,4F0,,Swiss franc/Euro ECB reference exchange rate,"ECB reference exchange rate, Swiss franc/Euro, 2.15 pm (C.E.T.)",CHF,0
EXR.D.CHF.EUR.SP00.A,D,CHF,EUR,SP00,A,2014-08-25,1.2087,A,,,,P1D,,A,,,,,,,99Q1=100,,,4,,4F0,,Swiss franc/Euro ECB reference exchange rate,"ECB reference exchange rate, Swiss franc/Euro, 2.15 pm (C.E.T.)",CHF,0
EXR.D.CHF.EUR.SP00.A,D,CHF,EUR,SP00,A,2014-08-26,1.2086,A,,,,P1D,,A,,,,,,,99Q1=100,,,4,,4F0,,Swiss franc/Euro ECB reference exchange rate,"ECB reference exchange rate, Swiss franc/Euro, 2.15 pm (C.E.T.)",CHF,0
EXR.D.CHF.EUR.SP00.A,D,CHF,EUR,SP00,A,2014-08-27,1.2068,A,,,,P1D,,A,,,,,,,99Q1=100,,,4,,4F0,,Swiss franc/Euro ECB reference exchange rate,"ECB reference exchange rate, Swiss franc/Euro, 2.15 pm (C.E.T.)",CHF,0
EXR.D.CHF.EUR.SP00.A,D,CHF,EUR,SP00,A,2014-08-28,1.206,A,,,,P1D,,A,,,,,,,99Q1=100,,,4,,4F0,,Swiss franc/Euro ECB reference exchange rate,"ECB reference exchange rate, Swiss franc/Euro, 2.15 pm (C.E.T.)",CHF,0
EXR.D.CHF.EUR.SP00.A,D,CHF,EUR,SP00,A,2014-08-29,1.2061,A,,,,P1D,,A,,,,,,,99Q1=100,,,4,,4F0,,Swiss franc/Euro ECB reference exchange rate,"ECB reference exchange rate, Swiss franc/Euro, 2.15 pm (C.E.T.)",CHF,0
EXR.D.CHF.EUR.SP00.A,D,CHF,EUR,SP00,A,2014-09-01,1.2072,A,,,,P1D,,A,,,,,,,99Q1=100,,,4,,4F0,,Swiss franc/Euro ECB reference exchange rate,"ECB reference exchange rate, Swiss franc/Euro, 2.15 pm (C.E.T.)",CHF,0
EXR.D.CHF.EUR.SP00.A,D,CHF,EUR,SP00,A,2014-09-02,1.2072,A,,,,P1D,,A,,,,,,,99Q1=100,,,4,,4F0,,Swiss franc/Euro ECB reference exchange rate,"ECB reference exchange rate, Swiss franc/Euro, 2.15 pm (C.E.T.)",CHF,0
EXR.D.CHF.EUR.SP00.A,D,CHF,EUR,SP00,A,2014-09-03,1.2078,A,,,,P1D,,A,,,,,,,99Q1=100,,,4,,4F0,,Swiss franc/Euro ECB reference exchange rate,"ECB reference exchange rate, Swiss franc/Euro, 2.15 pm (C.E.T.)",CHF,0
EXR.D.CHF.EUR.SP00.A,D,CHF,EUR,SP00,A,2014-09-04,1.2055,A,,,,P1D,,A,,,,,,,99Q1=100,,,4,,4F0,,Swiss franc/Euro ECB reference exchange rate,"ECB reference exchange rate, Swiss franc/Euro, 2.15 pm (C.E.T.)",CHF,0
EXR.D.CHF.EUR.SP00.A,D,CHF,EUR,SP00,A,2014-09-05,1.2064,A,,,,P1D,,A,,,,,,,99Q1=100,,,4,,4F0,,Swiss franc/Euro ECB reference exchange rate,"ECB reference exchange rate, Swiss franc/Euro, 2.15 pm (C.E.T.)",CHF,0
EXR.D.CHF.EUR.SP00.A,D,CHF,EUR,SP00,A,2014-09-08,1.2069,A,,,,P1D,,A,,,,,,,99Q1=100,,,4,,4F0,,Swiss franc/Euro ECB reference exchange rate,"ECB reference exchange rate, Swiss franc/Euro, 2.15 pm (C.E.T.)",CHF,0
EXR.D.CHF.EUR.SP00.A,D,CHF,EUR,SP00,A,2014-09-09,1.206,A,,,,P1D,,A,,,,,,,99Q1=100,,,4,,4F0,,Swiss franc/Euro ECB reference exchange rate,"ECB reference exchange rate, Swiss franc/Euro, 2.15 pm (C.E.T.)",CHF,0
EXR.D.CHF.EUR.SP00.A,D,CHF,EUR,SP00,A,2014-09-10,1.2072,A,,,,P1D,,A,,,,,,,99Q1=100,,,4,,4F0,,Swiss franc/Euro ECB reference exchange rate,"ECB reference exchange rate, Swiss franc/Euro, 2.15 pm (C.E.T.)",CHF,0
EXR.D.CHF.EUR.SP00.A,D,CHF,EUR,SP00,A,2014-09-11,1.21,A,,,,P1D,,A,,,,,,,99Q1=100,,,4,,4F0,,Swiss franc/Euro ECB reference exchange rate,"ECB reference exchange rate, Swiss franc/Euro, 2.15 pm (C.E.T.)",CHF,0
EXR.D.CHF.EUR.SP00.A,D,CHF,EUR,SP00,A,2014-09-12,1.2089,A,,,,P1D,,A,,,,,,,99Q1=100,,,4,,4F0,,Swiss franc/Euro ECB reference exchange rate,"ECB reference exchange rate, Swiss franc/Euro, 2.15 pm (C.E.T.)",CHF,0
EXR.D.CHF.EUR.SP00.A,D,CHF,EUR,SP00,A,2014-09-15,1.2099,A,,,,P1D,,A,,,,,,,99Q1=100,,,4,,4F0,,Swiss franc/Euro ECB reference exchange rate,"ECB reference exchange rate, Swiss franc/Euro, 2.15 pm (C.E.T.)",CHF,0
EXR.D.CHF.EUR.SP00.A,D,CHF,EUR,SP00,A,2014-09-16,1.2085,A,,,,P1D,,A,,,,,,,99Q1=100,,,4,,4F0,,Swiss franc/Euro ECB reference exchange rate,"ECB reference exchange rate, Swiss franc/Euro, 2.15 pm (C.E.T.)",CHF,0
EXR.D.CHF.EUR.SP00.A,D,CHF,EUR,SP00,A,2014-09-17,1.2101,A,,,,P1D,,A,,,,,,,99Q1=100,,,4,,4F0,,Swiss franc/Euro ECB reference exchange rate,"ECB reference exchange rate, Swiss franc/Euro, 2.15 pm (C.E.T.)",CHF,0
EXR.D.CHF.EUR.SP00.A,D,CHF,EUR,SP00,A,2014-09-18,1.2086,A,,,,P1D,,A,,,,,,,99Q1=100,,,4,,4F0,,Swiss franc/Euro ECB reference exchange rate,"ECB reference exchange rate, Swiss franc/Euro, 2.15 pm (C.E.T.)",CHF,0
EXR.D.CHF.EUR.SP00.A,D,CHF,EUR,SP00,A,2014-09-19,1.2067,A,,,,P1D,,A,,,,,,,99Q1=100,,,4,,4F0,,Swiss franc/Euro ECB reference exchange rate,"ECB reference exchange rate, Swiss franc/Euro, 2.15 pm (C.E.T.)",CHF,0
EXR.D.CHF.EUR.SP00.A,D,CHF,EUR,SP00,A,2014-09-22,1.2069,A,,,,P1D,,A,,,,,,,99Q1=100,,,4,,4F0,,Swiss franc/Euro ECB reference exchange rate,"ECB reference exchange rate, Swiss franc/Euro, 2.15 pm (C.E.T.)",CHF,0
EXR.D.CHF.EUR.SP00.A,D,CHF,EUR,SP00,A,2014-09-23,1.2069,A,,,,P1D,,A,,,,,,,99Q1=100,,,4,,4F0,,Swiss franc/Euro ECB reference exchange rate,"ECB reference exchange rate, Swiss franc/Euro, 2.15 pm (C.E.T.)",CHF,0
EXR.D.CHF.EUR.SP00.A,D,CHF,EUR,SP00,A,2014-09-24,1.2077,A,,,,P1D,,A,,,,,,,99Q1=100,,,4,,4F0,,Swiss franc/Euro ECB reference exchange rate,"ECB reference exchange rate, Swiss franc/Euro, 2.15 pm (C.E.T.)",CHF,0
EXR.D.CHF.EUR.SP00.A,D,CHF,EUR,SP00,A,2014-09-25,1.2076,A,,,,P1D,,A,,,,,,,99Q1=100,,,4,,4F0,,Swiss franc/Euro ECB reference exchange rate,"ECB reference exchange rate, Swiss franc/Euro, 2.15 pm (C.E.T.)",CHF,0
EXR.D.CHF.EUR.SP00.A,D,CHF,EUR,SP00,A,2014-09-26,1.2071,A,,,,P1D,,A,,,,,,,99Q1=100,,,4,,4F0,,Swiss franc/Euro ECB reference exchange rate,"ECB reference exchange rate, Swiss franc/Euro, 2.15 pm (C.E.T.)",CHF,0
EXR.D.CHF.EUR.SP00.A,D,CHF,EUR,SP00,A,2014-09-29,1.2071,A,,,,P1D,,A,,,,,,,99Q1=100,,,4,,4F0,,Swiss franc/Euro ECB reference exchange rate,"ECB reference exchange rate, Swiss franc/Euro, 2.15 pm (C.E.T.)",CHF,0
EXR.D.CHF.EUR.SP00.A,D,CHF,EUR,SP00,A,2014-09-30,1.2063,A,,,,P1D,,A,,,,,,,99Q1=100,,,4,,4F0,,Swiss franc/Euro ECB reference exchange rate,"ECB reference exchange rate, Swiss franc/Euro, 2.15 pm (C.E.T.)",CHF,0
EXR.D.CHF.EUR.SP00.A,D,CHF,EUR,SP00,A,2014-10-01,1.2072,A,,,,P1D,,A,,,,,,,99Q1=100,,,4,,4F0,,Swiss franc/Euro ECB reference exchange rate,"ECB reference exchange rate, Swiss franc/Euro, 2.15 pm (C.E.T.)",CHF,0
EXR.D.CHF.EUR.SP00.A,D,CHF,EUR,SP00,A,2014-10-02,1.2085,A,,,,P1D,,A,,,,,,,99Q1=100,,,4,,4F0,,Swiss franc/Euro ECB reference exchange rate,"ECB reference exchange rate, Swiss franc/Euro, 2.15 pm (C.E.T.)",CHF,0
EXR.D.CHF.EUR.SP00.A,D,CHF,EUR,SP00,A,2014-10-03,1.2089,A,,,,P1D,,A,,,,,,,99Q1=100,,,4,,4F0,,Swiss franc/Euro ECB reference exchange rate,"ECB reference exchange rate, Swiss franc/Euro, 2.15 pm (C.E.T.)",CHF,0
EXR.D.CHF.EUR.SP00.A,D,CHF,EUR,SP00,A,2014-10-06,1.212,A,,,,P1D,,A,,,,,,,99Q1=100,,,4,,4F0,,Swiss franc/Euro ECB reference exchange rate,"ECB reference exchange rate, Swiss franc/Euro, 2.15 pm (C.E.T.)",CHF,0
EXR.D.CHF.EUR.SP00.A,D,CHF,EUR,SP00,A,2014-10-07,1.2115,A,,,,P1D,,A,,,,,,,99Q1=100,,,4,,4F0,,Swiss franc/Euro ECB reference exchange rate,"ECB reference exchange rate, Swiss franc/Euro, 2.15 pm (C.E.T.)",CHF,0
EXR.D.CHF.EUR.SP00.A,D,CHF,EUR,SP00,A,2014-10-08,1.2132,A,,,,P1D,,A,,,,,,,99Q1=100,,,4,,4F0,,Swiss franc/Euro ECB reference exchange rate,"ECB reference exchange rate, Swiss franc/Euro, 2.15 pm (C.E.T.)",CHF,0
EXR.D.CHF.EUR.SP00.A,D,CHF,EUR,SP00,A,2014-10-09,1.2107,A,,,,P1D,,A,,,,,,,99Q1=100,,,4,,4F0,,Swiss franc/Euro ECB reference exchange rate,"ECB reference exchange rate, Swiss franc/Euro, 2.15 pm (C.E.T.)",CHF,0
EXR.D.CHF.EUR.SP00.A,D,CHF,EUR,SP00,A,2014-10-10,1.2092,A,,,,P1D,,A,,,,,,,99Q1=100,,,4,,4F0,,Swiss franc/Euro ECB reference exchange rate,"ECB reference exchange rate, Swiss franc/Euro, 2.15 pm (C.E.T.)",CHF,0
EXR.D.CHF.EUR.SP00.A,D,CHF,EUR,SP00,A,2014-10-13,1.2077,A,,,,P1D,,A,,,,,,,99Q1=100,,,4,,4F0,,Swiss franc/Euro ECB reference exchange rate,"ECB reference exchange rate, Swiss franc/Euro, 2.15 pm (C.E.T.)",CHF,0
EXR.D.CHF.EUR.SP00.A,D,CHF,EUR,SP00,A,2014-10-14,1.2079,A,,,,P1D,,A,,,,,,,99Q1=100,,,4,,4F0,,Swiss franc/Euro ECB reference exchange rate,"ECB reference exchange rate, Swiss franc/Euro, 2.15 pm (C.E.T.)",CHF,0
EXR.D.CHF.EUR.SP00.A,D,CHF,EUR,SP00,A,2014-10-15,1.2072,A,,,,P1D,,A,,,,,,,99Q1=100,,,4,,4F0,,Swiss franc/Euro ECB reference exchange rate,"ECB reference exchange rate, Swiss franc/Euro, 2.15 pm (C.E.T.)",CHF,0
EXR.D.CHF.EUR.SP00.A,D,CHF,EUR,SP00,A,2014-10-16,1.2061,A,,,,P1D,,A,,,,,,,99Q1=100,,,4,,4F0,,Swiss franc/Euro ECB reference exchange rate,"ECB reference exchange rate, Swiss franc/Euro, 2.15 pm (C.E.T.)",CHF,0
EXR.D.CHF.EUR.SP00.A,D,CHF,EUR,SP00,A,2014-10-17,1.2074,A,,,,P1D,,A,,,,,,,99Q1=100,,,4,,4F0,,Swiss franc/Euro ECB reference exchange rate,"ECB reference exchange rate, Swiss franc/Euro, 2.15 pm (C.E.T.)",CHF,0
EXR.D.CHF.EUR.SP00.A,D,CHF,EUR,SP00,A,2014-10-20,1.2064,A,,,,P1D,,A,,,,,,,99Q1=100,,,4,,4F0,,Swiss franc/Euro ECB reference exchange rate,"ECB reference exchange rate, Swiss franc/Euro, 2.15 pm (C.E.T.)",CHF,0
EXR.D.CHF.EUR.SP00.A,D,CHF,EUR,SP00,A,2014-10-21,1.2068,A,,,,P1D,,A,,,,,,,99Q1=100,,,4,,4F0,,Swiss franc/Euro ECB reference exchange rate,"ECB reference exchange rate, Swiss franc/Euro, 2.15 pm (C.E.T.)",CHF,0
EXR.D.CHF.EUR.SP00.A,D,CHF,EUR,SP00,A,2014-10-22,1.2062,A,,,,P1D,,A,,,,,,,99Q1=100,,,4,,4F0,,Swiss franc/Euro ECB reference exchange rate,"ECB reference exchange rate, Swiss franc/Euro, 2.15 pm (C.E.T.)",CHF,0
EXR.D.CHF.EUR.SP00.A,D,CHF,EUR,SP00,A,2014-10-23,1.2067,A,,,,P1D,,A,,,,,,,99Q1=100,,,4,,4F0,,Swiss franc/Euro ECB reference exchange rate,"ECB reference exchange rate, Swiss franc/Euro, 2.15 pm (C.E.T.)",CHF,0
EXR.D.CHF.EUR.SP00.A,D,CHF,EUR,SP00,A,2014-10-24,1.206,A,,,,P1D,,A,,,,,,,99Q1=100,,,4,,4F0,,Swiss franc/Euro ECB reference exchange rate,"ECB reference exchange rate, Swiss franc/Euro, 2.15 pm (C.E.T.)",CHF,0
EXR.D.CHF.EUR.SP00.A,D,CHF,EUR,SP00,A,2014-10-27,1.206,A,,,,P1D,,A,,,,,,,99Q1=100,,,4,,4F0,,Swiss franc/Euro ECB reference exchange rate,"ECB reference exchange rate, Swiss franc/Euro, 2.15 pm (C.E.T.)",CHF,0
EXR.D.CHF.EUR.SP00.A,D,CHF,EUR,SP00,A,2014-10-28,1.2056,A,,,,P1D,,A,,,,,,,99Q1=100,,,4,,4F0,,Swiss franc/Euro ECB reference exchange rate,"ECB reference exchange rate, Swiss franc/Euro, 2.15 pm (C.E.T.)",CHF,0
EXR.D.CHF.EUR.SP00.A,D,CHF,EUR,SP00,A,2014-10-29,1.2059,A,,,,P1D,,A,,,,,,,99Q1=100,,,4,,4F0,,Swiss franc/Euro ECB reference exchange rate,"ECB reference exchange rate, Swiss franc/Euro, 2.15 pm (C.E.T.)",CHF,0
EXR.D.CHF.EUR.SP00.A,D,CHF,EUR,SP00,A,2014-10-30,1.2059,A,,,,P1D,,A,,,,,,,99Q1=100,,,4,,4F0,,Swiss franc/Euro ECB reference exchange rate,"ECB reference exchange rate, Swiss franc/Euro, 2.15 pm (C.E.T.)",CHF,0
EXR.D.CHF.EUR.SP00.A,D,CHF,EUR,SP00,A,2014-10-31,1.2067,A,,,,P1D,,A,,,,,,,99Q1=100,,,4,,4F0,,Swiss franc/Euro ECB reference exchange rate,"ECB reference exchange rate, Swiss franc/Euro, 2.15 pm (C.E.T.)",CHF,0
EXR.D.CHF.EUR.SP00.A,D,CHF,EUR,SP00,A,2014-11-03,1.2054,A,,,,P1D,,A,,,,,,,99Q1=100,,,4,,4F0,,Swiss franc/Euro ECB reference exchange rate,"ECB reference exchange rate, Swiss franc/Euro, 2.15 pm (C.E.T.)",CHF,0
EXR.D.CHF.EUR.SP00.A,D,CHF,EUR,SP00,A,2014-11-04,1.2055,A,,,,P1D,,A,,,,,,,99Q1=100,,,4,,4F0,,Swiss franc/Euro ECB reference exchange rate,"ECB reference exchange rate, Swiss franc/Euro, 2.15 pm (C.E.T.)",CHF,0
EXR.D.CHF.EUR.SP00.A,D,CHF,EUR,SP00,A,2014-11-05,1.2043,A,,,,P1D,,A,,,,,,,99Q1=100,,,4,,4F0,,Swiss franc/Euro ECB reference exchange rate,"ECB reference exchange rate, Swiss franc/Euro, 2.15 pm (C.E.T.)",CHF,0
EXR.D.CHF.EUR.SP00.A,D,CHF,EUR,SP00,A,2014-11-06,1.2045,A,,,,P1D,,A,,,,,,,99Q1=100,,,4,,4F0,,Swiss franc/Euro ECB reference exchange rate,"ECB reference exchange rate, Swiss franc/Euro, 2.15 pm (C.E.T.)",CHF,0
EXR.D.CHF.EUR.SP00.A,D,CHF,EUR,SP00,A,2014-11-07,1.204,A,,,,P1D,,A,,,,,,,99Q1=100,,,4,,4F0,,Swiss franc/Euro ECB reference exchange rate,"ECB reference exchange rate, Swiss franc/Euro, 2.15 pm (C.E.T.)",CHF,0
EXR.D.CHF.EUR.SP00.A,D,CHF,EUR,SP00,A,2014-11-10,1.2028,A,,,,P1D,,A,,,,,,,99Q1=100,,,4,,4F0,,Swiss franc/Euro ECB reference exchange rate,"ECB reference exchange rate, Swiss franc/Euro, 2.15 pm (C.E.T.)",CHF,0
EXR.D.CHF.EUR.SP00.A,D,CHF,EUR,SP00,A,2014-11-11,1.2024,A,,,,P1D,,A,,,,,,,99Q1=100,,,4,,4F0,,Swiss franc/Euro ECB reference exchange rate,"ECB reference exchange rate, Swiss franc/Euro, 2.15 pm (C.E.T.)",CHF,0
EXR.D.CHF.EUR.SP00.A,D,CHF,EUR,SP00,A,2014-11-12,1.2023,A,,,,P1D,,A,,,,,,,99Q1=100,,,4,,4F0,,Swiss franc/Euro ECB reference exchange rate,"ECB reference exchange rate, Swiss franc/Euro, 2.15 pm (C.E.T.)",CHF,0
EXR.D.CHF.EUR.SP00.A,D,CHF,EUR,SP00,A,2014-11-13,1.2018,A,,,,P1D,,A,,,,,,,99Q1=100,,,4,,4F0,,Swiss franc/Euro ECB reference exchange rate,"ECB reference exchange rate, Swiss franc/Euro, 2.15 pm (C.E.T.)",CHF,0
EXR.D.CHF.EUR.SP00.A,D,CHF,EUR,SP00,A,2014-11-14,1.2015,A,,,,P1D,,A,,,,,,,99Q1=100,,,4,,4F0,,Swiss franc/Euro ECB reference exchange rate,"ECB reference exchange rate, Swiss franc/Euro, 2.15 pm (C.E.T.)",CHF,0
EXR.D.CHF.EUR.SP00.A,D,CHF,EUR,SP00,A,2014-11-17,1.2013,A,,,,P1D,,A,,,,,,,99Q1=100,,,4,,4F0,,Swiss franc/Euro ECB reference exchange rate,"ECB reference exchange rate, Swiss franc/Euro, 2.15 pm (C.E.T.)",CHF,0
EXR.D.CHF.EUR.SP00.A,D,CHF,EUR,SP00,A,2014-11-18,1.2013,A,,,,P1D,,A,,,,,,,99Q1=100,,,4,,4F0,,Swiss franc/Euro ECB reference exchange rate,"ECB reference exchange rate, Swiss franc/Euro, 2.15 pm (C.E.T.)",CHF,0
EXR.D.CHF.EUR.SP00.A,D,CHF,EUR,SP00,A,2014-11-19,1.2014,A,,,,P1D,,A,,,,,,,99Q1=100,,,4,,4F0,,Swiss franc/Euro ECB reference exchange rate,"ECB reference exchange rate, Swiss franc/Euro, 2.15 pm (C.E.T.)",CHF,0
EXR.D.CHF.EUR.SP00.A,D,CHF,EUR,SP00,A,2014-11-20,1.2014,A,,,,P1D,,A,,,,,,,99Q1=100,,,4,,4F0,,Swiss franc/Euro ECB reference exchange rate,"ECB reference exchange rate, Swiss franc/Euro, 2.15 pm (C.E.T.)",CHF,0
EXR.D.CHF.EUR.SP00.A,D,CHF,EUR,SP00,A,2014-11-21,1.2024,A,,,,P1D,,A,,,,,,,99Q1=100,,,4,,4F0,,Swiss franc/Euro ECB reference exchange rate,"ECB reference exchange rate, Swiss franc/Euro, 2.15 pm (C.E.T.)",CHF,0
EXR.D.CHF.EUR.SP00.A,D,CHF,EUR,SP00,A,2014-11-24,1.2027,A,,,,P1D,,A,,,,,,,99Q1=100,,,4,,4F0,,Swiss franc/Euro ECB reference exchange rate,"ECB reference exchange rate, Swiss franc/Euro, 2.15 pm (C.E.T.)",CHF,0
EXR.D.CHF.EUR.SP00.A,D,CHF,EUR,SP00,A,2014-11-25,1.203,A,,,,P1D,,A,,,,,,,99Q1=100,,,4,,4F0,,Swiss franc/Euro ECB reference exchange rate,"ECB reference exchange rate, Swiss franc/Euro, 2.15 pm (C.E.T.)",CHF,0
EXR.D.CHF.EUR.SP00.A,D,CHF,EUR,SP00,A,2014-11-26,1.2026,A,,,,P1D,,A,,,,,,,99Q1=100,,,4,,4F0,,Swiss franc/Euro ECB reference exchange rate,"ECB reference exchange rate, Swiss franc/Euro, 2.15 pm (C.E.T.)",CHF,0
EXR.D.CHF.EUR.SP00.A,D,CHF,EUR,SP00,A,2014-11-27,1.2022,A,,,,P1D,,A,,,,,,,99Q1=100,,,4,,4F0,,Swiss franc/Euro ECB reference exchange rate,"ECB reference exchange rate, Swiss franc/Euro, 2.15 pm (C.E.T.)",CHF,0
EXR.D.CHF.EUR.SP00.A,D,CHF,EUR,SP00,A,2014-11-28,1.2018,A,,,,P1D,,A,,,,,,,99Q1=100,,,4,,4F0,,Swiss franc/Euro ECB reference exchange rate,"ECB reference exchange rate, Swiss franc/Euro, 2.15 pm (C.E.T.)",CHF,0
EXR.D.CHF.EUR.SP00.A,D,CHF,EUR,SP00,A,2014-12-01,1.2028,A,,,,P1D,,A,,,,,,,99Q1=100,,,4,,4F0,,Swiss franc/Euro ECB reference exchange rate,"ECB reference exchange rate, Swiss franc/Euro, 2.15 pm (C.E.T.)",CHF,0
EXR.D.CHF.EUR.SP00.A,D,CHF,EUR,SP00,A,2014-12-02,1.204,A,,,,P1D,,A,,,,,,,99Q1=100,,,4,,4F0,,Swiss franc/Euro ECB reference exchange rate,"ECB reference exchange rate, Swiss franc/Euro, 2.15 pm (C.E.T.)",CHF,0
EXR.D.CHF.EUR.SP00.A,D,CHF,EUR,SP00,A,2014-12-03,1.2032,A,,,,P1D,,A,,,,,,,99Q1=100,,,4,,4F0,,Swiss franc/Euro ECB reference exchange rate,"ECB reference exchange rate, Swiss franc/Euro, 2.15 pm (C.E.T.)",CHF,0
EXR.D.CHF.EUR.SP00.A,D,CHF,EUR,SP00,A,2014-12-04,1.2035,A,,,,P1D,,A,,,,,,,99Q1=100,,,4,,4F0,,Swiss franc/Euro ECB reference exchange rate,"ECB reference exchange rate, Swiss franc/Euro, 2.15 pm (C.E.T.)",CHF,0
EXR.D.CHF.EUR.SP00.A,D,CHF,EUR,SP00,A,2014-12-05,1.2021,A,,,,P1D,,A,,,,,,,99Q1=100,,,4,,4F0,,Swiss franc/Euro ECB reference exchange rate,"ECB reference exchange rate, Swiss franc/Euro, 2.15 pm (C.E.T.)",CHF,0
EXR.D.CHF.EUR.SP00.A,D,CHF,EUR,SP00,A,2014-12-08,1.2023,A,,,,P1D,,A,,,,,,,99Q1=100,,,4,,4F0,,Swiss franc/Euro ECB reference exchange rate,"ECB reference exchange rate, Swiss franc/Euro, 2.15 pm (C.E.T.)",CHF,0
EXR.D.CHF.EUR.SP00.A,D,CHF,EUR,SP00,A,2014-12-09,1.2021,A,,,,P1D,,A,,,,,,,99Q1=100,,,4,,4F0,,Swiss franc/Euro ECB reference exchange rate,"ECB reference exchange rate, Swiss franc/Euro, 2.15 pm (C.E.T.)",CHF,0
EXR.D.CHF.EUR.SP00.A,D,CHF,EUR,SP00,A,2014-12-10,1.2024,A,,,,P1D,,A,,,,,,,99Q1=100,,,4,,4F0,,Swiss franc/Euro ECB reference exchange rate,"ECB reference exchange rate, Swiss franc/Euro, 2.15 pm (C.E.T.)",CHF,0
EXR.D.CHF.EUR.SP00.A,D,CHF,EUR,SP00,A,2014-12-11,1.2012,A,,,,P1D,,A,,,,,,,99Q1=100,,,4,,4F0,,Swiss franc/Euro ECB reference exchange rate,"ECB reference exchange rate, Swiss franc/Euro, 2.15 pm (C.E.T.)",CHF,0
EXR.D.CHF.EUR.SP00.A,D,CHF,EUR,SP00,A,2014-12-12,1.201,A,,,,P1D,,A,,,,,,,99Q1=100,,,4,,4F0,,Swiss franc/Euro ECB reference exchange rate,"ECB reference exchange rate, Swiss franc/Euro, 2.15 pm (C.E.T.)",CHF,0
EXR.D.CHF.EUR.SP00.A,D,CHF,EUR,SP00,A,2014-12-15,1.2011,A,,,,P1D,,A,,,,,,,99Q1=100,,,4,,4F0,,Swiss franc/Euro ECB reference exchange rate,"ECB reference exchange rate, Swiss franc/Euro, 2.15 pm (C.E.T.)",CHF,0
EXR.D.CHF.EUR.SP00.A,D,CHF,EUR,SP00,A,2014-12-16,1.2009,A,,,,P1D,,A,,,,,,,99Q1=100,,,4,,4F0,,Swiss franc/Euro ECB reference exchange rate,"ECB reference exchange rate, Swiss franc/Euro, 2.15 pm (C.E.T.)",CHF,0
EXR.D.CHF.EUR.SP00.A,D,CHF,EUR,SP00,A,2014-12-17,1.201,A,,,,P1D,,A,,,,,,,99Q1=100,,,4,,4F0,,Swiss franc/Euro ECB reference exchange rate,"ECB reference exchange rate, Swiss franc/Euro, 2.15 pm (C.E.T.)",CHF,0
EXR.D.CHF.EUR.SP00.A,D,CHF,EUR,SP00,A,2014-12-18,1.2052,A,,,,P1D,,A,,,,,,,99Q1=100,,,4,,4F0,,Swiss franc/Euro ECB reference exchange rate,"ECB reference exchange rate, Swiss franc/Euro, 2.15 pm (C.E.T.)",CHF,0
EXR.D.CHF.EUR.SP00.A,D,CHF,EUR,SP00,A,2014-12-19,1.2039,A,,,,P1D,,A,,,,,,,99Q1=100,,,4,,4F0,,Swiss franc/Euro ECB reference exchange rate,"ECB reference exchange rate, Swiss franc/Euro, 2.15 pm (C.E.T.)",CHF,0
EXR.D.CHF.EUR.SP00.A,D,CHF,EUR,SP00,A,2014-12-22,1.2035,A,,,,P1D,,A,,,,,,,99Q1=100,,,4,,4F0,,Swiss franc/Euro ECB reference exchange rate,"ECB reference exchange rate, Swiss franc/Euro, 2.15 pm (C.E.T.)",CHF,0
EXR.D.CHF.EUR.SP00.A,D,CHF,EUR,SP00,A,2014-12-23,1.2032,A,,,,P1D,,A,,,,,,,99Q1=100,,,4,,4F0,,Swiss franc/Euro ECB reference exchange rate,"ECB reference exchange rate, Swiss franc/Euro, 2.15 pm (C.E.T.)",CHF,0
EXR.D.CHF.EUR.SP00.A,D,CHF,EUR,SP00,A,2014-12-24,1.2025,A,,,,P1D,,A,,,,,,,99Q1=100,,,4,,4F0,,Swiss franc/Euro ECB reference exchange rate,"ECB reference exchange rate, Swiss franc/Euro, 2.15 pm (C.E.T.)",CHF,0
EXR.D.CHF.EUR.SP00.A,D,CHF,EUR,SP00,A,2014-12-29,1.2028,A,,,,P1D,,A,,,,,,,99Q1=100,,,4,,4F0,,Swiss franc/Euro ECB reference exchange rate,"ECB reference exchange rate, Swiss franc/Euro, 2.15 pm (C.E.T.)",CHF,0
EXR.D.CHF.EUR.SP00.A,D,CHF,EUR,SP00,A,2014-12-30,1.2028,A,,,,P1D,,A,,,,,,,99Q1=100,,,4,,4F0,,Swiss franc/Euro ECB reference exchange rate,"ECB reference exchange rate, Swiss franc/Euro, 2.15 pm (C.E.T.)",CHF,0
EXR.D.CHF.EUR.SP00.A,D,CHF,EUR,SP00,A,2014-12-31,1.2024,A,,,,P1D,,A,,,,,,,99Q1=100,,,4,,4F0,,Swiss franc/Euro ECB reference exchange rate,"ECB reference exchange rate, Swiss franc/Euro, 2.15 pm (C.E.T.)",CHF,0
EXR.D.CHF.EUR.SP00.A,D,CHF,EUR,SP00,A,2015-01-02,1.2022,A,,,,P1D,,A,,,,,,,99Q1=100,,,4,,4F0,,Swiss franc/Euro ECB reference exchange rate,"ECB reference exchange rate, Swiss franc/Euro, 2.15 pm (C.E.T.)",CHF,0
EXR.D.CHF.EUR.SP00.A,D,CHF,EUR,SP00,A,2015-01-05,1.2016,A,,,,P1D,,A,,,,,,,99Q1=100,,,4,,4F0,,Swiss franc/Euro ECB reference exchange rate,"ECB reference exchange rate, Swiss franc/Euro, 2.15 pm (C.E.T.)",CHF,0
EXR.D.CHF.EUR.SP00.A,D,CHF,EUR,SP00,A,2015-01-06,1.2014,A,,,,P1D,,A,,,,,,,99Q1=100,,,4,,4F0,,Swiss franc/Euro ECB reference exchange rate,"ECB reference exchange rate, Swiss franc/Euro, 2.15 pm (C.E.T.)",CHF,0
EXR.D.CHF.EUR.SP00.A,D,CHF,EUR,SP00,A,2015-01-07,1.2011,A,,,,P1D,,A,,,,,,,99Q1=100,,,4,,4F0,,Swiss franc/Euro ECB reference exchange rate,"ECB reference exchange rate, Swiss franc/Euro, 2.15 pm (C.E.T.)",CHF,0
EXR.D.CHF.EUR.SP00.A,D,CHF,EUR,SP00,A,2015-01-08,1.201,A,,,,P1D,,A,,,,,,,99Q1=100,,,4,,4F0,,Swiss franc/Euro ECB reference exchange rate,"ECB reference exchange rate, Swiss franc/Euro, 2.15 pm (C.E.T.)",CHF,0
EXR.D.CHF.EUR.SP00.A,D,CHF,EUR,SP00,A,2015-01-09,1.201,A,,,,P1D,,A,,,,,,,99Q1=100,,,4,,4F0,,Swiss franc/Euro ECB reference exchange rate,"ECB reference exchange rate, Swiss franc/Euro, 2.15 pm (C.E.T.)",CHF,0
EXR.D.CHF.EUR.SP00.A,D,CHF,EUR,SP00,A,2015-01-12,1.201,A,,,,P1D,,A,,,,,,,99Q1=100,,,4,,4F0,,Swiss franc/Euro ECB reference exchange rate,"ECB reference exchange rate, Swiss franc/Euro, 2.15 pm (C.E.T.)",CHF,0
EXR.D.CHF.EUR.SP00.A,D,CHF,EUR,SP00,A,2015-01-13,1.201,A,,,,P1D,,A,,,,,,,99Q1=100,,,4,,4F0,,Swiss franc/Euro ECB reference exchange rate,"ECB reference exchange rate, Swiss franc/Euro, 2.15 pm (C.E.T.)",CHF,0
EXR.D.CHF.EUR.SP00.A,D,CHF,EUR,SP00,A,2015-01-14,1.201,A,,,,P1D,,A,,,,,,,99Q1=100,,,4,,4F0,,Swiss franc/Euro ECB reference exchange rate,"ECB reference exchange rate, Swiss franc/Euro, 2.15 pm (C.E.T.)",CHF,0
EXR.D.CHF.EUR.SP00.A,D,CHF,EUR,SP00,A,2015-01-15,1.028,A,,,,P1D,,A,,,,,,,99Q1=100,,,4,,4F0,,Swiss franc/Euro ECB reference exchange rate,"ECB reference exchange rate, Swiss franc/Euro, 2.15 pm (C.E.T.)",CHF,0
EXR.D.CHF.EUR.SP00.A,D,CHF,EUR,SP00,A,2015-01-16,1.0128,A,,,,P1D,,A,,,,,,,99Q1=100,,,4,,4F0,,Swiss franc/Euro ECB reference exchange rate,"ECB reference exchange rate, Swiss franc/Euro, 2.15 pm (C.E.T.)",CHF,0
EXR.D.CHF.EUR.SP00.A,D,CHF,EUR,SP00,A,2015-01-19,1.012,A,,,,P1D,,A,,,,,,,99Q1=100,,,4,,4F0,,Swiss franc/Euro ECB reference exchange rate,"ECB reference exchange rate, Swiss franc/Euro, 2.15 pm (C.E.T.)",CHF,0
EXR.D.CHF.EUR.SP00.A,D,CHF,EUR,SP00,A,2015-01-20,1.0087,A,,,,P1D,,A,,,,,,,99Q1=100,,,4,,4F0,,Swiss franc/Euro ECB reference exchange rate,"ECB reference exchange rate, Swiss franc/Euro, 2.15 pm (C.E.T.)",CHF,0
EXR.D.CHF.EUR.SP00.A,D,CHF,EUR,SP00,A,2015-01-21,0.9997,A,,,,P1D,,A,,,,,,,99Q1=100,,,4,,4F0,,Swiss franc/Euro ECB reference exchange rate,"ECB reference exchange rate, Swiss franc/Euro, 2.15 pm (C.E.T.)",CHF,0
EXR.D.CHF.EUR.SP00.A,D,CHF,EUR,SP00,A,2015-01-22,0.9943,A,,,,P1D,,A,,,,,,,99Q1=100,,,4,,4F0,,Swiss franc/Euro ECB reference exchange rate,"ECB reference exchange rate, Swiss franc/Euro, 2.15 pm (C.E.T.)",CHF,0
EXR.D.CHF.EUR.SP00.A,D,CHF,EUR,SP00,A,2015-01-23,0.9816,A,,,,P1D,,A,,,,,,,99Q1=100,,,4,,4F0,,Swiss franc/Euro ECB reference exchange rate,"ECB reference exchange rate, Swiss franc/Euro, 2.15 pm (C.E.T.)",CHF,0
EXR.D.CHF.EUR.SP00.A,D,CHF,EUR,SP00,A,2015-01-26,1.0014,A,,,,P1D,,A,,,,,,,99Q1=100,,,4,,4F0,,Swiss franc/Euro ECB reference exchange rate,"ECB reference exchange rate, Swiss franc/Euro, 2.15 pm (C.E.T.)",CHF,0
EXR.D.CHF.EUR.SP00.A,D,CHF,EUR,SP00,A,2015-01-27,1.017,A,,,,P1D,,A,,,,,,,99Q1=100,,,4,,4F0,,Swiss franc/Euro ECB reference exchange rate,"ECB reference exchange rate, Swiss franc/Euro, 2.15 pm (C.E.T.)",CHF,0
EXR.D.CHF.EUR.SP00.A,D,CHF,EUR,SP00,A,2015-01-28,1.0242,A,,,,P1D,,A,,,,,,,99Q1=100,,,4,,4F0,,Swiss franc/Euro ECB reference exchange rate,"ECB reference exchange rate, Swiss franc/Euro, 2.15 pm (C.E.T.)",CHF,0
EXR.D.CHF.EUR.SP00.A,D,CHF,EUR,SP00,A,2015-01-29,1.0372,A,,,,P1D,,A,,,,,,,99Q1=100,,,4,,4F0,,Swiss franc/Euro ECB reference exchange rate,"ECB reference exchange rate, Swiss franc/Euro, 2.15 pm (C.E.T.)",CHF,0
EXR.D.CHF.EUR.SP00.A,D,CHF,EUR,SP00,A,2015-01-30,1.0468,A,,,,P1D,,A,,,,,,,99Q1=100,,,4,,4F0,,Swiss franc/Euro ECB reference exchange rate,"ECB reference exchange rate, Swiss franc/Euro, 2.15 pm (C.E.T.)",CHF,0
EXR.D.CHF.EUR.SP00.A,D,CHF,EUR,SP00,A,2015-02-02,1.0519,A,,,,P1D,,A,,,,,,,99Q1=100,,,4,,4F0,,Swiss franc/Euro ECB reference exchange rate,"ECB reference exchange rate, Swiss franc/Euro, 2.15 pm (C.E.T.)",CHF,0
EXR.D.CHF.EUR.SP00.A,D,CHF,EUR,SP00,A,2015-02-03,1.0526,A,,,,P1D,,A,,,,,,,99Q1=100,,,4,,4F0,,Swiss franc/Euro ECB reference exchange rate,"ECB reference exchange rate, Swiss franc/Euro, 2.15 pm (C.E.T.)",CHF,0
EXR.D.CHF.EUR.SP00.A,D,CHF,EUR,SP00,A,2015-02-04,1.0602,A,,,,P1D,,A,,,,,,,99Q1=100,,,4,,4F0,,Swiss franc/Euro ECB reference exchange rate,"ECB reference exchange rate, Swiss franc/Euro, 2.15 pm (C.E.T.)",CHF,0
EXR.D.CHF.EUR.SP00.A,D,CHF,EUR,SP00,A,2015-02-05,1.0587,A,,,,P1D,,A,,,,,,,99Q1=100,,,4,,4F0,,Swiss franc/Euro ECB reference exchange rate,"ECB reference exchange rate, Swiss franc/Euro, 2.15 pm (C.E.T.)",CHF,0
EXR.D.CHF.EUR.SP00.A,D,CHF,EUR,SP00,A,2015-02-06,1.0534,A,,,,P1D,,A,,,,,,,99Q1=100,,,4,,4F0,,Swiss franc/Euro ECB reference exchange rate,"ECB reference exchange rate, Swiss franc/Euro, 2.15 pm (C.E.T.)",CHF,0
EXR.D.CHF.EUR.SP00.A,D,CHF,EUR,SP00,A,2015-02-09,1.0428,A,,,,P1D,,A,,,,,,,99Q1=100,,,4,,4F0,,Swiss franc/Euro ECB reference exchange rate,"ECB reference exchange rate, Swiss franc/Euro, 2.15 pm (C.E.T.)",CHF,0
EXR.D.CHF.EUR.SP00.A,D,CHF,EUR,SP00,A,2015-02-10,1.0457,A,,,,P1D,,A,,,,,,,99Q1=100,,,4,,4F0,,Swiss franc/Euro ECB reference exchange rate,"ECB reference exchange rate, Swiss franc/Euro, 2.15 pm (C.E.T.)",CHF,0
EXR.D.CHF.EUR.SP00.A,D,CHF,EUR,SP00,A,2015-02-11,1.0465,A,,,,P1D,,A,,,,,,,99Q1=100,,,4,,4F0,,Swiss franc/Euro ECB reference exchange rate,"ECB reference exchange rate, Swiss franc/Euro, 2.15 pm (C.E.T.)",CHF,0
EXR.D.CHF.EUR.SP00.A,D,CHF,EUR,SP00,A,2015-02-12,1.0559,A,,,,P1D,,A,,,,,,,99Q1=100,,,4,,4F0,,Swiss franc/Euro ECB reference exchange rate,"ECB reference exchange rate, Swiss franc/Euro, 2.15 pm (C.E.T.)",CHF,0
EXR.D.CHF.EUR.SP00.A,D,CHF,EUR,SP00,A,2015-02-13,1.0576,A,,,,P1D,,A,,,,,,,99Q1=100,,,4,,4F0,,Swiss franc/Euro ECB reference exchange rate,"ECB reference exchange rate, Swiss franc/Euro, 2.15 pm (C.E.T.)",CHF,0
EXR.D.CHF.EUR.SP00.A,D,CHF,EUR,SP00,A,2015-02-16,1.0626,A,,,,P1D,,A,,,,,,,99Q1=100,,,4,,4F0,,Swiss franc/Euro ECB reference exchange rate,"ECB reference exchange rate, Swiss franc/Euro, 2.15 pm (C.E.T.)",CHF,0
EXR.D.CHF.EUR.SP00.A,D,CHF,EUR,SP00,A,2015-02-17,1.0631,A,,,,P1D,,A,,,,,,,99Q1=100,,,4,,4F0,,Swiss franc/Euro ECB reference exchange rate,"ECB reference exchange rate, Swiss franc/Euro, 2.15 pm (C.E.T.)",CHF,0
EXR.D.CHF.EUR.SP00.A,D,CHF,EUR,SP00,A,2015-02-18,1.0707,A,,,,P1D,,A,,,,,,,99Q1=100,,,4,,4F0,,Swiss franc/Euro ECB reference exchange rate,"ECB reference exchange rate, Swiss franc/Euro, 2.15 pm (C.E.T.)",CHF,0
EXR.D.CHF.EUR.SP00.A,D,CHF,EUR,SP00,A,2015-02-19,1.0796,A,,,,P1D,,A,,,,,,,99Q1=100,,,4,,4F0,,Swiss franc/Euro ECB reference exchange rate,"ECB reference exchange rate, Swiss franc/Euro, 2.15 pm (C.E.T.)",CHF,0
EXR.D.CHF.EUR.SP00.A,D,CHF,EUR,SP00,A,2015-02-20,1.0718,A,,,,P1D,,A,,,,,,,99Q1=100,,,4,,4F0,,Swiss franc/Euro ECB reference exchange rate,"ECB reference exchange rate, Swiss franc/Euro, 2.15 pm (C.E.T.)",CHF,0
EXR.D.CHF.EUR.SP00.A,D,CHF,EUR,SP00,A,2015-02-23,1.0727,A,,,,P1D,,A,,,,,,,99Q1=100,,,4,,4F0,,Swiss franc/Euro ECB reference exchange rate,"ECB reference exchange rate, Swiss franc/Euro, 2.15 pm (C.E.T.)",CHF,0
EXR.D.CHF.EUR.SP00.A,D,CHF,EUR,SP00,A,2015-02-24,1.0755,A,,,,P1D,,A,,,,,,,99Q1=100,,,4,,4F0,,Swiss franc/Euro ECB reference exchange rate,"ECB reference exchange rate, Swiss franc/Euro, 2.15 pm (C.E.T.)",CHF,0
EXR.D.CHF.EUR.SP00.A,D,CHF,EUR,SP00,A,2015-02-25,1.0773,A,,,,P1D,,A,,,,,,,99Q1=100,,,4,,4F0,,Swiss franc/Euro ECB reference exchange rate,"ECB reference exchange rate, Swiss franc/Euro, 2.15 pm (C.E.T.)",CHF,0
EXR.D.CHF.EUR.SP00.A,D,CHF,EUR,SP00,A,2015-02-26,1.0745,A,,,,P1D,,A,,,,,,,99Q1=100,,,4,,4F0,,Swiss franc/Euro ECB reference exchange rate,"ECB reference exchange rate, Swiss franc/Euro, 2.15 pm (C.E.T.)",CHF,0
EXR.D.CHF.EUR.SP00.A,D,CHF,EUR,SP00,A,2015-02-27,1.0636,A,,,,P1D,,A,,,,,,,99Q1=100,,,4,,4F0,,Swiss franc/Euro ECB reference exchange rate,"ECB reference exchange rate, Swiss franc/Euro, 2.15 pm (C.E.T.)",CHF,0
EXR.D.CHF.EUR.SP00.A,D,CHF,EUR,SP00,A,2015-03-02,1.0724,A,,,,P1D,,A,,,,,,,99Q1=100,,,4,,4F0,,Swiss franc/Euro ECB reference exchange rate,"ECB reference exchange rate, Swiss franc/Euro, 2.15 pm (C.E.T.)",CHF,0
EXR.D.CHF.EUR.SP00.A,D,CHF,EUR,SP00,A,2015-03-03,1.0736,A,,,,P1D,,A,,,,,,,99Q1=100,,,4,,4F0,,Swiss franc/Euro ECB reference exchange rate,"ECB reference exchange rate, Swiss franc/Euro, 2.15 pm (C.E.T.)",CHF,0
EXR.D.CHF.EUR.SP00.A,D,CHF,EUR,SP00,A,2015-03-04,1.0694,A,,,,P1D,,A,,,,,,,99Q1=100,,,4,,4F0,,Swiss franc/Euro ECB reference exchange rate,"ECB reference exchange rate, Swiss franc/Euro, 2.15 pm (C.E.T.)",CHF,0
EXR.D.CHF.EUR.SP00.A,D,CHF,EUR,SP00,A,2015-03-05,1.0697,A,,,,P1D,,A,,,,,,,99Q1=100,,,4,,4F0,,Swiss franc/Euro ECB reference exchange rate,"ECB reference exchange rate, Swiss franc/Euro, 2.15 pm (C.E.T.)",CHF,0
EXR.D.CHF.EUR.SP00.A,D,CHF,EUR,SP00,A,2015-03-06,1.07,A,,,,P1D,,A,,,,,,,99Q1=100,,,4,,4F0,,Swiss franc/Euro ECB reference exchange rate,"ECB reference exchange rate, Swiss franc/Euro, 2.15 pm (C.E.T.)",CHF,0
EXR.D.CHF.EUR.SP00.A,D,CHF,EUR,SP00,A,2015-03-09,1.0691,A,,,,P1D,,A,,,,,,,99Q1=100,,,4,,4F0,,Swiss franc/Euro ECB reference exchange rate,"ECB reference exchange rate, Swiss franc/Euro, 2.15 pm (C.E.T.)",CHF,0
EXR.D.CHF.EUR.SP00.A,D,CHF,EUR,SP00,A,2015-03-10,1.0703,A,,,,P1D,,A,,,,,,,99Q1=100,,,4,,4F0,,Swiss franc/Euro ECB reference exchange rate,"ECB reference exchange rate, Swiss franc/Euro, 2.15 pm (C.E.T.)",CHF,0
EXR.D.CHF.EUR.SP00.A,D,CHF,EUR,SP00,A,2015-03-11,1.0655,A,,,,P1D,,A,,,,,,,99Q1=100,,,4,,4F0,,Swiss franc/Euro ECB reference exchange rate,"ECB reference exchange rate, Swiss franc/Euro, 2.15 pm (C.E.T.)",CHF,0
EXR.D.CHF.EUR.SP00.A,D,CHF,EUR,SP00,A,2015-03-12,1.0636,A,,,,P1D,,A,,,,,,,99Q1=100,,,4,,4F0,,Swiss franc/Euro ECB reference exchange rate,"ECB reference exchange rate, Swiss franc/Euro, 2.15 pm (C.E.T.)",CHF,0
EXR.D.CHF.EUR.SP00.A,D,CHF,EUR,SP00,A,2015-03-13,1.0648,A,,,,P1D,,A,,,,,,,99Q1=100,,,4,,4F0,,Swiss franc/Euro ECB reference exchange rate,"ECB reference exchange rate, Swiss franc/Euro, 2.15 pm (C.E.T.)",CHF,0
EXR.D.CHF.EUR.SP00.A,D,CHF,EUR,SP00,A,2015-03-16,1.0615,A,,,,P1D,,A,,,,,,,99Q1=100,,,4,,4F0,,Swiss franc/Euro ECB reference exchange rate,"ECB reference exchange rate, Swiss franc/Euro, 2.15 pm (C.E.T.)",CHF,0
EXR.D.CHF.EUR.SP00.A,D,CHF,EUR,SP00,A,2015-03-17,1.066,A,,,,P1D,,A,,,,,,,99Q1=100,,,4,,4F0,,Swiss franc/Euro ECB reference exchange rate,"ECB reference exchange rate, Swiss franc/Euro, 2.15 pm (C.E.T.)",CHF,0
EXR.D.CHF.EUR.SP00.A,D,CHF,EUR,SP00,A,2015-03-18,1.0627,A,,,,P1D,,A,,,,,,,99Q1=100,,,4,,4F0,,Swiss franc/Euro ECB reference exchange rate,"ECB reference exchange rate, Swiss franc/Euro, 2.15 pm (C.E.T.)",CHF,0
EXR.D.CHF.EUR.SP00.A,D,CHF,EUR,SP00,A,2015-03-19,1.0595,A,,,,P1D,,A,,,,,,,99Q1=100,,,4,,4F0,,Swiss franc/Euro ECB reference exchange rate,"ECB reference exchange rate, Swiss franc/Euro, 2.15 pm (C.E.T.)",CHF,0
EXR.D.CHF.EUR.SP00.A,D,CHF,EUR,SP00,A,2015-03-20,1.0552,A,,,,P1D,,A,,,,,,,99Q1=100,,,4,,4F0,,Swiss franc/Euro ECB reference exchange rate,"ECB reference exchange rate, Swiss franc/Euro, 2.15 pm (C.E.T.)",CHF,0
EXR.D.CHF.EUR.SP00.A,D,CHF,EUR,SP00,A,2015-03-23,1.0561,A,,,,P1D,,A,,,,,,,99Q1=100,,,4,,4F0,,Swiss franc/Euro ECB reference exchange rate,"ECB reference exchange rate, Swiss franc/Euro, 2.15 pm (C.E.T.)",CHF,0
EXR.D.CHF.EUR.SP00.A,D,CHF,EUR,SP00,A,2015-03-24,1.0491,A,,,,P1D,,A,,,,,,,99Q1=100,,,4,,4F0,,Swiss franc/Euro ECB reference exchange rate,"ECB reference exchange rate, Swiss franc/Euro, 2.15 pm (C.E.T.)",CHF,0
EXR.D.CHF.EUR.SP00.A,D,CHF,EUR,SP00,A,2015-03-25,1.0517,A,,,,P1D,,A,,,,,,,99Q1=100,,,4,,4F0,,Swiss franc/Euro ECB reference exchange rate,"ECB reference exchange rate, Swiss franc/Euro, 2.15 pm (C.E.T.)",CHF,0
EXR.D.CHF.EUR.SP00.A,D,CHF,EUR,SP00,A,2015-03-26,1.0498,A,,,,P1D,,A,,,,,,,99Q1=100,,,4,,4F0,,Swiss franc/Euro ECB reference exchange rate,"ECB reference exchange rate, Swiss franc/Euro, 2.15 pm (C.E.T.)",CHF,0
EXR.D.CHF.EUR.SP00.A,D,CHF,EUR,SP00,A,2015-03-27,1.0476,A,,,,P1D,,A,,,,,,,99Q1=100,,,4,,4F0,,Swiss franc/Euro ECB reference exchange rate,"ECB reference exchange rate, Swiss franc/Euro, 2.15 pm (C.E.T.)",CHF,0
EXR.D.CHF.EUR.SP00.A,D,CHF,EUR,SP00,A,2015-03-30,1.0439,A,,,,P1D,,A,,,,,,,99Q1=100,,,4,,4F0,,Swiss franc/Euro ECB reference exchange rate,"ECB reference exchange rate, Swiss franc/Euro, 2.15 pm (C.E.T.)",CHF,0
EXR.D.CHF.EUR.SP00.A,D,CHF,EUR,SP00,A,2015-03-31,1.0463,A,,,,P1D,,A,,,,,,,99Q1=100,,,4,,4F0,,Swiss franc/Euro ECB reference exchange rate,"ECB reference exchange rate, Swiss franc/Euro, 2.15 pm (C.E.T.)",CHF,0
EXR.D.CHF.EUR.SP00.A,D,CHF,EUR,SP00,A,2015-04-01,1.0426,A,,,,P1D,,A,,,,,,,99Q1=100,,,4,,4F0,,Swiss franc/Euro ECB reference exchange rate,"ECB reference exchange rate, Swiss franc/Euro, 2.15 pm (C.E.T.)",CHF,0
EXR.D.CHF.EUR.SP00.A,D,CHF,EUR,SP00,A,2015-04-02,1.04,A,,,,P1D,,A,,,,,,,99Q1=100,,,4,,4F0,,Swiss franc/Euro ECB reference exchange rate,"ECB reference exchange rate, Swiss franc/Euro, 2.15 pm (C.E.T.)",CHF,0
EXR.D.CHF.EUR.SP00.A,D,CHF,EUR,SP00,A,2015-04-07,1.0438,A,,,,P1D,,A,,,,,,,99Q1=100,,,4,,4F0,,Swiss franc/Euro ECB reference exchange rate,"ECB reference exchange rate, Swiss franc/Euro, 2.15 pm (C.E.T.)",CHF,0
EXR.D.CHF.EUR.SP00.A,D,CHF,EUR,SP00,A,2015-04-08,1.0438,A,,,,P1D,,A,,,,,,,99Q1=100,,,4,,4F0,,Swiss franc/Euro ECB reference exchange rate,"ECB reference exchange rate, Swiss franc/Euro, 2.15 pm (C.E.T.)",CHF,0
EXR.D.CHF.EUR.SP00.A,D,CHF,EUR,SP00,A,2015-04-09,1.0447,A,,,,P1D,,A,,,,,,,99Q1=100,,,4,,4F0,,Swiss franc/Euro ECB reference exchange rate,"ECB reference exchange rate, Swiss franc/Euro, 2.15 pm (C.E.T.)",CHF,0
EXR.D.CHF.EUR.SP00.A,D,CHF,EUR,SP00,A,2015-04-10,1.039,A,,,,P1D,,A,,,,,,,99Q1=100,,,4,,4F0,,Swiss franc/Euro ECB reference exchange rate,"ECB reference exchange rate, Swiss franc/Euro, 2.15 pm (C.E.T.)",CHF,0
EXR.D.CHF.EUR.SP00.A,D,CHF,EUR,SP00,A,2015-04-13,1.0373,A,,,,P1D,,A,,,,,,,99Q1=100,,,4,,4F0,,Swiss franc/Euro ECB reference exchange rate,"ECB reference exchange rate, Swiss franc/Euro, 2.15 pm (C.E.T.)",CHF,0
EXR.D.CHF.EUR.SP00.A,D,CHF,EUR,SP00,A,2015-04-14,1.0344,A,,,,P1D,,A,,,,,,,99Q1=100,,,4,,4F0,,Swiss franc/Euro ECB reference exchange rate,"ECB reference exchange rate, Swiss franc/Euro, 2.15 pm (C.E.T.)",CHF,0
EXR.D.CHF.EUR.SP00.A,D,CHF,EUR,SP00,A,2015-04-15,1.0321,A,,,,P1D,,A,,,,,,,99Q1=100,,,4,,4F0,,Swiss franc/Euro ECB reference exchange rate,"ECB reference exchange rate, Swiss franc/Euro, 2.15 pm (C.E.T.)",CHF,0
EXR.D.CHF.EUR.SP00.A,D,CHF,EUR,SP00,A,2015-04-16,1.0327,A,,,,P1D,,A,,,,,,,99Q1=100,,,4,,4F0,,Swiss franc/Euro ECB reference exchange rate,"ECB reference exchange rate, Swiss franc/Euro, 2.15 pm (C.E.T.)",CHF,0
EXR.D.CHF.EUR.SP00.A,D,CHF,EUR,SP00,A,2015-04-17,1.0297,A,,,,P1D,,A,,,,,,,99Q1=100,,,4,,4F0,,Swiss franc/Euro ECB reference exchange rate,"ECB reference exchange rate, Swiss franc/Euro, 2.15 pm (C.E.T.)",CHF,0
EXR.D.CHF.EUR.SP00.A,D,CHF,EUR,SP00,A,2015-04-20,1.0283,A,,,,P1D,,A,,,,,,,99Q1=100,,,4,,4F0,,Swiss franc/Euro ECB reference exchange rate,"ECB reference exchange rate, Swiss franc/Euro, 2.15 pm (C.E.T.)",CHF,0
EXR.D.CHF.EUR.SP00.A,D,CHF,EUR,SP00,A,2015-04-21,1.0252,A,,,,P1D,,A,,,,,,,99Q1=100,,,4,,4F0,,Swiss franc/Euro ECB reference exchange rate,"ECB reference exchange rate, Swiss franc/Euro, 2.15 pm (C.E.T.)",CHF,0
EXR.D.CHF.EUR.SP00.A,D,CHF,EUR,SP00,A,2015-04-22,1.0323,A,,,,P1D,,A,,,,,,,99Q1=100,,,4,,4F0,,Swiss franc/Euro ECB reference exchange rate,"ECB reference exchange rate, Swiss franc/Euro, 2.15 pm (C.E.T.)",CHF,0
EXR.D.CHF.EUR.SP00.A,D,CHF,EUR,SP00,A,2015-04-23,1.0383,A,,,,P1D,,A,,,,,,,99Q1=100,,,4,,4F0,,Swiss franc/Euro ECB reference exchange rate,"ECB reference exchange rate, Swiss franc/Euro, 2.15 pm (C.E.T.)",CHF,0
EXR.D.CHF.EUR.SP00.A,D,CHF,EUR,SP00,A,2015-04-24,1.0338,A,,,,P1D,,A,,,,,,,99Q1=100,,,4,,4F0,,Swiss franc/Euro ECB reference exchange rate,"ECB reference exchange rate, Swiss franc/Euro, 2.15 pm (C.E.T.)",CHF,0
EXR.D.CHF.EUR.SP00.A,D,CHF,EUR,SP00,A,2015-04-27,1.0367,A,,,,P1D,,A,,,,,,,99Q1=100,,,4,,4F0,,Swiss franc/Euro ECB reference exchange rate,"ECB reference exchange rate, Swiss franc/Euro, 2.15 pm (C.E.T.)",CHF,0
EXR.D.CHF.EUR.SP00.A,D,CHF,EUR,SP00,A,2015-04-28,1.0464,A,,,,P1D,,A,,,,,,,99Q1=100,,,4,,4F0,,Swiss franc/Euro ECB reference exchange rate,"ECB reference exchange rate, Swiss franc/Euro, 2.15 pm (C.E.T.)",CHF,0
EXR.D.CHF.EUR.SP00.A,D,CHF,EUR,SP00,A,2015-04-29,1.0491,A,,,,P1D,,A,,,,,,,99Q1=100,,,4,,4F0,,Swiss franc/Euro ECB reference exchange rate,"ECB reference exchange rate, Swiss franc/Euro, 2.15 pm (C.E.T.)",CHF,0
EXR.D.CHF.EUR.SP00.A,D,CHF,EUR,SP00,A,2015-04-30,1.0486,A,,,,P1D,,A,,,,,,,99Q1=100,,,4,,4F0,,Swiss franc/Euro ECB reference exchange rate,"ECB reference exchange rate, Swiss franc/Euro, 2.15 pm (C.E.T.)",CHF,0
EXR.D.CHF.EUR.SP00.A,D,CHF,EUR,SP00,A,2015-05-04,1.0431,A,,,,P1D,,A,,,,,,,99Q1=100,,,4,,4F0,,Swiss franc/Euro ECB reference exchange rate,"ECB reference exchange rate, Swiss franc/Euro, 2.15 pm (C.E.T.)",CHF,0
EXR.D.CHF.EUR.SP00.A,D,CHF,EUR,SP00,A,2015-05-05,1.0376,A,,,,P1D,,A,,,,,,,99Q1=100,,,4,,4F0,,Swiss franc/Euro ECB reference exchange rate,"ECB reference exchange rate, Swiss franc/Euro, 2.15 pm (C.E.T.)",CHF,0
EXR.D.CHF.EUR.SP00.A,D,CHF,EUR,SP00,A,2015-05-06,1.0374,A,,,,P1D,,A,,,,,,,99Q1=100,,,4,,4F0,,Swiss franc/Euro ECB reference exchange rate,"ECB reference exchange rate, Swiss franc/Euro, 2.15 pm (C.E.T.)",CHF,0
EXR.D.CHF.EUR.SP00.A,D,CHF,EUR,SP00,A,2015-05-07,1.0343,A,,,,P1D,,A,,,,,,,99Q1=100,,,4,,4F0,,Swiss franc/Euro ECB reference exchange rate,"ECB reference exchange rate, Swiss franc/Euro, 2.15 pm (C.E.T.)",CHF,0
EXR.D.CHF.EUR.SP00.A,D,CHF,EUR,SP00,A,2015-05-08,1.0385,A,,,,P1D,,A,,,,,,,99Q1=100,,,4,,4F0,,Swiss franc/Euro ECB reference exchange rate,"ECB reference exchange rate, Swiss franc/Euro, 2.15 pm (C.E.T.)",CHF,0
EXR.D.CHF.EUR.SP00.A,D,CHF,EUR,SP00,A,2015-05-11,1.0403,A,,,,P1D,,A,,,,,,,99Q1=100,,,4,,4F0,,Swiss franc/Euro ECB reference exchange rate,"ECB reference exchange rate, Swiss franc/Euro, 2.15 pm (C.E.T.)",CHF,0
EXR.D.CHF.EUR.SP00.A,D,CHF,EUR,SP00,A,2015-05-12,1.0396,A,,,,P1D,,A,,,,,,,99Q1=100,,,4,,4F0,,Swiss franc/Euro ECB reference exchange rate,"ECB reference exchange rate, Swiss franc/Euro, 2.15 pm (C.E.T.)",CHF,0
EXR.D.CHF.EUR.SP00.A,D,CHF,EUR,SP00,A,2015-05-13,1.041,A,,,,P1D,,A,,,,,,,99Q1=100,,,4,,4F0,,Swiss franc/Euro ECB reference exchange rate,"ECB reference exchange rate, Swiss franc/Euro, 2.15 pm (C.E.T.)",CHF,0
EXR.D.CHF.EUR.SP00.A,D,CHF,EUR,SP00,A,2015-05-14,1.0386,A,,,,P1D,,A,,,,,,,99Q1=100,,,4,,4F0,,Swiss franc/Euro ECB reference exchange rate,"ECB reference exchange rate, Swiss franc/Euro, 2.15 pm (C.E.T.)",CHF,0
EXR.D.CHF.EUR.SP00.A,D,CHF,EUR,SP00,A,2015-05-15,1.0463,A,,,,P1D,,A,,,,,,,99Q1=100,,,4,,4F0,,Swiss franc/Euro ECB reference exchange rate,"ECB reference exchange rate, Swiss franc/Euro, 2.15 pm (C.E.T.)",CHF,0
EXR.D.CHF.EUR.SP00.A,D,CHF,EUR,SP00,A,2015-05-18,1.0482,A,,,,P1D,,A,,,,,,,99Q1=100,,,4,,4F0,,Swiss franc/Euro ECB reference exchange rate,"ECB reference exchange rate, Swiss franc/Euro, 2.15 pm (C.E.T.)",CHF,0
EXR.D.CHF.EUR.SP00.A,D,CHF,EUR,SP00,A,2015-05-19,1.042,A,,,,P1D,,A,,,,,,,99Q1=100,,,4,,4F0,,Swiss franc/Euro ECB reference exchange rate,"ECB reference exchange rate, Swiss franc/Euro, 2.15 pm (C.E.T.)",CHF,0
EXR.D.CHF.EUR.SP00.A,D,CHF,EUR,SP00,A,2015-05-20,1.0429,A,,,,P1D,,A,,,,,,,99Q1=100,,,4,,4F0,,Swiss franc/Euro ECB reference exchange rate,"ECB reference exchange rate, Swiss franc/Euro, 2.15 pm (C.E.T.)",CHF,0
EXR.D.CHF.EUR.SP00.A,D,CHF,EUR,SP00,A,2015-05-21,1.0394,A,,,,P1D,,A,,,,,,,99Q1=100,,,4,,4F0,,Swiss franc/Euro ECB reference exchange rate,"ECB reference exchange rate, Swiss franc/Euro, 2.15 pm (C.E.T.)",CHF,0
EXR.D.CHF.EUR.SP00.A,D,CHF,EUR,SP00,A,2015-05-22,1.0417,A,,,,P1D,,A,,,,,,,99Q1=100,,,4,,4F0,,Swiss franc/Euro ECB reference exchange rate,"ECB reference exchange rate, Swiss franc/Euro, 2.15 pm (C.E.T.)",CHF,0
EXR.D.CHF.EUR.SP00.A,D,CHF,EUR,SP00,A,2015-05-25,1.0349,A,,,,P1D,,A,,,,,,,99Q1=100,,,4,,4F0,,Swiss franc/Euro ECB reference exchange rate,"ECB reference exchange rate, Swiss franc/Euro, 2.15 pm (C.E.T.)",CHF,0
EXR.D.CHF.EUR.SP00.A,D,CHF,EUR,SP00,A,2015-05-26,1.0351,A,,,,P1D,,A,,,,,,,99Q1=100,,,4,,4F0,,Swiss franc/Euro ECB reference exchange rate,"ECB reference exchange rate, Swiss franc/Euro, 2.15 pm (C.E.T.)",CHF,0
EXR.D.CHF.EUR.SP00.A,D,CHF,EUR,SP00,A,2015-05-27,1.0331,A,,,,P1D,,A,,,,,,,99Q1=100,,,4,,4F0,,Swiss franc/Euro ECB reference exchange rate,"ECB reference exchange rate, Swiss franc/Euro, 2.15 pm (C.E.T.)",CHF,0
EXR.D.CHF.EUR.SP00.A,D,CHF,EUR,SP00,A,2015-05-28,1.0344,A,,,,P1D,,A,,,,,,,99Q1=100,,,4,,4F0,,Swiss franc/Euro ECB reference exchange rate,"ECB reference exchange rate, Swiss franc/Euro, 2.15 pm (C.E.T.)",CHF,0
EXR.D.CHF.EUR.SP00.A,D,CHF,EUR,SP00,A,2015-05-29,1.0341,A,,,,P1D,,A,,,,,,,99Q1=100,,,4,,4F0,,Swiss franc/Euro ECB reference exchange rate,"ECB reference exchange rate, Swiss franc/Euro, 2.15 pm (C.E.T.)",CHF,0
EXR.D.CHF.EUR.SP00.A,D,CHF,EUR,SP00,A,2015-06-01,1.0331,A,,,,P1D,,A,,,,,,,99Q1=100,,,4,,4F0,,Swiss franc/Euro ECB reference exchange rate,"ECB reference exchange rate, Swiss franc/Euro, 2.15 pm (C.E.T.)",CHF,0
EXR.D.CHF.EUR.SP00.A,D,CHF,EUR,SP00,A,2015-06-02,1.0391,A,,,,P1D,,A,,,,,,,99Q1=100,,,4,,4F0,,Swiss franc/Euro ECB reference exchange rate,"ECB reference exchange rate, Swiss franc/Euro, 2.15 pm (C.E.T.)",CHF,0
EXR.D.CHF.EUR.SP00.A,D,CHF,EUR,SP00,A,2015-06-03,1.0427,A,,,,P1D,,A,,,,,,,99Q1=100,,,4,,4F0,,Swiss franc/Euro ECB reference exchange rate,"ECB reference exchange rate, Swiss franc/Euro, 2.15 pm (C.E.T.)",CHF,0
EXR.D.CHF.EUR.SP00.A,D,CHF,EUR,SP00,A,2015-06-04,1.0551,A,,,,P1D,,A,,,,,,,99Q1=100,,,4,,4F0,,Swiss franc/Euro ECB reference exchange rate,"ECB reference exchange rate, Swiss franc/Euro, 2.15 pm (C.E.T.)",CHF,0
EXR.D.CHF.EUR.SP00.A,D,CHF,EUR,SP00,A,2015-06-05,1.0478,A,,,,P1D,,A,,,,,,,99Q1=100,,,4,,4F0,,Swiss franc/Euro ECB reference exchange rate,"ECB reference exchange rate, Swiss franc/Euro, 2.15 pm (C.E.T.)",CHF,0
EXR.D.CHF.EUR.SP00.A,D,CHF,EUR,SP00,A,2015-06-08,1.047,A,,,,P1D,,A,,,,,,,99Q1=100,,,4,,4F0,,Swiss franc/Euro ECB reference exchange rate,"ECB reference exchange rate, Swiss franc/Euro, 2.15 pm (C.E.T.)",CHF,0
EXR.D.CHF.EUR.SP00.A,D,CHF,EUR,SP00,A,2015-06-09,1.0465,A,,,,P1D,,A,,,,,,,99Q1=100,,,4,,4F0,,Swiss franc/Euro ECB reference exchange rate,"ECB reference exchange rate, Swiss franc/Euro, 2.15 pm (C.E.T.)",CHF,0
EXR.D.CHF.EUR.SP00.A,D,CHF,EUR,SP00,A,2015-06-10,1.0486,A,,,,P1D,,A,,,,,,,99Q1=100,,,4,,4F0,,Swiss franc/Euro ECB reference exchange rate,"ECB reference exchange rate, Swiss franc/Euro, 2.15 pm (C.E.T.)",CHF,0
EXR.D.CHF.EUR.SP00.A,D,CHF,EUR,SP00,A,2015-06-11,1.0523,A,,,,P1D,,A,,,,,,,99Q1=100,,,4,,4F0,,Swiss franc/Euro ECB reference exchange rate,"ECB reference exchange rate, Swiss franc/Euro, 2.15 pm (C.E.T.)",CHF,0
EXR.D.CHF.EUR.SP00.A,D,CHF,EUR,SP00,A,2015-06-12,1.0469,A,,,,P1D,,A,,,,,,,99Q1=100,,,4,,4F0,,Swiss franc/Euro ECB reference exchange rate,"ECB reference exchange rate, Swiss franc/Euro, 2.15 pm (C.E.T.)",CHF,0
EXR.D.CHF.EUR.SP00.A,D,CHF,EUR,SP00,A,2015-06-15,1.0512,A,,,,P1D,,A,,,,,,,99Q1=100,,,4,,4F0,,Swiss franc/Euro ECB reference exchange rate,"ECB reference exchange rate, Swiss franc/Euro, 2.15 pm (C.E.T.)",CHF,0
EXR.D.CHF.EUR.SP00.A,D,CHF,EUR,SP00,A,2015-06-16,1.0465,A,,,,P1D,,A,,,,,,,99Q1=100,,,4,,4F0,,Swiss franc/Euro ECB reference exchange rate,"ECB reference exchange rate, Swiss franc/Euro, 2.15 pm (C.E.T.)",CHF,0
EXR.D.CHF.EUR.SP00.A,D,CHF,EUR,SP00,A,2015-06-17,1.0451,A,,,,P1D,,A,,,,,,,99Q1=100,,,4,,4F0,,Swiss franc/Euro ECB reference exchange rate,"ECB reference exchange rate, Swiss franc/Euro, 2.15 pm (C.E.T.)",CHF,0
EXR.D.CHF.EUR.SP00.A,D,CHF,EUR,SP00,A,2015-06-18,1.0461,A,,,,P1D,,A,,,,,,,99Q1=100,,,4,,4F0,,Swiss franc/Euro ECB reference exchange rate,"ECB reference exchange rate, Swiss franc/Euro, 2.15 pm (C.E.T.)",CHF,0
EXR.D.CHF.EUR.SP00.A,D,CHF,EUR,SP00,A,2015-06-19,1.0449,A,,,,P1D,,A,,,,,,,99Q1=100,,,4,,4F0,,Swiss franc/Euro ECB reference exchange rate,"ECB reference exchange rate, Swiss franc/Euro, 2.15 pm (C.E.T.)",CHF,0
EXR.D.CHF.EUR.SP00.A,D,CHF,EUR,SP00,A,2015-06-22,1.0435,A,,,,P1D,,A,,,,,,,99Q1=100,,,4,,4F0,,Swiss franc/Euro ECB reference exchange rate,"ECB reference exchange rate, Swiss franc/Euro, 2.15 pm (C.E.T.)",CHF,0
EXR.D.CHF.EUR.SP00.A,D,CHF,EUR,SP00,A,2015-06-23,1.0449,A,,,,P1D,,A,,,,,,,99Q1=100,,,4,,4F0,,Swiss franc/Euro ECB reference exchange rate,"ECB reference exchange rate, Swiss franc/Euro, 2.15 pm (C.E.T.)",CHF,0
EXR.D.CHF.EUR.SP00.A,D,CHF,EUR,SP00,A,2015-06-24,1.0449,A,,,,P1D,,A,,,,,,,99Q1=100,,,4,,4F0,,Swiss franc/Euro ECB reference exchange rate,"ECB reference exchange rate, Swiss franc/Euro, 2.15 pm (C.E.T.)",CHF,0
EXR.D.CHF.EUR.SP00.A,D,CHF,EUR,SP00,A,2015-06-25,1.0507,A,,,,P1D,,A,,,,,,,99Q1=100,,,4,,4F0,,Swiss franc/Euro ECB reference exchange rate,"ECB reference exchange rate, Swiss franc/Euro, 2.15 pm (C.E.T.)",CHF,0
EXR.D.CHF.EUR.SP00.A,D,CHF,EUR,SP00,A,2015-06-26,1.0447,A,,,,P1D,,A,,,,,,,99Q1=100,,,4,,4F0,,Swiss franc/Euro ECB reference exchange rate,"ECB reference exchange rate, Swiss franc/Euro, 2.15 pm (C.E.T.)",CHF,0
EXR.D.CHF.EUR.SP00.A,D,CHF,EUR,SP00,A,2015-06-29,1.0376,A,,,,P1D,,A,,,,,,,99Q1=100,,,4,,4F0,,Swiss franc/Euro ECB reference exchange rate,"ECB reference exchange rate, Swiss franc/Euro, 2.15 pm (C.E.T.)",CHF,0
EXR.D.CHF.EUR.SP00.A,D,CHF,EUR,SP00,A,2015-06-30,1.0413,A,,,,P1D,,A,,,,,,,99Q1=100,,,4,,4F0,,Swiss franc/Euro ECB reference exchange rate,"ECB reference exchange rate, Swiss franc/Euro, 2.15 pm (C.E.T.)",CHF,0
EXR.D.CHF.EUR.SP00.A,D,CHF,EUR,SP00,A,2015-07-01,1.0457,A,,,,P1D,,A,,,,,,,99Q1=100,,,4,,4F0,,Swiss franc/Euro ECB reference exchange rate,"ECB reference exchange rate, Swiss franc/Euro, 2.15 pm (C.E.T.)",CHF,0
EXR.D.CHF.EUR.SP00.A,D,CHF,EUR,SP00,A,2015-07-02,1.0507,A,,,,P1D,,A,,,,,,,99Q1=100,,,4,,4F0,,Swiss franc/Euro ECB reference exchange rate,"ECB reference exchange rate, Swiss franc/Euro, 2.15 pm (C.E.T.)",CHF,0
EXR.D.CHF.EUR.SP00.A,D,CHF,EUR,SP00,A,2015-07-03,1.0466,A,,,,P1D,,A,,,,,,,99Q1=100,,,4,,4F0,,Swiss franc/Euro ECB reference exchange rate,"ECB reference exchange rate, Swiss franc/Euro, 2.15 pm (C.E.T.)",CHF,0
EXR.D.CHF.EUR.SP00.A,D,CHF,EUR,SP00,A,2015-07-06,1.0422,A,,,,P1D,,A,,,,,,,99Q1=100,,,4,,4F0,,Swiss franc/Euro ECB reference exchange rate,"ECB reference exchange rate, Swiss franc/Euro, 2.15 pm (C.E.T.)",CHF,0
EXR.D.CHF.EUR.SP00.A,D,CHF,EUR,SP00,A,2015-07-07,1.0383,A,,,,P1D,,A,,,,,,,99Q1=100,,,4,,4F0,,Swiss franc/Euro ECB reference exchange rate,"ECB reference exchange rate, Swiss franc/Euro, 2.15 pm (C.E.T.)",CHF,0
EXR.D.CHF.EUR.SP00.A,D,CHF,EUR,SP00,A,2015-07-08,1.0463,A,,,,P1D,,A,,,,,,,99Q1=100,,,4,,4F0,,Swiss franc/Euro ECB reference exchange rate,"ECB reference exchange rate, Swiss franc/Euro, 2.15 pm (C.E.T.)",CHF,0
EXR.D.CHF.EUR.SP00.A,D,CHF,EUR,SP00,A,2015-07-09,1.0504,A,,,,P1D,,A,,,,,,,99Q1=100,,,4,,4F0,,Swiss franc/Euro ECB reference exchange rate,"ECB reference exchange rate, Swiss franc/Euro, 2.15 pm (C.E.T.)",CHF,0
EXR.D.CHF.EUR.SP00.A,D,CHF,EUR,SP00,A,2015-07-10,1.0464,A,,,,P1D,,A,,,,,,,99Q1=100,,,4,,4F0,,Swiss franc/Euro ECB reference exchange rate,"ECB reference exchange rate, Swiss franc/Euro, 2.15 pm (C.E.T.)",CHF,0
EXR.D.CHF.EUR.SP00.A,D,CHF,EUR,SP00,A,2015-07-13,1.0478,A,,,,P1D,,A,,,,,,,99Q1=100,,,4,,4F0,,Swiss franc/Euro ECB reference exchange rate,"ECB reference exchange rate, Swiss franc/Euro, 2.15 pm (C.E.T.)",CHF,0
EXR.D.CHF.EUR.SP00.A,D,CHF,EUR,SP00,A,2015-07-14,1.0422,A,,,,P1D,,A,,,,,,,99Q1=100,,,4,,4F0,,Swiss franc/Euro ECB reference exchange rate,"ECB reference exchange rate, Swiss franc/Euro, 2.15 pm (C.E.T.)",CHF,0
EXR.D.CHF.EUR.SP00.A,D,CHF,EUR,SP00,A,2015-07-15,1.0439,A,,,,P1D,,A,,,,,,,99Q1=100,,,4,,4F0,,Swiss franc/Euro ECB reference exchange rate,"ECB reference exchange rate, Swiss franc/Euro, 2.15 pm (C.E.T.)",CHF,0
EXR.D.CHF.EUR.SP00.A,D,CHF,EUR,SP00,A,2015-07-16,1.0407,A,,,,P1D,,A,,,,,,,99Q1=100,,,4,,4F0,,Swiss franc/Euro ECB reference exchange rate,"ECB reference exchange rate, Swiss franc/Euro, 2.15 pm (C.E.T.)",CHF,0
EXR.D.CHF.EUR.SP00.A,D,CHF,EUR,SP00,A,2015-07-17,1.0431,A,,,,P1D,,A,,,,,,,99Q1=100,,,4,,4F0,,Swiss franc/Euro ECB reference exchange rate,"ECB reference exchange rate, Swiss franc/Euro, 2.15 pm (C.E.T.)",CHF,0
EXR.D.CHF.EUR.SP00.A,D,CHF,EUR,SP00,A,2015-07-20,1.0443,A,,,,P1D,,A,,,,,,,99Q1=100,,,4,,4F0,,Swiss franc/Euro ECB reference exchange rate,"ECB reference exchange rate, Swiss franc/Euro, 2.15 pm (C.E.T.)",CHF,0
EXR.D.CHF.EUR.SP00.A,D,CHF,EUR,SP00,A,2015-07-21,1.044,A,,,,P1D,,A,,,,,,,99Q1=100,,,4,,4F0,,Swiss franc/Euro ECB reference exchange rate,"ECB reference exchange rate, Swiss franc/Euro, 2.15 pm (C.E.T.)",CHF,0
EXR.D.CHF.EUR.SP00.A,D,CHF,EUR,SP00,A,2015-07-22,1.0482,A,,,,P1D,,A,,,,,,,99Q1=100,,,4,,4F0,,Swiss franc/Euro ECB reference exchange rate,"ECB reference exchange rate, Swiss franc/Euro, 2.15 pm (C.E.T.)",CHF,0
EXR.D.CHF.EUR.SP00.A,D,CHF,EUR,SP00,A,2015-07-23,1.0517,A,,,,P1D,,A,,,,,,,99Q1=100,,,4,,4F0,,Swiss franc/Euro ECB reference exchange rate,"ECB reference exchange rate, Swiss franc/Euro, 2.15 pm (C.E.T.)",CHF,0
EXR.D.CHF.EUR.SP00.A,D,CHF,EUR,SP00,A,2015-07-24,1.0512,A,,,,P1D,,A,,,,,,,99Q1=100,,,4,,4F0,,Swiss franc/Euro ECB reference exchange rate,"ECB reference exchange rate, Swiss franc/Euro, 2.15 pm (C.E.T.)",CHF,0
EXR.D.CHF.EUR.SP00.A,D,CHF,EUR,SP00,A,2015-07-27,1.0595,A,,,,P1D,,A,,,,,,,99Q1=100,,,4,,4F0,,Swiss franc/Euro ECB reference exchange rate,"ECB reference exchange rate, Swiss franc/Euro, 2.15 pm (C.E.T.)",CHF,0
EXR.D.CHF.EUR.SP00.A,D,CHF,EUR,SP00,A,2015-07-28,1.0659,A,,,,P1D,,A,,,,,,,99Q1=100,,,4,,4F0,,Swiss franc/Euro ECB reference exchange rate,"ECB reference exchange rate, Swiss franc/Euro, 2.15 pm (C.E.T.)",CHF,0
EXR.D.CHF.EUR.SP00.A,D,CHF,EUR,SP00,A,2015-07-29,1.0622,A,,,,P1D,,A,,,,,,,99Q1=100,,,4,,4F0,,Swiss franc/Euro ECB reference exchange rate,"ECB reference exchange rate, Swiss franc/Euro, 2.15 pm (C.E.T.)",CHF,0
EXR.D.CHF.EUR.SP00.A,D,CHF,EUR,SP00,A,2015-07-30,1.0633,A,,,,P1D,,A,,,,,,,99Q1=100,,,4,,4F0,,Swiss franc/Euro ECB reference exchange rate,"ECB reference exchange rate, Swiss franc/Euro, 2.15 pm (C.E.T.)",CHF,0
EXR.D.CHF.EUR.SP00.A,D,CHF,EUR,SP00,A,2015-07-31,1.0565,A,,,,P1D,,A,,,,,,,99Q1=100,,,4,,4F0,,Swiss franc/Euro ECB reference exchange rate,"ECB reference exchange rate, Swiss franc/Euro, 2.15 pm (C.E.T.)",CHF,0
EXR.D.CHF.EUR.SP00.A,D,CHF,EUR,SP00,A,2015-08-03,1.0598,A,,,,P1D,,A,,,,,,,99Q1=100,,,4,,4F0,,Swiss franc/Euro ECB reference exchange rate,"ECB reference exchange rate, Swiss franc/Euro, 2.15 pm (C.E.T.)",CHF,0
EXR.D.CHF.EUR.SP00.A,D,CHF,EUR,SP00,A,2015-08-04,1.064,A,,,,P1D,,A,,,,,,,99Q1=100,,,4,,4F0,,Swiss franc/Euro ECB reference exchange rate,"ECB reference exchange rate, Swiss franc/Euro, 2.15 pm (C.E.T.)",CHF,0
EXR.D.CHF.EUR.SP00.A,D,CHF,EUR,SP00,A,2015-08-05,1.0658,A,,,,P1D,,A,,,,,,,99Q1=100,,,4,,4F0,,Swiss franc/Euro ECB reference exchange rate,"ECB reference exchange rate, Swiss franc/Euro, 2.15 pm (C.E.T.)",CHF,0
EXR.D.CHF.EUR.SP00.A,D,CHF,EUR,SP00,A,2015-08-06,1.0713,A,,,,P1D,,A,,,,,,,99Q1=100,,,4,,4F0,,Swiss franc/Euro ECB reference exchange rate,"ECB reference exchange rate, Swiss franc/Euro, 2.15 pm (C.E.T.)",CHF,0
EXR.D.CHF.EUR.SP00.A,D,CHF,EUR,SP00,A,2015-08-07,1.0738,A,,,,P1D,,A,,,,,,,99Q1=100,,,4,,4F0,,Swiss franc/Euro ECB reference exchange rate,"ECB reference exchange rate, Swiss franc/Euro, 2.15 pm (C.E.T.)",CHF,0
EXR.D.CHF.EUR.SP00.A,D,CHF,EUR,SP00,A,2015-08-10,1.08,A,,,,P1D,,A,,,,,,,99Q1=100,,,4,,4F0,,Swiss franc/Euro ECB reference exchange rate,"ECB reference exchange rate, Swiss franc/Euro, 2.15 pm (C.E.T.)",CHF,0
EXR.D.CHF.EUR.SP00.A,D,CHF,EUR,SP00,A,2015-08-11,1.0859,A,,,,P1D,,A,,,,,,,99Q1=100,,,4,,4F0,,Swiss franc/Euro ECB reference exchange rate,"ECB reference exchange rate, Swiss franc/Euro, 2.15 pm (C.E.T.)",CHF,0
EXR.D.CHF.EUR.SP00.A,D,CHF,EUR,SP00,A,2015-08-12,1.0864,A,,,,P1D,,A,,,,,,,99Q1=100,,,4,,4F0,,Swiss franc/Euro ECB reference exchange rate,"ECB reference exchange rate, Swiss franc/Euro, 2.15 pm (C.E.T.)",CHF,0
EXR.D.CHF.EUR.SP00.A,D,CHF,EUR,SP00,A,2015-08-13,1.0849,A,,,,P1D,,A,,,,,,,99Q1=100,,,4,,4F0,,Swiss franc/Euro ECB reference exchange rate,"ECB reference exchange rate, Swiss franc/Euro, 2.15 pm (C.E.T.)",CHF,0
EXR.D.CHF.EUR.SP00.A,D,CHF,EUR,SP00,A,2015-08-14,1.0875,A,,,,P1D,,A,,,,,,,99Q1=100,,,4,,4F0,,Swiss franc/Euro ECB reference exchange rate,"ECB reference exchange rate, Swiss franc/Euro, 2.15 pm (C.E.T.)",CHF,0
EXR.D.CHF.EUR.SP00.A,D,CHF,EUR,SP00,A,2015-08-17,1.0841,A,,,,P1D,,A,,,,,,,99Q1=100,,,4,,4F0,,Swiss franc/Euro ECB reference exchange rate,"ECB reference exchange rate, Swiss franc/Euro, 2.15 pm (C.E.T.)",CHF,0
EXR.D.CHF.EUR.SP00.A,D,CHF,EUR,SP00,A,2015-08-18,1.0798,A,,,,P1D,,A,,,,,,,99Q1=100,,,4,,4F0,,Swiss franc/Euro ECB reference exchange rate,"ECB reference exchange rate, Swiss franc/Euro, 2.15 pm (C.E.T.)",CHF,0
EXR.D.CHF.EUR.SP00.A,D,CHF,EUR,SP00,A,2015-08-19,1.0755,A,,,,P1D,,A,,,,,,,99Q1=100,,,4,,4F0,,Swiss franc/Euro ECB reference exchange rate,"ECB reference exchange rate, Swiss franc/Euro, 2.15 pm (C.E.T.)",CHF,0
EXR.D.CHF.EUR.SP00.A,D,CHF,EUR,SP00,A,2015-08-20,1.0772,A,,,,P1D,,A,,,,,,,99Q1=100,,,4,,4F0,,Swiss franc/Euro ECB reference exchange rate,"ECB reference exchange rate, Swiss franc/Euro, 2.15 pm (C.E.T.)",CHF,0
EXR.D.CHF.EUR.SP00.A,D,CHF,EUR,SP00,A,2015-08-21,1.0765,A,,,,P1D,,A,,,,,,,99Q1=100,,,4,,4F0,,Swiss franc/Euro ECB reference exchange rate,"ECB reference exchange rate, Swiss franc/Euro, 2.15 pm (C.E.T.)",CHF,0
EXR.D.CHF.EUR.SP00.A,D,CHF,EUR,SP00,A,2015-08-24,1.0777,A,,,,P1D,,A,,,,,,,99Q1=100,,,4,,4F0,,Swiss franc/Euro ECB reference exchange rate,"ECB reference exchange rate, Swiss franc/Euro, 2.15 pm (C.E.T.)",CHF,0
EXR.D.CHF.EUR.SP00.A,D,CHF,EUR,SP00,A,2015-08-25,1.0834,A,,,,P1D,,A,,,,,,,99Q1=100,,,4,,4F0,,Swiss franc/Euro ECB reference exchange rate,"ECB reference exchange rate, Swiss franc/Euro, 2.15 pm (C.E.T.)",CHF,0
EXR.D.CHF.EUR.SP00.A,D,CHF,EUR,SP00,A,2015-08-26,1.0778,A,,,,P1D,,A,,,,,,,99Q1=100,,,4,,4F0,,Swiss franc/Euro ECB reference exchange rate,"ECB reference exchange rate, Swiss franc/Euro, 2.15 pm (C.E.T.)",CHF,0
EXR.D.CHF.EUR.SP00.A,D,CHF,EUR,SP00,A,2015-08-27,1.0771,A,,,,P1D,,A,,,,,,,99Q1=100,,,4,,4F0,,Swiss franc/Euro ECB reference exchange rate,"ECB reference exchange rate, Swiss franc/Euro, 2.15 pm (C.E.T.)",CHF,0
EXR.D.CHF.EUR.SP00.A,D,CHF,EUR,SP00,A,2015-08-28,1.0807,A,,,,P1D,,A,,,,,,,99Q1=100,,,4,,4F0,,Swiss franc/Euro ECB reference exchange rate,"ECB reference exchange rate, Swiss franc/Euro, 2.15 pm (C.E.T.)",CHF,0
EXR.D.CHF.EUR.SP00.A,D,CHF,EUR,SP00,A,2015-08-31,1.0825,A,,,,P1D,,A,,,,,,,99Q1=100,,,4,,4F0,,Swiss franc/Euro ECB reference exchange rate,"ECB reference exchange rate, Swiss franc/Euro, 2.15 pm (C.E.T.)",CHF,0
EXR.D.CHF.EUR.SP00.A,D,CHF,EUR,SP00,A,2015-09-01,1.0825,A,,,,P1D,,A,,,,,,,99Q1=100,,,4,,4F0,,Swiss franc/Euro ECB reference exchange rate,"ECB reference exchange rate, Swiss franc/Euro, 2.15 pm (C.E.T.)",CHF,0
EXR.D.CHF.EUR.SP00.A,D,CHF,EUR,SP00,A,2015-09-02,1.0867,A,,,,P1D,,A,,,,,,,99Q1=100,,,4,,4F0,,Swiss franc/Euro ECB reference exchange rate,"ECB reference exchange rate, Swiss franc/Euro, 2.15 pm (C.E.T.)",CHF,0
EXR.D.CHF.EUR.SP00.A,D,CHF,EUR,SP00,A,2015-09-03,1.0903,A,,,,P1D,,A,,,,,,,99Q1=100,,,4,,4F0,,Swiss franc/Euro ECB reference exchange rate,"ECB reference exchange rate, Swiss franc/Euro, 2.15 pm (C.E.T.)",CHF,0
EXR.D.CHF.EUR.SP00.A,D,CHF,EUR,SP00,A,2015-09-04,1.0839,A,,,,P1D,,A,,,,,,,99Q1=100,,,4,,4F0,,Swiss franc/Euro ECB reference exchange rate,"ECB reference exchange rate, Swiss franc/Euro, 2.15 pm (C.E.T.)",CHF,0
EXR.D.CHF.EUR.SP00.A,D,CHF,EUR,SP00,A,2015-09-07,1.0871,A,,,,P1D,,A,,,,,,,99Q1=100,,,4,,4F0,,Swiss franc/Euro ECB reference exchange rate,"ECB reference exchange rate, Swiss franc/Euro, 2.15 pm (C.E.T.)",CHF,0
EXR.D.CHF.EUR.SP00.A,D,CHF,EUR,SP00,A,2015-09-08,1.092,A,,,,P1D,,A,,,,,,,99Q1=100,,,4,,4F0,,Swiss franc/Euro ECB reference exchange rate,"ECB reference exchange rate, Swiss franc/Euro, 2.15 pm (C.E.T.)",CHF,0
EXR.D.CHF.EUR.SP00.A,D,CHF,EUR,SP00,A,2015-09-09,1.0893,A,,,,P1D,,A,,,,,,,99Q1=100,,,4,,4F0,,Swiss franc/Euro ECB reference exchange rate,"ECB reference exchange rate, Swiss franc/Euro, 2.15 pm (C.E.T.)",CHF,0
EXR.D.CHF.EUR.SP00.A,D,CHF,EUR,SP00,A,2015-09-10,1.0923,A,,,,P1D,,A,,,,,,,99Q1=100,,,4,,4F0,,Swiss franc/Euro ECB reference exchange rate,"ECB reference exchange rate, Swiss franc/Euro, 2.15 pm (C.E.T.)",CHF,0
EXR.D.CHF.EUR.SP00.A,D,CHF,EUR,SP00,A,2015-09-11,1.1031,A,,,,P1D,,A,,,,,,,99Q1=100,,,4,,4F0,,Swiss franc/Euro ECB reference exchange rate,"ECB reference exchange rate, Swiss franc/Euro, 2.15 pm (C.E.T.)",CHF,0
EXR.D.CHF.EUR.SP00.A,D,CHF,EUR,SP00,A,2015-09-14,1.0979,A,,,,P1D,,A,,,,,,,99Q1=100,,,4,,4F0,,Swiss franc/Euro ECB reference exchange rate,"ECB reference exchange rate, Swiss franc/Euro, 2.15 pm (C.E.T.)",CHF,0
EXR.D.CHF.EUR.SP00.A,D,CHF,EUR,SP00,A,2015-09-15,1.0971,A,,,,P1D,,A,,,,,,,99Q1=100,,,4,,4F0,,Swiss franc/Euro ECB reference exchange rate,"ECB reference exchange rate, Swiss franc/Euro, 2.15 pm (C.E.T.)",CHF,0
EXR.D.CHF.EUR.SP00.A,D,CHF,EUR,SP00,A,2015-09-16,1.0943,A,,,,P1D,,A,,,,,,,99Q1=100,,,4,,4F0,,Swiss franc/Euro ECB reference exchange rate,"ECB reference exchange rate, Swiss franc/Euro, 2.15 pm (C.E.T.)",CHF,0
EXR.D.CHF.EUR.SP00.A,D,CHF,EUR,SP00,A,2015-09-17,1.095,A,,,,P1D,,A,,,,,,,99Q1=100,,,4,,4F0,,Swiss franc/Euro ECB reference exchange rate,"ECB reference exchange rate, Swiss franc/Euro, 2.15 pm (C.E.T.)",CHF,0
EXR.D.CHF.EUR.SP00.A,D,CHF,EUR,SP00,A,2015-09-18,1.0913,A,,,,P1D,,A,,,,,,,99Q1=100,,,4,,4F0,,Swiss franc/Euro ECB reference exchange rate,"ECB reference exchange rate, Swiss franc/Euro, 2.15 pm (C.E.T.)",CHF,0
EXR.D.CHF.EUR.SP00.A,D,CHF,EUR,SP00,A,2015-09-21,1.0906,A,,,,P1D,,A,,,,,,,99Q1=100,,,4,,4F0,,Swiss franc/Euro ECB reference exchange rate,"ECB reference exchange rate, Swiss franc/Euro, 2.15 pm (C.E.T.)",CHF,0
EXR.D.CHF.EUR.SP00.A,D,CHF,EUR,SP00,A,2015-09-22,1.086,A,,,,P1D,,A,,,,,,,99Q1=100,,,4,,4F0,,Swiss franc/Euro ECB reference exchange rate,"ECB reference exchange rate, Swiss franc/Euro, 2.15 pm (C.E.T.)",CHF,0
EXR.D.CHF.EUR.SP00.A,D,CHF,EUR,SP00,A,2015-09-23,1.0882,A,,,,P1D,,A,,,,,,,99Q1=100,,,4,,4F0,,Swiss franc/Euro ECB reference exchange rate,"ECB reference exchange rate, Swiss franc/Euro, 2.15 pm (C.E.T.)",CHF,0
EXR.D.CHF.EUR.SP00.A,D,CHF,EUR,SP00,A,2015-09-24,1.0928,A,,,,P1D,,A,,,,,,,99Q1=100,,,4,,4F0,,Swiss franc/Euro ECB reference exchange rate,"ECB reference exchange rate, Swiss franc/Euro, 2.15 pm (C.E.T.)",CHF,0
EXR.D.CHF.EUR.SP00.A,D,CHF,EUR,SP00,A,2015-09-25,1.0922,A,,,,P1D,,A,,,,,,,99Q1=100,,,4,,4F0,,Swiss franc/Euro ECB reference exchange rate,"ECB reference exchange rate, Swiss franc/Euro, 2.15 pm (C.E.T.)",CHF,0
EXR.D.CHF.EUR.SP00.A,D,CHF,EUR,SP00,A,2015-09-28,1.0941,A,,,,P1D,,A,,,,,,,99Q1=100,,,4,,4F0,,Swiss franc/Euro ECB reference exchange rate,"ECB reference exchange rate, Swiss franc/Euro, 2.15 pm (C.E.T.)",CHF,0
EXR.D.CHF.EUR.SP00.A,D,CHF,EUR,SP00,A,2015-09-29,1.0901,A,,,,P1D,,A,,,,,,,99Q1=100,,,4,,4F0,,Swiss franc/Euro ECB reference exchange rate,"ECB reference exchange rate, Swiss franc/Euro, 2.15 pm (C.E.T.)",CHF,0
EXR.D.CHF.EUR.SP00.A,D,CHF,EUR,SP00,A,2015-09-30,1.0915,A,,,,P1D,,A,,,,,,,99Q1=100,,,4,,4F0,,Swiss franc/Euro ECB reference exchange rate,"ECB reference exchange rate, Swiss franc/Euro, 2.15 pm (C.E.T.)",CHF,0
EXR.D.CHF.EUR.SP00.A,D,CHF,EUR,SP00,A,2015-10-01,1.0903,A,,,,P1D,,A,,,,,,,99Q1=100,,,4,,4F0,,Swiss franc/Euro ECB reference exchange rate,"ECB reference exchange rate, Swiss franc/Euro, 2.15 pm (C.E.T.)",CHF,0
EXR.D.CHF.EUR.SP00.A,D,CHF,EUR,SP00,A,2015-10-02,1.0923,A,,,,P1D,,A,,,,,,,99Q1=100,,,4,,4F0,,Swiss franc/Euro ECB reference exchange rate,"ECB reference exchange rate, Swiss franc/Euro, 2.15 pm (C.E.T.)",CHF,0
EXR.D.CHF.EUR.SP00.A,D,CHF,EUR,SP00,A,2015-10-05,1.0938,A,,,,P1D,,A,,,,,,,99Q1=100,,,4,,4F0,,Swiss franc/Euro ECB reference exchange rate,"ECB reference exchange rate, Swiss franc/Euro, 2.15 pm (C.E.T.)",CHF,0
EXR.D.CHF.EUR.SP00.A,D,CHF,EUR,SP00,A,2015-10-06,1.0936,A,,,,P1D,,A,,,,,,,99Q1=100,,,4,,4F0,,Swiss franc/Euro ECB reference exchange rate,"ECB reference exchange rate, Swiss franc/Euro, 2.15 pm (C.E.T.)",CHF,0
EXR.D.CHF.EUR.SP00.A,D,CHF,EUR,SP00,A,2015-10-07,1.0882,A,,,,P1D,,A,,,,,,,99Q1=100,,,4,,4F0,,Swiss franc/Euro ECB reference exchange rate,"ECB reference exchange rate, Swiss franc/Euro, 2.15 pm (C.E.T.)",CHF,0
EXR.D.CHF.EUR.SP00.A,D,CHF,EUR,SP00,A,2015-10-08,1.0935,A,,,,P1D,,A,,,,,,,99Q1=100,,,4,,4F0,,Swiss franc/Euro ECB reference exchange rate,"ECB reference exchange rate, Swiss franc/Euro, 2.15 pm (C.E.T.)",CHF,0
EXR.D.CHF.EUR.SP00.A,D,CHF,EUR,SP00,A,2015-10-09,1.0919,A,,,,P1D,,A,,,,,,,99Q1=100,,,4,,4F0,,Swiss franc/Euro ECB reference exchange rate,"ECB reference exchange rate, Swiss franc/Euro, 2.15 pm (C.E.T.)",CHF,0
EXR.D.CHF.EUR.SP00.A,D,CHF,EUR,SP00,A,2015-10-12,1.0928,A,,,,P1D,,A,,,,,,,99Q1=100,,,4,,4F0,,Swiss franc/Euro ECB reference exchange rate,"ECB reference exchange rate, Swiss franc/Euro, 2.15 pm (C.E.T.)",CHF,0
EXR.D.CHF.EUR.SP00.A,D,CHF,EUR,SP00,A,2015-10-13,1.091,A,,,,P1D,,A,,,,,,,99Q1=100,,,4,,4F0,,Swiss franc/Euro ECB reference exchange rate,"ECB reference exchange rate, Swiss franc/Euro, 2.15 pm (C.E.T.)",CHF,0
EXR.D.CHF.EUR.SP00.A,D,CHF,EUR,SP00,A,2015-10-14,1.0901,A,,,,P1D,,A,,,,,,,99Q1=100,,,4,,4F0,,Swiss franc/Euro ECB reference exchange rate,"ECB reference exchange rate, Swiss franc/Euro, 2.15 pm (C.E.T.)",CHF,0
EXR.D.CHF.EUR.SP00.A,D,CHF,EUR,SP00,A,2015-10-15,1.0873,A,,,,P1D,,A,,,,,,,99Q1=100,,,4,,4F0,,Swiss franc/Euro ECB reference exchange rate,"ECB reference exchange rate, Swiss franc/Euro, 2.15 pm (C.E.T.)",CHF,0
EXR.D.CHF.EUR.SP00.A,D,CHF,EUR,SP00,A,2015-10-16,1.0809,A,,,,P1D,,A,,,,,,,99Q1=100,,,4,,4F0,,Swiss franc/Euro ECB reference exchange rate,"ECB reference exchange rate, Swiss franc/Euro, 2.15 pm (C.E.T.)",CHF,0
EXR.D.CHF.EUR.SP00.A,D,CHF,EUR,SP00,A,2015-10-19,1.0834,A,,,,P1D,,A,,,,,,,99Q1=100,,,4,,4F0,,Swiss franc/Euro ECB reference exchange rate,"ECB reference exchange rate, Swiss franc/Euro, 2.15 pm (C.E.T.)",CHF,0
EXR.D.CHF.EUR.SP00.A,D,CHF,EUR,SP00,A,2015-10-20,1.0823,A,,,,P1D,,A,,,,,,,99Q1=100,,,4,,4F0,,Swiss franc/Euro ECB reference exchange rate,"ECB reference exchange rate, Swiss franc/Euro, 2.15 pm (C.E.T.)",CHF,0
EXR.D.CHF.EUR.SP00.A,D,CHF,EUR,SP00,A,2015-10-21,1.0864,A,,,,P1D,,A,,,,,,,99Q1=100,,,4,,4F0,,Swiss franc/Euro ECB reference exchange rate,"ECB reference exchange rate, Swiss franc/Euro, 2.15 pm (C.E.T.)",CHF,0
EXR.D.CHF.EUR.SP00.A,D,CHF,EUR,SP00,A,2015-10-22,1.0886,A,,,,P1D,,A,,,,,,,99Q1=100,,,4,,4F0,,Swiss franc/Euro ECB reference exchange rate,"ECB reference exchange rate, Swiss franc/Euro, 2.15 pm (C.E.T.)",CHF,0
EXR.D.CHF.EUR.SP00.A,D,CHF,EUR,SP00,A,2015-10-23,1.0793,A,,,,P1D,,A,,,,,,,99Q1=100,,,4,,4F0,,Swiss franc/Euro ECB reference exchange rate,"ECB reference exchange rate, Swiss franc/Euro, 2.15 pm (C.E.T.)",CHF,0
EXR.D.CHF.EUR.SP00.A,D,CHF,EUR,SP00,A,2015-10-26,1.0823,A,,,,P1D,,A,,,,,,,99Q1=100,,,4,,4F0,,Swiss franc/Euro ECB reference exchange rate,"ECB reference exchange rate, Swiss franc/Euro, 2.15 pm (C.E.T.)",CHF,0
EXR.D.CHF.EUR.SP00.A,D,CHF,EUR,SP00,A,2015-10-27,1.088,A,,,,P1D,,A,,,,,,,99Q1=100,,,4,,4F0,,Swiss franc/Euro ECB reference exchange rate,"ECB reference exchange rate, Swiss franc/Euro, 2.15 pm (C.E.T.)",CHF,0
EXR.D.CHF.EUR.SP00.A,D,CHF,EUR,SP00,A,2015-10-28,1.0899,A,,,,P1D,,A,,,,,,,99Q1=100,,,4,,4F0,,Swiss franc/Euro ECB reference exchange rate,"ECB reference exchange rate, Swiss franc/Euro, 2.15 pm (C.E.T.)",CHF,0
EXR.D.CHF.EUR.SP00.A,D,CHF,EUR,SP00,A,2015-10-29,1.0851,A,,,,P1D,,A,,,,,,,99Q1=100,,,4,,4F0,,Swiss franc/Euro ECB reference exchange rate,"ECB reference exchange rate, Swiss franc/Euro, 2.15 pm (C.E.T.)",CHF,0
EXR.D.CHF.EUR.SP00.A,D,CHF,EUR,SP00,A,2015-10-30,1.09,A,,,,P1D,,A,,,,,,,99Q1=100,,,4,,4F0,,Swiss franc/Euro ECB reference exchange rate,"ECB reference exchange rate, Swiss franc/Euro, 2.15 pm (C.E.T.)",CHF,0
EXR.D.CHF.EUR.SP00.A,D,CHF,EUR,SP00,A,2015-11-02,1.0885,A,,,,P1D,,A,,,,,,,99Q1=100,,,4,,4F0,,Swiss franc/Euro ECB reference exchange rate,"ECB reference exchange rate, Swiss franc/Euro, 2.15 pm (C.E.T.)",CHF,0
EXR.D.CHF.EUR.SP00.A,D,CHF,EUR,SP00,A,2015-11-03,1.0869,A,,,,P1D,,A,,,,,,,99Q1=100,,,4,,4F0,,Swiss franc/Euro ECB reference exchange rate,"ECB reference exchange rate, Swiss franc/Euro, 2.15 pm (C.E.T.)",CHF,0
EXR.D.CHF.EUR.SP00.A,D,CHF,EUR,SP00,A,2015-11-04,1.0813,A,,,,P1D,,A,,,,,,,99Q1=100,,,4,,4F0,,Swiss franc/Euro ECB reference exchange rate,"ECB reference exchange rate, Swiss franc/Euro, 2.15 pm (C.E.T.)",CHF,0
EXR.D.CHF.EUR.SP00.A,D,CHF,EUR,SP00,A,2015-11-05,1.0833,A,,,,P1D,,A,,,,,,,99Q1=100,,,4,,4F0,,Swiss franc/Euro ECB reference exchange rate,"ECB reference exchange rate, Swiss franc/Euro, 2.15 pm (C.E.T.)",CHF,0
EXR.D.CHF.EUR.SP00.A,D,CHF,EUR,SP00,A,2015-11-06,1.083,A,,,,P1D,,A,,,,,,,99Q1=100,,,4,,4F0,,Swiss franc/Euro ECB reference exchange rate,"ECB reference exchange rate, Swiss franc/Euro, 2.15 pm (C.E.T.)",CHF,0
EXR.D.CHF.EUR.SP00.A,D,CHF,EUR,SP00,A,2015-11-09,1.0815,A,,,,P1D,,A,,,,,,,99Q1=100,,,4,,4F0,,Swiss franc/Euro ECB reference exchange rate,"ECB reference exchange rate, Swiss franc/Euro, 2.15 pm (C.E.T.)",CHF,0
EXR.D.CHF.EUR.SP00.A,D,CHF,EUR,SP00,A,2015-11-10,1.0765,A,,,,P1D,,A,,,,,,,99Q1=100,,,4,,4F0,,Swiss franc/Euro ECB reference exchange rate,"ECB reference exchange rate, Swiss franc/Euro, 2.15 pm (C.E.T.)",CHF,0
EXR.D.CHF.EUR.SP00.A,D,CHF,EUR,SP00,A,2015-11-11,1.0783,A,,,,P1D,,A,,,,,,,99Q1=100,,,4,,4F0,,Swiss franc/Euro ECB reference exchange rate,"ECB reference exchange rate, Swiss franc/Euro, 2.15 pm (C.E.T.)",CHF,0
EXR.D.CHF.EUR.SP00.A,D,CHF,EUR,SP00,A,2015-11-12,1.0769,A,,,,P1D,,A,,,,,,,99Q1=100,,,4,,4F0,,Swiss franc/Euro ECB reference exchange rate,"ECB reference exchange rate, Swiss franc/Euro, 2.15 pm (C.E.T.)",CHF,0
EXR.D.CHF.EUR.SP00.A,D,CHF,EUR,SP00,A,2015-11-13,1.0786,A,,,,P1D,,A,,,,,,,99Q1=100,,,4,,4F0,,Swiss franc/Euro ECB reference exchange rate,"ECB reference exchange rate, Swiss franc/Euro, 2.15 pm (C.E.T.)",CHF,0
EXR.D.CHF.EUR.SP00.A,D,CHF,EUR,SP00,A,2015-11-16,1.0791,A,,,,P1D,,A,,,,,,,99Q1=100,,,4,,4F0,,Swiss franc/Euro ECB reference exchange rate,"ECB reference exchange rate, Swiss franc/Euro, 2.15 pm (C.E.T.)",CHF,0
EXR.D.CHF.EUR.SP00.A,D,CHF,EUR,SP00,A,2015-11-17,1.0806,A,,,,P1D,,A,,,,,,,99Q1=100,,,4,,4F0,,Swiss franc/Euro ECB reference exchange rate,"ECB reference exchange rate, Swiss franc/Euro, 2.15 pm (C.E.T.)",CHF,0
EXR.D.CHF.EUR.SP00.A,D,CHF,EUR,SP00,A,2015-11-18,1.0838,A,,,,P1D,,A,,,,,,,99Q1=100,,,4,,4F0,,Swiss franc/Euro ECB reference exchange rate,"ECB reference exchange rate, Swiss franc/Euro, 2.15 pm (C.E.T.)",CHF,0
EXR.D.CHF.EUR.SP00.A,D,CHF,EUR,SP00,A,2015-11-19,1.0893,A,,,,P1D,,A,,,,,,,99Q1=100,,,4,,4F0,,Swiss franc/Euro ECB reference exchange rate,"ECB reference exchange rate, Swiss franc/Euro, 2.15 pm (C.E.T.)",CHF,0
EXR.D.CHF.EUR.SP00.A,D,CHF,EUR,SP00,A,2015-11-20,1.0844,A,,,,P1D,,A,,,,,,,99Q1=100,,,4,,4F0,,Swiss franc/Euro ECB reference exchange rate,"ECB reference exchange rate, Swiss franc/Euro, 2.15 pm (C.E.T.)",CHF,0
EXR.D.CHF.EUR.SP00.A,D,CHF,EUR,SP00,A,2015-11-23,1.0848,A,,,,P1D,,A,,,,,,,99Q1=100,,,4,,4F0,,Swiss franc/Euro ECB reference exchange rate,"ECB reference exchange rate, Swiss franc/Euro, 2.15 pm (C.E.T.)",CHF,0
EXR.D.CHF.EUR.SP00.A,D,CHF,EUR,SP00,A,2015-11-24,1.0832,A,,,,P1D,,A,,,,,,,99Q1=100,,,4,,4F0,,Swiss franc/Euro ECB reference exchange rate,"ECB reference exchange rate, Swiss franc/Euro, 2.15 pm (C.E.T.)",CHF,0
EXR.D.CHF.EUR.SP00.A,D,CHF,EUR,SP00,A,2015-11-25,1.082,A,,,,P1D,,A,,,,,,,99Q1=100,,,4,,4F0,,Swiss franc/Euro ECB reference exchange rate,"ECB reference exchange rate, Swiss franc/Euro, 2.15 pm (C.E.T.)",CHF,0
EXR.D.CHF.EUR.SP00.A,D,CHF,EUR,SP00,A,2015-11-26,1.0868,A,,,,P1D,,A,,,,,,,99Q1=100,,,4,,4F0,,Swiss franc/Euro ECB reference exchange rate,"ECB reference exchange rate, Swiss franc/Euro, 2.15 pm (C.E.T.)",CHF,0
EXR.D.CHF.EUR.SP00.A,D,CHF,EUR,SP00,A,2015-11-27,1.09,A,,,,P1D,,A,,,,,,,99Q1=100,,,4,,4F0,,Swiss franc/Euro ECB reference exchange rate,"ECB reference exchange rate, Swiss franc/Euro, 2.15 pm (C.E.T.)",CHF,0
EXR.D.CHF.EUR.SP00.A,D,CHF,EUR,SP00,A,2015-11-30,1.0903,A,,,,P1D,,A,,,,,,,99Q1=100,,,4,,4F0,,Swiss franc/Euro ECB reference exchange rate,"ECB reference exchange rate, Swiss franc/Euro, 2.15 pm (C.E.T.)",CHF,0
EXR.D.CHF.EUR.SP00.A,D,CHF,EUR,SP00,A,2015-12-01,1.0908,A,,,,P1D,,A,,,,,,,99Q1=100,,,4,,4F0,,Swiss franc/Euro ECB reference exchange rate,"ECB reference exchange rate, Swiss franc/Euro, 2.15 pm (C.E.T.)",CHF,0
EXR.D.CHF.EUR.SP00.A,D,CHF,EUR,SP00,A,2015-12-02,1.088,A,,,,P1D,,A,,,,,,,99Q1=100,,,4,,4F0,,Swiss franc/Euro ECB reference exchange rate,"ECB reference exchange rate, Swiss franc/Euro, 2.15 pm (C.E.T.)",CHF,0
EXR.D.CHF.EUR.SP00.A,D,CHF,EUR,SP00,A,2015-12-03,1.084,A,,,,P1D,,A,,,,,,,99Q1=100,,,4,,4F0,,Swiss franc/Euro ECB reference exchange rate,"ECB reference exchange rate, Swiss franc/Euro, 2.15 pm (C.E.T.)",CHF,0
EXR.D.CHF.EUR.SP00.A,D,CHF,EUR,SP00,A,2015-12-04,1.0882,A,,,,P1D,,A,,,,,,,99Q1=100,,,4,,4F0,,Swiss franc/Euro ECB reference exchange rate,"ECB reference exchange rate, Swiss franc/Euro, 2.15 pm (C.E.T.)",CHF,0
EXR.D.CHF.EUR.SP00.A,D,CHF,EUR,SP00,A,2015-12-07,1.083,A,,,,P1D,,A,,,,,,,99Q1=100,,,4,,4F0,,Swiss franc/Euro ECB reference exchange rate,"ECB reference exchange rate, Swiss franc/Euro, 2.15 pm (C.E.T.)",CHF,0
EXR.D.CHF.EUR.SP00.A,D,CHF,EUR,SP00,A,2015-12-08,1.082,A,,,,P1D,,A,,,,,,,99Q1=100,,,4,,4F0,,Swiss franc/Euro ECB reference exchange rate,"ECB reference exchange rate, Swiss franc/Euro, 2.15 pm (C.E.T.)",CHF,0
EXR.D.CHF.EUR.SP00.A,D,CHF,EUR,SP00,A,2015-12-09,1.083,A,,,,P1D,,A,,,,,,,99Q1=100,,,4,,4F0,,Swiss franc/Euro ECB reference exchange rate,"ECB reference exchange rate, Swiss franc/Euro, 2.15 pm (C.E.T.)",CHF,0
EXR.D.CHF.EUR.SP00.A,D,CHF,EUR,SP00,A,2015-12-10,1.0806,A,,,,P1D,,A,,,,,,,99Q1=100,,,4,,4F0,,Swiss franc/Euro ECB reference exchange rate,"ECB reference exchange rate, Swiss franc/Euro, 2.15 pm (C.E.T.)",CHF,0
EXR.D.CHF.EUR.SP00.A,D,CHF,EUR,SP00,A,2015-12-11,1.0819,A,,,,P1D,,A,,,,,,,99Q1=100,,,4,,4F0,,Swiss franc/Euro ECB reference exchange rate,"ECB reference exchange rate, Swiss franc/Euro, 2.15 pm (C.E.T.)",CHF,0
EXR.D.CHF.EUR.SP00.A,D,CHF,EUR,SP00,A,2015-12-14,1.0771,A,,,,P1D,,A,,,,,,,99Q1=100,,,4,,4F0,,Swiss franc/Euro ECB reference exchange rate,"ECB reference exchange rate, Swiss franc/Euro, 2.15 pm (C.E.T.)",CHF,0
EXR.D.CHF.EUR.SP00.A,D,CHF,EUR,SP00,A,2015-12-15,1.0831,A,,,,P1D,,A,,,,,,,99Q1=100,,,4,,4F0,,Swiss franc/Euro ECB reference exchange rate,"ECB reference exchange rate, Swiss franc/Euro, 2.15 pm (C.E.T.)",CHF,0
EXR.D.CHF.EUR.SP00.A,D,CHF,EUR,SP00,A,2015-12-16,1.0824,A,,,,P1D,,A,,,,,,,99Q1=100,,,4,,4F0,,Swiss franc/Euro ECB reference exchange rate,"ECB reference exchange rate, Swiss franc/Euro, 2.15 pm (C.E.T.)",CHF,0
EXR.D.CHF.EUR.SP00.A,D,CHF,EUR,SP00,A,2015-12-17,1.0807,A,,,,P1D,,A,,,,,,,99Q1=100,,,4,,4F0,,Swiss franc/Euro ECB reference exchange rate,"ECB reference exchange rate, Swiss franc/Euro, 2.15 pm (C.E.T.)",CHF,0
EXR.D.CHF.EUR.SP00.A,D,CHF,EUR,SP00,A,2015-12-18,1.0768,A,,,,P1D,,A,,,,,,,99Q1=100,,,4,,4F0,,Swiss franc/Euro ECB reference exchange rate,"ECB reference exchange rate, Swiss franc/Euro, 2.15 pm (C.E.T.)",CHF,0
EXR.D.CHF.EUR.SP00.A,D,CHF,EUR,SP00,A,2015-12-21,1.0804,A,,,,P1D,,A,,,,,,,99Q1=100,,,4,,4F0,,Swiss franc/Euro ECB reference exchange rate,"ECB reference exchange rate, Swiss franc/Euro, 2.15 pm (C.E.T.)",CHF,0
EXR.D.CHF.EUR.SP00.A,D,CHF,EUR,SP00,A,2015-12-22,1.0818,A,,,,P1D,,A,,,,,,,99Q1=100,,,4,,4F0,,Swiss franc/Euro ECB reference exchange rate,"ECB reference exchange rate, Swiss franc/Euro, 2.15 pm (C.E.T.)",CHF,0
EXR.D.CHF.EUR.SP00.A,D,CHF,EUR,SP00,A,2015-12-23,1.0812,A,,,,P1D,,A,,,,,,,99Q1=100,,,4,,4F0,,Swiss franc/Euro ECB reference exchange rate,"ECB reference exchange rate, Swiss franc/Euro, 2.15 pm (C.E.T.)",CHF,0
EXR.D.CHF.EUR.SP00.A,D,CHF,EUR,SP00,A,2015-12-24,1.0806,A,,,,P1D,,A,,,,,,,99Q1=100,,,4,,4F0,,Swiss franc/Euro ECB reference exchange rate,"ECB reference exchange rate, Swiss franc/Euro, 2.15 pm (C.E.T.)",CHF,0
EXR.D.CHF.EUR.SP00.A,D,CHF,EUR,SP00,A,2015-12-28,1.0838,A,,,,P1D,,A,,,,,,,99Q1=100,,,4,,4F0,,Swiss franc/Euro ECB reference exchange rate,"ECB reference exchange rate, Swiss franc/Euro, 2.15 pm (C.E.T.)",CHF,0
EXR.D.CHF.EUR.SP00.A,D,CHF,EUR,SP00,A,2015-12-29,1.0846,A,,,,P1D,,A,,,,,,,99Q1=100,,,4,,4F0,,Swiss franc/Euro ECB reference exchange rate,"ECB reference exchange rate, Swiss franc/Euro, 2.15 pm (C.E.T.)",CHF,0
EXR.D.CHF.EUR.SP00.A,D,CHF,EUR,SP00,A,2015-12-30,1.0814,A,,,,P1D,,A,,,,,,,99Q1=100,,,4,,4F0,,Swiss franc/Euro ECB reference exchange rate,"ECB reference exchange rate, Swiss franc/Euro, 2.15 pm (C.E.T.)",CHF,0
EXR.D.CHF.EUR.SP00.A,D,CHF,EUR,SP00,A,2015-12-31,1.0835,A,,,,P1D,,A,,,,,,,99Q1=100,,,4,,4F0,,Swiss franc/Euro ECB reference exchange rate,"ECB reference exchange rate, Swiss franc/Euro, 2.15 pm (C.E.T.)",CHF,0
EXR.D.CHF.EUR.SP00.A,D,CHF,EUR,SP00,A,2016-01-04,1.0891,A,,,,P1D,,A,,,,,,,99Q1=100,,,4,,4F0,,Swiss franc/Euro ECB reference exchange rate,"ECB reference exchange rate, Swiss franc/Euro, 2.15 pm (C.E.T.)",CHF,0
EXR.D.CHF.EUR.SP00.A,D,CHF,EUR,SP00,A,2016-01-05,1.0847,A,,,,P1D,,A,,,,,,,99Q1=100,,,4,,4F0,,Swiss franc/Euro ECB reference exchange rate,"ECB reference exchange rate, Swiss franc/Euro, 2.15 pm (C.E.T.)",CHF,0
EXR.D.CHF.EUR.SP00.A,D,CHF,EUR,SP00,A,2016-01-06,1.0846,A,,,,P1D,,A,,,,,,,99Q1=100,,,4,,4F0,,Swiss franc/Euro ECB reference exchange rate,"ECB reference exchange rate, Swiss franc/Euro, 2.15 pm (C.E.T.)",CHF,0
EXR.D.CHF.EUR.SP00.A,D,CHF,EUR,SP00,A,2016-01-07,1.0875,A,,,,P1D,,A,,,,,,,99Q1=100,,,4,,4F0,,Swiss franc/Euro ECB reference exchange rate,"ECB reference exchange rate, Swiss franc/Euro, 2.15 pm (C.E.T.)",CHF,0
EXR.D.CHF.EUR.SP00.A,D,CHF,EUR,SP00,A,2016-01-08,1.086,A,,,,P1D,,A,,,,,,,99Q1=100,,,4,,4F0,,Swiss franc/Euro ECB reference exchange rate,"ECB reference exchange rate, Swiss franc/Euro, 2.15 pm (C.E.T.)",CHF,0
EXR.D.CHF.EUR.SP00.A,D,CHF,EUR,SP00,A,2016-01-11,1.0863,A,,,,P1D,,A,,,,,,,99Q1=100,,,4,,4F0,,Swiss franc/Euro ECB reference exchange rate,"ECB reference exchange rate, Swiss franc/Euro, 2.15 pm (C.E.T.)",CHF,0
EXR.D.CHF.EUR.SP00.A,D,CHF,EUR,SP00,A,2016-01-12,1.0855,A,,,,P1D,,A,,,,,,,99Q1=100,,,4,,4F0,,Swiss franc/Euro ECB reference exchange rate,"ECB reference exchange rate, Swiss franc/Euro, 2.15 pm (C.E.T.)",CHF,0
EXR.D.CHF.EUR.SP00.A,D,CHF,EUR,SP00,A,2016-01-13,1.0926,A,,,,P1D,,A,,,,,,,99Q1=100,,,4,,4F0,,Swiss franc/Euro ECB reference exchange rate,"ECB reference exchange rate, Swiss franc/Euro, 2.15 pm (C.E.T.)",CHF,0
EXR.D.CHF.EUR.SP00.A,D,CHF,EUR,SP00,A,2016-01-14,1.095,A,,,,P1D,,A,,,,,,,99Q1=100,,,4,,4F0,,Swiss franc/Euro ECB reference exchange rate,"ECB reference exchange rate, Swiss franc/Euro, 2.15 pm (C.E.T.)",CHF,0
EXR.D.CHF.EUR.SP00.A,D,CHF,EUR,SP00,A,2016-01-15,1.0951,A,,,,P1D,,A,,,,,,,99Q1=100,,,4,,4F0,,Swiss franc/Euro ECB reference exchange rate,"ECB reference exchange rate, Swiss franc/Euro, 2.15 pm (C.E.T.)",CHF,0
EXR.D.CHF.EUR.SP00.A,D,CHF,EUR,SP00,A,2016-01-18,1.0946,A,,,,P1D,,A,,,,,,,99Q1=100,,,4,,4F0,,Swiss franc/Euro ECB reference exchange rate,"ECB reference exchange rate, Swiss franc/Euro, 2.15 pm (C.E.T.)",CHF,0
EXR.D.CHF.EUR.SP00.A,D,CHF,EUR,SP00,A,2016-01-19,1.0922,A,,,,P1D,,A,,,,,,,99Q1=100,,,4,,4F0,,Swiss franc/Euro ECB reference exchange rate,"ECB reference exchange rate, Swiss franc/Euro, 2.15 pm (C.E.T.)",CHF,0
EXR.D.CHF.EUR.SP00.A,D,CHF,EUR,SP00,A,2016-01-20,1.0932,A,,,,P1D,,A,,,,,,,99Q1=100,,,4,,4F0,,Swiss franc/Euro ECB reference exchange rate,"ECB reference exchange rate, Swiss franc/Euro, 2.15 pm (C.E.T.)",CHF,0
EXR.D.CHF.EUR.SP00.A,D,CHF,EUR,SP00,A,2016-01-21,1.0949,A,,,,P1D,,A,,,,,,,99Q1=100,,,4,,4F0,,Swiss franc/Euro ECB reference exchange rate,"ECB reference exchange rate, Swiss franc/Euro, 2.15 pm (C.E.T.)",CHF,0
EXR.D.CHF.EUR.SP00.A,D,CHF,EUR,SP00,A,2016-01-22,1.095,A,,,,P1D,,A,,,,,,,99Q1=100,,,4,,4F0,,Swiss franc/Euro ECB reference exchange rate,"ECB reference exchange rate, Swiss franc/Euro, 2.15 pm (C.E.T.)",CHF,0
EXR.D.CHF.EUR.SP00.A,D,CHF,EUR,SP00,A,2016-01-25,1.0981,A,,,,P1D,,A,,,,,,,99Q1=100,,,4,,4F0,,Swiss franc/Euro ECB reference exchange rate,"ECB reference exchange rate, Swiss franc/Euro, 2.15 pm (C.E.T.)",CHF,0
EXR.D.CHF.EUR.SP00.A,D,CHF,EUR,SP00,A,2016-01-26,1.1008,A,,,,P1D,,A,,,,,,,99Q1=100,,,4,,4F0,,Swiss franc/Euro ECB reference exchange rate,"ECB reference exchange rate, Swiss franc/Euro, 2.15 pm (C.E.T.)",CHF,0
EXR.D.CHF.EUR.SP00.A,D,CHF,EUR,SP00,A,2016-01-27,1.1068,A,,,,P1D,,A,,,,,,,99Q1=100,,,4,,4F0,,Swiss franc/Euro ECB reference exchange rate,"ECB reference exchange rate, Swiss franc/Euro, 2.15 pm (C.E.T.)",CHF,0
EXR.D.CHF.EUR.SP00.A,D,CHF,EUR,SP00,A,2016-01-28,1.1053,A,,,,P1D,,A,,,,,,,99Q1=100,,,4,,4F0,,Swiss franc/Euro ECB reference exchange rate,"ECB reference exchange rate, Swiss franc/Euro, 2.15 pm (C.E.T.)",CHF,0
EXR.D.CHF.EUR.SP00.A,D,CHF,EUR,SP00,A,2016-01-29,1.1144,A,,,,P1D,,A,,,,,,,99Q1=100,,,4,,4F0,,Swiss franc/Euro ECB reference exchange rate,"ECB reference exchange rate, Swiss franc/Euro, 2.15 pm (C.E.T.)",CHF,0
EXR.D.CHF.EUR.SP00.A,D,CHF,EUR,SP00,A,2016-02-01,1.1096,A,,,,P1D,,A,,,,,,,99Q1=100,,,4,,4F0,,Swiss franc/Euro ECB reference exchange rate,"ECB reference exchange rate, Swiss franc/Euro, 2.15 pm (C.E.T.)",CHF,0
EXR.D.CHF.EUR.SP00.A,D,CHF,EUR,SP00,A,2016-02-02,1.1147,A,,,,P1D,,A,,,,,,,99Q1=100,,,4,,4F0,,Swiss franc/Euro ECB reference exchange rate,"ECB reference exchange rate, Swiss franc/Euro, 2.15 pm (C.E.T.)",CHF,0
EXR.D.CHF.EUR.SP00.A,D,CHF,EUR,SP00,A,2016-02-03,1.1115,A,,,,P1D,,A,,,,,,,99Q1=100,,,4,,4F0,,Swiss franc/Euro ECB reference exchange rate,"ECB reference exchange rate, Swiss franc/Euro, 2.15 pm (C.E.T.)",CHF,0
EXR.D.CHF.EUR.SP00.A,D,CHF,EUR,SP00,A,2016-02-04,1.1169,A,,,,P1D,,A,,,,,,,99Q1=100,,,4,,4F0,,Swiss franc/Euro ECB reference exchange rate,"ECB reference exchange rate, Swiss franc/Euro, 2.15 pm (C.E.T.)",CHF,0
EXR.D.CHF.EUR.SP00.A,D,CHF,EUR,SP00,A,2016-02-05,1.1101,A,,,,P1D,,A,,,,,,,99Q1=100,,,4,,4F0,,Swiss franc/Euro ECB reference exchange rate,"ECB reference exchange rate, Swiss franc/Euro, 2.15 pm (C.E.T.)",CHF,0
EXR.D.CHF.EUR.SP00.A,D,CHF,EUR,SP00,A,2016-02-08,1.1051,A,,,,P1D,,A,,,,,,,99Q1=100,,,4,,4F0,,Swiss franc/Euro ECB reference exchange rate,"ECB reference exchange rate, Swiss franc/Euro, 2.15 pm (C.E.T.)",CHF,0
EXR.D.CHF.EUR.SP00.A,D,CHF,EUR,SP00,A,2016-02-09,1.0997,A,,,,P1D,,A,,,,,,,99Q1=100,,,4,,4F0,,Swiss franc/Euro ECB reference exchange rate,"ECB reference exchange rate, Swiss franc/Euro, 2.15 pm (C.E.T.)",CHF,0
EXR.D.CHF.EUR.SP00.A,D,CHF,EUR,SP00,A,2016-02-10,1.096,A,,,,P1D,,A,,,,,,,99Q1=100,,,4,,4F0,,Swiss franc/Euro ECB reference exchange rate,"ECB reference exchange rate, Swiss franc/Euro, 2.15 pm (C.E.T.)",CHF,0
EXR.D.CHF.EUR.SP00.A,D,CHF,EUR,SP00,A,2016-02-11,1.1027,A,,,,P1D,,A,,,,,,,99Q1=100,,,4,,4F0,,Swiss franc/Euro ECB reference exchange rate,"ECB reference exchange rate, Swiss franc/Euro, 2.15 pm (C.E.T.)",CHF,0
EXR.D.CHF.EUR.SP00.A,D,CHF,EUR,SP00,A,2016-02-12,1.0989,A,,,,P1D,,A,,,,,,,99Q1=100,,,4,,4F0,,Swiss franc/Euro ECB reference exchange rate,"ECB reference exchange rate, Swiss franc/Euro, 2.15 pm (C.E.T.)",CHF,0
EXR.D.CHF.EUR.SP00.A,D,CHF,EUR,SP00,A,2016-02-15,1.1009,A,,,,P1D,,A,,,,,,,99Q1=100,,,4,,4F0,,Swiss franc/Euro ECB reference exchange rate,"ECB reference exchange rate, Swiss franc/Euro, 2.15 pm (C.E.T.)",CHF,0
EXR.D.CHF.EUR.SP00.A,D,CHF,EUR,SP00,A,2016-02-16,1.1018,A,,,,P1D,,A,,,,,,,99Q1=100,,,4,,4F0,,Swiss franc/Euro ECB reference exchange rate,"ECB reference exchange rate, Swiss franc/Euro, 2.15 pm (C.E.T.)",CHF,0
EXR.D.CHF.EUR.SP00.A,D,CHF,EUR,SP00,A,2016-02-17,1.1034,A,,,,P1D,,A,,,,,,,99Q1=100,,,4,,4F0,,Swiss franc/Euro ECB reference exchange rate,"ECB reference exchange rate, Swiss franc/Euro, 2.15 pm (C.E.T.)",CHF,0
EXR.D.CHF.EUR.SP00.A,D,CHF,EUR,SP00,A,2016-02-18,1.1028,A,,,,P1D,,A,,,,,,,99Q1=100,,,4,,4F0,,Swiss franc/Euro ECB reference exchange rate,"ECB reference exchange rate, Swiss franc/Euro, 2.15 pm (C.E.T.)",CHF,0
EXR.D.CHF.EUR.SP00.A,D,CHF,EUR,SP00,A,2016-02-19,1.1017,A,,,,P1D,,A,,,,,,,99Q1=100,,,4,,4F0,,Swiss franc/Euro ECB reference exchange rate,"ECB reference exchange rate, Swiss franc/Euro, 2.15 pm (C.E.T.)",CHF,0
EXR.D.CHF.EUR.SP00.A,D,CHF,EUR,SP00,A,2016-02-22,1.1008,A,,,,P1D,,A,,,,,,,99Q1=100,,,4,,4F0,,Swiss franc/Euro ECB reference exchange rate,"ECB reference exchange rate, Swiss franc/Euro, 2.15 pm (C.E.T.)",CHF,0
EXR.D.CHF.EUR.SP00.A,D,CHF,EUR,SP00,A,2016-02-23,1.0921,A,,,,P1D,,A,,,,,,,99Q1=100,,,4,,4F0,,Swiss franc/Euro ECB reference exchange rate,"ECB reference exchange rate, Swiss franc/Euro, 2.15 pm (C.E.T.)",CHF,0
EXR.D.CHF.EUR.SP00.A,D,CHF,EUR,SP00,A,2016-02-24,1.0914,A,,,,P1D,,A,,,,,,,99Q1=100,,,4,,4F0,,Swiss franc/Euro ECB reference exchange rate,"ECB reference exchange rate, Swiss franc/Euro, 2.15 pm (C.E.T.)",CHF,0
EXR.D.CHF.EUR.SP00.A,D,CHF,EUR,SP00,A,2016-02-25,1.0935,A,,,,P1D,,A,,,,,,,99Q1=100,,,4,,4F0,,Swiss franc/Euro ECB reference exchange rate,"ECB reference exchange rate, Swiss franc/Euro, 2.15 pm (C.E.T.)",CHF,0
EXR.D.CHF.EUR.SP00.A,D,CHF,EUR,SP00,A,2016-02-26,1.0929,A,,,,P1D,,A,,,,,,,99Q1=100,,,4,,4F0,,Swiss franc/Euro ECB reference exchange rate,"ECB reference exchange rate, Swiss franc/Euro, 2.15 pm (C.E.T.)",CHF,0
EXR.D.CHF.EUR.SP00.A,D,CHF,EUR,SP00,A,2016-02-29,1.0914,A,,,,P1D,,A,,,,,,,99Q1=100,,,4,,4F0,,Swiss franc/Euro ECB reference exchange rate,"ECB reference exchange rate, Swiss franc/Euro, 2.15 pm (C.E.T.)",CHF,0
EXR.D.CHF.EUR.SP00.A,D,CHF,EUR,SP00,A,2016-03-01,1.086,A,,,,P1D,,A,,,,,,,99Q1=100,,,4,,4F0,,Swiss franc/Euro ECB reference exchange rate,"ECB reference exchange rate, Swiss franc/Euro, 2.15 pm (C.E.T.)",CHF,0
EXR.D.CHF.EUR.SP00.A,D,CHF,EUR,SP00,A,2016-03-02,1.0845,A,,,,P1D,,A,,,,,,,99Q1=100,,,4,,4F0,,Swiss franc/Euro ECB reference exchange rate,"ECB reference exchange rate, Swiss franc/Euro, 2.15 pm (C.E.T.)",CHF,0
EXR.D.CHF.EUR.SP00.A,D,CHF,EUR,SP00,A,2016-03-03,1.084,A,,,,P1D,,A,,,,,,,99Q1=100,,,4,,4F0,,Swiss franc/Euro ECB reference exchange rate,"ECB reference exchange rate, Swiss franc/Euro, 2.15 pm (C.E.T.)",CHF,0
EXR.D.CHF.EUR.SP00.A,D,CHF,EUR,SP00,A,2016-03-04,1.0898,A,,,,P1D,,A,,,,,,,99Q1=100,,,4,,4F0,,Swiss franc/Euro ECB reference exchange rate,"ECB reference exchange rate, Swiss franc/Euro, 2.15 pm (C.E.T.)",CHF,0
EXR.D.CHF.EUR.SP00.A,D,CHF,EUR,SP00,A,2016-03-07,1.0962,A,,,,P1D,,A,,,,,,,99Q1=100,,,4,,4F0,,Swiss franc/Euro ECB reference exchange rate,"ECB reference exchange rate, Swiss franc/Euro, 2.15 pm (C.E.T.)",CHF,0
EXR.D.CHF.EUR.SP00.A,D,CHF,EUR,SP00,A,2016-03-08,1.0952,A,,,,P1D,,A,,,,,,,99Q1=100,,,4,,4F0,,Swiss franc/Euro ECB reference exchange rate,"ECB reference exchange rate, Swiss franc/Euro, 2.15 pm (C.E.T.)",CHF,0
EXR.D.CHF.EUR.SP00.A,D,CHF,EUR,SP00,A,2016-03-09,1.0978,A,,,,P1D,,A,,,,,,,99Q1=100,,,4,,4F0,,Swiss franc/Euro ECB reference exchange rate,"ECB reference exchange rate, Swiss franc/Euro, 2.15 pm (C.E.T.)",CHF,0
EXR.D.CHF.EUR.SP00.A,D,CHF,EUR,SP00,A,2016-03-10,1.0941,A,,,,P1D,,A,,,,,,,99Q1=100,,,4,,4F0,,Swiss franc/Euro ECB reference exchange rate,"ECB reference exchange rate, Swiss franc/Euro, 2.15 pm (C.E.T.)",CHF,0
EXR.D.CHF.EUR.SP00.A,D,CHF,EUR,SP00,A,2016-03-11,1.0948,A,,,,P1D,,A,,,,,,,99Q1=100,,,4,,4F0,,Swiss franc/Euro ECB reference exchange rate,"ECB reference exchange rate, Swiss franc/Euro, 2.15 pm (C.E.T.)",CHF,0
EXR.D.CHF.EUR.SP00.A,D,CHF,EUR,SP00,A,2016-03-14,1.0969,A,,,,P1D,,A,,,,,,,99Q1=100,,,4,,4F0,,Swiss franc/Euro ECB reference exchange rate,"ECB reference exchange rate, Swiss franc/Euro, 2.15 pm (C.E.T.)",CHF,0
EXR.D.CHF.EUR.SP00.A,D,CHF,EUR,SP00,A,2016-03-15,1.0954,A,,,,P1D,,A,,,,,,,99Q1=100,,,4,,4F0,,Swiss franc/Euro ECB reference exchange rate,"ECB reference exchange rate, Swiss franc/Euro, 2.15 pm (C.E.T.)",CHF,0
EXR.D.CHF.EUR.SP00.A,D,CHF,EUR,SP00,A,2016-03-16,1.096,A,,,,P1D,,A,,,,,,,99Q1=100,,,4,,4F0,,Swiss franc/Euro ECB reference exchange rate,"ECB reference exchange rate, Swiss franc/Euro, 2.15 pm (C.E.T.)",CHF,0
EXR.D.CHF.EUR.SP00.A,D,CHF,EUR,SP00,A,2016-03-17,1.0959,A,,,,P1D,,A,,,,,,,99Q1=100,,,4,,4F0,,Swiss franc/Euro ECB reference exchange rate,"ECB reference exchange rate, Swiss franc/Euro, 2.15 pm (C.E.T.)",CHF,0
EXR.D.CHF.EUR.SP00.A,D,CHF,EUR,SP00,A,2016-03-18,1.0919,A,,,,P1D,,A,,,,,,,99Q1=100,,,4,,4F0,,Swiss franc/Euro ECB reference exchange rate,"ECB reference exchange rate, Swiss franc/Euro, 2.15 pm (C.E.T.)",CHF,0
EXR.D.CHF.EUR.SP00.A,D,CHF,EUR,SP00,A,2016-03-21,1.0916,A,,,,P1D,,A,,,,,,,99Q1=100,,,4,,4F0,,Swiss franc/Euro ECB reference exchange rate,"ECB reference exchange rate, Swiss franc/Euro, 2.15 pm (C.E.T.)",CHF,0
EXR.D.CHF.EUR.SP00.A,D,CHF,EUR,SP00,A,2016-03-22,1.0887,A,,,,P1D,,A,,,,,,,99Q1=100,,,4,,4F0,,Swiss franc/Euro ECB reference exchange rate,"ECB reference exchange rate, Swiss franc/Euro, 2.15 pm (C.E.T.)",CHF,0
EXR.D.CHF.EUR.SP00.A,D,CHF,EUR,SP00,A,2016-03-23,1.0894,A,,,,P1D,,A,,,,,,,99Q1=100,,,4,,4F0,,Swiss franc/Euro ECB reference exchange rate,"ECB reference exchange rate, Swiss franc/Euro, 2.15 pm (C.E.T.)",CHF,0
EXR.D.CHF.EUR.SP00.A,D,CHF,EUR,SP00,A,2016-03-24,1.0875,A,,,,P1D,,A,,,,,,,99Q1=100,,,4,,4F0,,Swiss franc/Euro ECB reference exchange rate,"ECB reference exchange rate, Swiss franc/Euro, 2.15 pm (C.E.T.)",CHF,0
EXR.D.CHF.EUR.SP00.A,D,CHF,EUR,SP00,A,2016-03-29,1.0915,A,,,,P1D,,A,,,,,,,99Q1=100,,,4,,4F0,,Swiss franc/Euro ECB reference exchange rate,"ECB reference exchange rate, Swiss franc/Euro, 2.15 pm (C.E.T.)",CHF,0
EXR.D.CHF.EUR.SP00.A,D,CHF,EUR,SP00,A,2016-03-30,1.0913,A,,,,P1D,,A,,,,,,,99Q1=100,,,4,,4F0,,Swiss franc/Euro ECB reference exchange rate,"ECB reference exchange rate, Swiss franc/Euro, 2.15 pm (C.E.T.)",CHF,0
EXR.D.CHF.EUR.SP00.A,D,CHF,EUR,SP00,A,2016-03-31,1.0931,A,,,,P1D,,A,,,,,,,99Q1=100,,,4,,4F0,,Swiss franc/Euro ECB reference exchange rate,"ECB reference exchange rate, Swiss franc/Euro, 2.15 pm (C.E.T.)",CHF,0
EXR.D.CHF.EUR.SP00.A,D,CHF,EUR,SP00,A,2016-04-01,1.0946,A,,,,P1D,,A,,,,,,,99Q1=100,,,4,,4F0,,Swiss franc/Euro ECB reference exchange rate,"ECB reference exchange rate, Swiss franc/Euro, 2.15 pm (C.E.T.)",CHF,0
EXR.D.CHF.EUR.SP00.A,D,CHF,EUR,SP00,A,2016-04-04,1.0919,A,,,,P1D,,A,,,,,,,99Q1=100,,,4,,4F0,,Swiss franc/Euro ECB reference exchange rate,"ECB reference exchange rate, Swiss franc/Euro, 2.15 pm (C.E.T.)",CHF,0
EXR.D.CHF.EUR.SP00.A,D,CHF,EUR,SP00,A,2016-04-05,1.0892,A,,,,P1D,,A,,,,,,,99Q1=100,,,4,,4F0,,Swiss franc/Euro ECB reference exchange rate,"ECB reference exchange rate, Swiss franc/Euro, 2.15 pm (C.E.T.)",CHF,0
EXR.D.CHF.EUR.SP00.A,D,CHF,EUR,SP00,A,2016-04-06,1.0887,A,,,,P1D,,A,,,,,,,99Q1=100,,,4,,4F0,,Swiss franc/Euro ECB reference exchange rate,"ECB reference exchange rate, Swiss franc/Euro, 2.15 pm (C.E.T.)",CHF,0
EXR.D.CHF.EUR.SP00.A,D,CHF,EUR,SP00,A,2016-04-07,1.0884,A,,,,P1D,,A,,,,,,,99Q1=100,,,4,,4F0,,Swiss franc/Euro ECB reference exchange rate,"ECB reference exchange rate, Swiss franc/Euro, 2.15 pm (C.E.T.)",CHF,0
EXR.D.CHF.EUR.SP00.A,D,CHF,EUR,SP00,A,2016-04-08,1.0874,A,,,,P1D,,A,,,,,,,99Q1=100,,,4,,4F0,,Swiss franc/Euro ECB reference exchange rate,"ECB reference exchange rate, Swiss franc/Euro, 2.15 pm (C.E.T.)",CHF,0
EXR.D.CHF.EUR.SP00.A,D,CHF,EUR,SP00,A,2016-04-11,1.0877,A,,,,P1D,,A,,,,,,,99Q1=100,,,4,,4F0,,Swiss franc/Euro ECB reference exchange rate,"ECB reference exchange rate, Swiss franc/Euro, 2.15 pm (C.E.T.)",CHF,0
EXR.D.CHF.EUR.SP00.A,D,CHF,EUR,SP00,A,2016-04-12,1.0874,A,,,,P1D,,A,,,,,,,99Q1=100,,,4,,4F0,,Swiss franc/Euro ECB reference exchange rate,"ECB reference exchange rate, Swiss franc/Euro, 2.15 pm (C.E.T.)",CHF,0
EXR.D.CHF.EUR.SP00.A,D,CHF,EUR,SP00,A,2016-04-13,1.0887,A,,,,P1D,,A,,,,,,,99Q1=100,,,4,,4F0,,Swiss franc/Euro ECB reference exchange rate,"ECB reference exchange rate, Swiss franc/Euro, 2.15 pm (C.E.T.)",CHF,0
EXR.D.CHF.EUR.SP00.A,D,CHF,EUR,SP00,A,2016-04-14,1.0878,A,,,,P1D,,A,,,,,,,99Q1=100,,,4,,4F0,,Swiss franc/Euro ECB reference exchange rate,"ECB reference exchange rate, Swiss franc/Euro, 2.15 pm (C.E.T.)",CHF,0
EXR.D.CHF.EUR.SP00.A,D,CHF,EUR,SP00,A,2016-04-15,1.0919,A,,,,P1D,,A,,,,,,,99Q1=100,,,4,,4F0,,Swiss franc/Euro ECB reference exchange rate,"ECB reference exchange rate, Swiss franc/Euro, 2.15 pm (C.E.T.)",CHF,0
EXR.D.CHF.EUR.SP00.A,D,CHF,EUR,SP00,A,2016-04-18,1.0916,A,,,,P1D,,A,,,,,,,99Q1=100,,,4,,4F0,,Swiss franc/Euro ECB reference exchange rate,"ECB reference exchange rate, Swiss franc/Euro, 2.15 pm (C.E.T.)",CHF,0
EXR.D.CHF.EUR.SP00.A,D,CHF,EUR,SP00,A,2016-04-19,1.0922,A,,,,P1D,,A,,,,,,,99Q1=100,,,4,,4F0,,Swiss franc/Euro ECB reference exchange rate,"ECB reference exchange rate, Swiss franc/Euro, 2.15 pm (C.E.T.)",CHF,0
EXR.D.CHF.EUR.SP00.A,D,CHF,EUR,SP00,A,2016-04-20,1.0939,A,,,,P1D,,A,,,,,,,99Q1=100,,,4,,4F0,,Swiss franc/Euro ECB reference exchange rate,"ECB reference exchange rate, Swiss franc/Euro, 2.15 pm (C.E.T.)",CHF,0
EXR.D.CHF.EUR.SP00.A,D,CHF,EUR,SP00,A,2016-04-21,1.0989,A,,,,P1D,,A,,,,,,,99Q1=100,,,4,,4F0,,Swiss franc/Euro ECB reference exchange rate,"ECB reference exchange rate, Swiss franc/Euro, 2.15 pm (C.E.T.)",CHF,0
EXR.D.CHF.EUR.SP00.A,D,CHF,EUR,SP00,A,2016-04-22,1.0991,A,,,,P1D,,A,,,,,,,99Q1=100,,,4,,4F0,,Swiss franc/Euro ECB reference exchange rate,"ECB reference exchange rate, Swiss franc/Euro, 2.15 pm (C.E.T.)",CHF,0
EXR.D.CHF.EUR.SP00.A,D,CHF,EUR,SP00,A,2016-04-25,1.0973,A,,,,P1D,,A,,,,,,,99Q1=100,,,4,,4F0,,Swiss franc/Euro ECB reference exchange rate,"ECB reference exchange rate, Swiss franc/Euro, 2.15 pm (C.E.T.)",CHF,0
EXR.D.CHF.EUR.SP00.A,D,CHF,EUR,SP00,A,2016-04-26,1.1,A,,,,P1D,,A,,,,,,,99Q1=100,,,4,,4F0,,Swiss franc/Euro ECB reference exchange rate,"ECB reference exchange rate, Swiss franc/Euro, 2.15 pm (C.E.T.)",CHF,0
EXR.D.CHF.EUR.SP00.A,D,CHF,EUR,SP00,A,2016-04-27,1.0998,A,,,,P1D,,A,,,,,,,99Q1=100,,,4,,4F0,,Swiss franc/Euro ECB reference exchange rate,"ECB reference exchange rate, Swiss franc/Euro, 2.15 pm (C.E.T.)",CHF,0
EXR.D.CHF.EUR.SP00.A,D,CHF,EUR,SP00,A,2016-04-28,1.0974,A,,,,P1D,,A,,,,,,,99Q1=100,,,4,,4F0,,Swiss franc/Euro ECB reference exchange rate,"ECB reference exchange rate, Swiss franc/Euro, 2.15 pm (C.E.T.)",CHF,0
EXR.D.CHF.EUR.SP00.A,D,CHF,EUR,SP00,A,2016-04-29,1.0984,A,,,,P1D,,A,,,,,,,99Q1=100,,,4,,4F0,,Swiss franc/Euro ECB reference exchange rate,"ECB reference exchange rate, Swiss franc/Euro, 2.15 pm (C.E.T.)",CHF,0
EXR.D.CHF.EUR.SP00.A,D,CHF,EUR,SP00,A,2016-05-02,1.0999,A,,,,P1D,,A,,,,,,,99Q1=100,,,4,,4F0,,Swiss franc/Euro ECB reference exchange rate,"ECB reference exchange rate, Swiss franc/Euro, 2.15 pm (C.E.T.)",CHF,0
EXR.D.CHF.EUR.SP00.A,D,CHF,EUR,SP00,A,2016-05-03,1.0977,A,,,,P1D,,A,,,,,,,99Q1=100,,,4,,4F0,,Swiss franc/Euro ECB reference exchange rate,"ECB reference exchange rate, Swiss franc/Euro, 2.15 pm (C.E.T.)",CHF,0
EXR.D.CHF.EUR.SP00.A,D,CHF,EUR,SP00,A,2016-05-04,1.0993,A,,,,P1D,,A,,,,,,,99Q1=100,,,4,,4F0,,Swiss franc/Euro ECB reference exchange rate,"ECB reference exchange rate, Swiss franc/Euro, 2.15 pm (C.E.T.)",CHF,0
EXR.D.CHF.EUR.SP00.A,D,CHF,EUR,SP00,A,2016-05-05,1.1018,A,,,,P1D,,A,,,,,,,99Q1=100,,,4,,4F0,,Swiss franc/Euro ECB reference exchange rate,"ECB reference exchange rate, Swiss franc/Euro, 2.15 pm (C.E.T.)",CHF,0
EXR.D.CHF.EUR.SP00.A,D,CHF,EUR,SP00,A,2016-05-06,1.107,A,,,,P1D,,A,,,,,,,99Q1=100,,,4,,4F0,,Swiss franc/Euro ECB reference exchange rate,"ECB reference exchange rate, Swiss franc/Euro, 2.15 pm (C.E.T.)",CHF,0
EXR.D.CHF.EUR.SP00.A,D,CHF,EUR,SP00,A,2016-05-09,1.1053,A,,,,P1D,,A,,,,,,,99Q1=100,,,4,,4F0,,Swiss franc/Euro ECB reference exchange rate,"ECB reference exchange rate, Swiss franc/Euro, 2.15 pm (C.E.T.)",CHF,0
EXR.D.CHF.EUR.SP00.A,D,CHF,EUR,SP00,A,2016-05-10,1.1079,A,,,,P1D,,A,,,,,,,99Q1=100,,,4,,4F0,,Swiss franc/Euro ECB reference exchange rate,"ECB reference exchange rate, Swiss franc/Euro, 2.15 pm (C.E.T.)",CHF,0
EXR.D.CHF.EUR.SP00.A,D,CHF,EUR,SP00,A,2016-05-11,1.1099,A,,,,P1D,,A,,,,,,,99Q1=100,,,4,,4F0,,Swiss franc/Euro ECB reference exchange rate,"ECB reference exchange rate, Swiss franc/Euro, 2.15 pm (C.E.T.)",CHF,0
EXR.D.CHF.EUR.SP00.A,D,CHF,EUR,SP00,A,2016-05-12,1.1063,A,,,,P1D,,A,,,,,,,99Q1=100,,,4,,4F0,,Swiss franc/Euro ECB reference exchange rate,"ECB reference exchange rate, Swiss franc/Euro, 2.15 pm (C.E.T.)",CHF,0
EXR.D.CHF.EUR.SP00.A,D,CHF,EUR,SP00,A,2016-05-13,1.1024,A,,,,P1D,,A,,,,,,,99Q1=100,,,4,,4F0,,Swiss franc/Euro ECB reference exchange rate,"ECB reference exchange rate, Swiss franc/Euro, 2.15 pm (C.E.T.)",CHF,0
EXR.D.CHF.EUR.SP00.A,D,CHF,EUR,SP00,A,2016-05-16,1.1059,A,,,,P1D,,A,,,,,,,99Q1=100,,,4,,4F0,,Swiss franc/Euro ECB reference exchange rate,"ECB reference exchange rate, Swiss franc/Euro, 2.15 pm (C.E.T.)",CHF,0
EXR.D.CHF.EUR.SP00.A,D,CHF,EUR,SP00,A,2016-05-17,1.108,A,,,,P1D,,A,,,,,,,99Q1=100,,,4,,4F0,,Swiss franc/Euro ECB reference exchange rate,"ECB reference exchange rate, Swiss franc/Euro, 2.15 pm (C.E.T.)",CHF,0
EXR.D.CHF.EUR.SP00.A,D,CHF,EUR,SP00,A,2016-05-18,1.1086,A,,,,P1D,,A,,,,,,,99Q1=100,,,4,,4F0,,Swiss franc/Euro ECB reference exchange rate,"ECB reference exchange rate, Swiss franc/Euro, 2.15 pm (C.E.T.)",CHF,0
EXR.D.CHF.EUR.SP00.A,D,CHF,EUR,SP00,A,2016-05-19,1.1089,A,,,,P1D,,A,,,,,,,99Q1=100,,,4,,4F0,,Swiss franc/Euro ECB reference exchange rate,"ECB reference exchange rate, Swiss franc/Euro, 2.15 pm (C.E.T.)",CHF,0
EXR.D.CHF.EUR.SP00.A,D,CHF,EUR,SP00,A,2016-05-20,1.1123,A,,,,P1D,,A,,,,,,,99Q1=100,,,4,,4F0,,Swiss franc/Euro ECB reference exchange rate,"ECB reference exchange rate, Swiss franc/Euro, 2.15 pm (C.E.T.)",CHF,0
EXR.D.CHF.EUR.SP00.A,D,CHF,EUR,SP00,A,2016-05-23,1.1105,A,,,,P1D,,A,,,,,,,99Q1=100,,,4,,4F0,,Swiss franc/Euro ECB reference exchange rate,"ECB reference exchange rate, Swiss franc/Euro, 2.15 pm (C.E.T.)",CHF,0
EXR.D.CHF.EUR.SP00.A,D,CHF,EUR,SP00,A,2016-05-24,1.1079,A,,,,P1D,,A,,,,,,,99Q1=100,,,4,,4F0,,Swiss franc/Euro ECB reference exchange rate,"ECB reference exchange rate, Swiss franc/Euro, 2.15 pm (C.E.T.)",CHF,0
EXR.D.CHF.EUR.SP00.A,D,CHF,EUR,SP00,A,2016-05-25,1.1049,A,,,,P1D,,A,,,,,,,99Q1=100,,,4,,4F0,,Swiss franc/Euro ECB reference exchange rate,"ECB reference exchange rate, Swiss franc/Euro, 2.15 pm (C.E.T.)",CHF,0
EXR.D.CHF.EUR.SP00.A,D,CHF,EUR,SP00,A,2016-05-26,1.1075,A,,,,P1D,,A,,,,,,,99Q1=100,,,4,,4F0,,Swiss franc/Euro ECB reference exchange rate,"ECB reference exchange rate, Swiss franc/Euro, 2.15 pm (C.E.T.)",CHF,0
EXR.D.CHF.EUR.SP00.A,D,CHF,EUR,SP00,A,2016-05-27,1.1068,A,,,,P1D,,A,,,,,,,99Q1=100,,,4,,4F0,,Swiss franc/Euro ECB reference exchange rate,"ECB reference exchange rate, Swiss franc/Euro, 2.15 pm (C.E.T.)",CHF,0
EXR.D.CHF.EUR.SP00.A,D,CHF,EUR,SP00,A,2016-05-30,1.1058,A,,,,P1D,,A,,,,,,,99Q1=100,,,4,,4F0,,Swiss franc/Euro ECB reference exchange rate,"ECB reference exchange rate, Swiss franc/Euro, 2.15 pm (C.E.T.)",CHF,0
EXR.D.CHF.EUR.SP00.A,D,CHF,EUR,SP00,A,2016-05-31,1.1044,A,,,,P1D,,A,,,,,,,99Q1=100,,,4,,4F0,,Swiss franc/Euro ECB reference exchange rate,"ECB reference exchange rate, Swiss franc/Euro, 2.15 pm (C.E.T.)",CHF,0
EXR.D.CHF.EUR.SP00.A,D,CHF,EUR,SP00,A,2016-06-01,1.1055,A,,,,P1D,,A,,,,,,,99Q1=100,,,4,,4F0,,Swiss franc/Euro ECB reference exchange rate,"ECB reference exchange rate, Swiss franc/Euro, 2.15 pm (C.E.T.)",CHF,0
EXR.D.CHF.EUR.SP00.A,D,CHF,EUR,SP00,A,2016-06-02,1.1062,A,,,,P1D,,A,,,,,,,99Q1=100,,,4,,4F0,,Swiss franc/Euro ECB reference exchange rate,"ECB reference exchange rate, Swiss franc/Euro, 2.15 pm (C.E.T.)",CHF,0
EXR.D.CHF.EUR.SP00.A,D,CHF,EUR,SP00,A,2016-06-03,1.105,A,,,,P1D,,A,,,,,,,99Q1=100,,,4,,4F0,,Swiss franc/Euro ECB reference exchange rate,"ECB reference exchange rate, Swiss franc/Euro, 2.15 pm (C.E.T.)",CHF,0
EXR.D.CHF.EUR.SP00.A,D,CHF,EUR,SP00,A,2016-06-06,1.1051,A,,,,P1D,,A,,,,,,,99Q1=100,,,4,,4F0,,Swiss franc/Euro ECB reference exchange rate,"ECB reference exchange rate, Swiss franc/Euro, 2.15 pm (C.E.T.)",CHF,0
EXR.D.CHF.EUR.SP00.A,D,CHF,EUR,SP00,A,2016-06-07,1.0979,A,,,,P1D,,A,,,,,,,99Q1=100,,,4,,4F0,,Swiss franc/Euro ECB reference exchange rate,"ECB reference exchange rate, Swiss franc/Euro, 2.15 pm (C.E.T.)",CHF,0
EXR.D.CHF.EUR.SP00.A,D,CHF,EUR,SP00,A,2016-06-08,1.0942,A,,,,P1D,,A,,,,,,,99Q1=100,,,4,,4F0,,Swiss franc/Euro ECB reference exchange rate,"ECB reference exchange rate, Swiss franc/Euro, 2.15 pm (C.E.T.)",CHF,0
EXR.D.CHF.EUR.SP00.A,D,CHF,EUR,SP00,A,2016-06-09,1.0916,A,,,,P1D,,A,,,,,,,99Q1=100,,,4,,4F0,,Swiss franc/Euro ECB reference exchange rate,"ECB reference exchange rate, Swiss franc/Euro, 2.15 pm (C.E.T.)",CHF,0
EXR.D.CHF.EUR.SP00.A,D,CHF,EUR,SP00,A,2016-06-10,1.0885,A,,,,P1D,,A,,,,,,,99Q1=100,,,4,,4F0,,Swiss franc/Euro ECB reference exchange rate,"ECB reference exchange rate, Swiss franc/Euro, 2.15 pm (C.E.T.)",CHF,0
EXR.D.CHF.EUR.SP00.A,D,CHF,EUR,SP00,A,2016-06-13,1.0888,A,,,,P1D,,A,,,,,,,99Q1=100,,,4,,4F0,,Swiss franc/Euro ECB reference exchange rate,"ECB reference exchange rate, Swiss franc/Euro, 2.15 pm (C.E.T.)",CHF,0
EXR.D.CHF.EUR.SP00.A,D,CHF,EUR,SP00,A,2016-06-14,1.0832,A,,,,P1D,,A,,,,,,,99Q1=100,,,4,,4F0,,Swiss franc/Euro ECB reference exchange rate,"ECB reference exchange rate, Swiss franc/Euro, 2.15 pm (C.E.T.)",CHF,0
EXR.D.CHF.EUR.SP00.A,D,CHF,EUR,SP00,A,2016-06-15,1.0817,A,,,,P1D,,A,,,,,,,99Q1=100,,,4,,4F0,,Swiss franc/Euro ECB reference exchange rate,"ECB reference exchange rate, Swiss franc/Euro, 2.15 pm (C.E.T.)",CHF,0
EXR.D.CHF.EUR.SP00.A,D,CHF,EUR,SP00,A,2016-06-16,1.0812,A,,,,P1D,,A,,,,,,,99Q1=100,,,4,,4F0,,Swiss franc/Euro ECB reference exchange rate,"ECB reference exchange rate, Swiss franc/Euro, 2.15 pm (C.E.T.)",CHF,0
EXR.D.CHF.EUR.SP00.A,D,CHF,EUR,SP00,A,2016-06-17,1.0818,A,,,,P1D,,A,,,,,,,99Q1=100,,,4,,4F0,,Swiss franc/Euro ECB reference exchange rate,"ECB reference exchange rate, Swiss franc/Euro, 2.15 pm (C.E.T.)",CHF,0
EXR.D.CHF.EUR.SP00.A,D,CHF,EUR,SP00,A,2016-06-20,1.0884,A,,,,P1D,,A,,,,,,,99Q1=100,,,4,,4F0,,Swiss franc/Euro ECB reference exchange rate,"ECB reference exchange rate, Swiss franc/Euro, 2.15 pm (C.E.T.)",CHF,0
EXR.D.CHF.EUR.SP00.A,D,CHF,EUR,SP00,A,2016-06-21,1.085,A,,,,P1D,,A,,,,,,,99Q1=100,,,4,,4F0,,Swiss franc/Euro ECB reference exchange rate,"ECB reference exchange rate, Swiss franc/Euro, 2.15 pm (C.E.T.)",CHF,0
EXR.D.CHF.EUR.SP00.A,D,CHF,EUR,SP00,A,2016-06-22,1.083,A,,,,P1D,,A,,,,,,,99Q1=100,,,4,,4F0,,Swiss franc/Euro ECB reference exchange rate,"ECB reference exchange rate, Swiss franc/Euro, 2.15 pm (C.E.T.)",CHF,0
EXR.D.CHF.EUR.SP00.A,D,CHF,EUR,SP00,A,2016-06-23,1.0876,A,,,,P1D,,A,,,,,,,99Q1=100,,,4,,4F0,,Swiss franc/Euro ECB reference exchange rate,"ECB reference exchange rate, Swiss franc/Euro, 2.15 pm (C.E.T.)",CHF,0
EXR.D.CHF.EUR.SP00.A,D,CHF,EUR,SP00,A,2016-06-24,1.0808,A,,,,P1D,,A,,,,,,,99Q1=100,,,4,,4F0,,Swiss franc/Euro ECB reference exchange rate,"ECB reference exchange rate, Swiss franc/Euro, 2.15 pm (C.E.T.)",CHF,0
EXR.D.CHF.EUR.SP00.A,D,CHF,EUR,SP00,A,2016-06-27,1.0736,A,,,,P1D,,A,,,,,,,99Q1=100,,,4,,4F0,,Swiss franc/Euro ECB reference exchange rate,"ECB reference exchange rate, Swiss franc/Euro, 2.15 pm (C.E.T.)",CHF,0
EXR.D.CHF.EUR.SP00.A,D,CHF,EUR,SP00,A,2016-06-28,1.0845,A,,,,P1D,,A,,,,,,,99Q1=100,,,4,,4F0,,Swiss franc/Euro ECB reference exchange rate,"ECB reference exchange rate, Swiss franc/Euro, 2.15 pm (C.E.T.)",CHF,0
EXR.D.CHF.EUR.SP00.A,D,CHF,EUR,SP00,A,2016-06-29,1.0854,A,,,,P1D,,A,,,,,,,99Q1=100,,,4,,4F0,,Swiss franc/Euro ECB reference exchange rate,"ECB reference exchange rate, Swiss franc/Euro, 2.15 pm (C.E.T.)",CHF,0
EXR.D.CHF.EUR.SP00.A,D,CHF,EUR,SP00,A,2016-06-30,1.0867,A,,,,P1D,,A,,,,,,,99Q1=100,,,4,,4F0,,Swiss franc/Euro ECB reference exchange rate,"ECB reference exchange rate, Swiss franc/Euro, 2.15 pm (C.E.T.)",CHF,0
EXR.D.CHF.EUR.SP00.A,D,CHF,EUR,SP00,A,2016-07-01,1.0835,A,,,,P1D,,A,,,,,,,99Q1=100,,,4,,4F0,,Swiss franc/Euro ECB reference exchange rate,"ECB reference exchange rate, Swiss franc/Euro, 2.15 pm (C.E.T.)",CHF,0
EXR.D.CHF.EUR.SP00.A,D,CHF,EUR,SP00,A,2016-07-04,1.0839,A,,,,P1D,,A,,,,,,,99Q1=100,,,4,,4F0,,Swiss franc/Euro ECB reference exchange rate,"ECB reference exchange rate, Swiss franc/Euro, 2.15 pm (C.E.T.)",CHF,0
EXR.D.CHF.EUR.SP00.A,D,CHF,EUR,SP00,A,2016-07-05,1.0837,A,,,,P1D,,A,,,,,,,99Q1=100,,,4,,4F0,,Swiss franc/Euro ECB reference exchange rate,"ECB reference exchange rate, Swiss franc/Euro, 2.15 pm (C.E.T.)",CHF,0
EXR.D.CHF.EUR.SP00.A,D,CHF,EUR,SP00,A,2016-07-06,1.0821,A,,,,P1D,,A,,,,,,,99Q1=100,,,4,,4F0,,Swiss franc/Euro ECB reference exchange rate,"ECB reference exchange rate, Swiss franc/Euro, 2.15 pm (C.E.T.)",CHF,0
EXR.D.CHF.EUR.SP00.A,D,CHF,EUR,SP00,A,2016-07-07,1.082,A,,,,P1D,,A,,,,,,,99Q1=100,,,4,,4F0,,Swiss franc/Euro ECB reference exchange rate,"ECB reference exchange rate, Swiss franc/Euro, 2.15 pm (C.E.T.)",CHF,0
EXR.D.CHF.EUR.SP00.A,D,CHF,EUR,SP00,A,2016-07-08,1.0855,A,,,,P1D,,A,,,,,,,99Q1=100,,,4,,4F0,,Swiss franc/Euro ECB reference exchange rate,"ECB reference exchange rate, Swiss franc/Euro, 2.15 pm (C.E.T.)",CHF,0
EXR.D.CHF.EUR.SP00.A,D,CHF,EUR,SP00,A,2016-07-11,1.0867,A,,,,P1D,,A,,,,,,,99Q1=100,,,4,,4F0,,Swiss franc/Euro ECB reference exchange rate,"ECB reference exchange rate, Swiss franc/Euro, 2.15 pm (C.E.T.)",CHF,0
EXR.D.CHF.EUR.SP00.A,D,CHF,EUR,SP00,A,2016-07-12,1.0904,A,,,,P1D,,A,,,,,,,99Q1=100,,,4,,4F0,,Swiss franc/Euro ECB reference exchange rate,"ECB reference exchange rate, Swiss franc/Euro, 2.15 pm (C.E.T.)",CHF,0
EXR.D.CHF.EUR.SP00.A,D,CHF,EUR,SP00,A,2016-07-13,1.0909,A,,,,P1D,,A,,,,,,,99Q1=100,,,4,,4F0,,Swiss franc/Euro ECB reference exchange rate,"ECB reference exchange rate, Swiss franc/Euro, 2.15 pm (C.E.T.)",CHF,0
EXR.D.CHF.EUR.SP00.A,D,CHF,EUR,SP00,A,2016-07-14,1.09,A,,,,P1D,,A,,,,,,,99Q1=100,,,4,,4F0,,Swiss franc/Euro ECB reference exchange rate,"ECB reference exchange rate, Swiss franc/Euro, 2.15 pm (C.E.T.)",CHF,0
EXR.D.CHF.EUR.SP00.A,D,CHF,EUR,SP00,A,2016-07-15,1.0899,A,,,,P1D,,A,,,,,,,99Q1=100,,,4,,4F0,,Swiss franc/Euro ECB reference exchange rate,"ECB reference exchange rate, Swiss franc/Euro, 2.15 pm (C.E.T.)",CHF,0
EXR.D.CHF.EUR.SP00.A,D,CHF,EUR,SP00,A,2016-07-18,1.0869,A,,,,P1D,,A,,,,,,,99Q1=100,,,4,,4F0,,Swiss franc/Euro ECB reference exchange rate,"ECB reference exchange rate, Swiss franc/Euro, 2.15 pm (C.E.T.)",CHF,0
EXR.D.CHF.EUR.SP00.A,D,CHF,EUR,SP00,A,2016-07-19,1.0877,A,,,,P1D,,A,,,,,,,99Q1=100,,,4,,4F0,,Swiss franc/Euro ECB reference exchange rate,"ECB reference exchange rate, Swiss franc/Euro, 2.15 pm (C.E.T.)",CHF,0
EXR.D.CHF.EUR.SP00.A,D,CHF,EUR,SP00,A,2016-07-20,1.0882,A,,,,P1D,,A,,,,,,,99Q1=100,,,4,,4F0,,Swiss franc/Euro ECB reference exchange rate,"ECB reference exchange rate, Swiss franc/Euro, 2.15 pm (C.E.T.)",CHF,0
EXR.D.CHF.EUR.SP00.A,D,CHF,EUR,SP00,A,2016-07-21,1.0872,A,,,,P1D,,A,,,,,,,99Q1=100,,,4,,4F0,,Swiss franc/Euro ECB reference exchange rate,"ECB reference exchange rate, Swiss franc/Euro, 2.15 pm (C.E.T.)",CHF,0
EXR.D.CHF.EUR.SP00.A,D,CHF,EUR,SP00,A,2016-07-22,1.086,A,,,,P1D,,A,,,,,,,99Q1=100,,,4,,4F0,,Swiss franc/Euro ECB reference exchange rate,"ECB reference exchange rate, Swiss franc/Euro, 2.15 pm (C.E.T.)",CHF,0
EXR.D.CHF.EUR.SP00.A,D,CHF,EUR,SP00,A,2016-07-25,1.0839,A,,,,P1D,,A,,,,,,,99Q1=100,,,4,,4F0,,Swiss franc/Euro ECB reference exchange rate,"ECB reference exchange rate, Swiss franc/Euro, 2.15 pm (C.E.T.)",CHF,0
EXR.D.CHF.EUR.SP00.A,D,CHF,EUR,SP00,A,2016-07-26,1.087,A,,,,P1D,,A,,,,,,,99Q1=100,,,4,,4F0,,Swiss franc/Euro ECB reference exchange rate,"ECB reference exchange rate, Swiss franc/Euro, 2.15 pm (C.E.T.)",CHF,0
EXR.D.CHF.EUR.SP00.A,D,CHF,EUR,SP00,A,2016-07-27,1.0928,A,,,,P1D,,A,,,,,,,99Q1=100,,,4,,4F0,,Swiss franc/Euro ECB reference exchange rate,"ECB reference exchange rate, Swiss franc/Euro, 2.15 pm (C.E.T.)",CHF,0
EXR.D.CHF.EUR.SP00.A,D,CHF,EUR,SP00,A,2016-07-28,1.0892,A,,,,P1D,,A,,,,,,,99Q1=100,,,4,,4F0,,Swiss franc/Euro ECB reference exchange rate,"ECB reference exchange rate, Swiss franc/Euro, 2.15 pm (C.E.T.)",CHF,0
EXR.D.CHF.EUR.SP00.A,D,CHF,EUR,SP00,A,2016-07-29,1.0823,A,,,,P1D,,A,,,,,,,99Q1=100,,,4,,4F0,,Swiss franc/Euro ECB reference exchange rate,"ECB reference exchange rate, Swiss franc/Euro, 2.15 pm (C.E.T.)",CHF,0
EXR.D.CHF.EUR.SP00.A,D,CHF,EUR,SP00,A,2016-08-01,1.0807,A,,,,P1D,,A,,,,,,,99Q1=100,,,4,,4F0,,Swiss franc/Euro ECB reference exchange rate,"ECB reference exchange rate, Swiss franc/Euro, 2.15 pm (C.E.T.)",CHF,0
EXR.D.CHF.EUR.SP00.A,D,CHF,EUR,SP00,A,2016-08-02,1.081,A,,,,P1D,,A,,,,,,,99Q1=100,,,4,,4F0,,Swiss franc/Euro ECB reference exchange rate,"ECB reference exchange rate, Swiss franc/Euro, 2.15 pm (C.E.T.)",CHF,0
EXR.D.CHF.EUR.SP00.A,D,CHF,EUR,SP00,A,2016-08-03,1.0845,A,,,,P1D,,A,,,,,,,99Q1=100,,,4,,4F0,,Swiss franc/Euro ECB reference exchange rate,"ECB reference exchange rate, Swiss franc/Euro, 2.15 pm (C.E.T.)",CHF,0
EXR.D.CHF.EUR.SP00.A,D,CHF,EUR,SP00,A,2016-08-04,1.0834,A,,,,P1D,,A,,,,,,,99Q1=100,,,4,,4F0,,Swiss franc/Euro ECB reference exchange rate,"ECB reference exchange rate, Swiss franc/Euro, 2.15 pm (C.E.T.)",CHF,0
EXR.D.CHF.EUR.SP00.A,D,CHF,EUR,SP00,A,2016-08-05,1.0852,A,,,,P1D,,A,,,,,,,99Q1=100,,,4,,4F0,,Swiss franc/Euro ECB reference exchange rate,"ECB reference exchange rate, Swiss franc/Euro, 2.15 pm (C.E.T.)",CHF,0
EXR.D.CHF.EUR.SP00.A,D,CHF,EUR,SP00,A,2016-08-08,1.0883,A,,,,P1D,,A,,,,,,,99Q1=100,,,4,,4F0,,Swiss franc/Euro ECB reference exchange rate,"ECB reference exchange rate, Swiss franc/Euro, 2.15 pm (C.E.T.)",CHF,0
EXR.D.CHF.EUR.SP00.A,D,CHF,EUR,SP00,A,2016-08-09,1.0899,A,,,,P1D,,A,,,,,,,99Q1=100,,,4,,4F0,,Swiss franc/Euro ECB reference exchange rate,"ECB reference exchange rate, Swiss franc/Euro, 2.15 pm (C.E.T.)",CHF,0
EXR.D.CHF.EUR.SP00.A,D,CHF,EUR,SP00,A,2016-08-10,1.0923,A,,,,P1D,,A,,,,,,,99Q1=100,,,4,,4F0,,Swiss franc/Euro ECB reference exchange rate,"ECB reference exchange rate, Swiss franc/Euro, 2.15 pm (C.E.T.)",CHF,0
EXR.D.CHF.EUR.SP00.A,D,CHF,EUR,SP00,A,2016-08-11,1.0859,A,,,,P1D,,A,,,,,,,99Q1=100,,,4,,4F0,,Swiss franc/Euro ECB reference exchange rate,"ECB reference exchange rate, Swiss franc/Euro, 2.15 pm (C.E.T.)",CHF,0
EXR.D.CHF.EUR.SP00.A,D,CHF,EUR,SP00,A,2016-08-12,1.0888,A,,,,P1D,,A,,,,,,,99Q1=100,,,4,,4F0,,Swiss franc/Euro ECB reference exchange rate,"ECB reference exchange rate, Swiss franc/Euro, 2.15 pm (C.E.T.)",CHF,0
EXR.D.CHF.EUR.SP00.A,D,CHF,EUR,SP00,A,2016-08-15,1.0893,A,,,,P1D,,A,,,,,,,99Q1=100,,,4,,4F0,,Swiss franc/Euro ECB reference exchange rate,"ECB reference exchange rate, Swiss franc/Euro, 2.15 pm (C.E.T.)",CHF,0
EXR.D.CHF.EUR.SP00.A,D,CHF,EUR,SP00,A,2016-08-16,1.0849,A,,,,P1D,,A,,,,,,,99Q1=100,,,4,,4F0,,Swiss franc/Euro ECB reference exchange rate,"ECB reference exchange rate, Swiss franc/Euro, 2.15 pm (C.E.T.)",CHF,0
EXR.D.CHF.EUR.SP00.A,D,CHF,EUR,SP00,A,2016-08-17,1.0863,A,,,,P1D,,A,,,,,,,99Q1=100,,,4,,4F0,,Swiss franc/Euro ECB reference exchange rate,"ECB reference exchange rate, Swiss franc/Euro, 2.15 pm (C.E.T.)",CHF,0
EXR.D.CHF.EUR.SP00.A,D,CHF,EUR,SP00,A,2016-08-18,1.0853,A,,,,P1D,,A,,,,,,,99Q1=100,,,4,,4F0,,Swiss franc/Euro ECB reference exchange rate,"ECB reference exchange rate, Swiss franc/Euro, 2.15 pm (C.E.T.)",CHF,0
EXR.D.CHF.EUR.SP00.A,D,CHF,EUR,SP00,A,2016-08-19,1.0852,A,,,,P1D,,A,,,,,,,99Q1=100,,,4,,4F0,,Swiss franc/Euro ECB reference exchange rate,"ECB reference exchange rate, Swiss franc/Euro, 2.15 pm (C.E.T.)",CHF,0
EXR.D.CHF.EUR.SP00.A,D,CHF,EUR,SP00,A,2016-08-22,1.0886,A,,,,P1D,,A,,,,,,,99Q1=100,,,4,,4F0,,Swiss franc/Euro ECB reference exchange rate,"ECB reference exchange rate, Swiss franc/Euro, 2.15 pm (C.E.T.)",CHF,0
EXR.D.CHF.EUR.SP00.A,D,CHF,EUR,SP00,A,2016-08-23,1.0896,A,,,,P1D,,A,,,,,,,99Q1=100,,,4,,4F0,,Swiss franc/Euro ECB reference exchange rate,"ECB reference exchange rate, Swiss franc/Euro, 2.15 pm (C.E.T.)",CHF,0
EXR.D.CHF.EUR.SP00.A,D,CHF,EUR,SP00,A,2016-08-24,1.0891,A,,,,P1D,,A,,,,,,,99Q1=100,,,4,,4F0,,Swiss franc/Euro ECB reference exchange rate,"ECB reference exchange rate, Swiss franc/Euro, 2.15 pm (C.E.T.)",CHF,0
EXR.D.CHF.EUR.SP00.A,D,CHF,EUR,SP00,A,2016-08-25,1.0905,A,,,,P1D,,A,,,,,,,99Q1=100,,,4,,4F0,,Swiss franc/Euro ECB reference exchange rate,"ECB reference exchange rate, Swiss franc/Euro, 2.15 pm (C.E.T.)",CHF,0
EXR.D.CHF.EUR.SP00.A,D,CHF,EUR,SP00,A,2016-08-26,1.0933,A,,,,P1D,,A,,,,,,,99Q1=100,,,4,,4F0,,Swiss franc/Euro ECB reference exchange rate,"ECB reference exchange rate, Swiss franc/Euro, 2.15 pm (C.E.T.)",CHF,0
EXR.D.CHF.EUR.SP00.A,D,CHF,EUR,SP00,A,2016-08-29,1.0937,A,,,,P1D,,A,,,,,,,99Q1=100,,,4,,4F0,,Swiss franc/Euro ECB reference exchange rate,"ECB reference exchange rate, Swiss franc/Euro, 2.15 pm (C.E.T.)",CHF,0
EXR.D.CHF.EUR.SP00.A,D,CHF,EUR,SP00,A,2016-08-30,1.0951,A,,,,P1D,,A,,,,,,,99Q1=100,,,4,,4F0,,Swiss franc/Euro ECB reference exchange rate,"ECB reference exchange rate, Swiss franc/Euro, 2.15 pm (C.E.T.)",CHF,0
EXR.D.CHF.EUR.SP00.A,D,CHF,EUR,SP00,A,2016-08-31,1.0957,A,,,,P1D,,A,,,,,,,99Q1=100,,,4,,4F0,,Swiss franc/Euro ECB reference exchange rate,"ECB reference exchange rate, Swiss franc/Euro, 2.15 pm (C.E.T.)",CHF,0
EXR.D.CHF.EUR.SP00.A,D,CHF,EUR,SP00,A,2016-09-01,1.0978,A,,,,P1D,,A,,,,,,,99Q1=100,,,4,,4F0,,Swiss franc/Euro ECB reference exchange rate,"ECB reference exchange rate, Swiss franc/Euro, 2.15 pm (C.E.T.)",CHF,0
EXR.D.CHF.EUR.SP00.A,D,CHF,EUR,SP00,A,2016-09-02,1.0959,A,,,,P1D,,A,,,,,,,99Q1=100,,,4,,4F0,,Swiss franc/Euro ECB reference exchange rate,"ECB reference exchange rate, Swiss franc/Euro, 2.15 pm (C.E.T.)",CHF,0
EXR.D.CHF.EUR.SP00.A,D,CHF,EUR,SP00,A,2016-09-05,1.0925,A,,,,P1D,,A,,,,,,,99Q1=100,,,4,,4F0,,Swiss franc/Euro ECB reference exchange rate,"ECB reference exchange rate, Swiss franc/Euro, 2.15 pm (C.E.T.)",CHF,0
EXR.D.CHF.EUR.SP00.A,D,CHF,EUR,SP00,A,2016-09-06,1.0923,A,,,,P1D,,A,,,,,,,99Q1=100,,,4,,4F0,,Swiss franc/Euro ECB reference exchange rate,"ECB reference exchange rate, Swiss franc/Euro, 2.15 pm (C.E.T.)",CHF,0
EXR.D.CHF.EUR.SP00.A,D,CHF,EUR,SP00,A,2016-09-07,1.0891,A,,,,P1D,,A,,,,,,,99Q1=100,,,4,,4F0,,Swiss franc/Euro ECB reference exchange rate,"ECB reference exchange rate, Swiss franc/Euro, 2.15 pm (C.E.T.)",CHF,0
EXR.D.CHF.EUR.SP00.A,D,CHF,EUR,SP00,A,2016-09-08,1.0917,A,,,,P1D,,A,,,,,,,99Q1=100,,,4,,4F0,,Swiss franc/Euro ECB reference exchange rate,"ECB reference exchange rate, Swiss franc/Euro, 2.15 pm (C.E.T.)",CHF,0
EXR.D.CHF.EUR.SP00.A,D,CHF,EUR,SP00,A,2016-09-09,1.0969,A,,,,P1D,,A,,,,,,,99Q1=100,,,4,,4F0,,Swiss franc/Euro ECB reference exchange rate,"ECB reference exchange rate, Swiss franc/Euro, 2.15 pm (C.E.T.)",CHF,0
EXR.D.CHF.EUR.SP00.A,D,CHF,EUR,SP00,A,2016-09-12,1.0935,A,,,,P1D,,A,,,,,,,99Q1=100,,,4,,4F0,,Swiss franc/Euro ECB reference exchange rate,"ECB reference exchange rate, Swiss franc/Euro, 2.15 pm (C.E.T.)",CHF,0
EXR.D.CHF.EUR.SP00.A,D,CHF,EUR,SP00,A,2016-09-13,1.0925,A,,,,P1D,,A,,,,,,,99Q1=100,,,4,,4F0,,Swiss franc/Euro ECB reference exchange rate,"ECB reference exchange rate, Swiss franc/Euro, 2.15 pm (C.E.T.)",CHF,0
EXR.D.CHF.EUR.SP00.A,D,CHF,EUR,SP00,A,2016-09-14,1.0945,A,,,,P1D,,A,,,,,,,99Q1=100,,,4,,4F0,,Swiss franc/Euro ECB reference exchange rate,"ECB reference exchange rate, Swiss franc/Euro, 2.15 pm (C.E.T.)",CHF,0
EXR.D.CHF.EUR.SP00.A,D,CHF,EUR,SP00,A,2016-09-15,1.0941,A,,,,P1D,,A,,,,,,,99Q1=100,,,4,,4F0,,Swiss franc/Euro ECB reference exchange rate,"ECB reference exchange rate, Swiss franc/Euro, 2.15 pm (C.E.T.)",CHF,0
EXR.D.CHF.EUR.SP00.A,D,CHF,EUR,SP00,A,2016-09-16,1.0941,A,,,,P1D,,A,,,,,,,99Q1=100,,,4,,4F0,,Swiss franc/Euro ECB reference exchange rate,"ECB reference exchange rate, Swiss franc/Euro, 2.15 pm (C.E.T.)",CHF,0
EXR.D.CHF.EUR.SP00.A,D,CHF,EUR,SP00,A,2016-09-19,1.0955,A,,,,P1D,,A,,,,,,,99Q1=100,,,4,,4F0,,Swiss franc/Euro ECB reference exchange rate,"ECB reference exchange rate, Swiss franc/Euro, 2.15 pm (C.E.T.)",CHF,0
EXR.D.CHF.EUR.SP00.A,D,CHF,EUR,SP00,A,2016-09-20,1.0943,A,,,,P1D,,A,,,,,,,99Q1=100,,,4,,4F0,,Swiss franc/Euro ECB reference exchange rate,"ECB reference exchange rate, Swiss franc/Euro, 2.15 pm (C.E.T.)",CHF,0
EXR.D.CHF.EUR.SP00.A,D,CHF,EUR,SP00,A,2016-09-21,1.0883,A,,,,P1D,,A,,,,,,,99Q1=100,,,4,,4F0,,Swiss franc/Euro ECB reference exchange rate,"ECB reference exchange rate, Swiss franc/Euro, 2.15 pm (C.E.T.)",CHF,0
EXR.D.CHF.EUR.SP00.A,D,CHF,EUR,SP00,A,2016-09-22,1.0867,A,,,,P1D,,A,,,,,,,99Q1=100,,,4,,4F0,,Swiss franc/Euro ECB reference exchange rate,"ECB reference exchange rate, Swiss franc/Euro, 2.15 pm (C.E.T.)",CHF,0
EXR.D.CHF.EUR.SP00.A,D,CHF,EUR,SP00,A,2016-09-23,1.0887,A,,,,P1D,,A,,,,,,,99Q1=100,,,4,,4F0,,Swiss franc/Euro ECB reference exchange rate,"ECB reference exchange rate, Swiss franc/Euro, 2.15 pm (C.E.T.)",CHF,0
EXR.D.CHF.EUR.SP00.A,D,CHF,EUR,SP00,A,2016-09-26,1.0905,A,,,,P1D,,A,,,,,,,99Q1=100,,,4,,4F0,,Swiss franc/Euro ECB reference exchange rate,"ECB reference exchange rate, Swiss franc/Euro, 2.15 pm (C.E.T.)",CHF,0
EXR.D.CHF.EUR.SP00.A,D,CHF,EUR,SP00,A,2016-09-27,1.088,A,,,,P1D,,A,,,,,,,99Q1=100,,,4,,4F0,,Swiss franc/Euro ECB reference exchange rate,"ECB reference exchange rate, Swiss franc/Euro, 2.15 pm (C.E.T.)",CHF,0
EXR.D.CHF.EUR.SP00.A,D,CHF,EUR,SP00,A,2016-09-28,1.0891,A,,,,P1D,,A,,,,,,,99Q1=100,,,4,,4F0,,Swiss franc/Euro ECB reference exchange rate,"ECB reference exchange rate, Swiss franc/Euro, 2.15 pm (C.E.T.)",CHF,0
EXR.D.CHF.EUR.SP00.A,D,CHF,EUR,SP00,A,2016-09-29,1.0876,A,,,,P1D,,A,,,,,,,99Q1=100,,,4,,4F0,,Swiss franc/Euro ECB reference exchange rate,"ECB reference exchange rate, Swiss franc/Euro, 2.15 pm (C.E.T.)",CHF,0
EXR.D.CHF.EUR.SP00.A,D,CHF,EUR,SP00,A,2016-09-30,1.0876,A,,,,P1D,,A,,,,,,,99Q1=100,,,4,,4F0,,Swiss franc/Euro ECB reference exchange rate,"ECB reference exchange rate, Swiss franc/Euro, 2.15 pm (C.E.T.)",CHF,0
EXR.D.CHF.EUR.SP00.A,D,CHF,EUR,SP00,A,2016-10-03,1.0918,A,,,,P1D,,A,,,,,,,99Q1=100,,,4,,4F0,,Swiss franc/Euro ECB reference exchange rate,"ECB reference exchange rate, Swiss franc/Euro, 2.15 pm (C.E.T.)",CHF,0
EXR.D.CHF.EUR.SP00.A,D,CHF,EUR,SP00,A,2016-10-04,1.0949,A,,,,P1D,,A,,,,,,,99Q1=100,,,4,,4F0,,Swiss franc/Euro ECB reference exchange rate,"ECB reference exchange rate, Swiss franc/Euro, 2.15 pm (C.E.T.)",CHF,0
EXR.D.CHF.EUR.SP00.A,D,CHF,EUR,SP00,A,2016-10-05,1.0959,A,,,,P1D,,A,,,,,,,99Q1=100,,,4,,4F0,,Swiss franc/Euro ECB reference exchange rate,"ECB reference exchange rate, Swiss franc/Euro, 2.15 pm (C.E.T.)",CHF,0
EXR.D.CHF.EUR.SP00.A,D,CHF,EUR,SP00,A,2016-10-06,1.0942,A,,,,P1D,,A,,,,,,,99Q1=100,,,4,,4F0,,Swiss franc/Euro ECB reference exchange rate,"ECB reference exchange rate, Swiss franc/Euro, 2.15 pm (C.E.T.)",CHF,0
EXR.D.CHF.EUR.SP00.A,D,CHF,EUR,SP00,A,2016-10-07,1.0946,A,,,,P1D,,A,,,,,,,99Q1=100,,,4,,4F0,,Swiss franc/Euro ECB reference exchange rate,"ECB reference exchange rate, Swiss franc/Euro, 2.15 pm (C.E.T.)",CHF,0
EXR.D.CHF.EUR.SP00.A,D,CHF,EUR,SP00,A,2016-10-10,1.096,A,,,,P1D,,A,,,,,,,99Q1=100,,,4,,4F0,,Swiss franc/Euro ECB reference exchange rate,"ECB reference exchange rate, Swiss franc/Euro, 2.15 pm (C.E.T.)",CHF,0
EXR.D.CHF.EUR.SP00.A,D,CHF,EUR,SP00,A,2016-10-11,1.0938,A,,,,P1D,,A,,,,,,,99Q1=100,,,4,,4F0,,Swiss franc/Euro ECB reference exchange rate,"ECB reference exchange rate, Swiss franc/Euro, 2.15 pm (C.E.T.)",CHF,0
EXR.D.CHF.EUR.SP00.A,D,CHF,EUR,SP00,A,2016-10-12,1.0906,A,,,,P1D,,A,,,,,,,99Q1=100,,,4,,4F0,,Swiss franc/Euro ECB reference exchange rate,"ECB reference exchange rate, Swiss franc/Euro, 2.15 pm (C.E.T.)",CHF,0
EXR.D.CHF.EUR.SP00.A,D,CHF,EUR,SP00,A,2016-10-13,1.0904,A,,,,P1D,,A,,,,,,,99Q1=100,,,4,,4F0,,Swiss franc/Euro ECB reference exchange rate,"ECB reference exchange rate, Swiss franc/Euro, 2.15 pm (C.E.T.)",CHF,0
EXR.D.CHF.EUR.SP00.A,D,CHF,EUR,SP00,A,2016-10-14,1.0889,A,,,,P1D,,A,,,,,,,99Q1=100,,,4,,4F0,,Swiss franc/Euro ECB reference exchange rate,"ECB reference exchange rate, Swiss franc/Euro, 2.15 pm (C.E.T.)",CHF,0
EXR.D.CHF.EUR.SP00.A,D,CHF,EUR,SP00,A,2016-10-17,1.0872,A,,,,P1D,,A,,,,,,,99Q1=100,,,4,,4F0,,Swiss franc/Euro ECB reference exchange rate,"ECB reference exchange rate, Swiss franc/Euro, 2.15 pm (C.E.T.)",CHF,0
EXR.D.CHF.EUR.SP00.A,D,CHF,EUR,SP00,A,2016-10-18,1.0886,A,,,,P1D,,A,,,,,,,99Q1=100,,,4,,4F0,,Swiss franc/Euro ECB reference exchange rate,"ECB reference exchange rate, Swiss franc/Euro, 2.15 pm (C.E.T.)",CHF,0
EXR.D.CHF.EUR.SP00.A,D,CHF,EUR,SP00,A,2016-10-19,1.0854,A,,,,P1D,,A,,,,,,,99Q1=100,,,4,,4F0,,Swiss franc/Euro ECB reference exchange rate,"ECB reference exchange rate, Swiss franc/Euro, 2.15 pm (C.E.T.)",CHF,0
EXR.D.CHF.EUR.SP00.A,D,CHF,EUR,SP00,A,2016-10-20,1.0852,A,,,,P1D,,A,,,,,,,99Q1=100,,,4,,4F0,,Swiss franc/Euro ECB reference exchange rate,"ECB reference exchange rate, Swiss franc/Euro, 2.15 pm (C.E.T.)",CHF,0
EXR.D.CHF.EUR.SP00.A,D,CHF,EUR,SP00,A,2016-10-21,1.0825,A,,,,P1D,,A,,,,,,,99Q1=100,,,4,,4F0,,Swiss franc/Euro ECB reference exchange rate,"ECB reference exchange rate, Swiss franc/Euro, 2.15 pm (C.E.T.)",CHF,0
EXR.D.CHF.EUR.SP00.A,D,CHF,EUR,SP00,A,2016-10-24,1.0821,A,,,,P1D,,A,,,,,,,99Q1=100,,,4,,4F0,,Swiss franc/Euro ECB reference exchange rate,"ECB reference exchange rate, Swiss franc/Euro, 2.15 pm (C.E.T.)",CHF,0
EXR.D.CHF.EUR.SP00.A,D,CHF,EUR,SP00,A,2016-10-25,1.0848,A,,,,P1D,,A,,,,,,,99Q1=100,,,4,,4F0,,Swiss franc/Euro ECB reference exchange rate,"ECB reference exchange rate, Swiss franc/Euro, 2.15 pm (C.E.T.)",CHF,0
EXR.D.CHF.EUR.SP00.A,D,CHF,EUR,SP00,A,2016-10-26,1.0838,A,,,,P1D,,A,,,,,,,99Q1=100,,,4,,4F0,,Swiss franc/Euro ECB reference exchange rate,"ECB reference exchange rate, Swiss franc/Euro, 2.15 pm (C.E.T.)",CHF,0
EXR.D.CHF.EUR.SP00.A,D,CHF,EUR,SP00,A,2016-10-27,1.0838,A,,,,P1D,,A,,,,,,,99Q1=100,,,4,,4F0,,Swiss franc/Euro ECB reference exchange rate,"ECB reference exchange rate, Swiss franc/Euro, 2.15 pm (C.E.T.)",CHF,0
EXR.D.CHF.EUR.SP00.A,D,CHF,EUR,SP00,A,2016-10-28,1.0855,A,,,,P1D,,A,,,,,,,99Q1=100,,,4,,4F0,,Swiss franc/Euro ECB reference exchange rate,"ECB reference exchange rate, Swiss franc/Euro, 2.15 pm (C.E.T.)",CHF,0
EXR.D.CHF.EUR.SP00.A,D,CHF,EUR,SP00,A,2016-10-31,1.082,A,,,,P1D,,A,,,,,,,99Q1=100,,,4,,4F0,,Swiss franc/Euro ECB reference exchange rate,"ECB reference exchange rate, Swiss franc/Euro, 2.15 pm (C.E.T.)",CHF,0
EXR.D.CHF.EUR.SP00.A,D,CHF,EUR,SP00,A,2016-11-01,1.0823,A,,,,P1D,,A,,,,,,,99Q1=100,,,4,,4F0,,Swiss franc/Euro ECB reference exchange rate,"ECB reference exchange rate, Swiss franc/Euro, 2.15 pm (C.E.T.)",CHF,0
EXR.D.CHF.EUR.SP00.A,D,CHF,EUR,SP00,A,2016-11-02,1.0787,A,,,,P1D,,A,,,,,,,99Q1=100,,,4,,4F0,,Swiss franc/Euro ECB reference exchange rate,"ECB reference exchange rate, Swiss franc/Euro, 2.15 pm (C.E.T.)",CHF,0
EXR.D.CHF.EUR.SP00.A,D,CHF,EUR,SP00,A,2016-11-03,1.0787,A,,,,P1D,,A,,,,,,,99Q1=100,,,4,,4F0,,Swiss franc/Euro ECB reference exchange rate,"ECB reference exchange rate, Swiss franc/Euro, 2.15 pm (C.E.T.)",CHF,0
EXR.D.CHF.EUR.SP00.A,D,CHF,EUR,SP00,A,2016-11-04,1.0774,A,,,,P1D,,A,,,,,,,99Q1=100,,,4,,4F0,,Swiss franc/Euro ECB reference exchange rate,"ECB reference exchange rate, Swiss franc/Euro, 2.15 pm (C.E.T.)",CHF,0
EXR.D.CHF.EUR.SP00.A,D,CHF,EUR,SP00,A,2016-11-07,1.0789,A,,,,P1D,,A,,,,,,,99Q1=100,,,4,,4F0,,Swiss franc/Euro ECB reference exchange rate,"ECB reference exchange rate, Swiss franc/Euro, 2.15 pm (C.E.T.)",CHF,0
EXR.D.CHF.EUR.SP00.A,D,CHF,EUR,SP00,A,2016-11-08,1.0778,A,,,,P1D,,A,,,,,,,99Q1=100,,,4,,4F0,,Swiss franc/Euro ECB reference exchange rate,"ECB reference exchange rate, Swiss franc/Euro, 2.15 pm (C.E.T.)",CHF,0
EXR.D.CHF.EUR.SP00.A,D,CHF,EUR,SP00,A,2016-11-09,1.0793,A,,,,P1D,,A,,,,,,,99Q1=100,,,4,,4F0,,Swiss franc/Euro ECB reference exchange rate,"ECB reference exchange rate, Swiss franc/Euro, 2.15 pm (C.E.T.)",CHF,0
EXR.D.CHF.EUR.SP00.A,D,CHF,EUR,SP00,A,2016-11-10,1.0762,A,,,,P1D,,A,,,,,,,99Q1=100,,,4,,4F0,,Swiss franc/Euro ECB reference exchange rate,"ECB reference exchange rate, Swiss franc/Euro, 2.15 pm (C.E.T.)",CHF,0
EXR.D.CHF.EUR.SP00.A,D,CHF,EUR,SP00,A,2016-11-11,1.0732,A,,,,P1D,,A,,,,,,,99Q1=100,,,4,,4F0,,Swiss franc/Euro ECB reference exchange rate,"ECB reference exchange rate, Swiss franc/Euro, 2.15 pm (C.E.T.)",CHF,0
EXR.D.CHF.EUR.SP00.A,D,CHF,EUR,SP00,A,2016-11-14,1.0739,A,,,,P1D,,A,,,,,,,99Q1=100,,,4,,4F0,,Swiss franc/Euro ECB reference exchange rate,"ECB reference exchange rate, Swiss franc/Euro, 2.15 pm (C.E.T.)",CHF,0
EXR.D.CHF.EUR.SP00.A,D,CHF,EUR,SP00,A,2016-11-15,1.0758,A,,,,P1D,,A,,,,,,,99Q1=100,,,4,,4F0,,Swiss franc/Euro ECB reference exchange rate,"ECB reference exchange rate, Swiss franc/Euro, 2.15 pm (C.E.T.)",CHF,0
EXR.D.CHF.EUR.SP00.A,D,CHF,EUR,SP00,A,2016-11-16,1.0738,A,,,,P1D,,A,,,,,,,99Q1=100,,,4,,4F0,,Swiss franc/Euro ECB reference exchange rate,"ECB reference exchange rate, Swiss franc/Euro, 2.15 pm (C.E.T.)",CHF,0
EXR.D.CHF.EUR.SP00.A,D,CHF,EUR,SP00,A,2016-11-17,1.0737,A,,,,P1D,,A,,,,,,,99Q1=100,,,4,,4F0,,Swiss franc/Euro ECB reference exchange rate,"ECB reference exchange rate, Swiss franc/Euro, 2.15 pm (C.E.T.)",CHF,0
EXR.D.CHF.EUR.SP00.A,D,CHF,EUR,SP00,A,2016-11-18,1.0711,A,,,,P1D,,A,,,,,,,99Q1=100,,,4,,4F0,,Swiss franc/Euro ECB reference exchange rate,"ECB reference exchange rate, Swiss franc/Euro, 2.15 pm (C.E.T.)",CHF,0
EXR.D.CHF.EUR.SP00.A,D,CHF,EUR,SP00,A,2016-11-21,1.0727,A,,,,P1D,,A,,,,,,,99Q1=100,,,4,,4F0,,Swiss franc/Euro ECB reference exchange rate,"ECB reference exchange rate, Swiss franc/Euro, 2.15 pm (C.E.T.)",CHF,0
EXR.D.CHF.EUR.SP00.A,D,CHF,EUR,SP00,A,2016-11-22,1.073,A,,,,P1D,,A,,,,,,,99Q1=100,,,4,,4F0,,Swiss franc/Euro ECB reference exchange rate,"ECB reference exchange rate, Swiss franc/Euro, 2.15 pm (C.E.T.)",CHF,0
EXR.D.CHF.EUR.SP00.A,D,CHF,EUR,SP00,A,2016-11-23,1.0731,A,,,,P1D,,A,,,,,,,99Q1=100,,,4,,4F0,,Swiss franc/Euro ECB reference exchange rate,"ECB reference exchange rate, Swiss franc/Euro, 2.15 pm (C.E.T.)",CHF,0
EXR.D.CHF.EUR.SP00.A,D,CHF,EUR,SP00,A,2016-11-24,1.0727,A,,,,P1D,,A,,,,,,,99Q1=100,,,4,,4F0,,Swiss franc/Euro ECB reference exchange rate,"ECB reference exchange rate, Swiss franc/Euro, 2.15 pm (C.E.T.)",CHF,0
EXR.D.CHF.EUR.SP00.A,D,CHF,EUR,SP00,A,2016-11-25,1.0736,A,,,,P1D,,A,,,,,,,99Q1=100,,,4,,4F0,,Swiss franc/Euro ECB reference exchange rate,"ECB reference exchange rate, Swiss franc/Euro, 2.15 pm (C.E.T.)",CHF,0
EXR.D.CHF.EUR.SP00.A,D,CHF,EUR,SP00,A,2016-11-28,1.0751,A,,,,P1D,,A,,,,,,,99Q1=100,,,4,,4F0,,Swiss franc/Euro ECB reference exchange rate,"ECB reference exchange rate, Swiss franc/Euro, 2.15 pm (C.E.T.)",CHF,0
EXR.D.CHF.EUR.SP00.A,D,CHF,EUR,SP00,A,2016-11-29,1.0752,A,,,,P1D,,A,,,,,,,99Q1=100,,,4,,4F0,,Swiss franc/Euro ECB reference exchange rate,"ECB reference exchange rate, Swiss franc/Euro, 2.15 pm (C.E.T.)",CHF,0
EXR.D.CHF.EUR.SP00.A,D,CHF,EUR,SP00,A,2016-11-30,1.0803,A,,,,P1D,,A,,,,,,,99Q1=100,,,4,,4F0,,Swiss franc/Euro ECB reference exchange rate,"ECB reference exchange rate, Swiss franc/Euro, 2.15 pm (C.E.T.)",CHF,0
EXR.D.CHF.EUR.SP00.A,D,CHF,EUR,SP00,A,2016-12-01,1.0764,A,,,,P1D,,A,,,,,,,99Q1=100,,,4,,4F0,,Swiss franc/Euro ECB reference exchange rate,"ECB reference exchange rate, Swiss franc/Euro, 2.15 pm (C.E.T.)",CHF,0
EXR.D.CHF.EUR.SP00.A,D,CHF,EUR,SP00,A,2016-12-02,1.0751,A,,,,P1D,,A,,,,,,,99Q1=100,,,4,,4F0,,Swiss franc/Euro ECB reference exchange rate,"ECB reference exchange rate, Swiss franc/Euro, 2.15 pm (C.E.T.)",CHF,0
EXR.D.CHF.EUR.SP00.A,D,CHF,EUR,SP00,A,2016-12-05,1.0797,A,,,,P1D,,A,,,,,,,99Q1=100,,,4,,4F0,,Swiss franc/Euro ECB reference exchange rate,"ECB reference exchange rate, Swiss franc/Euro, 2.15 pm (C.E.T.)",CHF,0
EXR.D.CHF.EUR.SP00.A,D,CHF,EUR,SP00,A,2016-12-06,1.0833,A,,,,P1D,,A,,,,,,,99Q1=100,,,4,,4F0,,Swiss franc/Euro ECB reference exchange rate,"ECB reference exchange rate, Swiss franc/Euro, 2.15 pm (C.E.T.)",CHF,0
EXR.D.CHF.EUR.SP00.A,D,CHF,EUR,SP00,A,2016-12-07,1.0834,A,,,,P1D,,A,,,,,,,99Q1=100,,,4,,4F0,,Swiss franc/Euro ECB reference exchange rate,"ECB reference exchange rate, Swiss franc/Euro, 2.15 pm (C.E.T.)",CHF,0
EXR.D.CHF.EUR.SP00.A,D,CHF,EUR,SP00,A,2016-12-08,1.0853,A,,,,P1D,,A,,,,,,,99Q1=100,,,4,,4F0,,Swiss franc/Euro ECB reference exchange rate,"ECB reference exchange rate, Swiss franc/Euro, 2.15 pm (C.E.T.)",CHF,0
EXR.D.CHF.EUR.SP00.A,D,CHF,EUR,SP00,A,2016-12-09,1.0756,A,,,,P1D,,A,,,,,,,99Q1=100,,,4,,4F0,,Swiss franc/Euro ECB reference exchange rate,"ECB reference exchange rate, Swiss franc/Euro, 2.15 pm (C.E.T.)",CHF,0
EXR.D.CHF.EUR.SP00.A,D,CHF,EUR,SP00,A,2016-12-12,1.0772,A,,,,P1D,,A,,,,,,,99Q1=100,,,4,,4F0,,Swiss franc/Euro ECB reference exchange rate,"ECB reference exchange rate, Swiss franc/Euro, 2.15 pm (C.E.T.)",CHF,0
EXR.D.CHF.EUR.SP00.A,D,CHF,EUR,SP00,A,2016-12-13,1.0742,A,,,,P1D,,A,,,,,,,99Q1=100,,,4,,4F0,,Swiss franc/Euro ECB reference exchange rate,"ECB reference exchange rate, Swiss franc/Euro, 2.15 pm (C.E.T.)",CHF,0
EXR.D.CHF.EUR.SP00.A,D,CHF,EUR,SP00,A,2016-12-14,1.0747,A,,,,P1D,,A,,,,,,,99Q1=100,,,4,,4F0,,Swiss franc/Euro ECB reference exchange rate,"ECB reference exchange rate, Swiss franc/Euro, 2.15 pm (C.E.T.)",CHF,0
EXR.D.CHF.EUR.SP00.A,D,CHF,EUR,SP00,A,2016-12-15,1.0733,A,,,,P1D,,A,,,,,,,99Q1=100,,,4,,4F0,,Swiss franc/Euro ECB reference exchange rate,"ECB reference exchange rate, Swiss franc/Euro, 2.15 pm (C.E.T.)",CHF,0
EXR.D.CHF.EUR.SP00.A,D,CHF,EUR,SP00,A,2016-12-16,1.0751,A,,,,P1D,,A,,,,,,,99Q1=100,,,4,,4F0,,Swiss franc/Euro ECB reference exchange rate,"ECB reference exchange rate, Swiss franc/Euro, 2.15 pm (C.E.T.)",CHF,0
EXR.D.CHF.EUR.SP00.A,D,CHF,EUR,SP00,A,2016-12-19,1.0709,A,,,,P1D,,A,,,,,,,99Q1=100,,,4,,4F0,,Swiss franc/Euro ECB reference exchange rate,"ECB reference exchange rate, Swiss franc/Euro, 2.15 pm (C.E.T.)",CHF,0
EXR.D.CHF.EUR.SP00.A,D,CHF,EUR,SP00,A,2016-12-20,1.0687,A,,,,P1D,,A,,,,,,,99Q1=100,,,4,,4F0,,Swiss franc/Euro ECB reference exchange rate,"ECB reference exchange rate, Swiss franc/Euro, 2.15 pm (C.E.T.)",CHF,0
EXR.D.CHF.EUR.SP00.A,D,CHF,EUR,SP00,A,2016-12-21,1.0689,A,,,,P1D,,A,,,,,,,99Q1=100,,,4,,4F0,,Swiss franc/Euro ECB reference exchange rate,"ECB reference exchange rate, Swiss franc/Euro, 2.15 pm (C.E.T.)",CHF,0
EXR.D.CHF.EUR.SP00.A,D,CHF,EUR,SP00,A,2016-12-22,1.0706,A,,,,P1D,,A,,,,,,,99Q1=100,,,4,,4F0,,Swiss franc/Euro ECB reference exchange rate,"ECB reference exchange rate, Swiss franc/Euro, 2.15 pm (C.E.T.)",CHF,0
EXR.D.CHF.EUR.SP00.A,D,CHF,EUR,SP00,A,2016-12-23,1.0711,A,,,,P1D,,A,,,,,,,99Q1=100,,,4,,4F0,,Swiss franc/Euro ECB reference exchange rate,"ECB reference exchange rate, Swiss franc/Euro, 2.15 pm (C.E.T.)",CHF,0
EXR.D.CHF.EUR.SP00.A,D,CHF,EUR,SP00,A,2016-12-27,1.0754,A,,,,P1D,,A,,,,,,,99Q1=100,,,4,,4F0,,Swiss franc/Euro ECB reference exchange rate,"ECB reference exchange rate, Swiss franc/Euro, 2.15 pm (C.E.T.)",CHF,0
EXR.D.CHF.EUR.SP00.A,D,CHF,EUR,SP00,A,2016-12-28,1.0714,A,,,,P1D,,A,,,,,,,99Q1=100,,,4,,4F0,,Swiss franc/Euro ECB reference exchange rate,"ECB reference exchange rate, Swiss franc/Euro, 2.15 pm (C.E.T.)",CHF,0
EXR.D.CHF.EUR.SP00.A,D,CHF,EUR,SP00,A,2016-12-29,1.0714,A,,,,P1D,,A,,,,,,,99Q1=100,,,4,,4F0,,Swiss franc/Euro ECB reference exchange rate,"ECB reference exchange rate, Swiss franc/Euro, 2.15 pm (C.E.T.)",CHF,0
EXR.D.CHF.EUR.SP00.A,D,CHF,EUR,SP00,A,2016-12-30,1.0739,A,,,,P1D,,A,,,,,,,99Q1=100,,,4,,4F0,,Swiss franc/Euro ECB reference exchange rate,"ECB reference exchange rate, Swiss franc/Euro, 2.15 pm (C.E.T.)",CHF,0
EXR.D.CHF.EUR.SP00.A,D,CHF,EUR,SP00,A,2017-01-02,1.0711,A,,,,P1D,,A,,,,,,,99Q1=100,,,4,,4F0,,Swiss franc/Euro ECB reference exchange rate,"ECB reference exchange rate, Swiss franc/Euro, 2.15 pm (C.E.T.)",CHF,0
EXR.D.CHF.EUR.SP00.A,D,CHF,EUR,SP00,A,2017-01-03,1.0702,A,,,,P1D,,A,,,,,,,99Q1=100,,,4,,4F0,,Swiss franc/Euro ECB reference exchange rate,"ECB reference exchange rate, Swiss franc/Euro, 2.15 pm (C.E.T.)",CHF,0
EXR.D.CHF.EUR.SP00.A,D,CHF,EUR,SP00,A,2017-01-04,1.0707,A,,,,P1D,,A,,,,,,,99Q1=100,,,4,,4F0,,Swiss franc/Euro ECB reference exchange rate,"ECB reference exchange rate, Swiss franc/Euro, 2.15 pm (C.E.T.)",CHF,0
EXR.D.CHF.EUR.SP00.A,D,CHF,EUR,SP00,A,2017-01-05,1.0704,A,,,,P1D,,A,,,,,,,99Q1=100,,,4,,4F0,,Swiss franc/Euro ECB reference exchange rate,"ECB reference exchange rate, Swiss franc/Euro, 2.15 pm (C.E.T.)",CHF,0
EXR.D.CHF.EUR.SP00.A,D,CHF,EUR,SP00,A,2017-01-06,1.0725,A,,,,P1D,,A,,,,,,,99Q1=100,,,4,,4F0,,Swiss franc/Euro ECB reference exchange rate,"ECB reference exchange rate, Swiss franc/Euro, 2.15 pm (C.E.T.)",CHF,0
EXR.D.CHF.EUR.SP00.A,D,CHF,EUR,SP00,A,2017-01-09,1.0721,A,,,,P1D,,A,,,,,,,99Q1=100,,,4,,4F0,,Swiss franc/Euro ECB reference exchange rate,"ECB reference exchange rate, Swiss franc/Euro, 2.15 pm (C.E.T.)",CHF,0
EXR.D.CHF.EUR.SP00.A,D,CHF,EUR,SP00,A,2017-01-10,1.0737,A,,,,P1D,,A,,,,,,,99Q1=100,,,4,,4F0,,Swiss franc/Euro ECB reference exchange rate,"ECB reference exchange rate, Swiss franc/Euro, 2.15 pm (C.E.T.)",CHF,0
EXR.D.CHF.EUR.SP00.A,D,CHF,EUR,SP00,A,2017-01-11,1.0721,A,,,,P1D,,A,,,,,,,99Q1=100,,,4,,4F0,,Swiss franc/Euro ECB reference exchange rate,"ECB reference exchange rate, Swiss franc/Euro, 2.15 pm (C.E.T.)",CHF,0
EXR.D.CHF.EUR.SP00.A,D,CHF,EUR,SP00,A,2017-01-12,1.0742,A,,,,P1D,,A,,,,,,,99Q1=100,,,4,,4F0,,Swiss franc/Euro ECB reference exchange rate,"ECB reference exchange rate, Swiss franc/Euro, 2.15 pm (C.E.T.)",CHF,0
EXR.D.CHF.EUR.SP00.A,D,CHF,EUR,SP00,A,2017-01-13,1.0728,A,,,,P1D,,A,,,,,,,99Q1=100,,,4,,4F0,,Swiss franc/Euro ECB reference exchange rate,"ECB reference exchange rate, Swiss franc/Euro, 2.15 pm (C.E.T.)",CHF,0
EXR.D.CHF.EUR.SP00.A,D,CHF,EUR,SP00,A,2017-01-16,1.0709,A,,,,P1D,,A,,,,,,,99Q1=100,,,4,,4F0,,Swiss franc/Euro ECB reference exchange rate,"ECB reference exchange rate, Swiss franc/Euro, 2.15 pm (C.E.T.)",CHF,0
EXR.D.CHF.EUR.SP00.A,D,CHF,EUR,SP00,A,2017-01-17,1.0712,A,,,,P1D,,A,,,,,,,99Q1=100,,,4,,4F0,,Swiss franc/Euro ECB reference exchange rate,"ECB reference exchange rate, Swiss franc/Euro, 2.15 pm (C.E.T.)",CHF,0
EXR.D.CHF.EUR.SP00.A,D,CHF,EUR,SP00,A,2017-01-18,1.0706,A,,,,P1D,,A,,,,,,,99Q1=100,,,4,,4F0,,Swiss franc/Euro ECB reference exchange rate,"ECB reference exchange rate, Swiss franc/Euro, 2.15 pm (C.E.T.)",CHF,0
EXR.D.CHF.EUR.SP00.A,D,CHF,EUR,SP00,A,2017-01-19,1.0729,A,,,,P1D,,A,,,,,,,99Q1=100,,,4,,4F0,,Swiss franc/Euro ECB reference exchange rate,"ECB reference exchange rate, Swiss franc/Euro, 2.15 pm (C.E.T.)",CHF,0
EXR.D.CHF.EUR.SP00.A,D,CHF,EUR,SP00,A,2017-01-20,1.0727,A,,,,P1D,,A,,,,,,,99Q1=100,,,4,,4F0,,Swiss franc/Euro ECB reference exchange rate,"ECB reference exchange rate, Swiss franc/Euro, 2.15 pm (C.E.T.)",CHF,0
EXR.D.CHF.EUR.SP00.A,D,CHF,EUR,SP00,A,2017-01-23,1.0727,A,,,,P1D,,A,,,,,,,99Q1=100,,,4,,4F0,,Swiss franc/Euro ECB reference exchange rate,"ECB reference exchange rate, Swiss franc/Euro, 2.15 pm (C.E.T.)",CHF,0
EXR.D.CHF.EUR.SP00.A,D,CHF,EUR,SP00,A,2017-01-24,1.0738,A,,,,P1D,,A,,,,,,,99Q1=100,,,4,,4F0,,Swiss franc/Euro ECB reference exchange rate,"ECB reference exchange rate, Swiss franc/Euro, 2.15 pm (C.E.T.)",CHF,0
EXR.D.CHF.EUR.SP00.A,D,CHF,EUR,SP00,A,2017-01-25,1.0732,A,,,,P1D,,A,,,,,,,99Q1=100,,,4,,4F0,,Swiss franc/Euro ECB reference exchange rate,"ECB reference exchange rate, Swiss franc/Euro, 2.15 pm (C.E.T.)",CHF,0
EXR.D.CHF.EUR.SP00.A,D,CHF,EUR,SP00,A,2017-01-26,1.0693,A,,,,P1D,,A,,,,,,,99Q1=100,,,4,,4F0,,Swiss franc/Euro ECB reference exchange rate,"ECB reference exchange rate, Swiss franc/Euro, 2.15 pm (C.E.T.)",CHF,0
EXR.D.CHF.EUR.SP00.A,D,CHF,EUR,SP00,A,2017-01-27,1.0689,A,,,,P1D,,A,,,,,,,99Q1=100,,,4,,4F0,,Swiss franc/Euro ECB reference exchange rate,"ECB reference exchange rate, Swiss franc/Euro, 2.15 pm (C.E.T.)",CHF,0
EXR.D.CHF.EUR.SP00.A,D,CHF,EUR,SP00,A,2017-01-30,1.0669,A,,,,P1D,,A,,,,,,,99Q1=100,,,4,,4F0,,Swiss franc/Euro ECB reference exchange rate,"ECB reference exchange rate, Swiss franc/Euro, 2.15 pm (C.E.T.)",CHF,0
EXR.D.CHF.EUR.SP00.A,D,CHF,EUR,SP00,A,2017-01-31,1.0668,A,,,,P1D,,A,,,,,,,99Q1=100,,,4,,4F0,,Swiss franc/Euro ECB reference exchange rate,"ECB reference exchange rate, Swiss franc/Euro, 2.15 pm (C.E.T.)",CHF,0
EXR.D.CHF.EUR.SP00.A,D,CHF,EUR,SP00,A,2017-02-01,1.068,A,,,,P1D,,A,,,,,,,99Q1=100,,,4,,4F0,,Swiss franc/Euro ECB reference exchange rate,"ECB reference exchange rate, Swiss franc/Euro, 2.15 pm (C.E.T.)",CHF,0
EXR.D.CHF.EUR.SP00.A,D,CHF,EUR,SP00,A,2017-02-02,1.069,A,,,,P1D,,A,,,,,,,99Q1=100,,,4,,4F0,,Swiss franc/Euro ECB reference exchange rate,"ECB reference exchange rate, Swiss franc/Euro, 2.15 pm (C.E.T.)",CHF,0
EXR.D.CHF.EUR.SP00.A,D,CHF,EUR,SP00,A,2017-02-03,1.0695,A,,,,P1D,,A,,,,,,,99Q1=100,,,4,,4F0,,Swiss franc/Euro ECB reference exchange rate,"ECB reference exchange rate, Swiss franc/Euro, 2.15 pm (C.E.T.)",CHF,0
EXR.D.CHF.EUR.SP00.A,D,CHF,EUR,SP00,A,2017-02-06,1.067,A,,,,P1D,,A,,,,,,,99Q1=100,,,4,,4F0,,Swiss franc/Euro ECB reference exchange rate,"ECB reference exchange rate, Swiss franc/Euro, 2.15 pm (C.E.T.)",CHF,0
EXR.D.CHF.EUR.SP00.A,D,CHF,EUR,SP00,A,2017-02-07,1.0658,A,,,,P1D,,A,,,,,,,99Q1=100,,,4,,4F0,,Swiss franc/Euro ECB reference exchange rate,"ECB reference exchange rate, Swiss franc/Euro, 2.15 pm (C.E.T.)",CHF,0
EXR.D.CHF.EUR.SP00.A,D,CHF,EUR,SP00,A,2017-02-08,1.0637,A,,,,P1D,,A,,,,,,,99Q1=100,,,4,,4F0,,Swiss franc/Euro ECB reference exchange rate,"ECB reference exchange rate, Swiss franc/Euro, 2.15 pm (C.E.T.)",CHF,0
EXR.D.CHF.EUR.SP00.A,D,CHF,EUR,SP00,A,2017-02-09,1.0672,A,,,,P1D,,A,,,,,,,99Q1=100,,,4,,4F0,,Swiss franc/Euro ECB reference exchange rate,"ECB reference exchange rate, Swiss franc/Euro, 2.15 pm (C.E.T.)",CHF,0
EXR.D.CHF.EUR.SP00.A,D,CHF,EUR,SP00,A,2017-02-10,1.0669,A,,,,P1D,,A,,,,,,,99Q1=100,,,4,,4F0,,Swiss franc/Euro ECB reference exchange rate,"ECB reference exchange rate, Swiss franc/Euro, 2.15 pm (C.E.T.)",CHF,0
EXR.D.CHF.EUR.SP00.A,D,CHF,EUR,SP00,A,2017-02-13,1.0673,A,,,,P1D,,A,,,,,,,99Q1=100,,,4,,4F0,,Swiss franc/Euro ECB reference exchange rate,"ECB reference exchange rate, Swiss franc/Euro, 2.15 pm (C.E.T.)",CHF,0
EXR.D.CHF.EUR.SP00.A,D,CHF,EUR,SP00,A,2017-02-14,1.0659,A,,,,P1D,,A,,,,,,,99Q1=100,,,4,,4F0,,Swiss franc/Euro ECB reference exchange rate,"ECB reference exchange rate, Swiss franc/Euro, 2.15 pm (C.E.T.)",CHF,0
EXR.D.CHF.EUR.SP00.A,D,CHF,EUR,SP00,A,2017-02-15,1.0652,A,,,,P1D,,A,,,,,,,99Q1=100,,,4,,4F0,,Swiss franc/Euro ECB reference exchange rate,"ECB reference exchange rate, Swiss franc/Euro, 2.15 pm (C.E.T.)",CHF,0
EXR.D.CHF.EUR.SP00.A,D,CHF,EUR,SP00,A,2017-02-16,1.0647,A,,,,P1D,,A,,,,,,,99Q1=100,,,4,,4F0,,Swiss franc/Euro ECB reference exchange rate,"ECB reference exchange rate, Swiss franc/Euro, 2.15 pm (C.E.T.)",CHF,0
EXR.D.CHF.EUR.SP00.A,D,CHF,EUR,SP00,A,2017-02-17,1.0637,A,,,,P1D,,A,,,,,,,99Q1=100,,,4,,4F0,,Swiss franc/Euro ECB reference exchange rate,"ECB reference exchange rate, Swiss franc/Euro, 2.15 pm (C.E.T.)",CHF,0
EXR.D.CHF.EUR.SP00.A,D,CHF,EUR,SP00,A,2017-02-20,1.065,A,,,,P1D,,A,,,,,,,99Q1=100,,,4,,4F0,,Swiss franc/Euro ECB reference exchange rate,"ECB reference exchange rate, Swiss franc/Euro, 2.15 pm (C.E.T.)",CHF,0
EXR.D.CHF.EUR.SP00.A,D,CHF,EUR,SP00,A,2017-02-21,1.0639,A,,,,P1D,,A,,,,,,,99Q1=100,,,4,,4F0,,Swiss franc/Euro ECB reference exchange rate,"ECB reference exchange rate, Swiss franc/Euro, 2.15 pm (C.E.T.)",CHF,0
EXR.D.CHF.EUR.SP00.A,D,CHF,EUR,SP00,A,2017-02-22,1.0642,A,,,,P1D,,A,,,,,,,99Q1=100,,,4,,4F0,,Swiss franc/Euro ECB reference exchange rate,"ECB reference exchange rate, Swiss franc/Euro, 2.15 pm (C.E.T.)",CHF,0
EXR.D.CHF.EUR.SP00.A,D,CHF,EUR,SP00,A,2017-02-23,1.0663,A,,,,P1D,,A,,,,,,,99Q1=100,,,4,,4F0,,Swiss franc/Euro ECB reference exchange rate,"ECB reference exchange rate, Swiss franc/Euro, 2.15 pm (C.E.T.)",CHF,0
EXR.D.CHF.EUR.SP00.A,D,CHF,EUR,SP00,A,2017-02-24,1.0649,A,,,,P1D,,A,,,,,,,99Q1=100,,,4,,4F0,,Swiss franc/Euro ECB reference exchange rate,"ECB reference exchange rate, Swiss franc/Euro, 2.15 pm (C.E.T.)",CHF,0
EXR.D.CHF.EUR.SP00.A,D,CHF,EUR,SP00,A,2017-02-27,1.0664,A,,,,P1D,,A,,,,,,,99Q1=100,,,4,,4F0,,Swiss franc/Euro ECB reference exchange rate,"ECB reference exchange rate, Swiss franc/Euro, 2.15 pm (C.E.T.)",CHF,0
EXR.D.CHF.EUR.SP00.A,D,CHF,EUR,SP00,A,2017-02-28,1.0648,A,,,,P1D,,A,,,,,,,99Q1=100,,,4,,4F0,,Swiss franc/Euro ECB reference exchange rate,"ECB reference exchange rate, Swiss franc/Euro, 2.15 pm (C.E.T.)",CHF,0
EXR.D.CHF.EUR.SP00.A,D,CHF,EUR,SP00,A,2017-03-01,1.0647,A,,,,P1D,,A,,,,,,,99Q1=100,,,4,,4F0,,Swiss franc/Euro ECB reference exchange rate,"ECB reference exchange rate, Swiss franc/Euro, 2.15 pm (C.E.T.)",CHF,0
EXR.D.CHF.EUR.SP00.A,D,CHF,EUR,SP00,A,2017-03-02,1.0651,A,,,,P1D,,A,,,,,,,99Q1=100,,,4,,4F0,,Swiss franc/Euro ECB reference exchange rate,"ECB reference exchange rate, Swiss franc/Euro, 2.15 pm (C.E.T.)",CHF,0
EXR.D.CHF.EUR.SP00.A,D,CHF,EUR,SP00,A,2017-03-03,1.0675,A,,,,P1D,,A,,,,,,,99Q1=100,,,4,,4F0,,Swiss franc/Euro ECB reference exchange rate,"ECB reference exchange rate, Swiss franc/Euro, 2.15 pm (C.E.T.)",CHF,0
EXR.D.CHF.EUR.SP00.A,D,CHF,EUR,SP00,A,2017-03-06,1.0694,A,,,,P1D,,A,,,,,,,99Q1=100,,,4,,4F0,,Swiss franc/Euro ECB reference exchange rate,"ECB reference exchange rate, Swiss franc/Euro, 2.15 pm (C.E.T.)",CHF,0
EXR.D.CHF.EUR.SP00.A,D,CHF,EUR,SP00,A,2017-03-07,1.073,A,,,,P1D,,A,,,,,,,99Q1=100,,,4,,4F0,,Swiss franc/Euro ECB reference exchange rate,"ECB reference exchange rate, Swiss franc/Euro, 2.15 pm (C.E.T.)",CHF,0
EXR.D.CHF.EUR.SP00.A,D,CHF,EUR,SP00,A,2017-03-08,1.0702,A,,,,P1D,,A,,,,,,,99Q1=100,,,4,,4F0,,Swiss franc/Euro ECB reference exchange rate,"ECB reference exchange rate, Swiss franc/Euro, 2.15 pm (C.E.T.)",CHF,0
EXR.D.CHF.EUR.SP00.A,D,CHF,EUR,SP00,A,2017-03-09,1.0709,A,,,,P1D,,A,,,,,,,99Q1=100,,,4,,4F0,,Swiss franc/Euro ECB reference exchange rate,"ECB reference exchange rate, Swiss franc/Euro, 2.15 pm (C.E.T.)",CHF,0
EXR.D.CHF.EUR.SP00.A,D,CHF,EUR,SP00,A,2017-03-10,1.0743,A,,,,P1D,,A,,,,,,,99Q1=100,,,4,,4F0,,Swiss franc/Euro ECB reference exchange rate,"ECB reference exchange rate, Swiss franc/Euro, 2.15 pm (C.E.T.)",CHF,0
EXR.D.CHF.EUR.SP00.A,D,CHF,EUR,SP00,A,2017-03-13,1.0749,A,,,,P1D,,A,,,,,,,99Q1=100,,,4,,4F0,,Swiss franc/Euro ECB reference exchange rate,"ECB reference exchange rate, Swiss franc/Euro, 2.15 pm (C.E.T.)",CHF,0
EXR.D.CHF.EUR.SP00.A,D,CHF,EUR,SP00,A,2017-03-14,1.0726,A,,,,P1D,,A,,,,,,,99Q1=100,,,4,,4F0,,Swiss franc/Euro ECB reference exchange rate,"ECB reference exchange rate, Swiss franc/Euro, 2.15 pm (C.E.T.)",CHF,0
EXR.D.CHF.EUR.SP00.A,D,CHF,EUR,SP00,A,2017-03-15,1.0715,A,,,,P1D,,A,,,,,,,99Q1=100,,,4,,4F0,,Swiss franc/Euro ECB reference exchange rate,"ECB reference exchange rate, Swiss franc/Euro, 2.15 pm (C.E.T.)",CHF,0
EXR.D.CHF.EUR.SP00.A,D,CHF,EUR,SP00,A,2017-03-16,1.0695,A,,,,P1D,,A,,,,,,,99Q1=100,,,4,,4F0,,Swiss franc/Euro ECB reference exchange rate,"ECB reference exchange rate, Swiss franc/Euro, 2.15 pm (C.E.T.)",CHF,0
EXR.D.CHF.EUR.SP00.A,D,CHF,EUR,SP00,A,2017-03-17,1.0698,A,,,,P1D,,A,,,,,,,99Q1=100,,,4,,4F0,,Swiss franc/Euro ECB reference exchange rate,"ECB reference exchange rate, Swiss franc/Euro, 2.15 pm (C.E.T.)",CHF,0
EXR.D.CHF.EUR.SP00.A,D,CHF,EUR,SP00,A,2017-03-20,1.072,A,,,,P1D,,A,,,,,,,99Q1=100,,,4,,4F0,,Swiss franc/Euro ECB reference exchange rate,"ECB reference exchange rate, Swiss franc/Euro, 2.15 pm (C.E.T.)",CHF,0
EXR.D.CHF.EUR.SP00.A,D,CHF,EUR,SP00,A,2017-03-21,1.075,A,,,,P1D,,A,,,,,,,99Q1=100,,,4,,4F0,,Swiss franc/Euro ECB reference exchange rate,"ECB reference exchange rate, Swiss franc/Euro, 2.15 pm (C.E.T.)",CHF,0
EXR.D.CHF.EUR.SP00.A,D,CHF,EUR,SP00,A,2017-03-22,1.0714,A,,,,P1D,,A,,,,,,,99Q1=100,,,4,,4F0,,Swiss franc/Euro ECB reference exchange rate,"ECB reference exchange rate, Swiss franc/Euro, 2.15 pm (C.E.T.)",CHF,0
EXR.D.CHF.EUR.SP00.A,D,CHF,EUR,SP00,A,2017-03-23,1.07,A,,,,P1D,,A,,,,,,,99Q1=100,,,4,,4F0,,Swiss franc/Euro ECB reference exchange rate,"ECB reference exchange rate, Swiss franc/Euro, 2.15 pm (C.E.T.)",CHF,0
EXR.D.CHF.EUR.SP00.A,D,CHF,EUR,SP00,A,2017-03-24,1.0718,A,,,,P1D,,A,,,,,,,99Q1=100,,,4,,4F0,,Swiss franc/Euro ECB reference exchange rate,"ECB reference exchange rate, Swiss franc/Euro, 2.15 pm (C.E.T.)",CHF,0
EXR.D.CHF.EUR.SP00.A,D,CHF,EUR,SP00,A,2017-03-27,1.0713,A,,,,P1D,,A,,,,,,,99Q1=100,,,4,,4F0,,Swiss franc/Euro ECB reference exchange rate,"ECB reference exchange rate, Swiss franc/Euro, 2.15 pm (C.E.T.)",CHF,0
EXR.D.CHF.EUR.SP00.A,D,CHF,EUR,SP00,A,2017-03-28,1.0693,A,,,,P1D,,A,,,,,,,99Q1=100,,,4,,4F0,,Swiss franc/Euro ECB reference exchange rate,"ECB reference exchange rate, Swiss franc/Euro, 2.15 pm (C.E.T.)",CHF,0
EXR.D.CHF.EUR.SP00.A,D,CHF,EUR,SP00,A,2017-03-29,1.0712,A,,,,P1D,,A,,,,,,,99Q1=100,,,4,,4F0,,Swiss franc/Euro ECB reference exchange rate,"ECB reference exchange rate, Swiss franc/Euro, 2.15 pm (C.E.T.)",CHF,0
EXR.D.CHF.EUR.SP00.A,D,CHF,EUR,SP00,A,2017-03-30,1.0698,A,,,,P1D,,A,,,,,,,99Q1=100,,,4,,4F0,,Swiss franc/Euro ECB reference exchange rate,"ECB reference exchange rate, Swiss franc/Euro, 2.15 pm (C.E.T.)",CHF,0
EXR.D.CHF.EUR.SP00.A,D,CHF,EUR,SP00,A,2017-03-31,1.0696,A,,,,P1D,,A,,,,,,,99Q1=100,,,4,,4F0,,Swiss franc/Euro ECB reference exchange rate,"ECB reference exchange rate, Swiss franc/Euro, 2.15 pm (C.E.T.)",CHF,0
EXR.D.CHF.EUR.SP00.A,D,CHF,EUR,SP00,A,2017-04-03,1.0682,A,,,,P1D,,A,,,,,,,99Q1=100,,,4,,4F0,,Swiss franc/Euro ECB reference exchange rate,"ECB reference exchange rate, Swiss franc/Euro, 2.15 pm (C.E.T.)",CHF,0
EXR.D.CHF.EUR.SP00.A,D,CHF,EUR,SP00,A,2017-04-04,1.0673,A,,,,P1D,,A,,,,,,,99Q1=100,,,4,,4F0,,Swiss franc/Euro ECB reference exchange rate,"ECB reference exchange rate, Swiss franc/Euro, 2.15 pm (C.E.T.)",CHF,0
EXR.D.CHF.EUR.SP00.A,D,CHF,EUR,SP00,A,2017-04-05,1.0708,A,,,,P1D,,A,,,,,,,99Q1=100,,,4,,4F0,,Swiss franc/Euro ECB reference exchange rate,"ECB reference exchange rate, Swiss franc/Euro, 2.15 pm (C.E.T.)",CHF,0
EXR.D.CHF.EUR.SP00.A,D,CHF,EUR,SP00,A,2017-04-06,1.0702,A,,,,P1D,,A,,,,,,,99Q1=100,,,4,,4F0,,Swiss franc/Euro ECB reference exchange rate,"ECB reference exchange rate, Swiss franc/Euro, 2.15 pm (C.E.T.)",CHF,0
EXR.D.CHF.EUR.SP00.A,D,CHF,EUR,SP00,A,2017-04-07,1.0695,A,,,,P1D,,A,,,,,,,99Q1=100,,,4,,4F0,,Swiss franc/Euro ECB reference exchange rate,"ECB reference exchange rate, Swiss franc/Euro, 2.15 pm (C.E.T.)",CHF,0
EXR.D.CHF.EUR.SP00.A,D,CHF,EUR,SP00,A,2017-04-10,1.0682,A,,,,P1D,,A,,,,,,,99Q1=100,,,4,,4F0,,Swiss franc/Euro ECB reference exchange rate,"ECB reference exchange rate, Swiss franc/Euro, 2.15 pm (C.E.T.)",CHF,0
EXR.D.CHF.EUR.SP00.A,D,CHF,EUR,SP00,A,2017-04-11,1.0696,A,,,,P1D,,A,,,,,,,99Q1=100,,,4,,4F0,,Swiss franc/Euro ECB reference exchange rate,"ECB reference exchange rate, Swiss franc/Euro, 2.15 pm (C.E.T.)",CHF,0
EXR.D.CHF.EUR.SP00.A,D,CHF,EUR,SP00,A,2017-04-12,1.0678,A,,,,P1D,,A,,,,,,,99Q1=100,,,4,,4F0,,Swiss franc/Euro ECB reference exchange rate,"ECB reference exchange rate, Swiss franc/Euro, 2.15 pm (C.E.T.)",CHF,0
EXR.D.CHF.EUR.SP00.A,D,CHF,EUR,SP00,A,2017-04-13,1.0686,A,,,,P1D,,A,,,,,,,99Q1=100,,,4,,4F0,,Swiss franc/Euro ECB reference exchange rate,"ECB reference exchange rate, Swiss franc/Euro, 2.15 pm (C.E.T.)",CHF,0
EXR.D.CHF.EUR.SP00.A,D,CHF,EUR,SP00,A,2017-04-18,1.0686,A,,,,P1D,,A,,,,,,,99Q1=100,,,4,,4F0,,Swiss franc/Euro ECB reference exchange rate,"ECB reference exchange rate, Swiss franc/Euro, 2.15 pm (C.E.T.)",CHF,0
EXR.D.CHF.EUR.SP00.A,D,CHF,EUR,SP00,A,2017-04-19,1.069,A,,,,P1D,,A,,,,,,,99Q1=100,,,4,,4F0,,Swiss franc/Euro ECB reference exchange rate,"ECB reference exchange rate, Swiss franc/Euro, 2.15 pm (C.E.T.)",CHF,0
EXR.D.CHF.EUR.SP00.A,D,CHF,EUR,SP00,A,2017-04-20,1.0701,A,,,,P1D,,A,,,,,,,99Q1=100,,,4,,4F0,,Swiss franc/Euro ECB reference exchange rate,"ECB reference exchange rate, Swiss franc/Euro, 2.15 pm (C.E.T.)",CHF,0
EXR.D.CHF.EUR.SP00.A,D,CHF,EUR,SP00,A,2017-04-21,1.068,A,,,,P1D,,A,,,,,,,99Q1=100,,,4,,4F0,,Swiss franc/Euro ECB reference exchange rate,"ECB reference exchange rate, Swiss franc/Euro, 2.15 pm (C.E.T.)",CHF,0
EXR.D.CHF.EUR.SP00.A,D,CHF,EUR,SP00,A,2017-04-24,1.0806,A,,,,P1D,,A,,,,,,,99Q1=100,,,4,,4F0,,Swiss franc/Euro ECB reference exchange rate,"ECB reference exchange rate, Swiss franc/Euro, 2.15 pm (C.E.T.)",CHF,0
EXR.D.CHF.EUR.SP00.A,D,CHF,EUR,SP00,A,2017-04-25,1.0826,A,,,,P1D,,A,,,,,,,99Q1=100,,,4,,4F0,,Swiss franc/Euro ECB reference exchange rate,"ECB reference exchange rate, Swiss franc/Euro, 2.15 pm (C.E.T.)",CHF,0
EXR.D.CHF.EUR.SP00.A,D,CHF,EUR,SP00,A,2017-04-26,1.0835,A,,,,P1D,,A,,,,,,,99Q1=100,,,4,,4F0,,Swiss franc/Euro ECB reference exchange rate,"ECB reference exchange rate, Swiss franc/Euro, 2.15 pm (C.E.T.)",CHF,0
EXR.D.CHF.EUR.SP00.A,D,CHF,EUR,SP00,A,2017-04-27,1.082,A,,,,P1D,,A,,,,,,,99Q1=100,,,4,,4F0,,Swiss franc/Euro ECB reference exchange rate,"ECB reference exchange rate, Swiss franc/Euro, 2.15 pm (C.E.T.)",CHF,0
EXR.D.CHF.EUR.SP00.A,D,CHF,EUR,SP00,A,2017-04-28,1.0831,A,,,,P1D,,A,,,,,,,99Q1=100,,,4,,4F0,,Swiss franc/Euro ECB reference exchange rate,"ECB reference exchange rate, Swiss franc/Euro, 2.15 pm (C.E.T.)",CHF,0
EXR.D.CHF.EUR.SP00.A,D,CHF,EUR,SP00,A,2017-05-02,1.0852,A,,,,P1D,,A,,,,,,,99Q1=100,,,4,,4F0,,Swiss franc/Euro ECB reference exchange rate,"ECB reference exchange rate, Swiss franc/Euro, 2.15 pm (C.E.T.)",CHF,0
EXR.D.CHF.EUR.SP00.A,D,CHF,EUR,SP00,A,2017-05-03,1.0812,A,,,,P1D,,A,,,,,,,99Q1=100,,,4,,4F0,,Swiss franc/Euro ECB reference exchange rate,"ECB reference exchange rate, Swiss franc/Euro, 2.15 pm (C.E.T.)",CHF,0
EXR.D.CHF.EUR.SP00.A,D,CHF,EUR,SP00,A,2017-05-04,1.0843,A,,,,P1D,,A,,,,,,,99Q1=100,,,4,,4F0,,Swiss franc/Euro ECB reference exchange rate,"ECB reference exchange rate, Swiss franc/Euro, 2.15 pm (C.E.T.)",CHF,0
EXR.D.CHF.EUR.SP00.A,D,CHF,EUR,SP00,A,2017-05-05,1.0839,A,,,,P1D,,A,,,,,,,99Q1=100,,,4,,4F0,,Swiss franc/Euro ECB reference exchange rate,"ECB reference exchange rate, Swiss franc/Euro, 2.15 pm (C.E.T.)",CHF,0
EXR.D.CHF.EUR.SP00.A,D,CHF,EUR,SP00,A,2017-05-08,1.0878,A,,,,P1D,,A,,,,,,,99Q1=100,,,4,,4F0,,Swiss franc/Euro ECB reference exchange rate,"ECB reference exchange rate, Swiss franc/Euro, 2.15 pm (C.E.T.)",CHF,0
EXR.D.CHF.EUR.SP00.A,D,CHF,EUR,SP00,A,2017-05-09,1.0938,A,,,,P1D,,A,,,,,,,99Q1=100,,,4,,4F0,,Swiss franc/Euro ECB reference exchange rate,"ECB reference exchange rate, Swiss franc/Euro, 2.15 pm (C.E.T.)",CHF,0
EXR.D.CHF.EUR.SP00.A,D,CHF,EUR,SP00,A,2017-05-10,1.0949,A,,,,P1D,,A,,,,,,,99Q1=100,,,4,,4F0,,Swiss franc/Euro ECB reference exchange rate,"ECB reference exchange rate, Swiss franc/Euro, 2.15 pm (C.E.T.)",CHF,0
EXR.D.CHF.EUR.SP00.A,D,CHF,EUR,SP00,A,2017-05-11,1.0952,A,,,,P1D,,A,,,,,,,99Q1=100,,,4,,4F0,,Swiss franc/Euro ECB reference exchange rate,"ECB reference exchange rate, Swiss franc/Euro, 2.15 pm (C.E.T.)",CHF,0
EXR.D.CHF.EUR.SP00.A,D,CHF,EUR,SP00,A,2017-05-12,1.0963,A,,,,P1D,,A,,,,,,,99Q1=100,,,4,,4F0,,Swiss franc/Euro ECB reference exchange rate,"ECB reference exchange rate, Swiss franc/Euro, 2.15 pm (C.E.T.)",CHF,0
EXR.D.CHF.EUR.SP00.A,D,CHF,EUR,SP00,A,2017-05-15,1.0944,A,,,,P1D,,A,,,,,,,99Q1=100,,,4,,4F0,,Swiss franc/Euro ECB reference exchange rate,"ECB reference exchange rate, Swiss franc/Euro, 2.15 pm (C.E.T.)",CHF,0
EXR.D.CHF.EUR.SP00.A,D,CHF,EUR,SP00,A,2017-05-16,1.0958,A,,,,P1D,,A,,,,,,,99Q1=100,,,4,,4F0,,Swiss franc/Euro ECB reference exchange rate,"ECB reference exchange rate, Swiss franc/Euro, 2.15 pm (C.E.T.)",CHF,0
EXR.D.CHF.EUR.SP00.A,D,CHF,EUR,SP00,A,2017-05-17,1.0923,A,,,,P1D,,A,,,,,,,99Q1=100,,,4,,4F0,,Swiss franc/Euro ECB reference exchange rate,"ECB reference exchange rate, Swiss franc/Euro, 2.15 pm (C.E.T.)",CHF,0
EXR.D.CHF.EUR.SP00.A,D,CHF,EUR,SP00,A,2017-05-18,1.0874,A,,,,P1D,,A,,,,,,,99Q1=100,,,4,,4F0,,Swiss franc/Euro ECB reference exchange rate,"ECB reference exchange rate, Swiss franc/Euro, 2.15 pm (C.E.T.)",CHF,0
EXR.D.CHF.EUR.SP00.A,D,CHF,EUR,SP00,A,2017-05-19,1.0921,A,,,,P1D,,A,,,,,,,99Q1=100,,,4,,4F0,,Swiss franc/Euro ECB reference exchange rate,"ECB reference exchange rate, Swiss franc/Euro, 2.15 pm (C.E.T.)",CHF,0
EXR.D.CHF.EUR.SP00.A,D,CHF,EUR,SP00,A,2017-05-22,1.0911,A,,,,P1D,,A,,,,,,,99Q1=100,,,4,,4F0,,Swiss franc/Euro ECB reference exchange rate,"ECB reference exchange rate, Swiss franc/Euro, 2.15 pm (C.E.T.)",CHF,0
EXR.D.CHF.EUR.SP00.A,D,CHF,EUR,SP00,A,2017-05-23,1.0912,A,,,,P1D,,A,,,,,,,99Q1=100,,,4,,4F0,,Swiss franc/Euro ECB reference exchange rate,"ECB reference exchange rate, Swiss franc/Euro, 2.15 pm (C.E.T.)",CHF,0
EXR.D.CHF.EUR.SP00.A,D,CHF,EUR,SP00,A,2017-05-24,1.0929,A,,,,P1D,,A,,,,,,,99Q1=100,,,4,,4F0,,Swiss franc/Euro ECB reference exchange rate,"ECB reference exchange rate, Swiss franc/Euro, 2.15 pm (C.E.T.)",CHF,0
EXR.D.CHF.EUR.SP00.A,D,CHF,EUR,SP00,A,2017-05-25,1.0904,A,,,,P1D,,A,,,,,,,99Q1=100,,,4,,4F0,,Swiss franc/Euro ECB reference exchange rate,"ECB reference exchange rate, Swiss franc/Euro, 2.15 pm (C.E.T.)",CHF,0
EXR.D.CHF.EUR.SP00.A,D,CHF,EUR,SP00,A,2017-05-26,1.0888,A,,,,P1D,,A,,,,,,,99Q1=100,,,4,,4F0,,Swiss franc/Euro ECB reference exchange rate,"ECB reference exchange rate, Swiss franc/Euro, 2.15 pm (C.E.T.)",CHF,0
EXR.D.CHF.EUR.SP00.A,D,CHF,EUR,SP00,A,2017-05-29,1.09,A,,,,P1D,,A,,,,,,,99Q1=100,,,4,,4F0,,Swiss franc/Euro ECB reference exchange rate,"ECB reference exchange rate, Swiss franc/Euro, 2.15 pm (C.E.T.)",CHF,0
EXR.D.CHF.EUR.SP00.A,D,CHF,EUR,SP00,A,2017-05-30,1.0903,A,,,,P1D,,A,,,,,,,99Q1=100,,,4,,4F0,,Swiss franc/Euro ECB reference exchange rate,"ECB reference exchange rate, Swiss franc/Euro, 2.15 pm (C.E.T.)",CHF,0
EXR.D.CHF.EUR.SP00.A,D,CHF,EUR,SP00,A,2017-05-31,1.0896,A,,,,P1D,,A,,,,,,,99Q1=100,,,4,,4F0,,Swiss franc/Euro ECB reference exchange rate,"ECB reference exchange rate, Swiss franc/Euro, 2.15 pm (C.E.T.)",CHF,0
EXR.D.CHF.EUR.SP00.A,D,CHF,EUR,SP00,A,2017-06-01,1.0883,A,,,,P1D,,A,,,,,,,99Q1=100,,,4,,4F0,,Swiss franc/Euro ECB reference exchange rate,"ECB reference exchange rate, Swiss franc/Euro, 2.15 pm (C.E.T.)",CHF,0
EXR.D.CHF.EUR.SP00.A,D,CHF,EUR,SP00,A,2017-06-02,1.0893,A,,,,P1D,,A,,,,,,,99Q1=100,,,4,,4F0,,Swiss franc/Euro ECB reference exchange rate,"ECB reference exchange rate, Swiss franc/Euro, 2.15 pm (C.E.T.)",CHF,0
EXR.D.CHF.EUR.SP00.A,D,CHF,EUR,SP00,A,2017-06-05,1.0856,A,,,,P1D,,A,,,,,,,99Q1=100,,,4,,4F0,,Swiss franc/Euro ECB reference exchange rate,"ECB reference exchange rate, Swiss franc/Euro, 2.15 pm (C.E.T.)",CHF,0
EXR.D.CHF.EUR.SP00.A,D,CHF,EUR,SP00,A,2017-06-06,1.0851,A,,,,P1D,,A,,,,,,,99Q1=100,,,4,,4F0,,Swiss franc/Euro ECB reference exchange rate,"ECB reference exchange rate, Swiss franc/Euro, 2.15 pm (C.E.T.)",CHF,0
EXR.D.CHF.EUR.SP00.A,D,CHF,EUR,SP00,A,2017-06-07,1.0843,A,,,,P1D,,A,,,,,,,99Q1=100,,,4,,4F0,,Swiss franc/Euro ECB reference exchange rate,"ECB reference exchange rate, Swiss franc/Euro, 2.15 pm (C.E.T.)",CHF,0
EXR.D.CHF.EUR.SP00.A,D,CHF,EUR,SP00,A,2017-06-08,1.0856,A,,,,P1D,,A,,,,,,,99Q1=100,,,4,,4F0,,Swiss franc/Euro ECB reference exchange rate,"ECB reference exchange rate, Swiss franc/Euro, 2.15 pm (C.E.T.)",CHF,0
EXR.D.CHF.EUR.SP00.A,D,CHF,EUR,SP00,A,2017-06-09,1.0863,A,,,,P1D,,A,,,,,,,99Q1=100,,,4,,4F0,,Swiss franc/Euro ECB reference exchange rate,"ECB reference exchange rate, Swiss franc/Euro, 2.15 pm (C.E.T.)",CHF,0
EXR.D.CHF.EUR.SP00.A,D,CHF,EUR,SP00,A,2017-06-12,1.0857,A,,,,P1D,,A,,,,,,,99Q1=100,,,4,,4F0,,Swiss franc/Euro ECB reference exchange rate,"ECB reference exchange rate, Swiss franc/Euro, 2.15 pm (C.E.T.)",CHF,0
EXR.D.CHF.EUR.SP00.A,D,CHF,EUR,SP00,A,2017-06-13,1.085,A,,,,P1D,,A,,,,,,,99Q1=100,,,4,,4F0,,Swiss franc/Euro ECB reference exchange rate,"ECB reference exchange rate, Swiss franc/Euro, 2.15 pm (C.E.T.)",CHF,0
EXR.D.CHF.EUR.SP00.A,D,CHF,EUR,SP00,A,2017-06-14,1.0874,A,,,,P1D,,A,,,,,,,99Q1=100,,,4,,4F0,,Swiss franc/Euro ECB reference exchange rate,"ECB reference exchange rate, Swiss franc/Euro, 2.15 pm (C.E.T.)",CHF,0
EXR.D.CHF.EUR.SP00.A,D,CHF,EUR,SP00,A,2017-06-15,1.0874,A,,,,P1D,,A,,,,,,,99Q1=100,,,4,,4F0,,Swiss franc/Euro ECB reference exchange rate,"ECB reference exchange rate, Swiss franc/Euro, 2.15 pm (C.E.T.)",CHF,0
EXR.D.CHF.EUR.SP00.A,D,CHF,EUR,SP00,A,2017-06-16,1.0885,A,,,,P1D,,A,,,,,,,99Q1=100,,,4,,4F0,,Swiss franc/Euro ECB reference exchange rate,"ECB reference exchange rate, Swiss franc/Euro, 2.15 pm (C.E.T.)",CHF,0
EXR.D.CHF.EUR.SP00.A,D,CHF,EUR,SP00,A,2017-06-19,1.087,A,,,,P1D,,A,,,,,,,99Q1=100,,,4,,4F0,,Swiss franc/Euro ECB reference exchange rate,"ECB reference exchange rate, Swiss franc/Euro, 2.15 pm (C.E.T.)",CHF,0
EXR.D.CHF.EUR.SP00.A,D,CHF,EUR,SP00,A,2017-06-20,1.0854,A,,,,P1D,,A,,,,,,,99Q1=100,,,4,,4F0,,Swiss franc/Euro ECB reference exchange rate,"ECB reference exchange rate, Swiss franc/Euro, 2.15 pm (C.E.T.)",CHF,0
EXR.D.CHF.EUR.SP00.A,D,CHF,EUR,SP00,A,2017-06-21,1.0857,A,,,,P1D,,A,,,,,,,99Q1=100,,,4,,4F0,,Swiss franc/Euro ECB reference exchange rate,"ECB reference exchange rate, Swiss franc/Euro, 2.15 pm (C.E.T.)",CHF,0
EXR.D.CHF.EUR.SP00.A,D,CHF,EUR,SP00,A,2017-06-22,1.0867,A,,,,P1D,,A,,,,,,,99Q1=100,,,4,,4F0,,Swiss franc/Euro ECB reference exchange rate,"ECB reference exchange rate, Swiss franc/Euro, 2.15 pm (C.E.T.)",CHF,0
EXR.D.CHF.EUR.SP00.A,D,CHF,EUR,SP00,A,2017-06-23,1.0851,A,,,,P1D,,A,,,,,,,99Q1=100,,,4,,4F0,,Swiss franc/Euro ECB reference exchange rate,"ECB reference exchange rate, Swiss franc/Euro, 2.15 pm (C.E.T.)",CHF,0
EXR.D.CHF.EUR.SP00.A,D,CHF,EUR,SP00,A,2017-06-26,1.0881,A,,,,P1D,,A,,,,,,,99Q1=100,,,4,,4F0,,Swiss franc/Euro ECB reference exchange rate,"ECB reference exchange rate, Swiss franc/Euro, 2.15 pm (C.E.T.)",CHF,0
EXR.D.CHF.EUR.SP00.A,D,CHF,EUR,SP00,A,2017-06-27,1.0883,A,,,,P1D,,A,,,,,,,99Q1=100,,,4,,4F0,,Swiss franc/Euro ECB reference exchange rate,"ECB reference exchange rate, Swiss franc/Euro, 2.15 pm (C.E.T.)",CHF,0
EXR.D.CHF.EUR.SP00.A,D,CHF,EUR,SP00,A,2017-06-28,1.0913,A,,,,P1D,,A,,,,,,,99Q1=100,,,4,,4F0,,Swiss franc/Euro ECB reference exchange rate,"ECB reference exchange rate, Swiss franc/Euro, 2.15 pm (C.E.T.)",CHF,0
EXR.D.CHF.EUR.SP00.A,D,CHF,EUR,SP00,A,2017-06-29,1.0935,A,,,,P1D,,A,,,,,,,99Q1=100,,,4,,4F0,,Swiss franc/Euro ECB reference exchange rate,"ECB reference exchange rate, Swiss franc/Euro, 2.15 pm (C.E.T.)",CHF,0
EXR.D.CHF.EUR.SP00.A,D,CHF,EUR,SP00,A,2017-06-30,1.093,A,,,,P1D,,A,,,,,,,99Q1=100,,,4,,4F0,,Swiss franc/Euro ECB reference exchange rate,"ECB reference exchange rate, Swiss franc/Euro, 2.15 pm (C.E.T.)",CHF,0
EXR.D.CHF.EUR.SP00.A,D,CHF,EUR,SP00,A,2017-07-03,1.0943,A,,,,P1D,,A,,,,,,,99Q1=100,,,4,,4F0,,Swiss franc/Euro ECB reference exchange rate,"ECB reference exchange rate, Swiss franc/Euro, 2.15 pm (C.E.T.)",CHF,0
EXR.D.CHF.EUR.SP00.A,D,CHF,EUR,SP00,A,2017-07-04,1.0954,A,,,,P1D,,A,,,,,,,99Q1=100,,,4,,4F0,,Swiss franc/Euro ECB reference exchange rate,"ECB reference exchange rate, Swiss franc/Euro, 2.15 pm (C.E.T.)",CHF,0
EXR.D.CHF.EUR.SP00.A,D,CHF,EUR,SP00,A,2017-07-05,1.095,A,,,,P1D,,A,,,,,,,99Q1=100,,,4,,4F0,,Swiss franc/Euro ECB reference exchange rate,"ECB reference exchange rate, Swiss franc/Euro, 2.15 pm (C.E.T.)",CHF,0
EXR.D.CHF.EUR.SP00.A,D,CHF,EUR,SP00,A,2017-07-06,1.0975,A,,,,P1D,,A,,,,,,,99Q1=100,,,4,,4F0,,Swiss franc/Euro ECB reference exchange rate,"ECB reference exchange rate, Swiss franc/Euro, 2.15 pm (C.E.T.)",CHF,0
EXR.D.CHF.EUR.SP00.A,D,CHF,EUR,SP00,A,2017-07-07,1.0983,A,,,,P1D,,A,,,,,,,99Q1=100,,,4,,4F0,,Swiss franc/Euro ECB reference exchange rate,"ECB reference exchange rate, Swiss franc/Euro, 2.15 pm (C.E.T.)",CHF,0
EXR.D.CHF.EUR.SP00.A,D,CHF,EUR,SP00,A,2017-07-10,1.1007,A,,,,P1D,,A,,,,,,,99Q1=100,,,4,,4F0,,Swiss franc/Euro ECB reference exchange rate,"ECB reference exchange rate, Swiss franc/Euro, 2.15 pm (C.E.T.)",CHF,0
EXR.D.CHF.EUR.SP00.A,D,CHF,EUR,SP00,A,2017-07-11,1.104,A,,,,P1D,,A,,,,,,,99Q1=100,,,4,,4F0,,Swiss franc/Euro ECB reference exchange rate,"ECB reference exchange rate, Swiss franc/Euro, 2.15 pm (C.E.T.)",CHF,0
EXR.D.CHF.EUR.SP00.A,D,CHF,EUR,SP00,A,2017-07-12,1.1027,A,,,,P1D,,A,,,,,,,99Q1=100,,,4,,4F0,,Swiss franc/Euro ECB reference exchange rate,"ECB reference exchange rate, Swiss franc/Euro, 2.15 pm (C.E.T.)",CHF,0
EXR.D.CHF.EUR.SP00.A,D,CHF,EUR,SP00,A,2017-07-13,1.1011,A,,,,P1D,,A,,,,,,,99Q1=100,,,4,,4F0,,Swiss franc/Euro ECB reference exchange rate,"ECB reference exchange rate, Swiss franc/Euro, 2.15 pm (C.E.T.)",CHF,0
EXR.D.CHF.EUR.SP00.A,D,CHF,EUR,SP00,A,2017-07-14,1.1051,A,,,,P1D,,A,,,,,,,99Q1=100,,,4,,4F0,,Swiss franc/Euro ECB reference exchange rate,"ECB reference exchange rate, Swiss franc/Euro, 2.15 pm (C.E.T.)",CHF,0
EXR.D.CHF.EUR.SP00.A,D,CHF,EUR,SP00,A,2017-07-17,1.1012,A,,,,P1D,,A,,,,,,,99Q1=100,,,4,,4F0,,Swiss franc/Euro ECB reference exchange rate,"ECB reference exchange rate, Swiss franc/Euro, 2.15 pm (C.E.T.)",CHF,0
EXR.D.CHF.EUR.SP00.A,D,CHF,EUR,SP00,A,2017-07-18,1.1025,A,,,,P1D,,A,,,,,,,99Q1=100,,,4,,4F0,,Swiss franc/Euro ECB reference exchange rate,"ECB reference exchange rate, Swiss franc/Euro, 2.15 pm (C.E.T.)",CHF,0
EXR.D.CHF.EUR.SP00.A,D,CHF,EUR,SP00,A,2017-07-19,1.0994,A,,,,P1D,,A,,,,,,,99Q1=100,,,4,,4F0,,Swiss franc/Euro ECB reference exchange rate,"ECB reference exchange rate, Swiss franc/Euro, 2.15 pm (C.E.T.)",CHF,0
EXR.D.CHF.EUR.SP00.A,D,CHF,EUR,SP00,A,2017-07-20,1.1039,A,,,,P1D,,A,,,,,,,99Q1=100,,,4,,4F0,,Swiss franc/Euro ECB reference exchange rate,"ECB reference exchange rate, Swiss franc/Euro, 2.15 pm (C.E.T.)",CHF,0
EXR.D.CHF.EUR.SP00.A,D,CHF,EUR,SP00,A,2017-07-21,1.1051,A,,,,P1D,,A,,,,,,,99Q1=100,,,4,,4F0,,Swiss franc/Euro ECB reference exchange rate,"ECB reference exchange rate, Swiss franc/Euro, 2.15 pm (C.E.T.)",CHF,0
EXR.D.CHF.EUR.SP00.A,D,CHF,EUR,SP00,A,2017-07-24,1.102,A,,,,P1D,,A,,,,,,,99Q1=100,,,4,,4F0,,Swiss franc/Euro ECB reference exchange rate,"ECB reference exchange rate, Swiss franc/Euro, 2.15 pm (C.E.T.)",CHF,0
EXR.D.CHF.EUR.SP00.A,D,CHF,EUR,SP00,A,2017-07-25,1.1063,A,,,,P1D,,A,,,,,,,99Q1=100,,,4,,4F0,,Swiss franc/Euro ECB reference exchange rate,"ECB reference exchange rate, Swiss franc/Euro, 2.15 pm (C.E.T.)",CHF,0
EXR.D.CHF.EUR.SP00.A,D,CHF,EUR,SP00,A,2017-07-26,1.1152,A,,,,P1D,,A,,,,,,,99Q1=100,,,4,,4F0,,Swiss franc/Euro ECB reference exchange rate,"ECB reference exchange rate, Swiss franc/Euro, 2.15 pm (C.E.T.)",CHF,0
EXR.D.CHF.EUR.SP00.A,D,CHF,EUR,SP00,A,2017-07-27,1.1232,A,,,,P1D,,A,,,,,,,99Q1=100,,,4,,4F0,,Swiss franc/Euro ECB reference exchange rate,"ECB reference exchange rate, Swiss franc/Euro, 2.15 pm (C.E.T.)",CHF,0
EXR.D.CHF.EUR.SP00.A,D,CHF,EUR,SP00,A,2017-07-28,1.1357,A,,,,P1D,,A,,,,,,,99Q1=100,,,4,,4F0,,Swiss franc/Euro ECB reference exchange rate,"ECB reference exchange rate, Swiss franc/Euro, 2.15 pm (C.E.T.)",CHF,0
EXR.D.CHF.EUR.SP00.A,D,CHF,EUR,SP00,A,2017-07-31,1.1359,A,,,,P1D,,A,,,,,,,99Q1=100,,,4,,4F0,,Swiss franc/Euro ECB reference exchange rate,"ECB reference exchange rate, Swiss franc/Euro, 2.15 pm (C.E.T.)",CHF,0
EXR.D.CHF.EUR.SP00.A,D,CHF,EUR,SP00,A,2017-08-01,1.1414,A,,,,P1D,,A,,,,,,,99Q1=100,,,4,,4F0,,Swiss franc/Euro ECB reference exchange rate,"ECB reference exchange rate, Swiss franc/Euro, 2.15 pm (C.E.T.)",CHF,0
EXR.D.CHF.EUR.SP00.A,D,CHF,EUR,SP00,A,2017-08-02,1.1459,A,,,,P1D,,A,,,,,,,99Q1=100,,,4,,4F0,,Swiss franc/Euro ECB reference exchange rate,"ECB reference exchange rate, Swiss franc/Euro, 2.15 pm (C.E.T.)",CHF,0
EXR.D.CHF.EUR.SP00.A,D,CHF,EUR,SP00,A,2017-08-03,1.1501,A,,,,P1D,,A,,,,,,,99Q1=100,,,4,,4F0,,Swiss franc/Euro ECB reference exchange rate,"ECB reference exchange rate, Swiss franc/Euro, 2.15 pm (C.E.T.)",CHF,0
EXR.D.CHF.EUR.SP00.A,D,CHF,EUR,SP00,A,2017-08-04,1.1494,A,,,,P1D,,A,,,,,,,99Q1=100,,,4,,4F0,,Swiss franc/Euro ECB reference exchange rate,"ECB reference exchange rate, Swiss franc/Euro, 2.15 pm (C.E.T.)",CHF,0
EXR.D.CHF.EUR.SP00.A,D,CHF,EUR,SP00,A,2017-08-07,1.148,A,,,,P1D,,A,,,,,,,99Q1=100,,,4,,4F0,,Swiss franc/Euro ECB reference exchange rate,"ECB reference exchange rate, Swiss franc/Euro, 2.15 pm (C.E.T.)",CHF,0
EXR.D.CHF.EUR.SP00.A,D,CHF,EUR,SP00,A,2017-08-08,1.1478,A,,,,P1D,,A,,,,,,,99Q1=100,,,4,,4F0,,Swiss franc/Euro ECB reference exchange rate,"ECB reference exchange rate, Swiss franc/Euro, 2.15 pm (C.E.T.)",CHF,0
EXR.D.CHF.EUR.SP00.A,D,CHF,EUR,SP00,A,2017-08-09,1.1293,A,,,,P1D,,A,,,,,,,99Q1=100,,,4,,4F0,,Swiss franc/Euro ECB reference exchange rate,"ECB reference exchange rate, Swiss franc/Euro, 2.15 pm (C.E.T.)",CHF,0
EXR.D.CHF.EUR.SP00.A,D,CHF,EUR,SP00,A,2017-08-10,1.1341,A,,,,P1D,,A,,,,,,,99Q1=100,,,4,,4F0,,Swiss franc/Euro ECB reference exchange rate,"ECB reference exchange rate, Swiss franc/Euro, 2.15 pm (C.E.T.)",CHF,0
EXR.D.CHF.EUR.SP00.A,D,CHF,EUR,SP00,A,2017-08-11,1.132,A,,,,P1D,,A,,,,,,,99Q1=100,,,4,,4F0,,Swiss franc/Euro ECB reference exchange rate,"ECB reference exchange rate, Swiss franc/Euro, 2.15 pm (C.E.T.)",CHF,0
EXR.D.CHF.EUR.SP00.A,D,CHF,EUR,SP00,A,2017-08-14,1.1422,A,,,,P1D,,A,,,,,,,99Q1=100,,,4,,4F0,,Swiss franc/Euro ECB reference exchange rate,"ECB reference exchange rate, Swiss franc/Euro, 2.15 pm (C.E.T.)",CHF,0
EXR.D.CHF.EUR.SP00.A,D,CHF,EUR,SP00,A,2017-08-15,1.1417,A,,,,P1D,,A,,,,,,,99Q1=100,,,4,,4F0,,Swiss franc/Euro ECB reference exchange rate,"ECB reference exchange rate, Swiss franc/Euro, 2.15 pm (C.E.T.)",CHF,0
EXR.D.CHF.EUR.SP00.A,D,CHF,EUR,SP00,A,2017-08-16,1.1406,A,,,,P1D,,A,,,,,,,99Q1=100,,,4,,4F0,,Swiss franc/Euro ECB reference exchange rate,"ECB reference exchange rate, Swiss franc/Euro, 2.15 pm (C.E.T.)",CHF,0
EXR.D.CHF.EUR.SP00.A,D,CHF,EUR,SP00,A,2017-08-17,1.1311,A,,,,P1D,,A,,,,,,,99Q1=100,,,4,,4F0,,Swiss franc/Euro ECB reference exchange rate,"ECB reference exchange rate, Swiss franc/Euro, 2.15 pm (C.E.T.)",CHF,0
EXR.D.CHF.EUR.SP00.A,D,CHF,EUR,SP00,A,2017-08-18,1.1287,A,,,,P1D,,A,,,,,,,99Q1=100,,,4,,4F0,,Swiss franc/Euro ECB reference exchange rate,"ECB reference exchange rate, Swiss franc/Euro, 2.15 pm (C.E.T.)",CHF,0
EXR.D.CHF.EUR.SP00.A,D,CHF,EUR,SP00,A,2017-08-21,1.1362,A,,,,P1D,,A,,,,,,,99Q1=100,,,4,,4F0,,Swiss franc/Euro ECB reference exchange rate,"ECB reference exchange rate, Swiss franc/Euro, 2.15 pm (C.E.T.)",CHF,0
EXR.D.CHF.EUR.SP00.A,D,CHF,EUR,SP00,A,2017-08-22,1.1364,A,,,,P1D,,A,,,,,,,99Q1=100,,,4,,4F0,,Swiss franc/Euro ECB reference exchange rate,"ECB reference exchange rate, Swiss franc/Euro, 2.15 pm (C.E.T.)",CHF,0
EXR.D.CHF.EUR.SP00.A,D,CHF,EUR,SP00,A,2017-08-23,1.1392,A,,,,P1D,,A,,,,,,,99Q1=100,,,4,,4F0,,Swiss franc/Euro ECB reference exchange rate,"ECB reference exchange rate, Swiss franc/Euro, 2.15 pm (C.E.T.)",CHF,0
EXR.D.CHF.EUR.SP00.A,D,CHF,EUR,SP00,A,2017-08-24,1.1375,A,,,,P1D,,A,,,,,,,99Q1=100,,,4,,4F0,,Swiss franc/Euro ECB reference exchange rate,"ECB reference exchange rate, Swiss franc/Euro, 2.15 pm (C.E.T.)",CHF,0
EXR.D.CHF.EUR.SP00.A,D,CHF,EUR,SP00,A,2017-08-25,1.139,A,,,,P1D,,A,,,,,,,99Q1=100,,,4,,4F0,,Swiss franc/Euro ECB reference exchange rate,"ECB reference exchange rate, Swiss franc/Euro, 2.15 pm (C.E.T.)",CHF,0
EXR.D.CHF.EUR.SP00.A,D,CHF,EUR,SP00,A,2017-08-28,1.1389,A,,,,P1D,,A,,,,,,,99Q1=100,,,4,,4F0,,Swiss franc/Euro ECB reference exchange rate,"ECB reference exchange rate, Swiss franc/Euro, 2.15 pm (C.E.T.)",CHF,0
EXR.D.CHF.EUR.SP00.A,D,CHF,EUR,SP00,A,2017-08-29,1.1386,A,,,,P1D,,A,,,,,,,99Q1=100,,,4,,4F0,,Swiss franc/Euro ECB reference exchange rate,"ECB reference exchange rate, Swiss franc/Euro, 2.15 pm (C.E.T.)",CHF,0
EXR.D.CHF.EUR.SP00.A,D,CHF,EUR,SP00,A,2017-08-30,1.1422,A,,,,P1D,,A,,,,,,,99Q1=100,,,4,,4F0,,Swiss franc/Euro ECB reference exchange rate,"ECB reference exchange rate, Swiss franc/Euro, 2.15 pm (C.E.T.)",CHF,0
EXR.D.CHF.EUR.SP00.A,D,CHF,EUR,SP00,A,2017-08-31,1.1446,A,,,,P1D,,A,,,,,,,99Q1=100,,,4,,4F0,,Swiss franc/Euro ECB reference exchange rate,"ECB reference exchange rate, Swiss franc/Euro, 2.15 pm (C.E.T.)",CHF,0
EXR.D.CHF.EUR.SP00.A,D,CHF,EUR,SP00,A,2017-09-01,1.1441,A,,,,P1D,,A,,,,,,,99Q1=100,,,4,,4F0,,Swiss franc/Euro ECB reference exchange rate,"ECB reference exchange rate, Swiss franc/Euro, 2.15 pm (C.E.T.)",CHF,0
EXR.D.CHF.EUR.SP00.A,D,CHF,EUR,SP00,A,2017-09-04,1.1399,A,,,,P1D,,A,,,,,,,99Q1=100,,,4,,4F0,,Swiss franc/Euro ECB reference exchange rate,"ECB reference exchange rate, Swiss franc/Euro, 2.15 pm (C.E.T.)",CHF,0
EXR.D.CHF.EUR.SP00.A,D,CHF,EUR,SP00,A,2017-09-05,1.1407,A,,,,P1D,,A,,,,,,,99Q1=100,,,4,,4F0,,Swiss franc/Euro ECB reference exchange rate,"ECB reference exchange rate, Swiss franc/Euro, 2.15 pm (C.E.T.)",CHF,0
EXR.D.CHF.EUR.SP00.A,D,CHF,EUR,SP00,A,2017-09-06,1.1399,A,,,,P1D,,A,,,,,,,99Q1=100,,,4,,4F0,,Swiss franc/Euro ECB reference exchange rate,"ECB reference exchange rate, Swiss franc/Euro, 2.15 pm (C.E.T.)",CHF,0
EXR.D.CHF.EUR.SP00.A,D,CHF,EUR,SP00,A,2017-09-07,1.1412,A,,,,P1D,,A,,,,,,,99Q1=100,,,4,,4F0,,Swiss franc/Euro ECB reference exchange rate,"ECB reference exchange rate, Swiss franc/Euro, 2.15 pm (C.E.T.)",CHF,0
EXR.D.CHF.EUR.SP00.A,D,CHF,EUR,SP00,A,2017-09-08,1.1405,A,,,,P1D,,A,,,,,,,99Q1=100,,,4,,4F0,,Swiss franc/Euro ECB reference exchange rate,"ECB reference exchange rate, Swiss franc/Euro, 2.15 pm (C.E.T.)",CHF,0
EXR.D.CHF.EUR.SP00.A,D,CHF,EUR,SP00,A,2017-09-11,1.1404,A,,,,P1D,,A,,,,,,,99Q1=100,,,4,,4F0,,Swiss franc/Euro ECB reference exchange rate,"ECB reference exchange rate, Swiss franc/Euro, 2.15 pm (C.E.T.)",CHF,0
EXR.D.CHF.EUR.SP00.A,D,CHF,EUR,SP00,A,2017-09-12,1.1444,A,,,,P1D,,A,,,,,,,99Q1=100,,,4,,4F0,,Swiss franc/Euro ECB reference exchange rate,"ECB reference exchange rate, Swiss franc/Euro, 2.15 pm (C.E.T.)",CHF,0
EXR.D.CHF.EUR.SP00.A,D,CHF,EUR,SP00,A,2017-09-13,1.1496,A,,,,P1D,,A,,,,,,,99Q1=100,,,4,,4F0,,Swiss franc/Euro ECB reference exchange rate,"ECB reference exchange rate, Swiss franc/Euro, 2.15 pm (C.E.T.)",CHF,0
EXR.D.CHF.EUR.SP00.A,D,CHF,EUR,SP00,A,2017-09-14,1.1496,A,,,,P1D,,A,,,,,,,99Q1=100,,,4,,4F0,,Swiss franc/Euro ECB reference exchange rate,"ECB reference exchange rate, Swiss franc/Euro, 2.15 pm (C.E.T.)",CHF,0
EXR.D.CHF.EUR.SP00.A,D,CHF,EUR,SP00,A,2017-09-15,1.148,A,,,,P1D,,A,,,,,,,99Q1=100,,,4,,4F0,,Swiss franc/Euro ECB reference exchange rate,"ECB reference exchange rate, Swiss franc/Euro, 2.15 pm (C.E.T.)",CHF,0
EXR.D.CHF.EUR.SP00.A,D,CHF,EUR,SP00,A,2017-09-18,1.1464,A,,,,P1D,,A,,,,,,,99Q1=100,,,4,,4F0,,Swiss franc/Euro ECB reference exchange rate,"ECB reference exchange rate, Swiss franc/Euro, 2.15 pm (C.E.T.)",CHF,0
EXR.D.CHF.EUR.SP00.A,D,CHF,EUR,SP00,A,2017-09-19,1.1535,A,,,,P1D,,A,,,,,,,99Q1=100,,,4,,4F0,,Swiss franc/Euro ECB reference exchange rate,"ECB reference exchange rate, Swiss franc/Euro, 2.15 pm (C.E.T.)",CHF,0
EXR.D.CHF.EUR.SP00.A,D,CHF,EUR,SP00,A,2017-09-20,1.1532,A,,,,P1D,,A,,,,,,,99Q1=100,,,4,,4F0,,Swiss franc/Euro ECB reference exchange rate,"ECB reference exchange rate, Swiss franc/Euro, 2.15 pm (C.E.T.)",CHF,0
EXR.D.CHF.EUR.SP00.A,D,CHF,EUR,SP00,A,2017-09-21,1.1585,A,,,,P1D,,A,,,,,,,99Q1=100,,,4,,4F0,,Swiss franc/Euro ECB reference exchange rate,"ECB reference exchange rate, Swiss franc/Euro, 2.15 pm (C.E.T.)",CHF,0
EXR.D.CHF.EUR.SP00.A,D,CHF,EUR,SP00,A,2017-09-22,1.1588,A,,,,P1D,,A,,,,,,,99Q1=100,,,4,,4F0,,Swiss franc/Euro ECB reference exchange rate,"ECB reference exchange rate, Swiss franc/Euro, 2.15 pm (C.E.T.)",CHF,0
EXR.D.CHF.EUR.SP00.A,D,CHF,EUR,SP00,A,2017-09-25,1.1562,A,,,,P1D,,A,,,,,,,99Q1=100,,,4,,4F0,,Swiss franc/Euro ECB reference exchange rate,"ECB reference exchange rate, Swiss franc/Euro, 2.15 pm (C.E.T.)",CHF,0
EXR.D.CHF.EUR.SP00.A,D,CHF,EUR,SP00,A,2017-09-26,1.1452,A,,,,P1D,,A,,,,,,,99Q1=100,,,4,,4F0,,Swiss franc/Euro ECB reference exchange rate,"ECB reference exchange rate, Swiss franc/Euro, 2.15 pm (C.E.T.)",CHF,0
EXR.D.CHF.EUR.SP00.A,D,CHF,EUR,SP00,A,2017-09-27,1.1451,A,,,,P1D,,A,,,,,,,99Q1=100,,,4,,4F0,,Swiss franc/Euro ECB reference exchange rate,"ECB reference exchange rate, Swiss franc/Euro, 2.15 pm (C.E.T.)",CHF,0
EXR.D.CHF.EUR.SP00.A,D,CHF,EUR,SP00,A,2017-09-28,1.146,A,,,,P1D,,A,,,,,,,99Q1=100,,,4,,4F0,,Swiss franc/Euro ECB reference exchange rate,"ECB reference exchange rate, Swiss franc/Euro, 2.15 pm (C.E.T.)",CHF,0
EXR.D.CHF.EUR.SP00.A,D,CHF,EUR,SP00,A,2017-09-29,1.1457,A,,,,P1D,,A,,,,,,,99Q1=100,,,4,,4F0,,Swiss franc/Euro ECB reference exchange rate,"ECB reference exchange rate, Swiss franc/Euro, 2.15 pm (C.E.T.)",CHF,0
EXR.D.CHF.EUR.SP00.A,D,CHF,EUR,SP00,A,2017-10-02,1.1399,A,,,,P1D,,A,,,,,,,99Q1=100,,,4,,4F0,,Swiss franc/Euro ECB reference exchange rate,"ECB reference exchange rate, Swiss franc/Euro, 2.15 pm (C.E.T.)",CHF,0
EXR.D.CHF.EUR.SP00.A,D,CHF,EUR,SP00,A,2017-10-03,1.1449,A,,,,P1D,,A,,,,,,,99Q1=100,,,4,,4F0,,Swiss franc/Euro ECB reference exchange rate,"ECB reference exchange rate, Swiss franc/Euro, 2.15 pm (C.E.T.)",CHF,0
EXR.D.CHF.EUR.SP00.A,D,CHF,EUR,SP00,A,2017-10-04,1.1456,A,,,,P1D,,A,,,,,,,99Q1=100,,,4,,4F0,,Swiss franc/Euro ECB reference exchange rate,"ECB reference exchange rate, Swiss franc/Euro, 2.15 pm (C.E.T.)",CHF,0
EXR.D.CHF.EUR.SP00.A,D,CHF,EUR,SP00,A,2017-10-05,1.1472,A,,,,P1D,,A,,,,,,,99Q1=100,,,4,,4F0,,Swiss franc/Euro ECB reference exchange rate,"ECB reference exchange rate, Swiss franc/Euro, 2.15 pm (C.E.T.)",CHF,0
EXR.D.CHF.EUR.SP00.A,D,CHF,EUR,SP00,A,2017-10-06,1.1473,A,,,,P1D,,A,,,,,,,99Q1=100,,,4,,4F0,,Swiss franc/Euro ECB reference exchange rate,"ECB reference exchange rate, Swiss franc/Euro, 2.15 pm (C.E.T.)",CHF,0
EXR.D.CHF.EUR.SP00.A,D,CHF,EUR,SP00,A,2017-10-09,1.1497,A,,,,P1D,,A,,,,,,,99Q1=100,,,4,,4F0,,Swiss franc/Euro ECB reference exchange rate,"ECB reference exchange rate, Swiss franc/Euro, 2.15 pm (C.E.T.)",CHF,0
EXR.D.CHF.EUR.SP00.A,D,CHF,EUR,SP00,A,2017-10-10,1.1522,A,,,,P1D,,A,,,,,,,99Q1=100,,,4,,4F0,,Swiss franc/Euro ECB reference exchange rate,"ECB reference exchange rate, Swiss franc/Euro, 2.15 pm (C.E.T.)",CHF,0
EXR.D.CHF.EUR.SP00.A,D,CHF,EUR,SP00,A,2017-10-11,1.1524,A,,,,P1D,,A,,,,,,,99Q1=100,,,4,,4F0,,Swiss franc/Euro ECB reference exchange rate,"ECB reference exchange rate, Swiss franc/Euro, 2.15 pm (C.E.T.)",CHF,0
EXR.D.CHF.EUR.SP00.A,D,CHF,EUR,SP00,A,2017-10-12,1.1552,A,,,,P1D,,A,,,,,,,99Q1=100,,,4,,4F0,,Swiss franc/Euro ECB reference exchange rate,"ECB reference exchange rate, Swiss franc/Euro, 2.15 pm (C.E.T.)",CHF,0
EXR.D.CHF.EUR.SP00.A,D,CHF,EUR,SP00,A,2017-10-13,1.1533,A,,,,P1D,,A,,,,,,,99Q1=100,,,4,,4F0,,Swiss franc/Euro ECB reference exchange rate,"ECB reference exchange rate, Swiss franc/Euro, 2.15 pm (C.E.T.)",CHF,0
EXR.D.CHF.EUR.SP00.A,D,CHF,EUR,SP00,A,2017-10-16,1.1514,A,,,,P1D,,A,,,,,,,99Q1=100,,,4,,4F0,,Swiss franc/Euro ECB reference exchange rate,"ECB reference exchange rate, Swiss franc/Euro, 2.15 pm (C.E.T.)",CHF,0
EXR.D.CHF.EUR.SP00.A,D,CHF,EUR,SP00,A,2017-10-17,1.1504,A,,,,P1D,,A,,,,,,,99Q1=100,,,4,,4F0,,Swiss franc/Euro ECB reference exchange rate,"ECB reference exchange rate, Swiss franc/Euro, 2.15 pm (C.E.T.)",CHF,0
EXR.D.CHF.EUR.SP00.A,D,CHF,EUR,SP00,A,2017-10-18,1.1551,A,,,,P1D,,A,,,,,,,99Q1=100,,,4,,4F0,,Swiss franc/Euro ECB reference exchange rate,"ECB reference exchange rate, Swiss franc/Euro, 2.15 pm (C.E.T.)",CHF,0
EXR.D.CHF.EUR.SP00.A,D,CHF,EUR,SP00,A,2017-10-19,1.1541,A,,,,P1D,,A,,,,,,,99Q1=100,,,4,,4F0,,Swiss franc/Euro ECB reference exchange rate,"ECB reference exchange rate, Swiss franc/Euro, 2.15 pm (C.E.T.)",CHF,0
EXR.D.CHF.EUR.SP00.A,D,CHF,EUR,SP00,A,2017-10-20,1.1597,A,,,,P1D,,A,,,,,,,99Q1=100,,,4,,4F0,,Swiss franc/Euro ECB reference exchange rate,"ECB reference exchange rate, Swiss franc/Euro, 2.15 pm (C.E.T.)",CHF,0
EXR.D.CHF.EUR.SP00.A,D,CHF,EUR,SP00,A,2017-10-23,1.1581,A,,,,P1D,,A,,,,,,,99Q1=100,,,4,,4F0,,Swiss franc/Euro ECB reference exchange rate,"ECB reference exchange rate, Swiss franc/Euro, 2.15 pm (C.E.T.)",CHF,0
EXR.D.CHF.EUR.SP00.A,D,CHF,EUR,SP00,A,2017-10-24,1.1613,A,,,,P1D,,A,,,,,,,99Q1=100,,,4,,4F0,,Swiss franc/Euro ECB reference exchange rate,"ECB reference exchange rate, Swiss franc/Euro, 2.15 pm (C.E.T.)",CHF,0
EXR.D.CHF.EUR.SP00.A,D,CHF,EUR,SP00,A,2017-10-25,1.169,A,F,,,P1D,,A,,,,,,,99Q1=100,,,4,,4F0,,Swiss franc/Euro ECB reference exchange rate,"ECB reference exchange rate, Swiss franc/Euro, 2.15 pm (C.E.T.)",CHF,0
EXR.D.CHF.EUR.SP00.A,D,CHF,EUR,SP00,A,2017-10-26,1.1678,A,F,,,P1D,,A,,,,,,,99Q1=100,,,4,,4F0,,Swiss franc/Euro ECB reference exchange rate,"ECB reference exchange rate, Swiss franc/Euro, 2.15 pm (C.E.T.)",CHF,0
EXR.D.CHF.EUR.SP00.A,D,CHF,EUR,SP00,A,2017-10-27,1.1632,A,F,,,P1D,,A,,,,,,,99Q1=100,,,4,,4F0,,Swiss franc/Euro ECB reference exchange rate,"ECB reference exchange rate, Swiss franc/Euro, 2.15 pm (C.E.T.)",CHF,0
EXR.D.CHF.EUR.SP00.A,D,CHF,EUR,SP00,A,2017-10-30,1.1603,A,F,,,P1D,,A,,,,,,,99Q1=100,,,4,,4F0,,Swiss franc/Euro ECB reference exchange rate,"ECB reference exchange rate, Swiss franc/Euro, 2.15 pm (C.E.T.)",CHF,0
EXR.D.CHF.EUR.SP00.A,D,CHF,EUR,SP00,A,2017-10-31,1.1622,A,F,,,P1D,,A,,,,,,,99Q1=100,,,4,,4F0,,Swiss franc/Euro ECB reference exchange rate,"ECB reference exchange rate, Swiss franc/Euro, 2.15 pm (C.E.T.)",CHF,0
EXR.D.CHF.EUR.SP00.A,D,CHF,EUR,SP00,A,2017-11-01,1.164,A,F,,,P1D,,A,,,,,,,99Q1=100,,,4,,4F0,,Swiss franc/Euro ECB reference exchange rate,"ECB reference exchange rate, Swiss franc/Euro, 2.15 pm (C.E.T.)",CHF,0
EXR.D.CHF.EUR.SP00.A,D,CHF,EUR,SP00,A,2017-11-02,1.1647,A,F,,,P1D,,A,,,,,,,99Q1=100,,,4,,4F0,,Swiss franc/Euro ECB reference exchange rate,"ECB reference exchange rate, Swiss franc/Euro, 2.15 pm (C.E.T.)",CHF,0
EXR.D.CHF.EUR.SP00.A,D,CHF,EUR,SP00,A,2017-11-03,1.1635,A,F,,,P1D,,A,,,,,,,99Q1=100,,,4,,4F0,,Swiss franc/Euro ECB reference exchange rate,"ECB reference exchange rate, Swiss franc/Euro, 2.15 pm (C.E.T.)",CHF,0
EXR.D.CHF.EUR.SP00.A,D,CHF,EUR,SP00,A,2017-11-06,1.1593,A,F,,,P1D,,A,,,,,,,99Q1=100,,,4,,4F0,,Swiss franc/Euro ECB reference exchange rate,"ECB reference exchange rate, Swiss franc/Euro, 2.15 pm (C.E.T.)",CHF,0
EXR.D.CHF.EUR.SP00.A,D,CHF,EUR,SP00,A,2017-11-07,1.1557,A,F,,,P1D,,A,,,,,,,99Q1=100,,,4,,4F0,,Swiss franc/Euro ECB reference exchange rate,"ECB reference exchange rate, Swiss franc/Euro, 2.15 pm (C.E.T.)",CHF,0
EXR.D.CHF.EUR.SP00.A,D,CHF,EUR,SP00,A,2017-11-08,1.1581,A,F,,,P1D,,A,,,,,,,99Q1=100,,,4,,4F0,,Swiss franc/Euro ECB reference exchange rate,"ECB reference exchange rate, Swiss franc/Euro, 2.15 pm (C.E.T.)",CHF,0
EXR.D.CHF.EUR.SP00.A,D,CHF,EUR,SP00,A,2017-11-09,1.1589,A,F,,,P1D,,A,,,,,,,99Q1=100,,,4,,4F0,,Swiss franc/Euro ECB reference exchange rate,"ECB reference exchange rate, Swiss franc/Euro, 2.15 pm (C.E.T.)",CHF,0
EXR.D.CHF.EUR.SP00.A,D,CHF,EUR,SP00,A,2017-11-10,1.1591,A,F,,,P1D,,A,,,,,,,99Q1=100,,,4,,4F0,,Swiss franc/Euro ECB reference exchange rate,"ECB reference exchange rate, Swiss franc/Euro, 2.15 pm (C.E.T.)",CHF,0
EXR.D.CHF.EUR.SP00.A,D,CHF,EUR,SP00,A,2017-11-13,1.1591,A,F,,,P1D,,A,,,,,,,99Q1=100,,,4,,4F0,,Swiss franc/Euro ECB reference exchange rate,"ECB reference exchange rate, Swiss franc/Euro, 2.15 pm (C.E.T.)",CHF,0
EXR.D.CHF.EUR.SP00.A,D,CHF,EUR,SP00,A,2017-11-14,1.1643,A,F,,,P1D,,A,,,,,,,99Q1=100,,,4,,4F0,,Swiss franc/Euro ECB reference exchange rate,"ECB reference exchange rate, Swiss franc/Euro, 2.15 pm (C.E.T.)",CHF,0
EXR.D.CHF.EUR.SP00.A,D,CHF,EUR,SP00,A,2017-11-15,1.1675,A,F,,,P1D,,A,,,,,,,99Q1=100,,,4,,4F0,,Swiss franc/Euro ECB reference exchange rate,"ECB reference exchange rate, Swiss franc/Euro, 2.15 pm (C.E.T.)",CHF,0
EXR.D.CHF.EUR.SP00.A,D,CHF,EUR,SP00,A,2017-11-16,1.1686,A,F,,,P1D,,A,,,,,,,99Q1=100,,,4,,4F0,,Swiss franc/Euro ECB reference exchange rate,"ECB reference exchange rate, Swiss franc/Euro, 2.15 pm (C.E.T.)",CHF,0
EXR.D.CHF.EUR.SP00.A,D,CHF,EUR,SP00,A,2017-11-17,1.1696,A,F,,,P1D,,A,,,,,,,99Q1=100,,,4,,4F0,,Swiss franc/Euro ECB reference exchange rate,"ECB reference exchange rate, Swiss franc/Euro, 2.15 pm (C.E.T.)",CHF,0
EXR.D.CHF.EUR.SP00.A,D,CHF,EUR,SP00,A,2017-11-20,1.1676,A,F,,,P1D,,A,,,,,,,99Q1=100,,,4,,4F0,,Swiss franc/Euro ECB reference exchange rate,"ECB reference exchange rate, Swiss franc/Euro, 2.15 pm (C.E.T.)",CHF,0
EXR.D.CHF.EUR.SP00.A,D,CHF,EUR,SP00,A,2017-11-21,1.1641,A,F,,,P1D,,A,,,,,,,99Q1=100,,,4,,4F0,,Swiss franc/Euro ECB reference exchange rate,"ECB reference exchange rate, Swiss franc/Euro, 2.15 pm (C.E.T.)",CHF,0
EXR.D.CHF.EUR.SP00.A,D,CHF,EUR,SP00,A,2017-11-22,1.1609,A,F,,,P1D,,A,,,,,,,99Q1=100,,,4,,4F0,,Swiss franc/Euro ECB reference exchange rate,"ECB reference exchange rate, Swiss franc/Euro, 2.15 pm (C.E.T.)",CHF,0
EXR.D.CHF.EUR.SP00.A,D,CHF,EUR,SP00,A,2017-11-23,1.1613,A,F,,,P1D,,A,,,,,,,99Q1=100,,,4,,4F0,,Swiss franc/Euro ECB reference exchange rate,"ECB reference exchange rate, Swiss franc/Euro, 2.15 pm (C.E.T.)",CHF,0
EXR.D.CHF.EUR.SP00.A,D,CHF,EUR,SP00,A,2017-11-24,1.165,A,F,,,P1D,,A,,,,,,,99Q1=100,,,4,,4F0,,Swiss franc/Euro ECB reference exchange rate,"ECB reference exchange rate, Swiss franc/Euro, 2.15 pm (C.E.T.)",CHF,0
EXR.D.CHF.EUR.SP00.A,D,CHF,EUR,SP00,A,2017-11-27,1.1718,A,F,,,P1D,,A,,,,,,,99Q1=100,,,4,,4F0,,Swiss franc/Euro ECB reference exchange rate,"ECB reference exchange rate, Swiss franc/Euro, 2.15 pm (C.E.T.)",CHF,0
EXR.D.CHF.EUR.SP00.A,D,CHF,EUR,SP00,A,2017-11-28,1.168,A,F,,,P1D,,A,,,,,,,99Q1=100,,,4,,4F0,,Swiss franc/Euro ECB reference exchange rate,"ECB reference exchange rate, Swiss franc/Euro, 2.15 pm (C.E.T.)",CHF,0
EXR.D.CHF.EUR.SP00.A,D,CHF,EUR,SP00,A,2017-11-29,1.1664,A,F,,,P1D,,A,,,,,,,99Q1=100,,,4,,4F0,,Swiss franc/Euro ECB reference exchange rate,"ECB reference exchange rate, Swiss franc/Euro, 2.15 pm (C.E.T.)",CHF,0
EXR.D.CHF.EUR.SP00.A,D,CHF,EUR,SP00,A,2017-11-30,1.1699,A,F,,,P1D,,A,,,,,,,99Q1=100,,,4,,4F0,,Swiss franc/Euro ECB reference exchange rate,"ECB reference exchange rate, Swiss franc/Euro, 2.15 pm (C.E.T.)",CHF,0
EXR.D.CHF.EUR.SP00.A,D,CHF,EUR,SP00,A,2017-12-01,1.1691,A,F,,,P1D,,A,,,,,,,99Q1=100,,,4,,4F0,,Swiss franc/Euro ECB reference exchange rate,"ECB reference exchange rate, Swiss franc/Euro, 2.15 pm (C.E.T.)",CHF,0
EXR.D.CHF.EUR.SP00.A,D,CHF,EUR,SP00,A,2017-12-04,1.1665,A,F,,,P1D,,A,,,,,,,99Q1=100,,,4,,4F0,,Swiss franc/Euro ECB reference exchange rate,"ECB reference exchange rate, Swiss franc/Euro, 2.15 pm (C.E.T.)",CHF,0
EXR.D.CHF.EUR.SP00.A,D,CHF,EUR,SP00,A,2017-12-05,1.1673,A,F,,,P1D,,A,,,,,,,99Q1=100,,,4,,4F0,,Swiss franc/Euro ECB reference exchange rate,"ECB reference exchange rate, Swiss franc/Euro, 2.15 pm (C.E.T.)",CHF,0
EXR.D.CHF.EUR.SP00.A,D,CHF,EUR,SP00,A,2017-12-06,1.1678,A,F,,,P1D,,A,,,,,,,99Q1=100,,,4,,4F0,,Swiss franc/Euro ECB reference exchange rate,"ECB reference exchange rate, Swiss franc/Euro, 2.15 pm (C.E.T.)",CHF,0
EXR.D.CHF.EUR.SP00.A,D,CHF,EUR,SP00,A,2017-12-07,1.17,A,F,,,P1D,,A,,,,,,,99Q1=100,,,4,,4F0,,Swiss franc/Euro ECB reference exchange rate,"ECB reference exchange rate, Swiss franc/Euro, 2.15 pm (C.E.T.)",CHF,0
EXR.D.CHF.EUR.SP00.A,D,CHF,EUR,SP00,A,2017-12-08,1.1704,A,F,,,P1D,,A,,,,,,,99Q1=100,,,4,,4F0,,Swiss franc/Euro ECB reference exchange rate,"ECB reference exchange rate, Swiss franc/Euro, 2.15 pm (C.E.T.)",CHF,0
EXR.D.CHF.EUR.SP00.A,D,CHF,EUR,SP00,A,2017-12-11,1.1679,A,F,,,P1D,,A,,,,,,,99Q1=100,,,4,,4F0,,Swiss franc/Euro ECB reference exchange rate,"ECB reference exchange rate, Swiss franc/Euro, 2.15 pm (C.E.T.)",CHF,0
EXR.D.CHF.EUR.SP00.A,D,CHF,EUR,SP00,A,2017-12-12,1.1671,A,F,,,P1D,,A,,,,,,,99Q1=100,,,4,,4F0,,Swiss franc/Euro ECB reference exchange rate,"ECB reference exchange rate, Swiss franc/Euro, 2.15 pm (C.E.T.)",CHF,0
EXR.D.CHF.EUR.SP00.A,D,CHF,EUR,SP00,A,2017-12-13,1.1647,A,F,,,P1D,,A,,,,,,,99Q1=100,,,4,,4F0,,Swiss franc/Euro ECB reference exchange rate,"ECB reference exchange rate, Swiss franc/Euro, 2.15 pm (C.E.T.)",CHF,0
EXR.D.CHF.EUR.SP00.A,D,CHF,EUR,SP00,A,2017-12-14,1.1686,A,F,,,P1D,,A,,,,,,,99Q1=100,,,4,,4F0,,Swiss franc/Euro ECB reference exchange rate,"ECB reference exchange rate, Swiss franc/Euro, 2.15 pm (C.E.T.)",CHF,0
EXR.D.CHF.EUR.SP00.A,D,CHF,EUR,SP00,A,2017-12-15,1.1669,A,F,,,P1D,,A,,,,,,,99Q1=100,,,4,,4F0,,Swiss franc/Euro ECB reference exchange rate,"ECB reference exchange rate, Swiss franc/Euro, 2.15 pm (C.E.T.)",CHF,0
EXR.D.CHF.EUR.SP00.A,D,CHF,EUR,SP00,A,2017-12-18,1.1652,A,F,,,P1D,,A,,,,,,,99Q1=100,,,4,,4F0,,Swiss franc/Euro ECB reference exchange rate,"ECB reference exchange rate, Swiss franc/Euro, 2.15 pm (C.E.T.)",CHF,0
EXR.D.CHF.EUR.SP00.A,D,CHF,EUR,SP00,A,2017-12-19,1.1643,A,F,,,P1D,,A,,,,,,,99Q1=100,,,4,,4F0,,Swiss franc/Euro ECB reference exchange rate,"ECB reference exchange rate, Swiss franc/Euro, 2.15 pm (C.E.T.)",CHF,0
EXR.D.CHF.EUR.SP00.A,D,CHF,EUR,SP00,A,2017-12-20,1.1702,A,F,,,P1D,,A,,,,,,,99Q1=100,,,4,,4F0,,Swiss franc/Euro ECB reference exchange rate,"ECB reference exchange rate, Swiss franc/Euro, 2.15 pm (C.E.T.)",CHF,0
EXR.D.CHF.EUR.SP00.A,D,CHF,EUR,SP00,A,2017-12-21,1.1725,A,F,,,P1D,,A,,,,,,,99Q1=100,,,4,,4F0,,Swiss franc/Euro ECB reference exchange rate,"ECB reference exchange rate, Swiss franc/Euro, 2.15 pm (C.E.T.)",CHF,0
EXR.D.CHF.EUR.SP00.A,D,CHF,EUR,SP00,A,2017-12-22,1.1735,A,F,,,P1D,,A,,,,,,,99Q1=100,,,4,,4F0,,Swiss franc/Euro ECB reference exchange rate,"ECB reference exchange rate, Swiss franc/Euro, 2.15 pm (C.E.T.)",CHF,0
EXR.D.CHF.EUR.SP00.A,D,CHF,EUR,SP00,A,2017-12-27,1.1772,A,F,,,P1D,,A,,,,,,,99Q1=100,,,4,,4F0,,Swiss franc/Euro ECB reference exchange rate,"ECB reference exchange rate, Swiss franc/Euro, 2.15 pm (C.E.T.)",CHF,0
EXR.D.CHF.EUR.SP00.A,D,CHF,EUR,SP00,A,2017-12-28,1.1704,A,F,,,P1D,,A,,,,,,,99Q1=100,,,4,,4F0,,Swiss franc/Euro ECB reference exchange rate,"ECB reference exchange rate, Swiss franc/Euro, 2.15 pm (C.E.T.)",CHF,0
EXR.D.CHF.EUR.SP00.A,D,CHF,EUR,SP00,A,2017-12-29,1.1702,A,F,,,P1D,,A,,,,,,,99Q1=100,,,4,,4F0,,Swiss franc/Euro ECB reference exchange rate,"ECB reference exchange rate, Swiss franc/Euro, 2.15 pm (C.E.T.)",CHF,0
EXR.D.CHF.EUR.SP00.A,D,CHF,EUR,SP00,A,2018-01-02,1.1718,A,F,,,P1D,,A,,,,,,,99Q1=100,,,4,,4F0,,Swiss franc/Euro ECB reference exchange rate,"ECB reference exchange rate, Swiss franc/Euro, 2.15 pm (C.E.T.)",CHF,0
EXR.D.CHF.EUR.SP00.A,D,CHF,EUR,SP00,A,2018-01-03,1.1736,A,F,,,P1D,,A,,,,,,,99Q1=100,,,4,,4F0,,Swiss franc/Euro ECB reference exchange rate,"ECB reference exchange rate, Swiss franc/Euro, 2.15 pm (C.E.T.)",CHF,0
EXR.D.CHF.EUR.SP00.A,D,CHF,EUR,SP00,A,2018-01-04,1.1763,A,F,,,P1D,,A,,,,,,,99Q1=100,,,4,,4F0,,Swiss franc/Euro ECB reference exchange rate,"ECB reference exchange rate, Swiss franc/Euro, 2.15 pm (C.E.T.)",CHF,0
EXR.D.CHF.EUR.SP00.A,D,CHF,EUR,SP00,A,2018-01-05,1.1757,A,F,,,P1D,,A,,,,,,,99Q1=100,,,4,,4F0,,Swiss franc/Euro ECB reference exchange rate,"ECB reference exchange rate, Swiss franc/Euro, 2.15 pm (C.E.T.)",CHF,0
EXR.D.CHF.EUR.SP00.A,D,CHF,EUR,SP00,A,2018-01-08,1.1709,A,F,,,P1D,,A,,,,,,,99Q1=100,,,4,,4F0,,Swiss franc/Euro ECB reference exchange rate,"ECB reference exchange rate, Swiss franc/Euro, 2.15 pm (C.E.T.)",CHF,0
EXR.D.CHF.EUR.SP00.A,D,CHF,EUR,SP00,A,2018-01-09,1.1727,A,F,,,P1D,,A,,,,,,,99Q1=100,,,4,,4F0,,Swiss franc/Euro ECB reference exchange rate,"ECB reference exchange rate, Swiss franc/Euro, 2.15 pm (C.E.T.)",CHF,0
EXR.D.CHF.EUR.SP00.A,D,CHF,EUR,SP00,A,2018-01-10,1.1725,A,F,,,P1D,,A,,,,,,,99Q1=100,,,4,,4F0,,Swiss franc/Euro ECB reference exchange rate,"ECB reference exchange rate, Swiss franc/Euro, 2.15 pm (C.E.T.)",CHF,0
EXR.D.CHF.EUR.SP00.A,D,CHF,EUR,SP00,A,2018-01-11,1.1736,A,F,,,P1D,,A,,,,,,,99Q1=100,,,4,,4F0,,Swiss franc/Euro ECB reference exchange rate,"ECB reference exchange rate, Swiss franc/Euro, 2.15 pm (C.E.T.)",CHF,0
EXR.D.CHF.EUR.SP00.A,D,CHF,EUR,SP00,A,2018-01-12,1.1787,A,F,,,P1D,,A,,,,,,,99Q1=100,,,4,,4F0,,Swiss franc/Euro ECB reference exchange rate,"ECB reference exchange rate, Swiss franc/Euro, 2.15 pm (C.E.T.)",CHF,0
EXR.D.CHF.EUR.SP00.A,D,CHF,EUR,SP00,A,2018-01-15,1.1799,A,F,,,P1D,,A,,,,,,,99Q1=100,,,4,,4F0,,Swiss franc/Euro ECB reference exchange rate,"ECB reference exchange rate, Swiss franc/Euro, 2.15 pm (C.E.T.)",CHF,0
EXR.D.CHF.EUR.SP00.A,D,CHF,EUR,SP00,A,2018-01-16,1.1795,A,F,,,P1D,,A,,,,,,,99Q1=100,,,4,,4F0,,Swiss franc/Euro ECB reference exchange rate,"ECB reference exchange rate, Swiss franc/Euro, 2.15 pm (C.E.T.)",CHF,0
EXR.D.CHF.EUR.SP00.A,D,CHF,EUR,SP00,A,2018-01-17,1.1774,A,F,,,P1D,,A,,,,,,,99Q1=100,,,4,,4F0,,Swiss franc/Euro ECB reference exchange rate,"ECB reference exchange rate, Swiss franc/Euro, 2.15 pm (C.E.T.)",CHF,0
EXR.D.CHF.EUR.SP00.A,D,CHF,EUR,SP00,A,2018-01-18,1.1748,A,F,,,P1D,,A,,,,,,,99Q1=100,,,4,,4F0,,Swiss franc/Euro ECB reference exchange rate,"ECB reference exchange rate, Swiss franc/Euro, 2.15 pm (C.E.T.)",CHF,0
EXR.D.CHF.EUR.SP00.A,D,CHF,EUR,SP00,A,2018-01-19,1.1758,A,F,,,P1D,,A,,,,,,,99Q1=100,,,4,,4F0,,Swiss franc/Euro ECB reference exchange rate,"ECB reference exchange rate, Swiss franc/Euro, 2.15 pm (C.E.T.)",CHF,0
EXR.D.CHF.EUR.SP00.A,D,CHF,EUR,SP00,A,2018-01-22,1.1764,A,F,,,P1D,,A,,,,,,,99Q1=100,,,4,,4F0,,Swiss franc/Euro ECB reference exchange rate,"ECB reference exchange rate, Swiss franc/Euro, 2.15 pm (C.E.T.)",CHF,0
EXR.D.CHF.EUR.SP00.A,D,CHF,EUR,SP00,A,2018-01-23,1.1779,A,F,,,P1D,,A,,,,,,,99Q1=100,,,4,,4F0,,Swiss franc/Euro ECB reference exchange rate,"ECB reference exchange rate, Swiss franc/Euro, 2.15 pm (C.E.T.)",CHF,0
EXR.D.CHF.EUR.SP00.A,D,CHF,EUR,SP00,A,2018-01-24,1.1735,A,F,,,P1D,,A,,,,,,,99Q1=100,,,4,,4F0,,Swiss franc/Euro ECB reference exchange rate,"ECB reference exchange rate, Swiss franc/Euro, 2.15 pm (C.E.T.)",CHF,0
EXR.D.CHF.EUR.SP00.A,D,CHF,EUR,SP00,A,2018-01-25,1.168,A,F,,,P1D,,A,,,,,,,99Q1=100,,,4,,4F0,,Swiss franc/Euro ECB reference exchange rate,"ECB reference exchange rate, Swiss franc/Euro, 2.15 pm (C.E.T.)",CHF,0
EXR.D.CHF.EUR.SP00.A,D,CHF,EUR,SP00,A,2018-01-26,1.1632,A,F,,,P1D,,A,,,,,,,99Q1=100,,,4,,4F0,,Swiss franc/Euro ECB reference exchange rate,"ECB reference exchange rate, Swiss franc/Euro, 2.15 pm (C.E.T.)",CHF,0
EXR.D.CHF.EUR.SP00.A,D,CHF,EUR,SP00,A,2018-01-29,1.1563,A,F,,,P1D,,A,,,,,,,99Q1=100,,,4,,4F0,,Swiss franc/Euro ECB reference exchange rate,"ECB reference exchange rate, Swiss franc/Euro, 2.15 pm (C.E.T.)",CHF,0
EXR.D.CHF.EUR.SP00.A,D,CHF,EUR,SP00,A,2018-01-30,1.1589,A,F,,,P1D,,A,,,,,,,99Q1=100,,,4,,4F0,,Swiss franc/Euro ECB reference exchange rate,"ECB reference exchange rate, Swiss franc/Euro, 2.15 pm (C.E.T.)",CHF,0
EXR.D.CHF.EUR.SP00.A,D,CHF,EUR,SP00,A,2018-01-31,1.1631,A,F,,,P1D,,A,,,,,,,99Q1=100,,,4,,4F0,,Swiss franc/Euro ECB reference exchange rate,"ECB reference exchange rate, Swiss franc/Euro, 2.15 pm (C.E.T.)",CHF,0
EXR.D.CHF.EUR.SP00.A,D,CHF,EUR,SP00,A,2018-02-01,1.1603,A,F,,,P1D,,A,,,,,,,99Q1=100,,,4,,4F0,,Swiss franc/Euro ECB reference exchange rate,"ECB reference exchange rate, Swiss franc/Euro, 2.15 pm (C.E.T.)",CHF,0
EXR.D.CHF.EUR.SP00.A,D,CHF,EUR,SP00,A,2018-02-02,1.1596,A,F,,,P1D,,A,,,,,,,99Q1=100,,,4,,4F0,,Swiss franc/Euro ECB reference exchange rate,"ECB reference exchange rate, Swiss franc/Euro, 2.15 pm (C.E.T.)",CHF,0
EXR.D.CHF.EUR.SP00.A,D,CHF,EUR,SP00,A,2018-02-05,1.1599,A,F,,,P1D,,A,,,,,,,99Q1=100,,,4,,4F0,,Swiss franc/Euro ECB reference exchange rate,"ECB reference exchange rate, Swiss franc/Euro, 2.15 pm (C.E.T.)",CHF,0
EXR.D.CHF.EUR.SP00.A,D,CHF,EUR,SP00,A,2018-02-06,1.1571,A,F,,,P1D,,A,,,,,,,99Q1=100,,,4,,4F0,,Swiss franc/Euro ECB reference exchange rate,"ECB reference exchange rate, Swiss franc/Euro, 2.15 pm (C.E.T.)",CHF,0
EXR.D.CHF.EUR.SP00.A,D,CHF,EUR,SP00,A,2018-02-07,1.161,A,F,,,P1D,,A,,,,,,,99Q1=100,,,4,,4F0,,Swiss franc/Euro ECB reference exchange rate,"ECB reference exchange rate, Swiss franc/Euro, 2.15 pm (C.E.T.)",CHF,0
EXR.D.CHF.EUR.SP00.A,D,CHF,EUR,SP00,A,2018-02-08,1.1555,A,F,,,P1D,,A,,,,,,,99Q1=100,,,4,,4F0,,Swiss franc/Euro ECB reference exchange rate,"ECB reference exchange rate, Swiss franc/Euro, 2.15 pm (C.E.T.)",CHF,0
EXR.D.CHF.EUR.SP00.A,D,CHF,EUR,SP00,A,2018-02-09,1.15,A,F,,,P1D,,A,,,,,,,99Q1=100,,,4,,4F0,,Swiss franc/Euro ECB reference exchange rate,"ECB reference exchange rate, Swiss franc/Euro, 2.15 pm (C.E.T.)",CHF,0
EXR.D.CHF.EUR.SP00.A,D,CHF,EUR,SP00,A,2018-02-12,1.1503,A,F,,,P1D,,A,,,,,,,99Q1=100,,,4,,4F0,,Swiss franc/Euro ECB reference exchange rate,"ECB reference exchange rate, Swiss franc/Euro, 2.15 pm (C.E.T.)",CHF,0
EXR.D.CHF.EUR.SP00.A,D,CHF,EUR,SP00,A,2018-02-13,1.1522,A,F,,,P1D,,A,,,,,,,99Q1=100,,,4,,4F0,,Swiss franc/Euro ECB reference exchange rate,"ECB reference exchange rate, Swiss franc/Euro, 2.15 pm (C.E.T.)",CHF,0
EXR.D.CHF.EUR.SP00.A,D,CHF,EUR,SP00,A,2018-02-14,1.1519,A,F,,,P1D,,A,,,,,,,99Q1=100,,,4,,4F0,,Swiss franc/Euro ECB reference exchange rate,"ECB reference exchange rate, Swiss franc/Euro, 2.15 pm (C.E.T.)",CHF,0
EXR.D.CHF.EUR.SP00.A,D,CHF,EUR,SP00,A,2018-02-15,1.1545,A,F,,,P1D,,A,,,,,,,99Q1=100,,,4,,4F0,,Swiss franc/Euro ECB reference exchange rate,"ECB reference exchange rate, Swiss franc/Euro, 2.15 pm (C.E.T.)",CHF,0
EXR.D.CHF.EUR.SP00.A,D,CHF,EUR,SP00,A,2018-02-16,1.1521,A,F,,,P1D,,A,,,,,,,99Q1=100,,,4,,4F0,,Swiss franc/Euro ECB reference exchange rate,"ECB reference exchange rate, Swiss franc/Euro, 2.15 pm (C.E.T.)",CHF,0
EXR.D.CHF.EUR.SP00.A,D,CHF,EUR,SP00,A,2018-02-19,1.1513,A,F,,,P1D,,A,,,,,,,99Q1=100,,,4,,4F0,,Swiss franc/Euro ECB reference exchange rate,"ECB reference exchange rate, Swiss franc/Euro, 2.15 pm (C.E.T.)",CHF,0
EXR.D.CHF.EUR.SP00.A,D,CHF,EUR,SP00,A,2018-02-20,1.1537,A,F,,,P1D,,A,,,,,,,99Q1=100,,,4,,4F0,,Swiss franc/Euro ECB reference exchange rate,"ECB reference exchange rate, Swiss franc/Euro, 2.15 pm (C.E.T.)",CHF,0
EXR.D.CHF.EUR.SP00.A,D,CHF,EUR,SP00,A,2018-02-21,1.1551,A,F,,,P1D,,A,,,,,,,99Q1=100,,,4,,4F0,,Swiss franc/Euro ECB reference exchange rate,"ECB reference exchange rate, Swiss franc/Euro, 2.15 pm (C.E.T.)",CHF,0
EXR.D.CHF.EUR.SP00.A,D,CHF,EUR,SP00,A,2018-02-22,1.1508,A,F,,,P1D,,A,,,,,,,99Q1=100,,,4,,4F0,,Swiss franc/Euro ECB reference exchange rate,"ECB reference exchange rate, Swiss franc/Euro, 2.15 pm (C.E.T.)",CHF,0
EXR.D.CHF.EUR.SP00.A,D,CHF,EUR,SP00,A,2018-02-23,1.1505,A,F,,,P1D,,A,,,,,,,99Q1=100,,,4,,4F0,,Swiss franc/Euro ECB reference exchange rate,"ECB reference exchange rate, Swiss franc/Euro, 2.15 pm (C.E.T.)",CHF,0
EXR.D.CHF.EUR.SP00.A,D,CHF,EUR,SP00,A,2018-02-26,1.153,A,F,,,P1D,,A,,,,,,,99Q1=100,,,4,,4F0,,Swiss franc/Euro ECB reference exchange rate,"ECB reference exchange rate, Swiss franc/Euro, 2.15 pm (C.E.T.)",CHF,0
EXR.D.CHF.EUR.SP00.A,D,CHF,EUR,SP00,A,2018-02-27,1.1539,A,F,,,P1D,,A,,,,,,,99Q1=100,,,4,,4F0,,Swiss franc/Euro ECB reference exchange rate,"ECB reference exchange rate, Swiss franc/Euro, 2.15 pm (C.E.T.)",CHF,0
EXR.D.CHF.EUR.SP00.A,D,CHF,EUR,SP00,A,2018-02-28,1.152,A,F,,,P1D,,A,,,,,,,99Q1=100,,,4,,4F0,,Swiss franc/Euro ECB reference exchange rate,"ECB reference exchange rate, Swiss franc/Euro, 2.15 pm (C.E.T.)",CHF,0
EXR.D.CHF.EUR.SP00.A,D,CHF,EUR,SP00,A,2018-03-01,1.1519,A,F,,,P1D,,A,,,,,,,99Q1=100,,,4,,4F0,,Swiss franc/Euro ECB reference exchange rate,"ECB reference exchange rate, Swiss franc/Euro, 2.15 pm (C.E.T.)",CHF,0
EXR.D.CHF.EUR.SP00.A,D,CHF,EUR,SP00,A,2018-03-02,1.1512,A,F,,,P1D,,A,,,,,,,99Q1=100,,,4,,4F0,,Swiss franc/Euro ECB reference exchange rate,"ECB reference exchange rate, Swiss franc/Euro, 2.15 pm (C.E.T.)",CHF,0
EXR.D.CHF.EUR.SP00.A,D,CHF,EUR,SP00,A,2018-03-05,1.1549,A,F,,,P1D,,A,,,,,,,99Q1=100,,,4,,4F0,,Swiss franc/Euro ECB reference exchange rate,"ECB reference exchange rate, Swiss franc/Euro, 2.15 pm (C.E.T.)",CHF,0
EXR.D.CHF.EUR.SP00.A,D,CHF,EUR,SP00,A,2018-03-06,1.1626,A,F,,,P1D,,A,,,,,,,99Q1=100,,,4,,4F0,,Swiss franc/Euro ECB reference exchange rate,"ECB reference exchange rate, Swiss franc/Euro, 2.15 pm (C.E.T.)",CHF,0
EXR.D.CHF.EUR.SP00.A,D,CHF,EUR,SP00,A,2018-03-07,1.1673,A,F,,,P1D,,A,,,,,,,99Q1=100,,,4,,4F0,,Swiss franc/Euro ECB reference exchange rate,"ECB reference exchange rate, Swiss franc/Euro, 2.15 pm (C.E.T.)",CHF,0
EXR.D.CHF.EUR.SP00.A,D,CHF,EUR,SP00,A,2018-03-08,1.1731,A,F,,,P1D,,A,,,,,,,99Q1=100,,,4,,4F0,,Swiss franc/Euro ECB reference exchange rate,"ECB reference exchange rate, Swiss franc/Euro, 2.15 pm (C.E.T.)",CHF,0
EXR.D.CHF.EUR.SP00.A,D,CHF,EUR,SP00,A,2018-03-09,1.1695,A,F,,,P1D,,A,,,,,,,99Q1=100,,,4,,4F0,,Swiss franc/Euro ECB reference exchange rate,"ECB reference exchange rate, Swiss franc/Euro, 2.15 pm (C.E.T.)",CHF,0
EXR.D.CHF.EUR.SP00.A,D,CHF,EUR,SP00,A,2018-03-12,1.1681,A,F,,,P1D,,A,,,,,,,99Q1=100,,,4,,4F0,,Swiss franc/Euro ECB reference exchange rate,"ECB reference exchange rate, Swiss franc/Euro, 2.15 pm (C.E.T.)",CHF,0
EXR.D.CHF.EUR.SP00.A,D,CHF,EUR,SP00,A,2018-03-13,1.169,A,F,,,P1D,,A,,,,,,,99Q1=100,,,4,,4F0,,Swiss franc/Euro ECB reference exchange rate,"ECB reference exchange rate, Swiss franc/Euro, 2.15 pm (C.E.T.)",CHF,0
EXR.D.CHF.EUR.SP00.A,D,CHF,EUR,SP00,A,2018-03-14,1.1704,A,F,,,P1D,,A,,,,,,,99Q1=100,,,4,,4F0,,Swiss franc/Euro ECB reference exchange rate,"ECB reference exchange rate, Swiss franc/Euro, 2.15 pm (C.E.T.)",CHF,0
EXR.D.CHF.EUR.SP00.A,D,CHF,EUR,SP00,A,2018-03-15,1.1689,A,F,,,P1D,,A,,,,,,,99Q1=100,,,4,,4F0,,Swiss franc/Euro ECB reference exchange rate,"ECB reference exchange rate, Swiss franc/Euro, 2.15 pm (C.E.T.)",CHF,0
EXR.D.CHF.EUR.SP00.A,D,CHF,EUR,SP00,A,2018-03-16,1.1702,A,F,,,P1D,,A,,,,,,,99Q1=100,,,4,,4F0,,Swiss franc/Euro ECB reference exchange rate,"ECB reference exchange rate, Swiss franc/Euro, 2.15 pm (C.E.T.)",CHF,0
EXR.D.CHF.EUR.SP00.A,D,CHF,EUR,SP00,A,2018-03-19,1.1717,A,F,,,P1D,,A,,,,,,,99Q1=100,,,4,,4F0,,Swiss franc/Euro ECB reference exchange rate,"ECB reference exchange rate, Swiss franc/Euro, 2.15 pm (C.E.T.)",CHF,0
EXR.D.CHF.EUR.SP00.A,D,CHF,EUR,SP00,A,2018-03-20,1.1721,A,F,,,P1D,,A,,,,,,,99Q1=100,,,4,,4F0,,Swiss franc/Euro ECB reference exchange rate,"ECB reference exchange rate, Swiss franc/Euro, 2.15 pm (C.E.T.)",CHF,0
EXR.D.CHF.EUR.SP00.A,D,CHF,EUR,SP00,A,2018-03-21,1.1709,A,F,,,P1D,,A,,,,,,,99Q1=100,,,4,,4F0,,Swiss franc/Euro ECB reference exchange rate,"ECB reference exchange rate, Swiss franc/Euro, 2.15 pm (C.E.T.)",CHF,0
EXR.D.CHF.EUR.SP00.A,D,CHF,EUR,SP00,A,2018-03-22,1.1671,A,F,,,P1D,,A,,,,,,,99Q1=100,,,4,,4F0,,Swiss franc/Euro ECB reference exchange rate,"ECB reference exchange rate, Swiss franc/Euro, 2.15 pm (C.E.T.)",CHF,0
EXR.D.CHF.EUR.SP00.A,D,CHF,EUR,SP00,A,2018-03-23,1.1703,A,F,,,P1D,,A,,,,,,,99Q1=100,,,4,,4F0,,Swiss franc/Euro ECB reference exchange rate,"ECB reference exchange rate, Swiss franc/Euro, 2.15 pm (C.E.T.)",CHF,0
EXR.D.CHF.EUR.SP00.A,D,CHF,EUR,SP00,A,2018-03-26,1.1739,A,F,,,P1D,,A,,,,,,,99Q1=100,,,4,,4F0,,Swiss franc/Euro ECB reference exchange rate,"ECB reference exchange rate, Swiss franc/Euro, 2.15 pm (C.E.T.)",CHF,0
EXR.D.CHF.EUR.SP00.A,D,CHF,EUR,SP00,A,2018-03-27,1.1764,A,F,,,P1D,,A,,,,,,,99Q1=100,,,4,,4F0,,Swiss franc/Euro ECB reference exchange rate,"ECB reference exchange rate, Swiss franc/Euro, 2.15 pm (C.E.T.)",CHF,0
EXR.D.CHF.EUR.SP00.A,D,CHF,EUR,SP00,A,2018-03-28,1.1801,A,F,,,P1D,,A,,,,,,,99Q1=100,,,4,,4F0,,Swiss franc/Euro ECB reference exchange rate,"ECB reference exchange rate, Swiss franc/Euro, 2.15 pm (C.E.T.)",CHF,0
EXR.D.CHF.EUR.SP00.A,D,CHF,EUR,SP00,A,2018-03-29,1.1779,A,F,,,P1D,,A,,,,,,,99Q1=100,,,4,,4F0,,Swiss franc/Euro ECB reference exchange rate,"ECB reference exchange rate, Swiss franc/Euro, 2.15 pm (C.E.T.)",CHF,0
EXR.D.CHF.EUR.SP00.A,D,CHF,EUR,SP00,A,2018-04-03,1.1775,A,F,,,P1D,,A,,,,,,,99Q1=100,,,4,,4F0,,Swiss franc/Euro ECB reference exchange rate,"ECB reference exchange rate, Swiss franc/Euro, 2.15 pm (C.E.T.)",CHF,0
EXR.D.CHF.EUR.SP00.A,D,CHF,EUR,SP00,A,2018-04-04,1.1776,A,F,,,P1D,,A,,,,,,,99Q1=100,,,4,,4F0,,Swiss franc/Euro ECB reference exchange rate,"ECB reference exchange rate, Swiss franc/Euro, 2.15 pm (C.E.T.)",CHF,0
EXR.D.CHF.EUR.SP00.A,D,CHF,EUR,SP00,A,2018-04-05,1.1796,A,F,,,P1D,,A,,,,,,,99Q1=100,,,4,,4F0,,Swiss franc/Euro ECB reference exchange rate,"ECB reference exchange rate, Swiss franc/Euro, 2.15 pm (C.E.T.)",CHF,0
EXR.D.CHF.EUR.SP00.A,D,CHF,EUR,SP00,A,2018-04-06,1.1798,A,F,,,P1D,,A,,,,,,,99Q1=100,,,4,,4F0,,Swiss franc/Euro ECB reference exchange rate,"ECB reference exchange rate, Swiss franc/Euro, 2.15 pm (C.E.T.)",CHF,0
EXR.D.CHF.EUR.SP00.A,D,CHF,EUR,SP00,A,2018-04-09,1.179,A,F,,,P1D,,A,,,,,,,99Q1=100,,,4,,4F0,,Swiss franc/Euro ECB reference exchange rate,"ECB reference exchange rate, Swiss franc/Euro, 2.15 pm (C.E.T.)",CHF,0
EXR.D.CHF.EUR.SP00.A,D,CHF,EUR,SP00,A,2018-04-10,1.1792,A,F,,,P1D,,A,,,,,,,99Q1=100,,,4,,4F0,,Swiss franc/Euro ECB reference exchange rate,"ECB reference exchange rate, Swiss franc/Euro, 2.15 pm (C.E.T.)",CHF,0
EXR.D.CHF.EUR.SP00.A,D,CHF,EUR,SP00,A,2018-04-11,1.1855,A,F,,,P1D,,A,,,,,,,99Q1=100,,,4,,4F0,,Swiss franc/Euro ECB reference exchange rate,"ECB reference exchange rate, Swiss franc/Euro, 2.15 pm (C.E.T.)",CHF,0
EXR.D.CHF.EUR.SP00.A,D,CHF,EUR,SP00,A,2018-04-12,1.1876,A,F,,,P1D,,A,,,,,,,99Q1=100,,,4,,4F0,,Swiss franc/Euro ECB reference exchange rate,"ECB reference exchange rate, Swiss franc/Euro, 2.15 pm (C.E.T.)",CHF,0
EXR.D.CHF.EUR.SP00.A,D,CHF,EUR,SP00,A,2018-04-13,1.1854,A,F,,,P1D,,A,,,,,,,99Q1=100,,,4,,4F0,,Swiss franc/Euro ECB reference exchange rate,"ECB reference exchange rate, Swiss franc/Euro, 2.15 pm (C.E.T.)",CHF,0
EXR.D.CHF.EUR.SP00.A,D,CHF,EUR,SP00,A,2018-04-16,1.1878,A,F,,,P1D,,A,,,,,,,99Q1=100,,,4,,4F0,,Swiss franc/Euro ECB reference exchange rate,"ECB reference exchange rate, Swiss franc/Euro, 2.15 pm (C.E.T.)",CHF,0
EXR.D.CHF.EUR.SP00.A,D,CHF,EUR,SP00,A,2018-04-17,1.1908,A,F,,,P1D,,A,,,,,,,99Q1=100,,,4,,4F0,,Swiss franc/Euro ECB reference exchange rate,"ECB reference exchange rate, Swiss franc/Euro, 2.15 pm (C.E.T.)",CHF,0
EXR.D.CHF.EUR.SP00.A,D,CHF,EUR,SP00,A,2018-04-18,1.1979,A,F,,,P1D,,A,,,,,,,99Q1=100,,,4,,4F0,,Swiss franc/Euro ECB reference exchange rate,"ECB reference exchange rate, Swiss franc/Euro, 2.15 pm (C.E.T.)",CHF,0
EXR.D.CHF.EUR.SP00.A,D,CHF,EUR,SP00,A,2018-04-19,1.1976,A,F,,,P1D,,A,,,,,,,99Q1=100,,,4,,4F0,,Swiss franc/Euro ECB reference exchange rate,"ECB reference exchange rate, Swiss franc/Euro, 2.15 pm (C.E.T.)",CHF,0
EXR.D.CHF.EUR.SP00.A,D,CHF,EUR,SP00,A,2018-04-20,1.197,A,F,,,P1D,,A,,,,,,,99Q1=100,,,4,,4F0,,Swiss franc/Euro ECB reference exchange rate,"ECB reference exchange rate, Swiss franc/Euro, 2.15 pm (C.E.T.)",CHF,0
EXR.D.CHF.EUR.SP00.A,D,CHF,EUR,SP00,A,2018-04-23,1.1941,A,F,,,P1D,,A,,,,,,,99Q1=100,,,4,,4F0,,Swiss franc/Euro ECB reference exchange rate,"ECB reference exchange rate, Swiss franc/Euro, 2.15 pm (C.E.T.)",CHF,0
EXR.D.CHF.EUR.SP00.A,D,CHF,EUR,SP00,A,2018-04-24,1.1944,A,F,,,P1D,,A,,,,,,,99Q1=100,,,4,,4F0,,Swiss franc/Euro ECB reference exchange rate,"ECB reference exchange rate, Swiss franc/Euro, 2.15 pm (C.E.T.)",CHF,0
EXR.D.CHF.EUR.SP00.A,D,CHF,EUR,SP00,A,2018-04-25,1.1986,A,F,,,P1D,,A,,,,,,,99Q1=100,,,4,,4F0,,Swiss franc/Euro ECB reference exchange rate,"ECB reference exchange rate, Swiss franc/Euro, 2.15 pm (C.E.T.)",CHF,0
EXR.D.CHF.EUR.SP00.A,D,CHF,EUR,SP00,A,2018-04-26,1.1976,A,F,,,P1D,,A,,,,,,,99Q1=100,,,4,,4F0,,Swiss franc/Euro ECB reference exchange rate,"ECB reference exchange rate, Swiss franc/Euro, 2.15 pm (C.E.T.)",CHF,0
EXR.D.CHF.EUR.SP00.A,D,CHF,EUR,SP00,A,2018-04-27,1.196,A,F,,,P1D,,A,,,,,,,99Q1=100,,,4,,4F0,,Swiss franc/Euro ECB reference exchange rate,"ECB reference exchange rate, Swiss franc/Euro, 2.15 pm (C.E.T.)",CHF,0
EXR.D.CHF.EUR.SP00.A,D,CHF,EUR,SP00,A,2018-04-30,1.1968,A,F,,,P1D,,A,,,,,,,99Q1=100,,,4,,4F0,,Swiss franc/Euro ECB reference exchange rate,"ECB reference exchange rate, Swiss franc/Euro, 2.15 pm (C.E.T.)",CHF,0
EXR.D.CHF.EUR.SP00.A,D,CHF,EUR,SP00,A,2018-05-02,1.1957,A,F,,,P1D,,A,,,,,,,99Q1=100,,,4,,4F0,,Swiss franc/Euro ECB reference exchange rate,"ECB reference exchange rate, Swiss franc/Euro, 2.15 pm (C.E.T.)",CHF,0
EXR.D.CHF.EUR.SP00.A,D,CHF,EUR,SP00,A,2018-05-03,1.1958,A,F,,,P1D,,A,,,,,,,99Q1=100,,,4,,4F0,,Swiss franc/Euro ECB reference exchange rate,"ECB reference exchange rate, Swiss franc/Euro, 2.15 pm (C.E.T.)",CHF,0
EXR.D.CHF.EUR.SP00.A,D,CHF,EUR,SP00,A,2018-05-04,1.195,A,F,,,P1D,,A,,,,,,,99Q1=100,,,4,,4F0,,Swiss franc/Euro ECB reference exchange rate,"ECB reference exchange rate, Swiss franc/Euro, 2.15 pm (C.E.T.)",CHF,0
EXR.D.CHF.EUR.SP00.A,D,CHF,EUR,SP00,A,2018-05-07,1.1964,A,F,,,P1D,,A,,,,,,,99Q1=100,,,4,,4F0,,Swiss franc/Euro ECB reference exchange rate,"ECB reference exchange rate, Swiss franc/Euro, 2.15 pm (C.E.T.)",CHF,0
EXR.D.CHF.EUR.SP00.A,D,CHF,EUR,SP00,A,2018-05-08,1.1906,A,F,,,P1D,,A,,,,,,,99Q1=100,,,4,,4F0,,Swiss franc/Euro ECB reference exchange rate,"ECB reference exchange rate, Swiss franc/Euro, 2.15 pm (C.E.T.)",CHF,0
EXR.D.CHF.EUR.SP00.A,D,CHF,EUR,SP00,A,2018-05-09,1.1895,A,F,,,P1D,,A,,,,,,,99Q1=100,,,4,,4F0,,Swiss franc/Euro ECB reference exchange rate,"ECB reference exchange rate, Swiss franc/Euro, 2.15 pm (C.E.T.)",CHF,0
EXR.D.CHF.EUR.SP00.A,D,CHF,EUR,SP00,A,2018-05-10,1.1908,A,F,,,P1D,,A,,,,,,,99Q1=100,,,4,,4F0,,Swiss franc/Euro ECB reference exchange rate,"ECB reference exchange rate, Swiss franc/Euro, 2.15 pm (C.E.T.)",CHF,0
EXR.D.CHF.EUR.SP00.A,D,CHF,EUR,SP00,A,2018-05-11,1.1933,A,F,,,P1D,,A,,,,,,,99Q1=100,,,4,,4F0,,Swiss franc/Euro ECB reference exchange rate,"ECB reference exchange rate, Swiss franc/Euro, 2.15 pm (C.E.T.)",CHF,0
EXR.D.CHF.EUR.SP00.A,D,CHF,EUR,SP00,A,2018-05-14,1.1965,A,F,,,P1D,,A,,,,,,,99Q1=100,,,4,,4F0,,Swiss franc/Euro ECB reference exchange rate,"ECB reference exchange rate, Swiss franc/Euro, 2.15 pm (C.E.T.)",CHF,0
EXR.D.CHF.EUR.SP00.A,D,CHF,EUR,SP00,A,2018-05-15,1.191,A,F,,,P1D,,A,,,,,,,99Q1=100,,,4,,4F0,,Swiss franc/Euro ECB reference exchange rate,"ECB reference exchange rate, Swiss franc/Euro, 2.15 pm (C.E.T.)",CHF,0
EXR.D.CHF.EUR.SP00.A,D,CHF,EUR,SP00,A,2018-05-16,1.1792,A,F,,,P1D,,A,,,,,,,99Q1=100,,,4,,4F0,,Swiss franc/Euro ECB reference exchange rate,"ECB reference exchange rate, Swiss franc/Euro, 2.15 pm (C.E.T.)",CHF,0
EXR.D.CHF.EUR.SP00.A,D,CHF,EUR,SP00,A,2018-05-17,1.1819,A,F,,,P1D,,A,,,,,,,99Q1=100,,,4,,4F0,,Swiss franc/Euro ECB reference exchange rate,"ECB reference exchange rate, Swiss franc/Euro, 2.15 pm (C.E.T.)",CHF,0
EXR.D.CHF.EUR.SP00.A,D,CHF,EUR,SP00,A,2018-05-18,1.1773,A,F,,,P1D,,A,,,,,,,99Q1=100,,,4,,4F0,,Swiss franc/Euro ECB reference exchange rate,"ECB reference exchange rate, Swiss franc/Euro, 2.15 pm (C.E.T.)",CHF,0
EXR.D.CHF.EUR.SP00.A,D,CHF,EUR,SP00,A,2018-05-21,1.1753,A,F,,,P1D,,A,,,,,,,99Q1=100,,,4,,4F0,,Swiss franc/Euro ECB reference exchange rate,"ECB reference exchange rate, Swiss franc/Euro, 2.15 pm (C.E.T.)",CHF,0
EXR.D.CHF.EUR.SP00.A,D,CHF,EUR,SP00,A,2018-05-22,1.1738,A,F,,,P1D,,A,,,,,,,99Q1=100,,,4,,4F0,,Swiss franc/Euro ECB reference exchange rate,"ECB reference exchange rate, Swiss franc/Euro, 2.15 pm (C.E.T.)",CHF,0
EXR.D.CHF.EUR.SP00.A,D,CHF,EUR,SP00,A,2018-05-23,1.1598,A,F,,,P1D,,A,,,,,,,99Q1=100,,,4,,4F0,,Swiss franc/Euro ECB reference exchange rate,"ECB reference exchange rate, Swiss franc/Euro, 2.15 pm (C.E.T.)",CHF,0
EXR.D.CHF.EUR.SP00.A,D,CHF,EUR,SP00,A,2018-05-24,1.1607,A,F,,,P1D,,A,,,,,,,99Q1=100,,,4,,4F0,,Swiss franc/Euro ECB reference exchange rate,"ECB reference exchange rate, Swiss franc/Euro, 2.15 pm (C.E.T.)",CHF,0
EXR.D.CHF.EUR.SP00.A,D,CHF,EUR,SP00,A,2018-05-25,1.1593,A,F,,,P1D,,A,,,,,,,99Q1=100,,,4,,4F0,,Swiss franc/Euro ECB reference exchange rate,"ECB reference exchange rate, Swiss franc/Euro, 2.15 pm (C.E.T.)",CHF,0
EXR.D.CHF.EUR.SP00.A,D,CHF,EUR,SP00,A,2018-05-28,1.1577,A,F,,,P1D,,A,,,,,,,99Q1=100,,,4,,4F0,,Swiss franc/Euro ECB reference exchange rate,"ECB reference exchange rate, Swiss franc/Euro, 2.15 pm (C.E.T.)",CHF,0
EXR.D.CHF.EUR.SP00.A,D,CHF,EUR,SP00,A,2018-05-29,1.1517,A,F,,,P1D,,A,,,,,,,99Q1=100,,,4,,4F0,,Swiss franc/Euro ECB reference exchange rate,"ECB reference exchange rate, Swiss franc/Euro, 2.15 pm (C.E.T.)",CHF,0
EXR.D.CHF.EUR.SP00.A,D,CHF,EUR,SP00,A,2018-05-30,1.1513,A,F,,,P1D,,A,,,,,,,99Q1=100,,,4,,4F0,,Swiss franc/Euro ECB reference exchange rate,"ECB reference exchange rate, Swiss franc/Euro, 2.15 pm (C.E.T.)",CHF,0
EXR.D.CHF.EUR.SP00.A,D,CHF,EUR,SP00,A,2018-05-31,1.1526,A,F,,,P1D,,A,,,,,,,99Q1=100,,,4,,4F0,,Swiss franc/Euro ECB reference exchange rate,"ECB reference exchange rate, Swiss franc/Euro, 2.15 pm (C.E.T.)",CHF,0
EXR.D.CHF.EUR.SP00.A,D,CHF,EUR,SP00,A,2018-06-01,1.1531,A,F,,,P1D,,A,,,,,,,99Q1=100,,,4,,4F0,,Swiss franc/Euro ECB reference exchange rate,"ECB reference exchange rate, Swiss franc/Euro, 2.15 pm (C.E.T.)",CHF,0
EXR.D.CHF.EUR.SP00.A,D,CHF,EUR,SP00,A,2018-06-04,1.1546,A,F,,,P1D,,A,,,,,,,99Q1=100,,,4,,4F0,,Swiss franc/Euro ECB reference exchange rate,"ECB reference exchange rate, Swiss franc/Euro, 2.15 pm (C.E.T.)",CHF,0
EXR.D.CHF.EUR.SP00.A,D,CHF,EUR,SP00,A,2018-06-05,1.1515,A,F,,,P1D,,A,,,,,,,99Q1=100,,,4,,4F0,,Swiss franc/Euro ECB reference exchange rate,"ECB reference exchange rate, Swiss franc/Euro, 2.15 pm (C.E.T.)",CHF,0
EXR.D.CHF.EUR.SP00.A,D,CHF,EUR,SP00,A,2018-06-06,1.1629,A,F,,,P1D,,A,,,,,,,99Q1=100,,,4,,4F0,,Swiss franc/Euro ECB reference exchange rate,"ECB reference exchange rate, Swiss franc/Euro, 2.15 pm (C.E.T.)",CHF,0
EXR.D.CHF.EUR.SP00.A,D,CHF,EUR,SP00,A,2018-06-07,1.1613,A,F,,,P1D,,A,,,,,,,99Q1=100,,,4,,4F0,,Swiss franc/Euro ECB reference exchange rate,"ECB reference exchange rate, Swiss franc/Euro, 2.15 pm (C.E.T.)",CHF,0
EXR.D.CHF.EUR.SP00.A,D,CHF,EUR,SP00,A,2018-06-08,1.1572,A,F,,,P1D,,A,,,,,,,99Q1=100,,,4,,4F0,,Swiss franc/Euro ECB reference exchange rate,"ECB reference exchange rate, Swiss franc/Euro, 2.15 pm (C.E.T.)",CHF,0
EXR.D.CHF.EUR.SP00.A,D,CHF,EUR,SP00,A,2018-06-11,1.1631,A,F,,,P1D,,A,,,,,,,99Q1=100,,,4,,4F0,,Swiss franc/Euro ECB reference exchange rate,"ECB reference exchange rate, Swiss franc/Euro, 2.15 pm (C.E.T.)",CHF,0
EXR.D.CHF.EUR.SP00.A,D,CHF,EUR,SP00,A,2018-06-12,1.1615,A,F,,,P1D,,A,,,,,,,99Q1=100,,,4,,4F0,,Swiss franc/Euro ECB reference exchange rate,"ECB reference exchange rate, Swiss franc/Euro, 2.15 pm (C.E.T.)",CHF,0
EXR.D.CHF.EUR.SP00.A,D,CHF,EUR,SP00,A,2018-06-13,1.1616,A,F,,,P1D,,A,,,,,,,99Q1=100,,,4,,4F0,,Swiss franc/Euro ECB reference exchange rate,"ECB reference exchange rate, Swiss franc/Euro, 2.15 pm (C.E.T.)",CHF,0
EXR.D.CHF.EUR.SP00.A,D,CHF,EUR,SP00,A,2018-06-14,1.1585,A,F,,,P1D,,A,,,,,,,99Q1=100,,,4,,4F0,,Swiss franc/Euro ECB reference exchange rate,"ECB reference exchange rate, Swiss franc/Euro, 2.15 pm (C.E.T.)",CHF,0
EXR.D.CHF.EUR.SP00.A,D,CHF,EUR,SP00,A,2018-06-15,1.1575,A,F,,,P1D,,A,,,,,,,99Q1=100,,,4,,4F0,,Swiss franc/Euro ECB reference exchange rate,"ECB reference exchange rate, Swiss franc/Euro, 2.15 pm (C.E.T.)",CHF,0
EXR.D.CHF.EUR.SP00.A,D,CHF,EUR,SP00,A,2018-06-18,1.1554,A,F,,,P1D,,A,,,,,,,99Q1=100,,,4,,4F0,,Swiss franc/Euro ECB reference exchange rate,"ECB reference exchange rate, Swiss franc/Euro, 2.15 pm (C.E.T.)",CHF,0
EXR.D.CHF.EUR.SP00.A,D,CHF,EUR,SP00,A,2018-06-19,1.1501,A,F,,,P1D,,A,,,,,,,99Q1=100,,,4,,4F0,,Swiss franc/Euro ECB reference exchange rate,"ECB reference exchange rate, Swiss franc/Euro, 2.15 pm (C.E.T.)",CHF,0
EXR.D.CHF.EUR.SP00.A,D,CHF,EUR,SP00,A,2018-06-20,1.1537,A,F,,,P1D,,A,,,,,,,99Q1=100,,,4,,4F0,,Swiss franc/Euro ECB reference exchange rate,"ECB reference exchange rate, Swiss franc/Euro, 2.15 pm (C.E.T.)",CHF,0
EXR.D.CHF.EUR.SP00.A,D,CHF,EUR,SP00,A,2018-06-21,1.1496,A,F,,,P1D,,A,,,,,,,99Q1=100,,,4,,4F0,,Swiss franc/Euro ECB reference exchange rate,"ECB reference exchange rate, Swiss franc/Euro, 2.15 pm (C.E.T.)",CHF,0
EXR.D.CHF.EUR.SP00.A,D,CHF,EUR,SP00,A,2018-06-22,1.1534,A,F,,,P1D,,A,,,,,,,99Q1=100,,,4,,4F0,,Swiss franc/Euro ECB reference exchange rate,"ECB reference exchange rate, Swiss franc/Euro, 2.15 pm (C.E.T.)",CHF,0
EXR.D.CHF.EUR.SP00.A,D,CHF,EUR,SP00,A,2018-06-25,1.1549,A,F,,,P1D,,A,,,,,,,99Q1=100,,,4,,4F0,,Swiss franc/Euro ECB reference exchange rate,"ECB reference exchange rate, Swiss franc/Euro, 2.15 pm (C.E.T.)",CHF,0
EXR.D.CHF.EUR.SP00.A,D,CHF,EUR,SP00,A,2018-06-26,1.1543,A,F,,,P1D,,A,,,,,,,99Q1=100,,,4,,4F0,,Swiss franc/Euro ECB reference exchange rate,"ECB reference exchange rate, Swiss franc/Euro, 2.15 pm (C.E.T.)",CHF,0
EXR.D.CHF.EUR.SP00.A,D,CHF,EUR,SP00,A,2018-06-27,1.1536,A,F,,,P1D,,A,,,,,,,99Q1=100,,,4,,4F0,,Swiss franc/Euro ECB reference exchange rate,"ECB reference exchange rate, Swiss franc/Euro, 2.15 pm (C.E.T.)",CHF,0
EXR.D.CHF.EUR.SP00.A,D,CHF,EUR,SP00,A,2018-06-28,1.1556,A,F,,,P1D,,A,,,,,,,99Q1=100,,,4,,4F0,,Swiss franc/Euro ECB reference exchange rate,"ECB reference exchange rate, Swiss franc/Euro, 2.15 pm (C.E.T.)",CHF,0
EXR.D.CHF.EUR.SP00.A,D,CHF,EUR,SP00,A,2018-06-29,1.1569,A,F,,,P1D,,A,,,,,,,99Q1=100,,,4,,4F0,,Swiss franc/Euro ECB reference exchange rate,"ECB reference exchange rate, Swiss franc/Euro, 2.15 pm (C.E.T.)",CHF,0
EXR.D.CHF.EUR.SP00.A,D,CHF,EUR,SP00,A,2018-07-02,1.1563,A,F,,,P1D,,A,,,,,,,99Q1=100,,,4,,4F0,,Swiss franc/Euro ECB reference exchange rate,"ECB reference exchange rate, Swiss franc/Euro, 2.15 pm (C.E.T.)",CHF,0
EXR.D.CHF.EUR.SP00.A,D,CHF,EUR,SP00,A,2018-07-03,1.1573,A,F,,,P1D,,A,,,,,,,99Q1=100,,,4,,4F0,,Swiss franc/Euro ECB reference exchange rate,"ECB reference exchange rate, Swiss franc/Euro, 2.15 pm (C.E.T.)",CHF,0
EXR.D.CHF.EUR.SP00.A,D,CHF,EUR,SP00,A,2018-07-04,1.1557,A,F,,,P1D,,A,,,,,,,99Q1=100,,,4,,4F0,,Swiss franc/Euro ECB reference exchange rate,"ECB reference exchange rate, Swiss franc/Euro, 2.15 pm (C.E.T.)",CHF,0
EXR.D.CHF.EUR.SP00.A,D,CHF,EUR,SP00,A,2018-07-05,1.1613,A,F,,,P1D,,A,,,,,,,99Q1=100,,,4,,4F0,,Swiss franc/Euro ECB reference exchange rate,"ECB reference exchange rate, Swiss franc/Euro, 2.15 pm (C.E.T.)",CHF,0
EXR.D.CHF.EUR.SP00.A,D,CHF,EUR,SP00,A,2018-07-06,1.1634,A,F,,,P1D,,A,,,,,,,99Q1=100,,,4,,4F0,,Swiss franc/Euro ECB reference exchange rate,"ECB reference exchange rate, Swiss franc/Euro, 2.15 pm (C.E.T.)",CHF,0
EXR.D.CHF.EUR.SP00.A,D,CHF,EUR,SP00,A,2018-07-09,1.1646,A,F,,,P1D,,A,,,,,,,99Q1=100,,,4,,4F0,,Swiss franc/Euro ECB reference exchange rate,"ECB reference exchange rate, Swiss franc/Euro, 2.15 pm (C.E.T.)",CHF,0
EXR.D.CHF.EUR.SP00.A,D,CHF,EUR,SP00,A,2018-07-10,1.1649,A,F,,,P1D,,A,,,,,,,99Q1=100,,,4,,4F0,,Swiss franc/Euro ECB reference exchange rate,"ECB reference exchange rate, Swiss franc/Euro, 2.15 pm (C.E.T.)",CHF,0
EXR.D.CHF.EUR.SP00.A,D,CHF,EUR,SP00,A,2018-07-11,1.1653,A,F,,,P1D,,A,,,,,,,99Q1=100,,,4,,4F0,,Swiss franc/Euro ECB reference exchange rate,"ECB reference exchange rate, Swiss franc/Euro, 2.15 pm (C.E.T.)",CHF,0
EXR.D.CHF.EUR.SP00.A,D,CHF,EUR,SP00,A,2018-07-12,1.1642,A,F,,,P1D,,A,,,,,,,99Q1=100,,,4,,4F0,,Swiss franc/Euro ECB reference exchange rate,"ECB reference exchange rate, Swiss franc/Euro, 2.15 pm (C.E.T.)",CHF,0
EXR.D.CHF.EUR.SP00.A,D,CHF,EUR,SP00,A,2018-07-13,1.1704,A,F,,,P1D,,A,,,,,,,99Q1=100,,,4,,4F0,,Swiss franc/Euro ECB reference exchange rate,"ECB reference exchange rate, Swiss franc/Euro, 2.15 pm (C.E.T.)",CHF,0
EXR.D.CHF.EUR.SP00.A,D,CHF,EUR,SP00,A,2018-07-16,1.1696,A,F,,,P1D,,A,,,,,,,99Q1=100,,,4,,4F0,,Swiss franc/Euro ECB reference exchange rate,"ECB reference exchange rate, Swiss franc/Euro, 2.15 pm (C.E.T.)",CHF,0
EXR.D.CHF.EUR.SP00.A,D,CHF,EUR,SP00,A,2018-07-17,1.1648,A,F,,,P1D,,A,,,,,,,99Q1=100,,,4,,4F0,,Swiss franc/Euro ECB reference exchange rate,"ECB reference exchange rate, Swiss franc/Euro, 2.15 pm (C.E.T.)",CHF,0
EXR.D.CHF.EUR.SP00.A,D,CHF,EUR,SP00,A,2018-07-18,1.1611,A,F,,,P1D,,A,,,,,,,99Q1=100,,,4,,4F0,,Swiss franc/Euro ECB reference exchange rate,"ECB reference exchange rate, Swiss franc/Euro, 2.15 pm (C.E.T.)",CHF,0
EXR.D.CHF.EUR.SP00.A,D,CHF,EUR,SP00,A,2018-07-19,1.1622,A,F,,,P1D,,A,,,,,,,99Q1=100,,,4,,4F0,,Swiss franc/Euro ECB reference exchange rate,"ECB reference exchange rate, Swiss franc/Euro, 2.15 pm (C.E.T.)",CHF,0
EXR.D.CHF.EUR.SP00.A,D,CHF,EUR,SP00,A,2018-07-20,1.1633,A,F,,,P1D,,A,,,,,,,99Q1=100,,,4,,4F0,,Swiss franc/Euro ECB reference exchange rate,"ECB reference exchange rate, Swiss franc/Euro, 2.15 pm (C.E.T.)",CHF,0
EXR.D.CHF.EUR.SP00.A,D,CHF,EUR,SP00,A,2018-07-23,1.1614,A,F,,,P1D,,A,,,,,,,99Q1=100,,,4,,4F0,,Swiss franc/Euro ECB reference exchange rate,"ECB reference exchange rate, Swiss franc/Euro, 2.15 pm (C.E.T.)",CHF,0
EXR.D.CHF.EUR.SP00.A,D,CHF,EUR,SP00,A,2018-07-24,1.1626,A,F,,,P1D,,A,,,,,,,99Q1=100,,,4,,4F0,,Swiss franc/Euro ECB reference exchange rate,"ECB reference exchange rate, Swiss franc/Euro, 2.15 pm (C.E.T.)",CHF,0
EXR.D.CHF.EUR.SP00.A,D,CHF,EUR,SP00,A,2018-07-25,1.1598,A,F,,,P1D,,A,,,,,,,99Q1=100,,,4,,4F0,,Swiss franc/Euro ECB reference exchange rate,"ECB reference exchange rate, Swiss franc/Euro, 2.15 pm (C.E.T.)",CHF,0
EXR.D.CHF.EUR.SP00.A,D,CHF,EUR,SP00,A,2018-07-26,1.1616,A,F,,,P1D,,A,,,,,,,99Q1=100,,,4,,4F0,,Swiss franc/Euro ECB reference exchange rate,"ECB reference exchange rate, Swiss franc/Euro, 2.15 pm (C.E.T.)",CHF,0
EXR.D.CHF.EUR.SP00.A,D,CHF,EUR,SP00,A,2018-07-27,1.1597,A,F,,,P1D,,A,,,,,,,99Q1=100,,,4,,4F0,,Swiss franc/Euro ECB reference exchange rate,"ECB reference exchange rate, Swiss franc/Euro, 2.15 pm (C.E.T.)",CHF,0
EXR.D.CHF.EUR.SP00.A,D,CHF,EUR,SP00,A,2018-07-30,1.1598,A,F,,,P1D,,A,,,,,,,99Q1=100,,,4,,4F0,,Swiss franc/Euro ECB reference exchange rate,"ECB reference exchange rate, Swiss franc/Euro, 2.15 pm (C.E.T.)",CHF,0
EXR.D.CHF.EUR.SP00.A,D,CHF,EUR,SP00,A,2018-07-31,1.1592,A,F,,,P1D,,A,,,,,,,99Q1=100,,,4,,4F0,,Swiss franc/Euro ECB reference exchange rate,"ECB reference exchange rate, Swiss franc/Euro, 2.15 pm (C.E.T.)",CHF,0
EXR.D.CHF.EUR.SP00.A,D,CHF,EUR,SP00,A,2018-08-01,1.1589,A,F,,,P1D,,A,,,,,,,99Q1=100,,,4,,4F0,,Swiss franc/Euro ECB reference exchange rate,"ECB reference exchange rate, Swiss franc/Euro, 2.15 pm (C.E.T.)",CHF,0
EXR.D.CHF.EUR.SP00.A,D,CHF,EUR,SP00,A,2018-08-02,1.155,A,F,,,P1D,,A,,,,,,,99Q1=100,,,4,,4F0,,Swiss franc/Euro ECB reference exchange rate,"ECB reference exchange rate, Swiss franc/Euro, 2.15 pm (C.E.T.)",CHF,0
EXR.D.CHF.EUR.SP00.A,D,CHF,EUR,SP00,A,2018-08-03,1.1528,A,F,,,P1D,,A,,,,,,,99Q1=100,,,4,,4F0,,Swiss franc/Euro ECB reference exchange rate,"ECB reference exchange rate, Swiss franc/Euro, 2.15 pm (C.E.T.)",CHF,0
EXR.D.CHF.EUR.SP00.A,D,CHF,EUR,SP00,A,2018-08-06,1.1513,A,F,,,P1D,,A,,,,,,,99Q1=100,,,4,,4F0,,Swiss franc/Euro ECB reference exchange rate,"ECB reference exchange rate, Swiss franc/Euro, 2.15 pm (C.E.T.)",CHF,0
EXR.D.CHF.EUR.SP00.A,D,CHF,EUR,SP00,A,2018-08-07,1.153,A,F,,,P1D,,A,,,,,,,99Q1=100,,,4,,4F0,,Swiss franc/Euro ECB reference exchange rate,"ECB reference exchange rate, Swiss franc/Euro, 2.15 pm (C.E.T.)",CHF,0
EXR.D.CHF.EUR.SP00.A,D,CHF,EUR,SP00,A,2018-08-08,1.1544,A,F,,,P1D,,A,,,,,,,99Q1=100,,,4,,4F0,,Swiss franc/Euro ECB reference exchange rate,"ECB reference exchange rate, Swiss franc/Euro, 2.15 pm (C.E.T.)",CHF,0
EXR.D.CHF.EUR.SP00.A,D,CHF,EUR,SP00,A,2018-08-09,1.1512,A,F,,,P1D,,A,,,,,,,99Q1=100,,,4,,4F0,,Swiss franc/Euro ECB reference exchange rate,"ECB reference exchange rate, Swiss franc/Euro, 2.15 pm (C.E.T.)",CHF,0
EXR.D.CHF.EUR.SP00.A,D,CHF,EUR,SP00,A,2018-08-10,1.1391,A,F,,,P1D,,A,,,,,,,99Q1=100,,,4,,4F0,,Swiss franc/Euro ECB reference exchange rate,"ECB reference exchange rate, Swiss franc/Euro, 2.15 pm (C.E.T.)",CHF,0
EXR.D.CHF.EUR.SP00.A,D,CHF,EUR,SP00,A,2018-08-13,1.1338,A,F,,,P1D,,A,,,,,,,99Q1=100,,,4,,4F0,,Swiss franc/Euro ECB reference exchange rate,"ECB reference exchange rate, Swiss franc/Euro, 2.15 pm (C.E.T.)",CHF,0
EXR.D.CHF.EUR.SP00.A,D,CHF,EUR,SP00,A,2018-08-14,1.1298,A,F,,,P1D,,A,,,,,,,99Q1=100,,,4,,4F0,,Swiss franc/Euro ECB reference exchange rate,"ECB reference exchange rate, Swiss franc/Euro, 2.15 pm (C.E.T.)",CHF,0
EXR.D.CHF.EUR.SP00.A,D,CHF,EUR,SP00,A,2018-08-15,1.1289,A,F,,,P1D,,A,,,,,,,99Q1=100,,,4,,4F0,,Swiss franc/Euro ECB reference exchange rate,"ECB reference exchange rate, Swiss franc/Euro, 2.15 pm (C.E.T.)",CHF,0
EXR.D.CHF.EUR.SP00.A,D,CHF,EUR,SP00,A,2018-08-16,1.1299,A,F,,,P1D,,A,,,,,,,99Q1=100,,,4,,4F0,,Swiss franc/Euro ECB reference exchange rate,"ECB reference exchange rate, Swiss franc/Euro, 2.15 pm (C.E.T.)",CHF,0
EXR.D.CHF.EUR.SP00.A,D,CHF,EUR,SP00,A,2018-08-17,1.1338,A,F,,,P1D,,A,,,,,,,99Q1=100,,,4,,4F0,,Swiss franc/Euro ECB reference exchange rate,"ECB reference exchange rate, Swiss franc/Euro, 2.15 pm (C.E.T.)",CHF,0
EXR.D.CHF.EUR.SP00.A,D,CHF,EUR,SP00,A,2018-08-20,1.1366,A,F,,,P1D,,A,,,,,,,99Q1=100,,,4,,4F0,,Swiss franc/Euro ECB reference exchange rate,"ECB reference exchange rate, Swiss franc/Euro, 2.15 pm (C.E.T.)",CHF,0
EXR.D.CHF.EUR.SP00.A,D,CHF,EUR,SP00,A,2018-08-21,1.1372,A,F,,,P1D,,A,,,,,,,99Q1=100,,,4,,4F0,,Swiss franc/Euro ECB reference exchange rate,"ECB reference exchange rate, Swiss franc/Euro, 2.15 pm (C.E.T.)",CHF,0
EXR.D.CHF.EUR.SP00.A,D,CHF,EUR,SP00,A,2018-08-22,1.1401,A,F,,,P1D,,A,,,,,,,99Q1=100,,,4,,4F0,,Swiss franc/Euro ECB reference exchange rate,"ECB reference exchange rate, Swiss franc/Euro, 2.15 pm (C.E.T.)",CHF,0
EXR.D.CHF.EUR.SP00.A,D,CHF,EUR,SP00,A,2018-08-23,1.1383,A,F,,,P1D,,A,,,,,,,99Q1=100,,,4,,4F0,,Swiss franc/Euro ECB reference exchange rate,"ECB reference exchange rate, Swiss franc/Euro, 2.15 pm (C.E.T.)",CHF,0
EXR.D.CHF.EUR.SP00.A,D,CHF,EUR,SP00,A,2018-08-24,1.1398,A,F,,,P1D,,A,,,,,,,99Q1=100,,,4,,4F0,,Swiss franc/Euro ECB reference exchange rate,"ECB reference exchange rate, Swiss franc/Euro, 2.15 pm (C.E.T.)",CHF,0
EXR.D.CHF.EUR.SP00.A,D,CHF,EUR,SP00,A,2018-08-27,1.1428,A,F,,,P1D,,A,,,,,,,99Q1=100,,,4,,4F0,,Swiss franc/Euro ECB reference exchange rate,"ECB reference exchange rate, Swiss franc/Euro, 2.15 pm (C.E.T.)",CHF,0
EXR.D.CHF.EUR.SP00.A,D,CHF,EUR,SP00,A,2018-08-28,1.1427,A,F,,,P1D,,A,,,,,,,99Q1=100,,,4,,4F0,,Swiss franc/Euro ECB reference exchange rate,"ECB reference exchange rate, Swiss franc/Euro, 2.15 pm (C.E.T.)",CHF,0
EXR.D.CHF.EUR.SP00.A,D,CHF,EUR,SP00,A,2018-08-29,1.1385,A,F,,,P1D,,A,,,,,,,99Q1=100,,,4,,4F0,,Swiss franc/Euro ECB reference exchange rate,"ECB reference exchange rate, Swiss franc/Euro, 2.15 pm (C.E.T.)",CHF,0
EXR.D.CHF.EUR.SP00.A,D,CHF,EUR,SP00,A,2018-08-30,1.1339,A,F,,,P1D,,A,,,,,,,99Q1=100,,,4,,4F0,,Swiss franc/Euro ECB reference exchange rate,"ECB reference exchange rate, Swiss franc/Euro, 2.15 pm (C.E.T.)",CHF,0
EXR.D.CHF.EUR.SP00.A,D,CHF,EUR,SP00,A,2018-08-31,1.1281,A,F,,,P1D,,A,,,,,,,99Q1=100,,,4,,4F0,,Swiss franc/Euro ECB reference exchange rate,"ECB reference exchange rate, Swiss franc/Euro, 2.15 pm (C.E.T.)",CHF,0
EXR.D.CHF.EUR.SP00.A,D,CHF,EUR,SP00,A,2018-09-03,1.1268,A,F,,,P1D,,A,,,,,,,99Q1=100,,,4,,4F0,,Swiss franc/Euro ECB reference exchange rate,"ECB reference exchange rate, Swiss franc/Euro, 2.15 pm (C.E.T.)",CHF,0
EXR.D.CHF.EUR.SP00.A,D,CHF,EUR,SP00,A,2018-09-04,1.1261,A,F,,,P1D,,A,,,,,,,99Q1=100,,,4,,4F0,,Swiss franc/Euro ECB reference exchange rate,"ECB reference exchange rate, Swiss franc/Euro, 2.15 pm (C.E.T.)",CHF,0
EXR.D.CHF.EUR.SP00.A,D,CHF,EUR,SP00,A,2018-09-05,1.1288,A,F,,,P1D,,A,,,,,,,99Q1=100,,,4,,4F0,,Swiss franc/Euro ECB reference exchange rate,"ECB reference exchange rate, Swiss franc/Euro, 2.15 pm (C.E.T.)",CHF,0
EXR.D.CHF.EUR.SP00.A,D,CHF,EUR,SP00,A,2018-09-06,1.1275,A,F,,,P1D,,A,,,,,,,99Q1=100,,,4,,4F0,,Swiss franc/Euro ECB reference exchange rate,"ECB reference exchange rate, Swiss franc/Euro, 2.15 pm (C.E.T.)",CHF,0
EXR.D.CHF.EUR.SP00.A,D,CHF,EUR,SP00,A,2018-09-07,1.1217,A,F,,,P1D,,A,,,,,,,99Q1=100,,,4,,4F0,,Swiss franc/Euro ECB reference exchange rate,"ECB reference exchange rate, Swiss franc/Euro, 2.15 pm (C.E.T.)",CHF,0
EXR.D.CHF.EUR.SP00.A,D,CHF,EUR,SP00,A,2018-09-10,1.1267,A,F,,,P1D,,A,,,,,,,99Q1=100,,,4,,4F0,,Swiss franc/Euro ECB reference exchange rate,"ECB reference exchange rate, Swiss franc/Euro, 2.15 pm (C.E.T.)",CHF,0
EXR.D.CHF.EUR.SP00.A,D,CHF,EUR,SP00,A,2018-09-11,1.1276,A,F,,,P1D,,A,,,,,,,99Q1=100,,,4,,4F0,,Swiss franc/Euro ECB reference exchange rate,"ECB reference exchange rate, Swiss franc/Euro, 2.15 pm (C.E.T.)",CHF,0
EXR.D.CHF.EUR.SP00.A,D,CHF,EUR,SP00,A,2018-09-12,1.1277,A,F,,,P1D,,A,,,,,,,99Q1=100,,,4,,4F0,,Swiss franc/Euro ECB reference exchange rate,"ECB reference exchange rate, Swiss franc/Euro, 2.15 pm (C.E.T.)",CHF,0
EXR.D.CHF.EUR.SP00.A,D,CHF,EUR,SP00,A,2018-09-13,1.1265,A,F,,,P1D,,A,,,,,,,99Q1=100,,,4,,4F0,,Swiss franc/Euro ECB reference exchange rate,"ECB reference exchange rate, Swiss franc/Euro, 2.15 pm (C.E.T.)",CHF,0
EXR.D.CHF.EUR.SP00.A,D,CHF,EUR,SP00,A,2018-09-14,1.1274,A,F,,,P1D,,A,,,,,,,99Q1=100,,,4,,4F0,,Swiss franc/Euro ECB reference exchange rate,"ECB reference exchange rate, Swiss franc/Euro, 2.15 pm (C.E.T.)",CHF,0
EXR.D.CHF.EUR.SP00.A,D,CHF,EUR,SP00,A,2018-09-17,1.1236,A,F,,,P1D,,A,,,,,,,99Q1=100,,,4,,4F0,,Swiss franc/Euro ECB reference exchange rate,"ECB reference exchange rate, Swiss franc/Euro, 2.15 pm (C.E.T.)",CHF,0
EXR.D.CHF.EUR.SP00.A,D,CHF,EUR,SP00,A,2018-09-18,1.1245,A,F,,,P1D,,A,,,,,,,99Q1=100,,,4,,4F0,,Swiss franc/Euro ECB reference exchange rate,"ECB reference exchange rate, Swiss franc/Euro, 2.15 pm (C.E.T.)",CHF,0
EXR.D.CHF.EUR.SP00.A,D,CHF,EUR,SP00,A,2018-09-19,1.1304,A,F,,,P1D,,A,,,,,,,99Q1=100,,,4,,4F0,,Swiss franc/Euro ECB reference exchange rate,"ECB reference exchange rate, Swiss franc/Euro, 2.15 pm (C.E.T.)",CHF,0
EXR.D.CHF.EUR.SP00.A,D,CHF,EUR,SP00,A,2018-09-20,1.1312,A,F,,,P1D,,A,,,,,,,99Q1=100,,,4,,4F0,,Swiss franc/Euro ECB reference exchange rate,"ECB reference exchange rate, Swiss franc/Euro, 2.15 pm (C.E.T.)",CHF,0
EXR.D.CHF.EUR.SP00.A,D,CHF,EUR,SP00,A,2018-09-21,1.1228,A,F,,,P1D,,A,,,,,,,99Q1=100,,,4,,4F0,,Swiss franc/Euro ECB reference exchange rate,"ECB reference exchange rate, Swiss franc/Euro, 2.15 pm (C.E.T.)",CHF,0
EXR.D.CHF.EUR.SP00.A,D,CHF,EUR,SP00,A,2018-09-24,1.129,A,F,,,P1D,,A,,,,,,,99Q1=100,,,4,,4F0,,Swiss franc/Euro ECB reference exchange rate,"ECB reference exchange rate, Swiss franc/Euro, 2.15 pm (C.E.T.)",CHF,0
EXR.D.CHF.EUR.SP00.A,D,CHF,EUR,SP00,A,2018-09-25,1.1376,A,F,,,P1D,,A,,,,,,,99Q1=100,,,4,,4F0,,Swiss franc/Euro ECB reference exchange rate,"ECB reference exchange rate, Swiss franc/Euro, 2.15 pm (C.E.T.)",CHF,0
EXR.D.CHF.EUR.SP00.A,D,CHF,EUR,SP00,A,2018-09-26,1.1369,A,F,,,P1D,,A,,,,,,,99Q1=100,,,4,,4F0,,Swiss franc/Euro ECB reference exchange rate,"ECB reference exchange rate, Swiss franc/Euro, 2.15 pm (C.E.T.)",CHF,0
EXR.D.CHF.EUR.SP00.A,D,CHF,EUR,SP00,A,2018-09-27,1.1371,A,F,,,P1D,,A,,,,,,,99Q1=100,,,4,,4F0,,Swiss franc/Euro ECB reference exchange rate,"ECB reference exchange rate, Swiss franc/Euro, 2.15 pm (C.E.T.)",CHF,0
EXR.D.CHF.EUR.SP00.A,D,CHF,EUR,SP00,A,2018-09-28,1.1316,A,F,,,P1D,,A,,,,,,,99Q1=100,,,4,,4F0,,Swiss franc/Euro ECB reference exchange rate,"ECB reference exchange rate, Swiss franc/Euro, 2.15 pm (C.E.T.)",CHF,0
EXR.D.CHF.EUR.SP00.A,D,CHF,EUR,SP00,A,2018-10-01,1.1414,A,F,,,P1D,,A,,,,,,,99Q1=100,,,4,,4F0,,Swiss franc/Euro ECB reference exchange rate,"ECB reference exchange rate, Swiss franc/Euro, 2.15 pm (C.E.T.)",CHF,0
EXR.D.CHF.EUR.SP00.A,D,CHF,EUR,SP00,A,2018-10-02,1.1354,A,F,,,P1D,,A,,,,,,,99Q1=100,,,4,,4F0,,Swiss franc/Euro ECB reference exchange rate,"ECB reference exchange rate, Swiss franc/Euro, 2.15 pm (C.E.T.)",CHF,0
EXR.D.CHF.EUR.SP00.A,D,CHF,EUR,SP00,A,2018-10-03,1.1412,A,F,,,P1D,,A,,,,,,,99Q1=100,,,4,,4F0,,Swiss franc/Euro ECB reference exchange rate,"ECB reference exchange rate, Swiss franc/Euro, 2.15 pm (C.E.T.)",CHF,0
EXR.D.CHF.EUR.SP00.A,D,CHF,EUR,SP00,A,2018-10-04,1.1409,A,F,,,P1D,,A,,,,,,,99Q1=100,,,4,,4F0,,Swiss franc/Euro ECB reference exchange rate,"ECB reference exchange rate, Swiss franc/Euro, 2.15 pm (C.E.T.)",CHF,0
EXR.D.CHF.EUR.SP00.A,D,CHF,EUR,SP00,A,2018-10-05,1.1433,A,F,,,P1D,,A,,,,,,,99Q1=100,,,4,,4F0,,Swiss franc/Euro ECB reference exchange rate,"ECB reference exchange rate, Swiss franc/Euro, 2.15 pm (C.E.T.)",CHF,0
EXR.D.CHF.EUR.SP00.A,D,CHF,EUR,SP00,A,2018-10-08,1.1396,A,F,,,P1D,,A,,,,,,,99Q1=100,,,4,,4F0,,Swiss franc/Euro ECB reference exchange rate,"ECB reference exchange rate, Swiss franc/Euro, 2.15 pm (C.E.T.)",CHF,0
EXR.D.CHF.EUR.SP00.A,D,CHF,EUR,SP00,A,2018-10-09,1.1381,A,F,,,P1D,,A,,,,,,,99Q1=100,,,4,,4F0,,Swiss franc/Euro ECB reference exchange rate,"ECB reference exchange rate, Swiss franc/Euro, 2.15 pm (C.E.T.)",CHF,0
EXR.D.CHF.EUR.SP00.A,D,CHF,EUR,SP00,A,2018-10-10,1.1412,A,F,,,P1D,,A,,,,,,,99Q1=100,,,4,,4F0,,Swiss franc/Euro ECB reference exchange rate,"ECB reference exchange rate, Swiss franc/Euro, 2.15 pm (C.E.T.)",CHF,0
EXR.D.CHF.EUR.SP00.A,D,CHF,EUR,SP00,A,2018-10-11,1.143,A,F,,,P1D,,A,,,,,,,99Q1=100,,,4,,4F0,,Swiss franc/Euro ECB reference exchange rate,"ECB reference exchange rate, Swiss franc/Euro, 2.15 pm (C.E.T.)",CHF,0
EXR.D.CHF.EUR.SP00.A,D,CHF,EUR,SP00,A,2018-10-12,1.147,A,F,,,P1D,,A,,,,,,,99Q1=100,,,4,,4F0,,Swiss franc/Euro ECB reference exchange rate,"ECB reference exchange rate, Swiss franc/Euro, 2.15 pm (C.E.T.)",CHF,0
EXR.D.CHF.EUR.SP00.A,D,CHF,EUR,SP00,A,2018-10-15,1.1428,A,F,,,P1D,,A,,,,,,,99Q1=100,,,4,,4F0,,Swiss franc/Euro ECB reference exchange rate,"ECB reference exchange rate, Swiss franc/Euro, 2.15 pm (C.E.T.)",CHF,0
EXR.D.CHF.EUR.SP00.A,D,CHF,EUR,SP00,A,2018-10-16,1.1444,A,F,,,P1D,,A,,,,,,,99Q1=100,,,4,,4F0,,Swiss franc/Euro ECB reference exchange rate,"ECB reference exchange rate, Swiss franc/Euro, 2.15 pm (C.E.T.)",CHF,0
EXR.D.CHF.EUR.SP00.A,D,CHF,EUR,SP00,A,2018-10-17,1.1453,A,F,,,P1D,,A,,,,,,,99Q1=100,,,4,,4F0,,Swiss franc/Euro ECB reference exchange rate,"ECB reference exchange rate, Swiss franc/Euro, 2.15 pm (C.E.T.)",CHF,0
EXR.D.CHF.EUR.SP00.A,D,CHF,EUR,SP00,A,2018-10-18,1.1451,A,F,,,P1D,,A,,,,,,,99Q1=100,,,4,,4F0,,Swiss franc/Euro ECB reference exchange rate,"ECB reference exchange rate, Swiss franc/Euro, 2.15 pm (C.E.T.)",CHF,0
EXR.D.CHF.EUR.SP00.A,D,CHF,EUR,SP00,A,2018-10-19,1.1421,A,F,,,P1D,,A,,,,,,,99Q1=100,,,4,,4F0,,Swiss franc/Euro ECB reference exchange rate,"ECB reference exchange rate, Swiss franc/Euro, 2.15 pm (C.E.T.)",CHF,0
EXR.D.CHF.EUR.SP00.A,D,CHF,EUR,SP00,A,2018-10-22,1.1456,A,F,,,P1D,,A,,,,,,,99Q1=100,,,4,,4F0,,Swiss franc/Euro ECB reference exchange rate,"ECB reference exchange rate, Swiss franc/Euro, 2.15 pm (C.E.T.)",CHF,0
EXR.D.CHF.EUR.SP00.A,D,CHF,EUR,SP00,A,2018-10-23,1.1424,A,F,,,P1D,,A,,,,,,,99Q1=100,,,4,,4F0,,Swiss franc/Euro ECB reference exchange rate,"ECB reference exchange rate, Swiss franc/Euro, 2.15 pm (C.E.T.)",CHF,0
EXR.D.CHF.EUR.SP00.A,D,CHF,EUR,SP00,A,2018-10-24,1.1373,A,F,,,P1D,,A,,,,,,,99Q1=100,,,4,,4F0,,Swiss franc/Euro ECB reference exchange rate,"ECB reference exchange rate, Swiss franc/Euro, 2.15 pm (C.E.T.)",CHF,0
EXR.D.CHF.EUR.SP00.A,D,CHF,EUR,SP00,A,2018-10-25,1.1407,A,F,,,P1D,,A,,,,,,,99Q1=100,,,4,,4F0,,Swiss franc/Euro ECB reference exchange rate,"ECB reference exchange rate, Swiss franc/Euro, 2.15 pm (C.E.T.)",CHF,0
EXR.D.CHF.EUR.SP00.A,D,CHF,EUR,SP00,A,2018-10-26,1.1367,A,F,,,P1D,,A,,,,,,,99Q1=100,,,4,,4F0,,Swiss franc/Euro ECB reference exchange rate,"ECB reference exchange rate, Swiss franc/Euro, 2.15 pm (C.E.T.)",CHF,0
EXR.D.CHF.EUR.SP00.A,D,CHF,EUR,SP00,A,2018-10-29,1.1384,A,F,,,P1D,,A,,,,,,,99Q1=100,,,4,,4F0,,Swiss franc/Euro ECB reference exchange rate,"ECB reference exchange rate, Swiss franc/Euro, 2.15 pm (C.E.T.)",CHF,0
EXR.D.CHF.EUR.SP00.A,D,CHF,EUR,SP00,A,2018-10-30,1.1386,A,F,,,P1D,,A,,,,,,,99Q1=100,,,4,,4F0,,Swiss franc/Euro ECB reference exchange rate,"ECB reference exchange rate, Swiss franc/Euro, 2.15 pm (C.E.T.)",CHF,0
EXR.D.CHF.EUR.SP00.A,D,CHF,EUR,SP00,A,2018-10-31,1.1399,A,F,,,P1D,,A,,,,,,,99Q1=100,,,4,,4F0,,Swiss franc/Euro ECB reference exchange rate,"ECB reference exchange rate, Swiss franc/Euro, 2.15 pm (C.E.T.)",CHF,0
EXR.D.CHF.EUR.SP00.A,D,CHF,EUR,SP00,A,2018-11-01,1.143,A,F,,,P1D,,A,,,,,,,99Q1=100,,,4,,4F0,,Swiss franc/Euro ECB reference exchange rate,"ECB reference exchange rate, Swiss franc/Euro, 2.15 pm (C.E.T.)",CHF,0
EXR.D.CHF.EUR.SP00.A,D,CHF,EUR,SP00,A,2018-11-02,1.1422,A,F,,,P1D,,A,,,,,,,99Q1=100,,,4,,4F0,,Swiss franc/Euro ECB reference exchange rate,"ECB reference exchange rate, Swiss franc/Euro, 2.15 pm (C.E.T.)",CHF,0
EXR.D.CHF.EUR.SP00.A,D,CHF,EUR,SP00,A,2018-11-05,1.1437,A,F,,,P1D,,A,,,,,,,99Q1=100,,,4,,4F0,,Swiss franc/Euro ECB reference exchange rate,"ECB reference exchange rate, Swiss franc/Euro, 2.15 pm (C.E.T.)",CHF,0
EXR.D.CHF.EUR.SP00.A,D,CHF,EUR,SP00,A,2018-11-06,1.146,A,F,,,P1D,,A,,,,,,,99Q1=100,,,4,,4F0,,Swiss franc/Euro ECB reference exchange rate,"ECB reference exchange rate, Swiss franc/Euro, 2.15 pm (C.E.T.)",CHF,0
EXR.D.CHF.EUR.SP00.A,D,CHF,EUR,SP00,A,2018-11-07,1.1444,A,F,,,P1D,,A,,,,,,,99Q1=100,,,4,,4F0,,Swiss franc/Euro ECB reference exchange rate,"ECB reference exchange rate, Swiss franc/Euro, 2.15 pm (C.E.T.)",CHF,0
EXR.D.CHF.EUR.SP00.A,D,CHF,EUR,SP00,A,2018-11-08,1.1456,A,F,,,P1D,,A,,,,,,,99Q1=100,,,4,,4F0,,Swiss franc/Euro ECB reference exchange rate,"ECB reference exchange rate, Swiss franc/Euro, 2.15 pm (C.E.T.)",CHF,0
EXR.D.CHF.EUR.SP00.A,D,CHF,EUR,SP00,A,2018-11-09,1.1414,A,F,,,P1D,,A,,,,,,,99Q1=100,,,4,,4F0,,Swiss franc/Euro ECB reference exchange rate,"ECB reference exchange rate, Swiss franc/Euro, 2.15 pm (C.E.T.)",CHF,0
EXR.D.CHF.EUR.SP00.A,D,CHF,EUR,SP00,A,2018-11-12,1.1368,A,F,,,P1D,,A,,,,,,,99Q1=100,,,4,,4F0,,Swiss franc/Euro ECB reference exchange rate,"ECB reference exchange rate, Swiss franc/Euro, 2.15 pm (C.E.T.)",CHF,0
EXR.D.CHF.EUR.SP00.A,D,CHF,EUR,SP00,A,2018-11-13,1.1368,A,F,,,P1D,,A,,,,,,,99Q1=100,,,4,,4F0,,Swiss franc/Euro ECB reference exchange rate,"ECB reference exchange rate, Swiss franc/Euro, 2.15 pm (C.E.T.)",CHF,0
EXR.D.CHF.EUR.SP00.A,D,CHF,EUR,SP00,A,2018-11-14,1.1395,A,F,,,P1D,,A,,,,,,,99Q1=100,,,4,,4F0,,Swiss franc/Euro ECB reference exchange rate,"ECB reference exchange rate, Swiss franc/Euro, 2.15 pm (C.E.T.)",CHF,0
EXR.D.CHF.EUR.SP00.A,D,CHF,EUR,SP00,A,2018-11-15,1.1365,A,F,,,P1D,,A,,,,,,,99Q1=100,,,4,,4F0,,Swiss franc/Euro ECB reference exchange rate,"ECB reference exchange rate, Swiss franc/Euro, 2.15 pm (C.E.T.)",CHF,0
EXR.D.CHF.EUR.SP00.A,D,CHF,EUR,SP00,A,2018-11-16,1.1431,A,F,,,P1D,,A,,,,,,,99Q1=100,,,4,,4F0,,Swiss franc/Euro ECB reference exchange rate,"ECB reference exchange rate, Swiss franc/Euro, 2.15 pm (C.E.T.)",CHF,0
EXR.D.CHF.EUR.SP00.A,D,CHF,EUR,SP00,A,2018-11-19,1.1391,A,F,,,P1D,,A,,,,,,,99Q1=100,,,4,,4F0,,Swiss franc/Euro ECB reference exchange rate,"ECB reference exchange rate, Swiss franc/Euro, 2.15 pm (C.E.T.)",CHF,0
EXR.D.CHF.EUR.SP00.A,D,CHF,EUR,SP00,A,2018-11-20,1.1328,A,F,,,P1D,,A,,,,,,,99Q1=100,,,4,,4F0,,Swiss franc/Euro ECB reference exchange rate,"ECB reference exchange rate, Swiss franc/Euro, 2.15 pm (C.E.T.)",CHF,0
EXR.D.CHF.EUR.SP00.A,D,CHF,EUR,SP00,A,2018-11-21,1.1341,A,F,,,P1D,,A,,,,,,,99Q1=100,,,4,,4F0,,Swiss franc/Euro ECB reference exchange rate,"ECB reference exchange rate, Swiss franc/Euro, 2.15 pm (C.E.T.)",CHF,0
EXR.D.CHF.EUR.SP00.A,D,CHF,EUR,SP00,A,2018-11-22,1.1351,A,F,,,P1D,,A,,,,,,,99Q1=100,,,4,,4F0,,Swiss franc/Euro ECB reference exchange rate,"ECB reference exchange rate, Swiss franc/Euro, 2.15 pm (C.E.T.)",CHF,0
EXR.D.CHF.EUR.SP00.A,D,CHF,EUR,SP00,A,2018-11-23,1.1316,A,F,,,P1D,,A,,,,,,,99Q1=100,,,4,,4F0,,Swiss franc/Euro ECB reference exchange rate,"ECB reference exchange rate, Swiss franc/Euro, 2.15 pm (C.E.T.)",CHF,0
EXR.D.CHF.EUR.SP00.A,D,CHF,EUR,SP00,A,2018-11-26,1.1332,A,F,,,P1D,,A,,,,,,,99Q1=100,,,4,,4F0,,Swiss franc/Euro ECB reference exchange rate,"ECB reference exchange rate, Swiss franc/Euro, 2.15 pm (C.E.T.)",CHF,0
EXR.D.CHF.EUR.SP00.A,D,CHF,EUR,SP00,A,2018-11-27,1.1309,A,F,,,P1D,,A,,,,,,,99Q1=100,,,4,,4F0,,Swiss franc/Euro ECB reference exchange rate,"ECB reference exchange rate, Swiss franc/Euro, 2.15 pm (C.E.T.)",CHF,0
EXR.D.CHF.EUR.SP00.A,D,CHF,EUR,SP00,A,2018-11-28,1.1273,A,F,,,P1D,,A,,,,,,,99Q1=100,,,4,,4F0,,Swiss franc/Euro ECB reference exchange rate,"ECB reference exchange rate, Swiss franc/Euro, 2.15 pm (C.E.T.)",CHF,0
EXR.D.CHF.EUR.SP00.A,D,CHF,EUR,SP00,A,2018-11-29,1.1324,A,F,,,P1D,,A,,,,,,,99Q1=100,,,4,,4F0,,Swiss franc/Euro ECB reference exchange rate,"ECB reference exchange rate, Swiss franc/Euro, 2.15 pm (C.E.T.)",CHF,0
EXR.D.CHF.EUR.SP00.A,D,CHF,EUR,SP00,A,2018-11-30,1.134,A,F,,,P1D,,A,,,,,,,99Q1=100,,,4,,4F0,,Swiss franc/Euro ECB reference exchange rate,"ECB reference exchange rate, Swiss franc/Euro, 2.15 pm (C.E.T.)",CHF,0
EXR.D.CHF.EUR.SP00.A,D,CHF,EUR,SP00,A,2018-12-03,1.1323,A,F,,,P1D,,A,,,,,,,99Q1=100,,,4,,4F0,,Swiss franc/Euro ECB reference exchange rate,"ECB reference exchange rate, Swiss franc/Euro, 2.15 pm (C.E.T.)",CHF,0
EXR.D.CHF.EUR.SP00.A,D,CHF,EUR,SP00,A,2018-12-04,1.1348,A,F,,,P1D,,A,,,,,,,99Q1=100,,,4,,4F0,,Swiss franc/Euro ECB reference exchange rate,"ECB reference exchange rate, Swiss franc/Euro, 2.15 pm (C.E.T.)",CHF,0
EXR.D.CHF.EUR.SP00.A,D,CHF,EUR,SP00,A,2018-12-05,1.1328,A,F,,,P1D,,A,,,,,,,99Q1=100,,,4,,4F0,,Swiss franc/Euro ECB reference exchange rate,"ECB reference exchange rate, Swiss franc/Euro, 2.15 pm (C.E.T.)",CHF,0
EXR.D.CHF.EUR.SP00.A,D,CHF,EUR,SP00,A,2018-12-06,1.1304,A,F,,,P1D,,A,,,,,,,99Q1=100,,,4,,4F0,,Swiss franc/Euro ECB reference exchange rate,"ECB reference exchange rate, Swiss franc/Euro, 2.15 pm (C.E.T.)",CHF,0
EXR.D.CHF.EUR.SP00.A,D,CHF,EUR,SP00,A,2018-12-07,1.1299,A,F,,,P1D,,A,,,,,,,99Q1=100,,,4,,4F0,,Swiss franc/Euro ECB reference exchange rate,"ECB reference exchange rate, Swiss franc/Euro, 2.15 pm (C.E.T.)",CHF,0
EXR.D.CHF.EUR.SP00.A,D,CHF,EUR,SP00,A,2018-12-10,1.1295,A,F,,,P1D,,A,,,,,,,99Q1=100,,,4,,4F0,,Swiss franc/Euro ECB reference exchange rate,"ECB reference exchange rate, Swiss franc/Euro, 2.15 pm (C.E.T.)",CHF,0
EXR.D.CHF.EUR.SP00.A,D,CHF,EUR,SP00,A,2018-12-11,1.1248,A,F,,,P1D,,A,,,,,,,99Q1=100,,,4,,4F0,,Swiss franc/Euro ECB reference exchange rate,"ECB reference exchange rate, Swiss franc/Euro, 2.15 pm (C.E.T.)",CHF,0
EXR.D.CHF.EUR.SP00.A,D,CHF,EUR,SP00,A,2018-12-12,1.1286,A,F,,,P1D,,A,,,,,,,99Q1=100,,,4,,4F0,,Swiss franc/Euro ECB reference exchange rate,"ECB reference exchange rate, Swiss franc/Euro, 2.15 pm (C.E.T.)",CHF,0
EXR.D.CHF.EUR.SP00.A,D,CHF,EUR,SP00,A,2018-12-13,1.1287,A,F,,,P1D,,A,,,,,,,99Q1=100,,,4,,4F0,,Swiss franc/Euro ECB reference exchange rate,"ECB reference exchange rate, Swiss franc/Euro, 2.15 pm (C.E.T.)",CHF,0
EXR.D.CHF.EUR.SP00.A,D,CHF,EUR,SP00,A,2018-12-14,1.1254,A,F,,,P1D,,A,,,,,,,99Q1=100,,,4,,4F0,,Swiss franc/Euro ECB reference exchange rate,"ECB reference exchange rate, Swiss franc/Euro, 2.15 pm (C.E.T.)",CHF,0
EXR.D.CHF.EUR.SP00.A,D,CHF,EUR,SP00,A,2018-12-17,1.1254,A,F,,,P1D,,A,,,,,,,99Q1=100,,,4,,4F0,,Swiss franc/Euro ECB reference exchange rate,"ECB reference exchange rate, Swiss franc/Euro, 2.15 pm (C.E.T.)",CHF,0
EXR.D.CHF.EUR.SP00.A,D,CHF,EUR,SP00,A,2018-12-18,1.1281,A,F,,,P1D,,A,,,,,,,99Q1=100,,,4,,4F0,,Swiss franc/Euro ECB reference exchange rate,"ECB reference exchange rate, Swiss franc/Euro, 2.15 pm (C.E.T.)",CHF,0
EXR.D.CHF.EUR.SP00.A,D,CHF,EUR,SP00,A,2018-12-19,1.1328,A,F,,,P1D,,A,,,,,,,99Q1=100,,,4,,4F0,,Swiss franc/Euro ECB reference exchange rate,"ECB reference exchange rate, Swiss franc/Euro, 2.15 pm (C.E.T.)",CHF,0
EXR.D.CHF.EUR.SP00.A,D,CHF,EUR,SP00,A,2018-12-20,1.1331,A,F,,,P1D,,A,,,,,,,99Q1=100,,,4,,4F0,,Swiss franc/Euro ECB reference exchange rate,"ECB reference exchange rate, Swiss franc/Euro, 2.15 pm (C.E.T.)",CHF,0
EXR.D.CHF.EUR.SP00.A,D,CHF,EUR,SP00,A,2018-12-21,1.1312,A,F,,,P1D,,A,,,,,,,99Q1=100,,,4,,4F0,,Swiss franc/Euro ECB reference exchange rate,"ECB reference exchange rate, Swiss franc/Euro, 2.15 pm (C.E.T.)",CHF,0
EXR.D.CHF.EUR.SP00.A,D,CHF,EUR,SP00,A,2018-12-24,1.1312,A,F,,,P1D,,A,,,,,,,99Q1=100,,,4,,4F0,,Swiss franc/Euro ECB reference exchange rate,"ECB reference exchange rate, Swiss franc/Euro, 2.15 pm (C.E.T.)",CHF,0
EXR.D.CHF.EUR.SP00.A,D,CHF,EUR,SP00,A,2018-12-27,1.1279,A,F,,,P1D,,A,,,,,,,99Q1=100,,,4,,4F0,,Swiss franc/Euro ECB reference exchange rate,"ECB reference exchange rate, Swiss franc/Euro, 2.15 pm (C.E.T.)",CHF,0
EXR.D.CHF.EUR.SP00.A,D,CHF,EUR,SP00,A,2018-12-28,1.1227,A,F,,,P1D,,A,,,,,,,99Q1=100,,,4,,4F0,,Swiss franc/Euro ECB reference exchange rate,"ECB reference exchange rate, Swiss franc/Euro, 2.15 pm (C.E.T.)",CHF,0
EXR.D.CHF.EUR.SP00.A,D,CHF,EUR,SP00,A,2018-12-31,1.1269,A,F,,,P1D,,A,,,,,,,99Q1=100,,,4,,4F0,,Swiss franc/Euro ECB reference exchange rate,"ECB reference exchange rate, Swiss franc/Euro, 2.15 pm (C.E.T.)",CHF,0
EXR.D.CHF.EUR.SP00.A,D,CHF,EUR,SP00,A,2019-01-02,1.1239,A,F,,,P1D,,A,,,,,,,99Q1=100,,,4,,4F0,,Swiss franc/Euro ECB reference exchange rate,"ECB reference exchange rate, Swiss franc/Euro, 2.15 pm (C.E.T.)",CHF,0
EXR.D.CHF.EUR.SP00.A,D,CHF,EUR,SP00,A,2019-01-03,1.1219,A,F,,,P1D,,A,,,,,,,99Q1=100,,,4,,4F0,,Swiss franc/Euro ECB reference exchange rate,"ECB reference exchange rate, Swiss franc/Euro, 2.15 pm (C.E.T.)",CHF,0
EXR.D.CHF.EUR.SP00.A,D,CHF,EUR,SP00,A,2019-01-04,1.1256,A,F,,,P1D,,A,,,,,,,99Q1=100,,,4,,4F0,,Swiss franc/Euro ECB reference exchange rate,"ECB reference exchange rate, Swiss franc/Euro, 2.15 pm (C.E.T.)",CHF,0
EXR.D.CHF.EUR.SP00.A,D,CHF,EUR,SP00,A,2019-01-07,1.1227,A,F,,,P1D,,A,,,,,,,99Q1=100,,,4,,4F0,,Swiss franc/Euro ECB reference exchange rate,"ECB reference exchange rate, Swiss franc/Euro, 2.15 pm (C.E.T.)",CHF,0
EXR.D.CHF.EUR.SP00.A,D,CHF,EUR,SP00,A,2019-01-08,1.1232,A,F,,,P1D,,A,,,,,,,99Q1=100,,,4,,4F0,,Swiss franc/Euro ECB reference exchange rate,"ECB reference exchange rate, Swiss franc/Euro, 2.15 pm (C.E.T.)",CHF,0
EXR.D.CHF.EUR.SP00.A,D,CHF,EUR,SP00,A,2019-01-09,1.123,A,F,,,P1D,,A,,,,,,,99Q1=100,,,4,,4F0,,Swiss franc/Euro ECB reference exchange rate,"ECB reference exchange rate, Swiss franc/Euro, 2.15 pm (C.E.T.)",CHF,0
EXR.D.CHF.EUR.SP00.A,D,CHF,EUR,SP00,A,2019-01-10,1.1276,A,F,,,P1D,,A,,,,,,,99Q1=100,,,4,,4F0,,Swiss franc/Euro ECB reference exchange rate,"ECB reference exchange rate, Swiss franc/Euro, 2.15 pm (C.E.T.)",CHF,0
EXR.D.CHF.EUR.SP00.A,D,CHF,EUR,SP00,A,2019-01-11,1.1327,A,F,,,P1D,,A,,,,,,,99Q1=100,,,4,,4F0,,Swiss franc/Euro ECB reference exchange rate,"ECB reference exchange rate, Swiss franc/Euro, 2.15 pm (C.E.T.)",CHF,0
EXR.D.CHF.EUR.SP00.A,D,CHF,EUR,SP00,A,2019-01-14,1.1258,A,F,,,P1D,,A,,,,,,,99Q1=100,,,4,,4F0,,Swiss franc/Euro ECB reference exchange rate,"ECB reference exchange rate, Swiss franc/Euro, 2.15 pm (C.E.T.)",CHF,0
EXR.D.CHF.EUR.SP00.A,D,CHF,EUR,SP00,A,2019-01-15,1.1266,A,F,,,P1D,,A,,,,,,,99Q1=100,,,4,,4F0,,Swiss franc/Euro ECB reference exchange rate,"ECB reference exchange rate, Swiss franc/Euro, 2.15 pm (C.E.T.)",CHF,0
EXR.D.CHF.EUR.SP00.A,D,CHF,EUR,SP00,A,2019-01-16,1.1269,A,F,,,P1D,,A,,,,,,,99Q1=100,,,4,,4F0,,Swiss franc/Euro ECB reference exchange rate,"ECB reference exchange rate, Swiss franc/Euro, 2.15 pm (C.E.T.)",CHF,0
EXR.D.CHF.EUR.SP00.A,D,CHF,EUR,SP00,A,2019-01-17,1.1312,A,F,,,P1D,,A,,,,,,,99Q1=100,,,4,,4F0,,Swiss franc/Euro ECB reference exchange rate,"ECB reference exchange rate, Swiss franc/Euro, 2.15 pm (C.E.T.)",CHF,0
EXR.D.CHF.EUR.SP00.A,D,CHF,EUR,SP00,A,2019-01-18,1.1331,A,F,,,P1D,,A,,,,,,,99Q1=100,,,4,,4F0,,Swiss franc/Euro ECB reference exchange rate,"ECB reference exchange rate, Swiss franc/Euro, 2.15 pm (C.E.T.)",CHF,0
EXR.D.CHF.EUR.SP00.A,D,CHF,EUR,SP00,A,2019-01-21,1.1343,A,F,,,P1D,,A,,,,,,,99Q1=100,,,4,,4F0,,Swiss franc/Euro ECB reference exchange rate,"ECB reference exchange rate, Swiss franc/Euro, 2.15 pm (C.E.T.)",CHF,0
EXR.D.CHF.EUR.SP00.A,D,CHF,EUR,SP00,A,2019-01-22,1.1326,A,F,,,P1D,,A,,,,,,,99Q1=100,,,4,,4F0,,Swiss franc/Euro ECB reference exchange rate,"ECB reference exchange rate, Swiss franc/Euro, 2.15 pm (C.E.T.)",CHF,0
EXR.D.CHF.EUR.SP00.A,D,CHF,EUR,SP00,A,2019-01-23,1.1335,A,F,,,P1D,,A,,,,,,,99Q1=100,,,4,,4F0,,Swiss franc/Euro ECB reference exchange rate,"ECB reference exchange rate, Swiss franc/Euro, 2.15 pm (C.E.T.)",CHF,0
EXR.D.CHF.EUR.SP00.A,D,CHF,EUR,SP00,A,2019-01-24,1.1283,A,F,,,P1D,,A,,,,,,,99Q1=100,,,4,,4F0,,Swiss franc/Euro ECB reference exchange rate,"ECB reference exchange rate, Swiss franc/Euro, 2.15 pm (C.E.T.)",CHF,0
EXR.D.CHF.EUR.SP00.A,D,CHF,EUR,SP00,A,2019-01-25,1.131,A,F,,,P1D,,A,,,,,,,99Q1=100,,,4,,4F0,,Swiss franc/Euro ECB reference exchange rate,"ECB reference exchange rate, Swiss franc/Euro, 2.15 pm (C.E.T.)",CHF,0
EXR.D.CHF.EUR.SP00.A,D,CHF,EUR,SP00,A,2019-01-28,1.1331,A,F,,,P1D,,A,,,,,,,99Q1=100,,,4,,4F0,,Swiss franc/Euro ECB reference exchange rate,"ECB reference exchange rate, Swiss franc/Euro, 2.15 pm (C.E.T.)",CHF,0
EXR.D.CHF.EUR.SP00.A,D,CHF,EUR,SP00,A,2019-01-29,1.1352,A,F,,,P1D,,A,,,,,,,99Q1=100,,,4,,4F0,,Swiss franc/Euro ECB reference exchange rate,"ECB reference exchange rate, Swiss franc/Euro, 2.15 pm (C.E.T.)",CHF,0
EXR.D.CHF.EUR.SP00.A,D,CHF,EUR,SP00,A,2019-01-30,1.1403,A,F,,,P1D,,A,,,,,,,99Q1=100,,,4,,4F0,,Swiss franc/Euro ECB reference exchange rate,"ECB reference exchange rate, Swiss franc/Euro, 2.15 pm (C.E.T.)",CHF,0
EXR.D.CHF.EUR.SP00.A,D,CHF,EUR,SP00,A,2019-01-31,1.1409,A,F,,,P1D,,A,,,,,,,99Q1=100,,,4,,4F0,,Swiss franc/Euro ECB reference exchange rate,"ECB reference exchange rate, Swiss franc/Euro, 2.15 pm (C.E.T.)",CHF,0
EXR.D.CHF.EUR.SP00.A,D,CHF,EUR,SP00,A,2019-02-01,1.1396,A,F,,,P1D,,A,,,,,,,99Q1=100,,,4,,4F0,,Swiss franc/Euro ECB reference exchange rate,"ECB reference exchange rate, Swiss franc/Euro, 2.15 pm (C.E.T.)",CHF,0
EXR.D.CHF.EUR.SP00.A,D,CHF,EUR,SP00,A,2019-02-04,1.1421,A,F,,,P1D,,A,,,,,,,99Q1=100,,,4,,4F0,,Swiss franc/Euro ECB reference exchange rate,"ECB reference exchange rate, Swiss franc/Euro, 2.15 pm (C.E.T.)",CHF,0
EXR.D.CHF.EUR.SP00.A,D,CHF,EUR,SP00,A,2019-02-05,1.1436,A,F,,,P1D,,A,,,,,,,99Q1=100,,,4,,4F0,,Swiss franc/Euro ECB reference exchange rate,"ECB reference exchange rate, Swiss franc/Euro, 2.15 pm (C.E.T.)",CHF,0
EXR.D.CHF.EUR.SP00.A,D,CHF,EUR,SP00,A,2019-02-06,1.1394,A,F,,,P1D,,A,,,,,,,99Q1=100,,,4,,4F0,,Swiss franc/Euro ECB reference exchange rate,"ECB reference exchange rate, Swiss franc/Euro, 2.15 pm (C.E.T.)",CHF,0
EXR.D.CHF.EUR.SP00.A,D,CHF,EUR,SP00,A,2019-02-07,1.1357,A,F,,,P1D,,A,,,,,,,99Q1=100,,,4,,4F0,,Swiss franc/Euro ECB reference exchange rate,"ECB reference exchange rate, Swiss franc/Euro, 2.15 pm (C.E.T.)",CHF,0
EXR.D.CHF.EUR.SP00.A,D,CHF,EUR,SP00,A,2019-02-08,1.1357,A,F,,,P1D,,A,,,,,,,99Q1=100,,,4,,4F0,,Swiss franc/Euro ECB reference exchange rate,"ECB reference exchange rate, Swiss franc/Euro, 2.15 pm (C.E.T.)",CHF,0
EXR.D.CHF.EUR.SP00.A,D,CHF,EUR,SP00,A,2019-02-11,1.1351,A,F,,,P1D,,A,,,,,,,99Q1=100,,,4,,4F0,,Swiss franc/Euro ECB reference exchange rate,"ECB reference exchange rate, Swiss franc/Euro, 2.15 pm (C.E.T.)",CHF,0
EXR.D.CHF.EUR.SP00.A,D,CHF,EUR,SP00,A,2019-02-12,1.1381,A,F,,,P1D,,A,,,,,,,99Q1=100,,,4,,4F0,,Swiss franc/Euro ECB reference exchange rate,"ECB reference exchange rate, Swiss franc/Euro, 2.15 pm (C.E.T.)",CHF,0
EXR.D.CHF.EUR.SP00.A,D,CHF,EUR,SP00,A,2019-02-13,1.1371,A,F,,,P1D,,A,,,,,,,99Q1=100,,,4,,4F0,,Swiss franc/Euro ECB reference exchange rate,"ECB reference exchange rate, Swiss franc/Euro, 2.15 pm (C.E.T.)",CHF,0
EXR.D.CHF.EUR.SP00.A,D,CHF,EUR,SP00,A,2019-02-14,1.137,A,F,,,P1D,,A,,,,,,,99Q1=100,,,4,,4F0,,Swiss franc/Euro ECB reference exchange rate,"ECB reference exchange rate, Swiss franc/Euro, 2.15 pm (C.E.T.)",CHF,0
EXR.D.CHF.EUR.SP00.A,D,CHF,EUR,SP00,A,2019-02-15,1.134,A,F,,,P1D,,A,,,,,,,99Q1=100,,,4,,4F0,,Swiss franc/Euro ECB reference exchange rate,"ECB reference exchange rate, Swiss franc/Euro, 2.15 pm (C.E.T.)",CHF,0
EXR.D.CHF.EUR.SP00.A,D,CHF,EUR,SP00,A,2019-02-18,1.1361,A,F,,,P1D,,A,,,,,,,99Q1=100,,,4,,4F0,,Swiss franc/Euro ECB reference exchange rate,"ECB reference exchange rate, Swiss franc/Euro, 2.15 pm (C.E.T.)",CHF,0
EXR.D.CHF.EUR.SP00.A,D,CHF,EUR,SP00,A,2019-02-19,1.1351,A,F,,,P1D,,A,,,,,,,99Q1=100,,,4,,4F0,,Swiss franc/Euro ECB reference exchange rate,"ECB reference exchange rate, Swiss franc/Euro, 2.15 pm (C.E.T.)",CHF,0
EXR.D.CHF.EUR.SP00.A,D,CHF,EUR,SP00,A,2019-02-20,1.1342,A,F,,,P1D,,A,,,,,,,99Q1=100,,,4,,4F0,,Swiss franc/Euro ECB reference exchange rate,"ECB reference exchange rate, Swiss franc/Euro, 2.15 pm (C.E.T.)",CHF,0
EXR.D.CHF.EUR.SP00.A,D,CHF,EUR,SP00,A,2019-02-21,1.1367,A,F,,,P1D,,A,,,,,,,99Q1=100,,,4,,4F0,,Swiss franc/Euro ECB reference exchange rate,"ECB reference exchange rate, Swiss franc/Euro, 2.15 pm (C.E.T.)",CHF,0
EXR.D.CHF.EUR.SP00.A,D,CHF,EUR,SP00,A,2019-02-22,1.1346,A,F,,,P1D,,A,,,,,,,99Q1=100,,,4,,4F0,,Swiss franc/Euro ECB reference exchange rate,"ECB reference exchange rate, Swiss franc/Euro, 2.15 pm (C.E.T.)",CHF,0
EXR.D.CHF.EUR.SP00.A,D,CHF,EUR,SP00,A,2019-02-25,1.1351,A,F,,,P1D,,A,,,,,,,99Q1=100,,,4,,4F0,,Swiss franc/Euro ECB reference exchange rate,"ECB reference exchange rate, Swiss franc/Euro, 2.15 pm (C.E.T.)",CHF,0
EXR.D.CHF.EUR.SP00.A,D,CHF,EUR,SP00,A,2019-02-26,1.1371,A,F,,,P1D,,A,,,,,,,99Q1=100,,,4,,4F0,,Swiss franc/Euro ECB reference exchange rate,"ECB reference exchange rate, Swiss franc/Euro, 2.15 pm (C.E.T.)",CHF,0
EXR.D.CHF.EUR.SP00.A,D,CHF,EUR,SP00,A,2019-02-27,1.1354,A,F,,,P1D,,A,,,,,,,99Q1=100,,,4,,4F0,,Swiss franc/Euro ECB reference exchange rate,"ECB reference exchange rate, Swiss franc/Euro, 2.15 pm (C.E.T.)",CHF,0
EXR.D.CHF.EUR.SP00.A,D,CHF,EUR,SP00,A,2019-02-28,1.1335,A,F,,,P1D,,A,,,,,,,99Q1=100,,,4,,4F0,,Swiss franc/Euro ECB reference exchange rate,"ECB reference exchange rate, Swiss franc/Euro, 2.15 pm (C.E.T.)",CHF,0
EXR.D.CHF.EUR.SP00.A,D,CHF,EUR,SP00,A,2019-03-01,1.1363,A,F,,,P1D,,A,,,,,,,99Q1=100,,,4,,4F0,,Swiss franc/Euro ECB reference exchange rate,"ECB reference exchange rate, Swiss franc/Euro, 2.15 pm (C.E.T.)",CHF,0
EXR.D.CHF.EUR.SP00.A,D,CHF,EUR,SP00,A,2019-03-04,1.1352,A,F,,,P1D,,A,,,,,,,99Q1=100,,,4,,4F0,,Swiss franc/Euro ECB reference exchange rate,"ECB reference exchange rate, Swiss franc/Euro, 2.15 pm (C.E.T.)",CHF,0
EXR.D.CHF.EUR.SP00.A,D,CHF,EUR,SP00,A,2019-03-05,1.1341,A,F,,,P1D,,A,,,,,,,99Q1=100,,,4,,4F0,,Swiss franc/Euro ECB reference exchange rate,"ECB reference exchange rate, Swiss franc/Euro, 2.15 pm (C.E.T.)",CHF,0
EXR.D.CHF.EUR.SP00.A,D,CHF,EUR,SP00,A,2019-03-06,1.136,A,F,,,P1D,,A,,,,,,,99Q1=100,,,4,,4F0,,Swiss franc/Euro ECB reference exchange rate,"ECB reference exchange rate, Swiss franc/Euro, 2.15 pm (C.E.T.)",CHF,0
EXR.D.CHF.EUR.SP00.A,D,CHF,EUR,SP00,A,2019-03-07,1.1355,A,F,,,P1D,,A,,,,,,,99Q1=100,,,4,,4F0,,Swiss franc/Euro ECB reference exchange rate,"ECB reference exchange rate, Swiss franc/Euro, 2.15 pm (C.E.T.)",CHF,0
EXR.D.CHF.EUR.SP00.A,D,CHF,EUR,SP00,A,2019-03-08,1.1324,A,F,,,P1D,,A,,,,,,,99Q1=100,,,4,,4F0,,Swiss franc/Euro ECB reference exchange rate,"ECB reference exchange rate, Swiss franc/Euro, 2.15 pm (C.E.T.)",CHF,0
EXR.D.CHF.EUR.SP00.A,D,CHF,EUR,SP00,A,2019-03-11,1.1349,A,F,,,P1D,,A,,,,,,,99Q1=100,,,4,,4F0,,Swiss franc/Euro ECB reference exchange rate,"ECB reference exchange rate, Swiss franc/Euro, 2.15 pm (C.E.T.)",CHF,0
EXR.D.CHF.EUR.SP00.A,D,CHF,EUR,SP00,A,2019-03-12,1.1369,A,F,,,P1D,,A,,,,,,,99Q1=100,,,4,,4F0,,Swiss franc/Euro ECB reference exchange rate,"ECB reference exchange rate, Swiss franc/Euro, 2.15 pm (C.E.T.)",CHF,0
EXR.D.CHF.EUR.SP00.A,D,CHF,EUR,SP00,A,2019-03-13,1.1373,A,F,,,P1D,,A,,,,,,,99Q1=100,,,4,,4F0,,Swiss franc/Euro ECB reference exchange rate,"ECB reference exchange rate, Swiss franc/Euro, 2.15 pm (C.E.T.)",CHF,0
EXR.D.CHF.EUR.SP00.A,D,CHF,EUR,SP00,A,2019-03-14,1.1351,A,F,,,P1D,,A,,,,,,,99Q1=100,,,4,,4F0,,Swiss franc/Euro ECB reference exchange rate,"ECB reference exchange rate, Swiss franc/Euro, 2.15 pm (C.E.T.)",CHF,0
EXR.D.CHF.EUR.SP00.A,D,CHF,EUR,SP00,A,2019-03-15,1.136,A,F,,,P1D,,A,,,,,,,99Q1=100,,,4,,4F0,,Swiss franc/Euro ECB reference exchange rate,"ECB reference exchange rate, Swiss franc/Euro, 2.15 pm (C.E.T.)",CHF,0
EXR.D.CHF.EUR.SP00.A,D,CHF,EUR,SP00,A,2019-03-18,1.136,A,F,,,P1D,,A,,,,,,,99Q1=100,,,4,,4F0,,Swiss franc/Euro ECB reference exchange rate,"ECB reference exchange rate, Swiss franc/Euro, 2.15 pm (C.E.T.)",CHF,0
EXR.D.CHF.EUR.SP00.A,D,CHF,EUR,SP00,A,2019-03-19,1.1353,A,F,,,P1D,,A,,,,,,,99Q1=100,,,4,,4F0,,Swiss franc/Euro ECB reference exchange rate,"ECB reference exchange rate, Swiss franc/Euro, 2.15 pm (C.E.T.)",CHF,0
EXR.D.CHF.EUR.SP00.A,D,CHF,EUR,SP00,A,2019-03-20,1.1338,A,F,,,P1D,,A,,,,,,,99Q1=100,,,4,,4F0,,Swiss franc/Euro ECB reference exchange rate,"ECB reference exchange rate, Swiss franc/Euro, 2.15 pm (C.E.T.)",CHF,0
EXR.D.CHF.EUR.SP00.A,D,CHF,EUR,SP00,A,2019-03-21,1.1309,A,F,,,P1D,,A,,,,,,,99Q1=100,,,4,,4F0,,Swiss franc/Euro ECB reference exchange rate,"ECB reference exchange rate, Swiss franc/Euro, 2.15 pm (C.E.T.)",CHF,0
EXR.D.CHF.EUR.SP00.A,D,CHF,EUR,SP00,A,2019-03-22,1.1243,A,F,,,P1D,,A,,,,,,,99Q1=100,,,4,,4F0,,Swiss franc/Euro ECB reference exchange rate,"ECB reference exchange rate, Swiss franc/Euro, 2.15 pm (C.E.T.)",CHF,0
EXR.D.CHF.EUR.SP00.A,D,CHF,EUR,SP00,A,2019-03-25,1.1237,A,F,,,P1D,,A,,,,,,,99Q1=100,,,4,,4F0,,Swiss franc/Euro ECB reference exchange rate,"ECB reference exchange rate, Swiss franc/Euro, 2.15 pm (C.E.T.)",CHF,0
EXR.D.CHF.EUR.SP00.A,D,CHF,EUR,SP00,A,2019-03-26,1.1222,A,F,,,P1D,,A,,,,,,,99Q1=100,,,4,,4F0,,Swiss franc/Euro ECB reference exchange rate,"ECB reference exchange rate, Swiss franc/Euro, 2.15 pm (C.E.T.)",CHF,0
EXR.D.CHF.EUR.SP00.A,D,CHF,EUR,SP00,A,2019-03-27,1.1196,A,F,,,P1D,,A,,,,,,,99Q1=100,,,4,,4F0,,Swiss franc/Euro ECB reference exchange rate,"ECB reference exchange rate, Swiss franc/Euro, 2.15 pm (C.E.T.)",CHF,0
EXR.D.CHF.EUR.SP00.A,D,CHF,EUR,SP00,A,2019-03-28,1.1185,A,F,,,P1D,,A,,,,,,,99Q1=100,,,4,,4F0,,Swiss franc/Euro ECB reference exchange rate,"ECB reference exchange rate, Swiss franc/Euro, 2.15 pm (C.E.T.)",CHF,0
EXR.D.CHF.EUR.SP00.A,D,CHF,EUR,SP00,A,2019-03-29,1.1181,A,F,,,P1D,,A,,,,,,,99Q1=100,,,4,,4F0,,Swiss franc/Euro ECB reference exchange rate,"ECB reference exchange rate, Swiss franc/Euro, 2.15 pm (C.E.T.)",CHF,0
EXR.D.CHF.EUR.SP00.A,D,CHF,EUR,SP00,A,2019-04-01,1.118,A,F,,,P1D,,A,,,,,,,99Q1=100,,,4,,4F0,,Swiss franc/Euro ECB reference exchange rate,"ECB reference exchange rate, Swiss franc/Euro, 2.15 pm (C.E.T.)",CHF,0
EXR.D.CHF.EUR.SP00.A,D,CHF,EUR,SP00,A,2019-04-02,1.1195,A,F,,,P1D,,A,,,,,,,99Q1=100,,,4,,4F0,,Swiss franc/Euro ECB reference exchange rate,"ECB reference exchange rate, Swiss franc/Euro, 2.15 pm (C.E.T.)",CHF,0
EXR.D.CHF.EUR.SP00.A,D,CHF,EUR,SP00,A,2019-04-03,1.1206,A,F,,,P1D,,A,,,,,,,99Q1=100,,,4,,4F0,,Swiss franc/Euro ECB reference exchange rate,"ECB reference exchange rate, Swiss franc/Euro, 2.15 pm (C.E.T.)",CHF,0
EXR.D.CHF.EUR.SP00.A,D,CHF,EUR,SP00,A,2019-04-04,1.1207,A,F,,,P1D,,A,,,,,,,99Q1=100,,,4,,4F0,,Swiss franc/Euro ECB reference exchange rate,"ECB reference exchange rate, Swiss franc/Euro, 2.15 pm (C.E.T.)",CHF,0
EXR.D.CHF.EUR.SP00.A,D,CHF,EUR,SP00,A,2019-04-05,1.1235,A,F,,,P1D,,A,,,,,,,99Q1=100,,,4,,4F0,,Swiss franc/Euro ECB reference exchange rate,"ECB reference exchange rate, Swiss franc/Euro, 2.15 pm (C.E.T.)",CHF,0
EXR.D.CHF.EUR.SP00.A,D,CHF,EUR,SP00,A,2019-04-08,1.1245,A,F,,,P1D,,A,,,,,,,99Q1=100,,,4,,4F0,,Swiss franc/Euro ECB reference exchange rate,"ECB reference exchange rate, Swiss franc/Euro, 2.15 pm (C.E.T.)",CHF,0
EXR.D.CHF.EUR.SP00.A,D,CHF,EUR,SP00,A,2019-04-09,1.127,A,F,,,P1D,,A,,,,,,,99Q1=100,,,4,,4F0,,Swiss franc/Euro ECB reference exchange rate,"ECB reference exchange rate, Swiss franc/Euro, 2.15 pm (C.E.T.)",CHF,0
EXR.D.CHF.EUR.SP00.A,D,CHF,EUR,SP00,A,2019-04-10,1.128,A,F,,,P1D,,A,,,,,,,99Q1=100,,,4,,4F0,,Swiss franc/Euro ECB reference exchange rate,"ECB reference exchange rate, Swiss franc/Euro, 2.15 pm (C.E.T.)",CHF,0
EXR.D.CHF.EUR.SP00.A,D,CHF,EUR,SP00,A,2019-04-11,1.1304,A,F,,,P1D,,A,,,,,,,99Q1=100,,,4,,4F0,,Swiss franc/Euro ECB reference exchange rate,"ECB reference exchange rate, Swiss franc/Euro, 2.15 pm (C.E.T.)",CHF,0
EXR.D.CHF.EUR.SP00.A,D,CHF,EUR,SP00,A,2019-04-12,1.1326,A,F,,,P1D,,A,,,,,,,99Q1=100,,,4,,4F0,,Swiss franc/Euro ECB reference exchange rate,"ECB reference exchange rate, Swiss franc/Euro, 2.15 pm (C.E.T.)",CHF,0
EXR.D.CHF.EUR.SP00.A,D,CHF,EUR,SP00,A,2019-04-15,1.1345,A,F,,,P1D,,A,,,,,,,99Q1=100,,,4,,4F0,,Swiss franc/Euro ECB reference exchange rate,"ECB reference exchange rate, Swiss franc/Euro, 2.15 pm (C.E.T.)",CHF,0
EXR.D.CHF.EUR.SP00.A,D,CHF,EUR,SP00,A,2019-04-16,1.1371,A,F,,,P1D,,A,,,,,,,99Q1=100,,,4,,4F0,,Swiss franc/Euro ECB reference exchange rate,"ECB reference exchange rate, Swiss franc/Euro, 2.15 pm (C.E.T.)",CHF,0
EXR.D.CHF.EUR.SP00.A,D,CHF,EUR,SP00,A,2019-04-17,1.14,A,F,,,P1D,,A,,,,,,,99Q1=100,,,4,,4F0,,Swiss franc/Euro ECB reference exchange rate,"ECB reference exchange rate, Swiss franc/Euro, 2.15 pm (C.E.T.)",CHF,0
EXR.D.CHF.EUR.SP00.A,D,CHF,EUR,SP00,A,2019-04-18,1.1383,A,F,,,P1D,,A,,,,,,,99Q1=100,,,4,,4F0,,Swiss franc/Euro ECB reference exchange rate,"ECB reference exchange rate, Swiss franc/Euro, 2.15 pm (C.E.T.)",CHF,0
EXR.D.CHF.EUR.SP00.A,D,CHF,EUR,SP00,A,2019-04-23,1.147,A,F,,,P1D,,A,,,,,,,99Q1=100,,,4,,4F0,,Swiss franc/Euro ECB reference exchange rate,"ECB reference exchange rate, Swiss franc/Euro, 2.15 pm (C.E.T.)",CHF,0
EXR.D.CHF.EUR.SP00.A,D,CHF,EUR,SP00,A,2019-04-24,1.1416,A,F,,,P1D,,A,,,,,,,99Q1=100,,,4,,4F0,,Swiss franc/Euro ECB reference exchange rate,"ECB reference exchange rate, Swiss franc/Euro, 2.15 pm (C.E.T.)",CHF,0
EXR.D.CHF.EUR.SP00.A,D,CHF,EUR,SP00,A,2019-04-25,1.1368,A,F,,,P1D,,A,,,,,,,99Q1=100,,,4,,4F0,,Swiss franc/Euro ECB reference exchange rate,"ECB reference exchange rate, Swiss franc/Euro, 2.15 pm (C.E.T.)",CHF,0
EXR.D.CHF.EUR.SP00.A,D,CHF,EUR,SP00,A,2019-04-26,1.1372,A,F,,,P1D,,A,,,,,,,99Q1=100,,,4,,4F0,,Swiss franc/Euro ECB reference exchange rate,"ECB reference exchange rate, Swiss franc/Euro, 2.15 pm (C.E.T.)",CHF,0
EXR.D.CHF.EUR.SP00.A,D,CHF,EUR,SP00,A,2019-04-29,1.1379,A,F,,,P1D,,A,,,,,,,99Q1=100,,,4,,4F0,,Swiss franc/Euro ECB reference exchange rate,"ECB reference exchange rate, Swiss franc/Euro, 2.15 pm (C.E.T.)",CHF,0
EXR.D.CHF.EUR.SP00.A,D,CHF,EUR,SP00,A,2019-04-30,1.1437,A,F,,,P1D,,A,,,,,,,99Q1=100,,,4,,4F0,,Swiss franc/Euro ECB reference exchange rate,"ECB reference exchange rate, Swiss franc/Euro, 2.15 pm (C.E.T.)",CHF,0
EXR.D.CHF.EUR.SP00.A,D,CHF,EUR,SP00,A,2019-05-02,1.1419,A,F,,,P1D,,A,,,,,,,99Q1=100,,,4,,4F0,,Swiss franc/Euro ECB reference exchange rate,"ECB reference exchange rate, Swiss franc/Euro, 2.15 pm (C.E.T.)",CHF,0
EXR.D.CHF.EUR.SP00.A,D,CHF,EUR,SP00,A,2019-05-03,1.1383,A,F,,,P1D,,A,,,,,,,99Q1=100,,,4,,4F0,,Swiss franc/Euro ECB reference exchange rate,"ECB reference exchange rate, Swiss franc/Euro, 2.15 pm (C.E.T.)",CHF,0
EXR.D.CHF.EUR.SP00.A,D,CHF,EUR,SP00,A,2019-05-06,1.1403,A,F,,,P1D,,A,,,,,,,99Q1=100,,,4,,4F0,,Swiss franc/Euro ECB reference exchange rate,"ECB reference exchange rate, Swiss franc/Euro, 2.15 pm (C.E.T.)",CHF,0
EXR.D.CHF.EUR.SP00.A,D,CHF,EUR,SP00,A,2019-05-07,1.1415,A,F,,,P1D,,A,,,,,,,99Q1=100,,,4,,4F0,,Swiss franc/Euro ECB reference exchange rate,"ECB reference exchange rate, Swiss franc/Euro, 2.15 pm (C.E.T.)",CHF,0
EXR.D.CHF.EUR.SP00.A,D,CHF,EUR,SP00,A,2019-05-08,1.1407,A,F,,,P1D,,A,,,,,,,99Q1=100,,,4,,4F0,,Swiss franc/Euro ECB reference exchange rate,"ECB reference exchange rate, Swiss franc/Euro, 2.15 pm (C.E.T.)",CHF,0
EXR.D.CHF.EUR.SP00.A,D,CHF,EUR,SP00,A,2019-05-09,1.139,A,F,,,P1D,,A,,,,,,,99Q1=100,,,4,,4F0,,Swiss franc/Euro ECB reference exchange rate,"ECB reference exchange rate, Swiss franc/Euro, 2.15 pm (C.E.T.)",CHF,0
EXR.D.CHF.EUR.SP00.A,D,CHF,EUR,SP00,A,2019-05-10,1.1378,A,F,,,P1D,,A,,,,,,,99Q1=100,,,4,,4F0,,Swiss franc/Euro ECB reference exchange rate,"ECB reference exchange rate, Swiss franc/Euro, 2.15 pm (C.E.T.)",CHF,0
EXR.D.CHF.EUR.SP00.A,D,CHF,EUR,SP00,A,2019-05-13,1.1319,A,F,,,P1D,,A,,,,,,,99Q1=100,,,4,,4F0,,Swiss franc/Euro ECB reference exchange rate,"ECB reference exchange rate, Swiss franc/Euro, 2.15 pm (C.E.T.)",CHF,0
EXR.D.CHF.EUR.SP00.A,D,CHF,EUR,SP00,A,2019-05-14,1.1307,A,F,,,P1D,,A,,,,,,,99Q1=100,,,4,,4F0,,Swiss franc/Euro ECB reference exchange rate,"ECB reference exchange rate, Swiss franc/Euro, 2.15 pm (C.E.T.)",CHF,0
EXR.D.CHF.EUR.SP00.A,D,CHF,EUR,SP00,A,2019-05-15,1.1276,A,F,,,P1D,,A,,,,,,,99Q1=100,,,4,,4F0,,Swiss franc/Euro ECB reference exchange rate,"ECB reference exchange rate, Swiss franc/Euro, 2.15 pm (C.E.T.)",CHF,0
EXR.D.CHF.EUR.SP00.A,D,CHF,EUR,SP00,A,2019-05-16,1.1306,A,F,,,P1D,,A,,,,,,,99Q1=100,,,4,,4F0,,Swiss franc/Euro ECB reference exchange rate,"ECB reference exchange rate, Swiss franc/Euro, 2.15 pm (C.E.T.)",CHF,0
EXR.D.CHF.EUR.SP00.A,D,CHF,EUR,SP00,A,2019-05-17,1.1283,A,F,,,P1D,,A,,,,,,,99Q1=100,,,4,,4F0,,Swiss franc/Euro ECB reference exchange rate,"ECB reference exchange rate, Swiss franc/Euro, 2.15 pm (C.E.T.)",CHF,0
EXR.D.CHF.EUR.SP00.A,D,CHF,EUR,SP00,A,2019-05-20,1.1263,A,F,,,P1D,,A,,,,,,,99Q1=100,,,4,,4F0,,Swiss franc/Euro ECB reference exchange rate,"ECB reference exchange rate, Swiss franc/Euro, 2.15 pm (C.E.T.)",CHF,0
EXR.D.CHF.EUR.SP00.A,D,CHF,EUR,SP00,A,2019-05-21,1.1274,A,F,,,P1D,,A,,,,,,,99Q1=100,,,4,,4F0,,Swiss franc/Euro ECB reference exchange rate,"ECB reference exchange rate, Swiss franc/Euro, 2.15 pm (C.E.T.)",CHF,0
EXR.D.CHF.EUR.SP00.A,D,CHF,EUR,SP00,A,2019-05-22,1.1252,A,F,,,P1D,,A,,,,,,,99Q1=100,,,4,,4F0,,Swiss franc/Euro ECB reference exchange rate,"ECB reference exchange rate, Swiss franc/Euro, 2.15 pm (C.E.T.)",CHF,0
EXR.D.CHF.EUR.SP00.A,D,CHF,EUR,SP00,A,2019-05-23,1.1224,A,F,,,P1D,,A,,,,,,,99Q1=100,,,4,,4F0,,Swiss franc/Euro ECB reference exchange rate,"ECB reference exchange rate, Swiss franc/Euro, 2.15 pm (C.E.T.)",CHF,0
EXR.D.CHF.EUR.SP00.A,D,CHF,EUR,SP00,A,2019-05-24,1.1215,A,F,,,P1D,,A,,,,,,,99Q1=100,,,4,,4F0,,Swiss franc/Euro ECB reference exchange rate,"ECB reference exchange rate, Swiss franc/Euro, 2.15 pm (C.E.T.)",CHF,0
EXR.D.CHF.EUR.SP00.A,D,CHF,EUR,SP00,A,2019-05-27,1.1257,A,F,,,P1D,,A,,,,,,,99Q1=100,,,4,,4F0,,Swiss franc/Euro ECB reference exchange rate,"ECB reference exchange rate, Swiss franc/Euro, 2.15 pm (C.E.T.)",CHF,0
EXR.D.CHF.EUR.SP00.A,D,CHF,EUR,SP00,A,2019-05-28,1.1254,A,F,,,P1D,,A,,,,,,,99Q1=100,,,4,,4F0,,Swiss franc/Euro ECB reference exchange rate,"ECB reference exchange rate, Swiss franc/Euro, 2.15 pm (C.E.T.)",CHF,0
EXR.D.CHF.EUR.SP00.A,D,CHF,EUR,SP00,A,2019-05-29,1.1217,A,F,,,P1D,,A,,,,,,,99Q1=100,,,4,,4F0,,Swiss franc/Euro ECB reference exchange rate,"ECB reference exchange rate, Swiss franc/Euro, 2.15 pm (C.E.T.)",CHF,0
EXR.D.CHF.EUR.SP00.A,D,CHF,EUR,SP00,A,2019-05-30,1.1228,A,F,,,P1D,,A,,,,,,,99Q1=100,,,4,,4F0,,Swiss franc/Euro ECB reference exchange rate,"ECB reference exchange rate, Swiss franc/Euro, 2.15 pm (C.E.T.)",CHF,0
EXR.D.CHF.EUR.SP00.A,D,CHF,EUR,SP00,A,2019-05-31,1.1214,A,F,,,P1D,,A,,,,,,,99Q1=100,,,4,,4F0,,Swiss franc/Euro ECB reference exchange rate,"ECB reference exchange rate, Swiss franc/Euro, 2.15 pm (C.E.T.)",CHF,0
EXR.D.CHF.EUR.SP00.A,D,CHF,EUR,SP00,A,2019-06-03,1.1162,A,F,,,P1D,,A,,,,,,,99Q1=100,,,4,,4F0,,Swiss franc/Euro ECB reference exchange rate,"ECB reference exchange rate, Swiss franc/Euro, 2.15 pm (C.E.T.)",CHF,0
EXR.D.CHF.EUR.SP00.A,D,CHF,EUR,SP00,A,2019-06-04,1.1178,A,F,,,P1D,,A,,,,,,,99Q1=100,,,4,,4F0,,Swiss franc/Euro ECB reference exchange rate,"ECB reference exchange rate, Swiss franc/Euro, 2.15 pm (C.E.T.)",CHF,0
EXR.D.CHF.EUR.SP00.A,D,CHF,EUR,SP00,A,2019-06-05,1.1163,A,F,,,P1D,,A,,,,,,,99Q1=100,,,4,,4F0,,Swiss franc/Euro ECB reference exchange rate,"ECB reference exchange rate, Swiss franc/Euro, 2.15 pm (C.E.T.)",CHF,0
EXR.D.CHF.EUR.SP00.A,D,CHF,EUR,SP00,A,2019-06-06,1.1174,A,F,,,P1D,,A,,,,,,,99Q1=100,,,4,,4F0,,Swiss franc/Euro ECB reference exchange rate,"ECB reference exchange rate, Swiss franc/Euro, 2.15 pm (C.E.T.)",CHF,0
EXR.D.CHF.EUR.SP00.A,D,CHF,EUR,SP00,A,2019-06-07,1.1191,A,F,,,P1D,,A,,,,,,,99Q1=100,,,4,,4F0,,Swiss franc/Euro ECB reference exchange rate,"ECB reference exchange rate, Swiss franc/Euro, 2.15 pm (C.E.T.)",CHF,0
EXR.D.CHF.EUR.SP00.A,D,CHF,EUR,SP00,A,2019-06-10,1.12,A,F,,,P1D,,A,,,,,,,99Q1=100,,,4,,4F0,,Swiss franc/Euro ECB reference exchange rate,"ECB reference exchange rate, Swiss franc/Euro, 2.15 pm (C.E.T.)",CHF,0
EXR.D.CHF.EUR.SP00.A,D,CHF,EUR,SP00,A,2019-06-11,1.1233,A,F,,,P1D,,A,,,,,,,99Q1=100,,,4,,4F0,,Swiss franc/Euro ECB reference exchange rate,"ECB reference exchange rate, Swiss franc/Euro, 2.15 pm (C.E.T.)",CHF,0
EXR.D.CHF.EUR.SP00.A,D,CHF,EUR,SP00,A,2019-06-12,1.1252,A,F,,,P1D,,A,,,,,,,99Q1=100,,,4,,4F0,,Swiss franc/Euro ECB reference exchange rate,"ECB reference exchange rate, Swiss franc/Euro, 2.15 pm (C.E.T.)",CHF,0
EXR.D.CHF.EUR.SP00.A,D,CHF,EUR,SP00,A,2019-06-13,1.1207,A,F,,,P1D,,A,,,,,,,99Q1=100,,,4,,4F0,,Swiss franc/Euro ECB reference exchange rate,"ECB reference exchange rate, Swiss franc/Euro, 2.15 pm (C.E.T.)",CHF,0
EXR.D.CHF.EUR.SP00.A,D,CHF,EUR,SP00,A,2019-06-14,1.1211,A,F,,,P1D,,A,,,,,,,99Q1=100,,,4,,4F0,,Swiss franc/Euro ECB reference exchange rate,"ECB reference exchange rate, Swiss franc/Euro, 2.15 pm (C.E.T.)",CHF,0
EXR.D.CHF.EUR.SP00.A,D,CHF,EUR,SP00,A,2019-06-17,1.1214,A,F,,,P1D,,A,,,,,,,99Q1=100,,,4,,4F0,,Swiss franc/Euro ECB reference exchange rate,"ECB reference exchange rate, Swiss franc/Euro, 2.15 pm (C.E.T.)",CHF,0
EXR.D.CHF.EUR.SP00.A,D,CHF,EUR,SP00,A,2019-06-18,1.1175,A,F,,,P1D,,A,,,,,,,99Q1=100,,,4,,4F0,,Swiss franc/Euro ECB reference exchange rate,"ECB reference exchange rate, Swiss franc/Euro, 2.15 pm (C.E.T.)",CHF,0
EXR.D.CHF.EUR.SP00.A,D,CHF,EUR,SP00,A,2019-06-19,1.1176,A,F,,,P1D,,A,,,,,,,99Q1=100,,,4,,4F0,,Swiss franc/Euro ECB reference exchange rate,"ECB reference exchange rate, Swiss franc/Euro, 2.15 pm (C.E.T.)",CHF,0
EXR.D.CHF.EUR.SP00.A,D,CHF,EUR,SP00,A,2019-06-20,1.1142,A,F,,,P1D,,A,,,,,,,99Q1=100,,,4,,4F0,,Swiss franc/Euro ECB reference exchange rate,"ECB reference exchange rate, Swiss franc/Euro, 2.15 pm (C.E.T.)",CHF,0
EXR.D.CHF.EUR.SP00.A,D,CHF,EUR,SP00,A,2019-06-21,1.1107,A,F,,,P1D,,A,,,,,,,99Q1=100,,,4,,4F0,,Swiss franc/Euro ECB reference exchange rate,"ECB reference exchange rate, Swiss franc/Euro, 2.15 pm (C.E.T.)",CHF,0
EXR.D.CHF.EUR.SP00.A,D,CHF,EUR,SP00,A,2019-06-24,1.1109,A,F,,,P1D,,A,,,,,,,99Q1=100,,,4,,4F0,,Swiss franc/Euro ECB reference exchange rate,"ECB reference exchange rate, Swiss franc/Euro, 2.15 pm (C.E.T.)",CHF,0
EXR.D.CHF.EUR.SP00.A,D,CHF,EUR,SP00,A,2019-06-25,1.1108,A,F,,,P1D,,A,,,,,,,99Q1=100,,,4,,4F0,,Swiss franc/Euro ECB reference exchange rate,"ECB reference exchange rate, Swiss franc/Euro, 2.15 pm (C.E.T.)",CHF,0
EXR.D.CHF.EUR.SP00.A,D,CHF,EUR,SP00,A,2019-06-26,1.1113,A,F,,,P1D,,A,,,,,,,99Q1=100,,,4,,4F0,,Swiss franc/Euro ECB reference exchange rate,"ECB reference exchange rate, Swiss franc/Euro, 2.15 pm (C.E.T.)",CHF,0
EXR.D.CHF.EUR.SP00.A,D,CHF,EUR,SP00,A,2019-06-27,1.1121,A,F,,,P1D,,A,,,,,,,99Q1=100,,,4,,4F0,,Swiss franc/Euro ECB reference exchange rate,"ECB reference exchange rate, Swiss franc/Euro, 2.15 pm (C.E.T.)",CHF,0
EXR.D.CHF.EUR.SP00.A,D,CHF,EUR,SP00,A,2019-06-28,1.1105,A,F,,,P1D,,A,,,,,,,99Q1=100,,,4,,4F0,,Swiss franc/Euro ECB reference exchange rate,"ECB reference exchange rate, Swiss franc/Euro, 2.15 pm (C.E.T.)",CHF,0
EXR.D.CHF.EUR.SP00.A,D,CHF,EUR,SP00,A,2019-07-01,1.1141,A,F,,,P1D,,A,,,,,,,99Q1=100,,,4,,4F0,,Swiss franc/Euro ECB reference exchange rate,"ECB reference exchange rate, Swiss franc/Euro, 2.15 pm (C.E.T.)",CHF,0
EXR.D.CHF.EUR.SP00.A,D,CHF,EUR,SP00,A,2019-07-02,1.1169,A,F,,,P1D,,A,,,,,,,99Q1=100,,,4,,4F0,,Swiss franc/Euro ECB reference exchange rate,"ECB reference exchange rate, Swiss franc/Euro, 2.15 pm (C.E.T.)",CHF,0
EXR.D.CHF.EUR.SP00.A,D,CHF,EUR,SP00,A,2019-07-03,1.1116,A,F,,,P1D,,A,,,,,,,99Q1=100,,,4,,4F0,,Swiss franc/Euro ECB reference exchange rate,"ECB reference exchange rate, Swiss franc/Euro, 2.15 pm (C.E.T.)",CHF,0
EXR.D.CHF.EUR.SP00.A,D,CHF,EUR,SP00,A,2019-07-04,1.112,A,F,,,P1D,,A,,,,,,,99Q1=100,,,4,,4F0,,Swiss franc/Euro ECB reference exchange rate,"ECB reference exchange rate, Swiss franc/Euro, 2.15 pm (C.E.T.)",CHF,0
EXR.D.CHF.EUR.SP00.A,D,CHF,EUR,SP00,A,2019-07-05,1.1126,A,F,,,P1D,,A,,,,,,,99Q1=100,,,4,,4F0,,Swiss franc/Euro ECB reference exchange rate,"ECB reference exchange rate, Swiss franc/Euro, 2.15 pm (C.E.T.)",CHF,0
EXR.D.CHF.EUR.SP00.A,D,CHF,EUR,SP00,A,2019-07-08,1.1127,A,F,,,P1D,,A,,,,,,,99Q1=100,,,4,,4F0,,Swiss franc/Euro ECB reference exchange rate,"ECB reference exchange rate, Swiss franc/Euro, 2.15 pm (C.E.T.)",CHF,0
EXR.D.CHF.EUR.SP00.A,D,CHF,EUR,SP00,A,2019-07-09,1.1137,A,F,,,P1D,,A,,,,,,,99Q1=100,,,4,,4F0,,Swiss franc/Euro ECB reference exchange rate,"ECB reference exchange rate, Swiss franc/Euro, 2.15 pm (C.E.T.)",CHF,0
EXR.D.CHF.EUR.SP00.A,D,CHF,EUR,SP00,A,2019-07-10,1.1133,A,F,,,P1D,,A,,,,,,,99Q1=100,,,4,,4F0,,Swiss franc/Euro ECB reference exchange rate,"ECB reference exchange rate, Swiss franc/Euro, 2.15 pm (C.E.T.)",CHF,0
EXR.D.CHF.EUR.SP00.A,D,CHF,EUR,SP00,A,2019-07-11,1.1114,A,F,,,P1D,,A,,,,,,,99Q1=100,,,4,,4F0,,Swiss franc/Euro ECB reference exchange rate,"ECB reference exchange rate, Swiss franc/Euro, 2.15 pm (C.E.T.)",CHF,0
EXR.D.CHF.EUR.SP00.A,D,CHF,EUR,SP00,A,2019-07-12,1.1087,A,F,,,P1D,,A,,,,,,,99Q1=100,,,4,,4F0,,Swiss franc/Euro ECB reference exchange rate,"ECB reference exchange rate, Swiss franc/Euro, 2.15 pm (C.E.T.)",CHF,0
EXR.D.CHF.EUR.SP00.A,D,CHF,EUR,SP00,A,2019-07-15,1.1071,A,F,,,P1D,,A,,,,,,,99Q1=100,,,4,,4F0,,Swiss franc/Euro ECB reference exchange rate,"ECB reference exchange rate, Swiss franc/Euro, 2.15 pm (C.E.T.)",CHF,0
EXR.D.CHF.EUR.SP00.A,D,CHF,EUR,SP00,A,2019-07-16,1.1075,A,F,,,P1D,,A,,,,,,,99Q1=100,,,4,,4F0,,Swiss franc/Euro ECB reference exchange rate,"ECB reference exchange rate, Swiss franc/Euro, 2.15 pm (C.E.T.)",CHF,0
EXR.D.CHF.EUR.SP00.A,D,CHF,EUR,SP00,A,2019-07-17,1.1095,A,F,,,P1D,,A,,,,,,,99Q1=100,,,4,,4F0,,Swiss franc/Euro ECB reference exchange rate,"ECB reference exchange rate, Swiss franc/Euro, 2.15 pm (C.E.T.)",CHF,0
EXR.D.CHF.EUR.SP00.A,D,CHF,EUR,SP00,A,2019-07-18,1.1064,A,F,,,P1D,,A,,,,,,,99Q1=100,,,4,,4F0,,Swiss franc/Euro ECB reference exchange rate,"ECB reference exchange rate, Swiss franc/Euro, 2.15 pm (C.E.T.)",CHF,0
EXR.D.CHF.EUR.SP00.A,D,CHF,EUR,SP00,A,2019-07-19,1.1033,A,F,,,P1D,,A,,,,,,,99Q1=100,,,4,,4F0,,Swiss franc/Euro ECB reference exchange rate,"ECB reference exchange rate, Swiss franc/Euro, 2.15 pm (C.E.T.)",CHF,0
EXR.D.CHF.EUR.SP00.A,D,CHF,EUR,SP00,A,2019-07-22,1.1007,A,F,,,P1D,,A,,,,,,,99Q1=100,,,4,,4F0,,Swiss franc/Euro ECB reference exchange rate,"ECB reference exchange rate, Swiss franc/Euro, 2.15 pm (C.E.T.)",CHF,0
EXR.D.CHF.EUR.SP00.A,D,CHF,EUR,SP00,A,2019-07-23,1.0985,A,F,,,P1D,,A,,,,,,,99Q1=100,,,4,,4F0,,Swiss franc/Euro ECB reference exchange rate,"ECB reference exchange rate, Swiss franc/Euro, 2.15 pm (C.E.T.)",CHF,0
EXR.D.CHF.EUR.SP00.A,D,CHF,EUR,SP00,A,2019-07-24,1.0982,A,F,,,P1D,,A,,,,,,,99Q1=100,,,4,,4F0,,Swiss franc/Euro ECB reference exchange rate,"ECB reference exchange rate, Swiss franc/Euro, 2.15 pm (C.E.T.)",CHF,0
EXR.D.CHF.EUR.SP00.A,D,CHF,EUR,SP00,A,2019-07-25,1.0989,A,F,,,P1D,,A,,,,,,,99Q1=100,,,4,,4F0,,Swiss franc/Euro ECB reference exchange rate,"ECB reference exchange rate, Swiss franc/Euro, 2.15 pm (C.E.T.)",CHF,0
EXR.D.CHF.EUR.SP00.A,D,CHF,EUR,SP00,A,2019-07-26,1.1053,A,F,,,P1D,,A,,,,,,,99Q1=100,,,4,,4F0,,Swiss franc/Euro ECB reference exchange rate,"ECB reference exchange rate, Swiss franc/Euro, 2.15 pm (C.E.T.)",CHF,0
EXR.D.CHF.EUR.SP00.A,D,CHF,EUR,SP00,A,2019-07-29,1.1037,A,F,,,P1D,,A,,,,,,,99Q1=100,,,4,,4F0,,Swiss franc/Euro ECB reference exchange rate,"ECB reference exchange rate, Swiss franc/Euro, 2.15 pm (C.E.T.)",CHF,0
EXR.D.CHF.EUR.SP00.A,D,CHF,EUR,SP00,A,2019-07-30,1.1038,A,F,,,P1D,,A,,,,,,,99Q1=100,,,4,,4F0,,Swiss franc/Euro ECB reference exchange rate,"ECB reference exchange rate, Swiss franc/Euro, 2.15 pm (C.E.T.)",CHF,0
EXR.D.CHF.EUR.SP00.A,D,CHF,EUR,SP00,A,2019-07-31,1.1041,A,F,,,P1D,,A,,,,,,,99Q1=100,,,4,,4F0,,Swiss franc/Euro ECB reference exchange rate,"ECB reference exchange rate, Swiss franc/Euro, 2.15 pm (C.E.T.)",CHF,0
EXR.D.CHF.EUR.SP00.A,D,CHF,EUR,SP00,A,2019-08-01,1.0988,A,F,,,P1D,,A,,,,,,,99Q1=100,,,4,,4F0,,Swiss franc/Euro ECB reference exchange rate,"ECB reference exchange rate, Swiss franc/Euro, 2.15 pm (C.E.T.)",CHF,0
EXR.D.CHF.EUR.SP00.A,D,CHF,EUR,SP00,A,2019-08-02,1.0931,A,F,,,P1D,,A,,,,,,,99Q1=100,,,4,,4F0,,Swiss franc/Euro ECB reference exchange rate,"ECB reference exchange rate, Swiss franc/Euro, 2.15 pm (C.E.T.)",CHF,0
EXR.D.CHF.EUR.SP00.A,D,CHF,EUR,SP00,A,2019-08-05,1.0893,A,F,,,P1D,,A,,,,,,,99Q1=100,,,4,,4F0,,Swiss franc/Euro ECB reference exchange rate,"ECB reference exchange rate, Swiss franc/Euro, 2.15 pm (C.E.T.)",CHF,0
EXR.D.CHF.EUR.SP00.A,D,CHF,EUR,SP00,A,2019-08-06,1.0919,A,F,,,P1D,,A,,,,,,,99Q1=100,,,4,,4F0,,Swiss franc/Euro ECB reference exchange rate,"ECB reference exchange rate, Swiss franc/Euro, 2.15 pm (C.E.T.)",CHF,0
EXR.D.CHF.EUR.SP00.A,D,CHF,EUR,SP00,A,2019-08-07,1.0921,A,F,,,P1D,,A,,,,,,,99Q1=100,,,4,,4F0,,Swiss franc/Euro ECB reference exchange rate,"ECB reference exchange rate, Swiss franc/Euro, 2.15 pm (C.E.T.)",CHF,0
EXR.D.CHF.EUR.SP00.A,D,CHF,EUR,SP00,A,2019-08-08,1.0923,A,F,,,P1D,,A,,,,,,,99Q1=100,,,4,,4F0,,Swiss franc/Euro ECB reference exchange rate,"ECB reference exchange rate, Swiss franc/Euro, 2.15 pm (C.E.T.)",CHF,0
EXR.D.CHF.EUR.SP00.A,D,CHF,EUR,SP00,A,2019-08-09,1.0897,A,F,,,P1D,,A,,,,,,,99Q1=100,,,4,,4F0,,Swiss franc/Euro ECB reference exchange rate,"ECB reference exchange rate, Swiss franc/Euro, 2.15 pm (C.E.T.)",CHF,0
EXR.D.CHF.EUR.SP00.A,D,CHF,EUR,SP00,A,2019-08-12,1.0876,A,F,,,P1D,,A,,,,,,,99Q1=100,,,4,,4F0,,Swiss franc/Euro ECB reference exchange rate,"ECB reference exchange rate, Swiss franc/Euro, 2.15 pm (C.E.T.)",CHF,0
EXR.D.CHF.EUR.SP00.A,D,CHF,EUR,SP00,A,2019-08-13,1.0853,A,F,,,P1D,,A,,,,,,,99Q1=100,,,4,,4F0,,Swiss franc/Euro ECB reference exchange rate,"ECB reference exchange rate, Swiss franc/Euro, 2.15 pm (C.E.T.)",CHF,0
EXR.D.CHF.EUR.SP00.A,D,CHF,EUR,SP00,A,2019-08-14,1.0862,A,F,,,P1D,,A,,,,,,,99Q1=100,,,4,,4F0,,Swiss franc/Euro ECB reference exchange rate,"ECB reference exchange rate, Swiss franc/Euro, 2.15 pm (C.E.T.)",CHF,0
EXR.D.CHF.EUR.SP00.A,D,CHF,EUR,SP00,A,2019-08-15,1.0863,A,F,,,P1D,,A,,,,,,,99Q1=100,,,4,,4F0,,Swiss franc/Euro ECB reference exchange rate,"ECB reference exchange rate, Swiss franc/Euro, 2.15 pm (C.E.T.)",CHF,0
EXR.D.CHF.EUR.SP00.A,D,CHF,EUR,SP00,A,2019-08-16,1.0854,A,F,,,P1D,,A,,,,,,,99Q1=100,,,4,,4F0,,Swiss franc/Euro ECB reference exchange rate,"ECB reference exchange rate, Swiss franc/Euro, 2.15 pm (C.E.T.)",CHF,0
EXR.D.CHF.EUR.SP00.A,D,CHF,EUR,SP00,A,2019-08-19,1.0884,A,F,,,P1D,,A,,,,,,,99Q1=100,,,4,,4F0,,Swiss franc/Euro ECB reference exchange rate,"ECB reference exchange rate, Swiss franc/Euro, 2.15 pm (C.E.T.)",CHF,0
EXR.D.CHF.EUR.SP00.A,D,CHF,EUR,SP00,A,2019-08-20,1.086,A,F,,,P1D,,A,,,,,,,99Q1=100,,,4,,4F0,,Swiss franc/Euro ECB reference exchange rate,"ECB reference exchange rate, Swiss franc/Euro, 2.15 pm (C.E.T.)",CHF,0
EXR.D.CHF.EUR.SP00.A,D,CHF,EUR,SP00,A,2019-08-21,1.0875,A,F,,,P1D,,A,,,,,,,99Q1=100,,,4,,4F0,,Swiss franc/Euro ECB reference exchange rate,"ECB reference exchange rate, Swiss franc/Euro, 2.15 pm (C.E.T.)",CHF,0
EXR.D.CHF.EUR.SP00.A,D,CHF,EUR,SP00,A,2019-08-22,1.0905,A,F,,,P1D,,A,,,,,,,99Q1=100,,,4,,4F0,,Swiss franc/Euro ECB reference exchange rate,"ECB reference exchange rate, Swiss franc/Euro, 2.15 pm (C.E.T.)",CHF,0
EXR.D.CHF.EUR.SP00.A,D,CHF,EUR,SP00,A,2019-08-23,1.0893,A,F,,,P1D,,A,,,,,,,99Q1=100,,,4,,4F0,,Swiss franc/Euro ECB reference exchange rate,"ECB reference exchange rate, Swiss franc/Euro, 2.15 pm (C.E.T.)",CHF,0
EXR.D.CHF.EUR.SP00.A,D,CHF,EUR,SP00,A,2019-08-26,1.0885,A,F,,,P1D,,A,,,,,,,99Q1=100,,,4,,4F0,,Swiss franc/Euro ECB reference exchange rate,"ECB reference exchange rate, Swiss franc/Euro, 2.15 pm (C.E.T.)",CHF,0
EXR.D.CHF.EUR.SP00.A,D,CHF,EUR,SP00,A,2019-08-27,1.0884,A,F,,,P1D,,A,,,,,,,99Q1=100,,,4,,4F0,,Swiss franc/Euro ECB reference exchange rate,"ECB reference exchange rate, Swiss franc/Euro, 2.15 pm (C.E.T.)",CHF,0
EXR.D.CHF.EUR.SP00.A,D,CHF,EUR,SP00,A,2019-08-28,1.0872,A,F,,,P1D,,A,,,,,,,99Q1=100,,,4,,4F0,,Swiss franc/Euro ECB reference exchange rate,"ECB reference exchange rate, Swiss franc/Euro, 2.15 pm (C.E.T.)",CHF,0
EXR.D.CHF.EUR.SP00.A,D,CHF,EUR,SP00,A,2019-08-29,1.088,A,F,,,P1D,,A,,,,,,,99Q1=100,,,4,,4F0,,Swiss franc/Euro ECB reference exchange rate,"ECB reference exchange rate, Swiss franc/Euro, 2.15 pm (C.E.T.)",CHF,0
EXR.D.CHF.EUR.SP00.A,D,CHF,EUR,SP00,A,2019-08-30,1.0909,A,F,,,P1D,,A,,,,,,,99Q1=100,,,4,,4F0,,Swiss franc/Euro ECB reference exchange rate,"ECB reference exchange rate, Swiss franc/Euro, 2.15 pm (C.E.T.)",CHF,0
EXR.D.CHF.EUR.SP00.A,D,CHF,EUR,SP00,A,2019-09-02,1.0875,A,F,,,P1D,,A,,,,,,,99Q1=100,,,4,,4F0,,Swiss franc/Euro ECB reference exchange rate,"ECB reference exchange rate, Swiss franc/Euro, 2.15 pm (C.E.T.)",CHF,0
EXR.D.CHF.EUR.SP00.A,D,CHF,EUR,SP00,A,2019-09-03,1.0829,A,F,,,P1D,,A,,,,,,,99Q1=100,,,4,,4F0,,Swiss franc/Euro ECB reference exchange rate,"ECB reference exchange rate, Swiss franc/Euro, 2.15 pm (C.E.T.)",CHF,0
EXR.D.CHF.EUR.SP00.A,D,CHF,EUR,SP00,A,2019-09-04,1.0848,A,F,,,P1D,,A,,,,,,,99Q1=100,,,4,,4F0,,Swiss franc/Euro ECB reference exchange rate,"ECB reference exchange rate, Swiss franc/Euro, 2.15 pm (C.E.T.)",CHF,0
EXR.D.CHF.EUR.SP00.A,D,CHF,EUR,SP00,A,2019-09-05,1.0863,A,F,,,P1D,,A,,,,,,,99Q1=100,,,4,,4F0,,Swiss franc/Euro ECB reference exchange rate,"ECB reference exchange rate, Swiss franc/Euro, 2.15 pm (C.E.T.)",CHF,0
EXR.D.CHF.EUR.SP00.A,D,CHF,EUR,SP00,A,2019-09-06,1.0928,A,F,,,P1D,,A,,,,,,,99Q1=100,,,4,,4F0,,Swiss franc/Euro ECB reference exchange rate,"ECB reference exchange rate, Swiss franc/Euro, 2.15 pm (C.E.T.)",CHF,0
EXR.D.CHF.EUR.SP00.A,D,CHF,EUR,SP00,A,2019-09-09,1.0923,A,F,,,P1D,,A,,,,,,,99Q1=100,,,4,,4F0,,Swiss franc/Euro ECB reference exchange rate,"ECB reference exchange rate, Swiss franc/Euro, 2.15 pm (C.E.T.)",CHF,0
EXR.D.CHF.EUR.SP00.A,D,CHF,EUR,SP00,A,2019-09-10,1.0943,A,F,,,P1D,,A,,,,,,,99Q1=100,,,4,,4F0,,Swiss franc/Euro ECB reference exchange rate,"ECB reference exchange rate, Swiss franc/Euro, 2.15 pm (C.E.T.)",CHF,0
EXR.D.CHF.EUR.SP00.A,D,CHF,EUR,SP00,A,2019-09-11,1.0934,A,F,,,P1D,,A,,,,,,,99Q1=100,,,4,,4F0,,Swiss franc/Euro ECB reference exchange rate,"ECB reference exchange rate, Swiss franc/Euro, 2.15 pm (C.E.T.)",CHF,0
EXR.D.CHF.EUR.SP00.A,D,CHF,EUR,SP00,A,2019-09-12,1.0892,A,F,,,P1D,,A,,,,,,,99Q1=100,,,4,,4F0,,Swiss franc/Euro ECB reference exchange rate,"ECB reference exchange rate, Swiss franc/Euro, 2.15 pm (C.E.T.)",CHF,0
EXR.D.CHF.EUR.SP00.A,D,CHF,EUR,SP00,A,2019-09-13,1.094,A,F,,,P1D,,A,,,,,,,99Q1=100,,,4,,4F0,,Swiss franc/Euro ECB reference exchange rate,"ECB reference exchange rate, Swiss franc/Euro, 2.15 pm (C.E.T.)",CHF,0
EXR.D.CHF.EUR.SP00.A,D,CHF,EUR,SP00,A,2019-09-16,1.0932,A,F,,,P1D,,A,,,,,,,99Q1=100,,,4,,4F0,,Swiss franc/Euro ECB reference exchange rate,"ECB reference exchange rate, Swiss franc/Euro, 2.15 pm (C.E.T.)",CHF,0
EXR.D.CHF.EUR.SP00.A,D,CHF,EUR,SP00,A,2019-09-17,1.0966,A,F,,,P1D,,A,,,,,,,99Q1=100,,,4,,4F0,,Swiss franc/Euro ECB reference exchange rate,"ECB reference exchange rate, Swiss franc/Euro, 2.15 pm (C.E.T.)",CHF,0
EXR.D.CHF.EUR.SP00.A,D,CHF,EUR,SP00,A,2019-09-18,1.0999,A,F,,,P1D,,A,,,,,,,99Q1=100,,,4,,4F0,,Swiss franc/Euro ECB reference exchange rate,"ECB reference exchange rate, Swiss franc/Euro, 2.15 pm (C.E.T.)",CHF,0
EXR.D.CHF.EUR.SP00.A,D,CHF,EUR,SP00,A,2019-09-19,1.097,A,F,,,P1D,,A,,,,,,,99Q1=100,,,4,,4F0,,Swiss franc/Euro ECB reference exchange rate,"ECB reference exchange rate, Swiss franc/Euro, 2.15 pm (C.E.T.)",CHF,0
EXR.D.CHF.EUR.SP00.A,D,CHF,EUR,SP00,A,2019-09-20,1.0942,A,F,,,P1D,,A,,,,,,,99Q1=100,,,4,,4F0,,Swiss franc/Euro ECB reference exchange rate,"ECB reference exchange rate, Swiss franc/Euro, 2.15 pm (C.E.T.)",CHF,0
EXR.D.CHF.EUR.SP00.A,D,CHF,EUR,SP00,A,2019-09-23,1.0891,A,F,,,P1D,,A,,,,,,,99Q1=100,,,4,,4F0,,Swiss franc/Euro ECB reference exchange rate,"ECB reference exchange rate, Swiss franc/Euro, 2.15 pm (C.E.T.)",CHF,0
EXR.D.CHF.EUR.SP00.A,D,CHF,EUR,SP00,A,2019-09-24,1.0878,A,F,,,P1D,,A,,,,,,,99Q1=100,,,4,,4F0,,Swiss franc/Euro ECB reference exchange rate,"ECB reference exchange rate, Swiss franc/Euro, 2.15 pm (C.E.T.)",CHF,0
EXR.D.CHF.EUR.SP00.A,D,CHF,EUR,SP00,A,2019-09-25,1.0841,A,F,,,P1D,,A,,,,,,,99Q1=100,,,4,,4F0,,Swiss franc/Euro ECB reference exchange rate,"ECB reference exchange rate, Swiss franc/Euro, 2.15 pm (C.E.T.)",CHF,0
EXR.D.CHF.EUR.SP00.A,D,CHF,EUR,SP00,A,2019-09-26,1.0864,A,F,,,P1D,,A,,,,,,,99Q1=100,,,4,,4F0,,Swiss franc/Euro ECB reference exchange rate,"ECB reference exchange rate, Swiss franc/Euro, 2.15 pm (C.E.T.)",CHF,0
EXR.D.CHF.EUR.SP00.A,D,CHF,EUR,SP00,A,2019-09-27,1.086,A,F,,,P1D,,A,,,,,,,99Q1=100,,,4,,4F0,,Swiss franc/Euro ECB reference exchange rate,"ECB reference exchange rate, Swiss franc/Euro, 2.15 pm (C.E.T.)",CHF,0
EXR.D.CHF.EUR.SP00.A,D,CHF,EUR,SP00,A,2019-09-30,1.0847,A,F,,,P1D,,A,,,,,,,99Q1=100,,,4,,4F0,,Swiss franc/Euro ECB reference exchange rate,"ECB reference exchange rate, Swiss franc/Euro, 2.15 pm (C.E.T.)",CHF,0
EXR.D.CHF.EUR.SP00.A,D,CHF,EUR,SP00,A,2019-10-01,1.0906,A,F,,,P1D,,A,,,,,,,99Q1=100,,,4,,4F0,,Swiss franc/Euro ECB reference exchange rate,"ECB reference exchange rate, Swiss franc/Euro, 2.15 pm (C.E.T.)",CHF,0
EXR.D.CHF.EUR.SP00.A,D,CHF,EUR,SP00,A,2019-10-02,1.094,A,F,,,P1D,,A,,,,,,,99Q1=100,,,4,,4F0,,Swiss franc/Euro ECB reference exchange rate,"ECB reference exchange rate, Swiss franc/Euro, 2.15 pm (C.E.T.)",CHF,0
EXR.D.CHF.EUR.SP00.A,D,CHF,EUR,SP00,A,2019-10-03,1.0957,A,F,,,P1D,,A,,,,,,,99Q1=100,,,4,,4F0,,Swiss franc/Euro ECB reference exchange rate,"ECB reference exchange rate, Swiss franc/Euro, 2.15 pm (C.E.T.)",CHF,0
EXR.D.CHF.EUR.SP00.A,D,CHF,EUR,SP00,A,2019-10-04,1.0913,A,F,,,P1D,,A,,,,,,,99Q1=100,,,4,,4F0,,Swiss franc/Euro ECB reference exchange rate,"ECB reference exchange rate, Swiss franc/Euro, 2.15 pm (C.E.T.)",CHF,0
EXR.D.CHF.EUR.SP00.A,D,CHF,EUR,SP00,A,2019-10-07,1.0924,A,F,,,P1D,,A,,,,,,,99Q1=100,,,4,,4F0,,Swiss franc/Euro ECB reference exchange rate,"ECB reference exchange rate, Swiss franc/Euro, 2.15 pm (C.E.T.)",CHF,0
EXR.D.CHF.EUR.SP00.A,D,CHF,EUR,SP00,A,2019-10-08,1.0898,A,F,,,P1D,,A,,,,,,,99Q1=100,,,4,,4F0,,Swiss franc/Euro ECB reference exchange rate,"ECB reference exchange rate, Swiss franc/Euro, 2.15 pm (C.E.T.)",CHF,0
EXR.D.CHF.EUR.SP00.A,D,CHF,EUR,SP00,A,2019-10-09,1.0927,A,F,,,P1D,,A,,,,,,,99Q1=100,,,4,,4F0,,Swiss franc/Euro ECB reference exchange rate,"ECB reference exchange rate, Swiss franc/Euro, 2.15 pm (C.E.T.)",CHF,0
EXR.D.CHF.EUR.SP00.A,D,CHF,EUR,SP00,A,2019-10-10,1.0948,A,F,,,P1D,,A,,,,,,,99Q1=100,,,4,,4F0,,Swiss franc/Euro ECB reference exchange rate,"ECB reference exchange rate, Swiss franc/Euro, 2.15 pm (C.E.T.)",CHF,0
EXR.D.CHF.EUR.SP00.A,D,CHF,EUR,SP00,A,2019-10-11,1.1025,A,F,,,P1D,,A,,,,,,,99Q1=100,,,4,,4F0,,Swiss franc/Euro ECB reference exchange rate,"ECB reference exchange rate, Swiss franc/Euro, 2.15 pm (C.E.T.)",CHF,0
EXR.D.CHF.EUR.SP00.A,D,CHF,EUR,SP00,A,2019-10-14,1.0983,A,F,,,P1D,,A,,,,,,,99Q1=100,,,4,,4F0,,Swiss franc/Euro ECB reference exchange rate,"ECB reference exchange rate, Swiss franc/Euro, 2.15 pm (C.E.T.)",CHF,0
EXR.D.CHF.EUR.SP00.A,D,CHF,EUR,SP00,A,2019-10-15,1.0977,A,F,,,P1D,,A,,,,,,,99Q1=100,,,4,,4F0,,Swiss franc/Euro ECB reference exchange rate,"ECB reference exchange rate, Swiss franc/Euro, 2.15 pm (C.E.T.)",CHF,0
EXR.D.CHF.EUR.SP00.A,D,CHF,EUR,SP00,A,2019-10-16,1.0997,A,F,,,P1D,,A,,,,,,,99Q1=100,,,4,,4F0,,Swiss franc/Euro ECB reference exchange rate,"ECB reference exchange rate, Swiss franc/Euro, 2.15 pm (C.E.T.)",CHF,0
EXR.D.CHF.EUR.SP00.A,D,CHF,EUR,SP00,A,2019-10-17,1.0991,A,F,,,P1D,,A,,,,,,,99Q1=100,,,4,,4F0,,Swiss franc/Euro ECB reference exchange rate,"ECB reference exchange rate, Swiss franc/Euro, 2.15 pm (C.E.T.)",CHF,0
EXR.D.CHF.EUR.SP00.A,D,CHF,EUR,SP00,A,2019-10-18,1.0996,A,F,,,P1D,,A,,,,,,,99Q1=100,,,4,,4F0,,Swiss franc/Euro ECB reference exchange rate,"ECB reference exchange rate, Swiss franc/Euro, 2.15 pm (C.E.T.)",CHF,0
EXR.D.CHF.EUR.SP00.A,D,CHF,EUR,SP00,A,2019-10-21,1.1002,A,F,,,P1D,,A,,,,,,,99Q1=100,,,4,,4F0,,Swiss franc/Euro ECB reference exchange rate,"ECB reference exchange rate, Swiss franc/Euro, 2.15 pm (C.E.T.)",CHF,0
EXR.D.CHF.EUR.SP00.A,D,CHF,EUR,SP00,A,2019-10-22,1.1004,A,F,,,P1D,,A,,,,,,,99Q1=100,,,4,,4F0,,Swiss franc/Euro ECB reference exchange rate,"ECB reference exchange rate, Swiss franc/Euro, 2.15 pm (C.E.T.)",CHF,0
EXR.D.CHF.EUR.SP00.A,D,CHF,EUR,SP00,A,2019-10-23,1.1004,A,F,,,P1D,,A,,,,,,,99Q1=100,,,4,,4F0,,Swiss franc/Euro ECB reference exchange rate,"ECB reference exchange rate, Swiss franc/Euro, 2.15 pm (C.E.T.)",CHF,0
EXR.D.CHF.EUR.SP00.A,D,CHF,EUR,SP00,A,2019-10-24,1.1019,A,F,,,P1D,,A,,,,,,,99Q1=100,,,4,,4F0,,Swiss franc/Euro ECB reference exchange rate,"ECB reference exchange rate, Swiss franc/Euro, 2.15 pm (C.E.T.)",CHF,0
EXR.D.CHF.EUR.SP00.A,D,CHF,EUR,SP00,A,2019-10-25,1.1019,A,F,,,P1D,,A,,,,,,,99Q1=100,,,4,,4F0,,Swiss franc/Euro ECB reference exchange rate,"ECB reference exchange rate, Swiss franc/Euro, 2.15 pm (C.E.T.)",CHF,0
EXR.D.CHF.EUR.SP00.A,D,CHF,EUR,SP00,A,2019-10-28,1.1047,A,F,,,P1D,,A,,,,,,,99Q1=100,,,4,,4F0,,Swiss franc/Euro ECB reference exchange rate,"ECB reference exchange rate, Swiss franc/Euro, 2.15 pm (C.E.T.)",CHF,0
EXR.D.CHF.EUR.SP00.A,D,CHF,EUR,SP00,A,2019-10-29,1.1041,A,F,,,P1D,,A,,,,,,,99Q1=100,,,4,,4F0,,Swiss franc/Euro ECB reference exchange rate,"ECB reference exchange rate, Swiss franc/Euro, 2.15 pm (C.E.T.)",CHF,0
EXR.D.CHF.EUR.SP00.A,D,CHF,EUR,SP00,A,2019-10-30,1.1032,A,F,,,P1D,,A,,,,,,,99Q1=100,,,4,,4F0,,Swiss franc/Euro ECB reference exchange rate,"ECB reference exchange rate, Swiss franc/Euro, 2.15 pm (C.E.T.)",CHF,0
EXR.D.CHF.EUR.SP00.A,D,CHF,EUR,SP00,A,2019-10-31,1.1007,A,F,,,P1D,,A,,,,,,,99Q1=100,,,4,,4F0,,Swiss franc/Euro ECB reference exchange rate,"ECB reference exchange rate, Swiss franc/Euro, 2.15 pm (C.E.T.)",CHF,0
EXR.D.CHF.EUR.SP00.A,D,CHF,EUR,SP00,A,2019-11-01,1.1013,A,F,,,P1D,,A,,,,,,,99Q1=100,,,4,,4F0,,Swiss franc/Euro ECB reference exchange rate,"ECB reference exchange rate, Swiss franc/Euro, 2.15 pm (C.E.T.)",CHF,0
EXR.D.CHF.EUR.SP00.A,D,CHF,EUR,SP00,A,2019-11-04,1.1021,A,F,,,P1D,,A,,,,,,,99Q1=100,,,4,,4F0,,Swiss franc/Euro ECB reference exchange rate,"ECB reference exchange rate, Swiss franc/Euro, 2.15 pm (C.E.T.)",CHF,0
EXR.D.CHF.EUR.SP00.A,D,CHF,EUR,SP00,A,2019-11-05,1.1009,A,F,,,P1D,,A,,,,,,,99Q1=100,,,4,,4F0,,Swiss franc/Euro ECB reference exchange rate,"ECB reference exchange rate, Swiss franc/Euro, 2.15 pm (C.E.T.)",CHF,0
EXR.D.CHF.EUR.SP00.A,D,CHF,EUR,SP00,A,2019-11-06,1.101,A,F,,,P1D,,A,,,,,,,99Q1=100,,,4,,4F0,,Swiss franc/Euro ECB reference exchange rate,"ECB reference exchange rate, Swiss franc/Euro, 2.15 pm (C.E.T.)",CHF,0
EXR.D.CHF.EUR.SP00.A,D,CHF,EUR,SP00,A,2019-11-07,1.0998,A,F,,,P1D,,A,,,,,,,99Q1=100,,,4,,4F0,,Swiss franc/Euro ECB reference exchange rate,"ECB reference exchange rate, Swiss franc/Euro, 2.15 pm (C.E.T.)",CHF,0
EXR.D.CHF.EUR.SP00.A,D,CHF,EUR,SP00,A,2019-11-08,1.0991,A,F,,,P1D,,A,,,,,,,99Q1=100,,,4,,4F0,,Swiss franc/Euro ECB reference exchange rate,"ECB reference exchange rate, Swiss franc/Euro, 2.15 pm (C.E.T.)",CHF,0
EXR.D.CHF.EUR.SP00.A,D,CHF,EUR,SP00,A,2019-11-11,1.0972,A,F,,,P1D,,A,,,,,,,99Q1=100,,,4,,4F0,,Swiss franc/Euro ECB reference exchange rate,"ECB reference exchange rate, Swiss franc/Euro, 2.15 pm (C.E.T.)",CHF,0
EXR.D.CHF.EUR.SP00.A,D,CHF,EUR,SP00,A,2019-11-12,1.0963,A,F,,,P1D,,A,,,,,,,99Q1=100,,,4,,4F0,,Swiss franc/Euro ECB reference exchange rate,"ECB reference exchange rate, Swiss franc/Euro, 2.15 pm (C.E.T.)",CHF,0
EXR.D.CHF.EUR.SP00.A,D,CHF,EUR,SP00,A,2019-11-13,1.0894,A,F,,,P1D,,A,,,,,,,99Q1=100,,,4,,4F0,,Swiss franc/Euro ECB reference exchange rate,"ECB reference exchange rate, Swiss franc/Euro, 2.15 pm (C.E.T.)",CHF,0
EXR.D.CHF.EUR.SP00.A,D,CHF,EUR,SP00,A,2019-11-14,1.0873,A,F,,,P1D,,A,,,,,,,99Q1=100,,,4,,4F0,,Swiss franc/Euro ECB reference exchange rate,"ECB reference exchange rate, Swiss franc/Euro, 2.15 pm (C.E.T.)",CHF,0
EXR.D.CHF.EUR.SP00.A,D,CHF,EUR,SP00,A,2019-11-15,1.0924,A,F,,,P1D,,A,,,,,,,99Q1=100,,,4,,4F0,,Swiss franc/Euro ECB reference exchange rate,"ECB reference exchange rate, Swiss franc/Euro, 2.15 pm (C.E.T.)",CHF,0
EXR.D.CHF.EUR.SP00.A,D,CHF,EUR,SP00,A,2019-11-18,1.096,A,F,,,P1D,,A,,,,,,,99Q1=100,,,4,,4F0,,Swiss franc/Euro ECB reference exchange rate,"ECB reference exchange rate, Swiss franc/Euro, 2.15 pm (C.E.T.)",CHF,0
EXR.D.CHF.EUR.SP00.A,D,CHF,EUR,SP00,A,2019-11-19,1.0979,A,F,,,P1D,,A,,,,,,,99Q1=100,,,4,,4F0,,Swiss franc/Euro ECB reference exchange rate,"ECB reference exchange rate, Swiss franc/Euro, 2.15 pm (C.E.T.)",CHF,0
EXR.D.CHF.EUR.SP00.A,D,CHF,EUR,SP00,A,2019-11-20,1.0977,A,F,,,P1D,,A,,,,,,,99Q1=100,,,4,,4F0,,Swiss franc/Euro ECB reference exchange rate,"ECB reference exchange rate, Swiss franc/Euro, 2.15 pm (C.E.T.)",CHF,0
EXR.D.CHF.EUR.SP00.A,D,CHF,EUR,SP00,A,2019-11-21,1.0998,A,F,,,P1D,,A,,,,,,,99Q1=100,,,4,,4F0,,Swiss franc/Euro ECB reference exchange rate,"ECB reference exchange rate, Swiss franc/Euro, 2.15 pm (C.E.T.)",CHF,0
EXR.D.CHF.EUR.SP00.A,D,CHF,EUR,SP00,A,2019-11-22,1.0994,A,F,,,P1D,,A,,,,,,,99Q1=100,,,4,,4F0,,Swiss franc/Euro ECB reference exchange rate,"ECB reference exchange rate, Swiss franc/Euro, 2.15 pm (C.E.T.)",CHF,0
EXR.D.CHF.EUR.SP00.A,D,CHF,EUR,SP00,A,2019-11-25,1.0986,A,F,,,P1D,,A,,,,,,,99Q1=100,,,4,,4F0,,Swiss franc/Euro ECB reference exchange rate,"ECB reference exchange rate, Swiss franc/Euro, 2.15 pm (C.E.T.)",CHF,0
EXR.D.CHF.EUR.SP00.A,D,CHF,EUR,SP00,A,2019-11-26,1.0993,A,F,,,P1D,,A,,,,,,,99Q1=100,,,4,,4F0,,Swiss franc/Euro ECB reference exchange rate,"ECB reference exchange rate, Swiss franc/Euro, 2.15 pm (C.E.T.)",CHF,0
EXR.D.CHF.EUR.SP00.A,D,CHF,EUR,SP00,A,2019-11-27,1.0986,A,F,,,P1D,,A,,,,,,,99Q1=100,,,4,,4F0,,Swiss franc/Euro ECB reference exchange rate,"ECB reference exchange rate, Swiss franc/Euro, 2.15 pm (C.E.T.)",CHF,0
EXR.D.CHF.EUR.SP00.A,D,CHF,EUR,SP00,A,2019-11-28,1.0991,A,F,,,P1D,,A,,,,,,,99Q1=100,,,4,,4F0,,Swiss franc/Euro ECB reference exchange rate,"ECB reference exchange rate, Swiss franc/Euro, 2.15 pm (C.E.T.)",CHF,0
EXR.D.CHF.EUR.SP00.A,D,CHF,EUR,SP00,A,2019-11-29,1.0998,A,F,,,P1D,,A,,,,,,,99Q1=100,,,4,,4F0,,Swiss franc/Euro ECB reference exchange rate,"ECB reference exchange rate, Swiss franc/Euro, 2.15 pm (C.E.T.)",CHF,0
EXR.D.CHF.EUR.SP00.A,D,CHF,EUR,SP00,A,2019-12-02,1.0995,A,F,,,P1D,,A,,,,,,,99Q1=100,,,4,,4F0,,Swiss franc/Euro ECB reference exchange rate,"ECB reference exchange rate, Swiss franc/Euro, 2.15 pm (C.E.T.)",CHF,0
EXR.D.CHF.EUR.SP00.A,D,CHF,EUR,SP00,A,2019-12-03,1.0947,A,F,,,P1D,,A,,,,,,,99Q1=100,,,4,,4F0,,Swiss franc/Euro ECB reference exchange rate,"ECB reference exchange rate, Swiss franc/Euro, 2.15 pm (C.E.T.)",CHF,0
EXR.D.CHF.EUR.SP00.A,D,CHF,EUR,SP00,A,2019-12-04,1.0956,A,F,,,P1D,,A,,,,,,,99Q1=100,,,4,,4F0,,Swiss franc/Euro ECB reference exchange rate,"ECB reference exchange rate, Swiss franc/Euro, 2.15 pm (C.E.T.)",CHF,0
EXR.D.CHF.EUR.SP00.A,D,CHF,EUR,SP00,A,2019-12-05,1.0964,A,F,,,P1D,,A,,,,,,,99Q1=100,,,4,,4F0,,Swiss franc/Euro ECB reference exchange rate,"ECB reference exchange rate, Swiss franc/Euro, 2.15 pm (C.E.T.)",CHF,0
EXR.D.CHF.EUR.SP00.A,D,CHF,EUR,SP00,A,2019-12-06,1.0968,A,F,,,P1D,,A,,,,,,,99Q1=100,,,4,,4F0,,Swiss franc/Euro ECB reference exchange rate,"ECB reference exchange rate, Swiss franc/Euro, 2.15 pm (C.E.T.)",CHF,0
EXR.D.CHF.EUR.SP00.A,D,CHF,EUR,SP00,A,2019-12-09,1.0959,A,F,,,P1D,,A,,,,,,,99Q1=100,,,4,,4F0,,Swiss franc/Euro ECB reference exchange rate,"ECB reference exchange rate, Swiss franc/Euro, 2.15 pm (C.E.T.)",CHF,0
EXR.D.CHF.EUR.SP00.A,D,CHF,EUR,SP00,A,2019-12-10,1.0922,A,F,,,P1D,,A,,,,,,,99Q1=100,,,4,,4F0,,Swiss franc/Euro ECB reference exchange rate,"ECB reference exchange rate, Swiss franc/Euro, 2.15 pm (C.E.T.)",CHF,0
EXR.D.CHF.EUR.SP00.A,D,CHF,EUR,SP00,A,2019-12-11,1.0916,A,F,,,P1D,,A,,,,,,,99Q1=100,,,4,,4F0,,Swiss franc/Euro ECB reference exchange rate,"ECB reference exchange rate, Swiss franc/Euro, 2.15 pm (C.E.T.)",CHF,0
EXR.D.CHF.EUR.SP00.A,D,CHF,EUR,SP00,A,2019-12-12,1.0939,A,F,,,P1D,,A,,,,,,,99Q1=100,,,4,,4F0,,Swiss franc/Euro ECB reference exchange rate,"ECB reference exchange rate, Swiss franc/Euro, 2.15 pm (C.E.T.)",CHF,0
EXR.D.CHF.EUR.SP00.A,D,CHF,EUR,SP00,A,2019-12-13,1.0982,A,F,,,P1D,,A,,,,,,,99Q1=100,,,4,,4F0,,Swiss franc/Euro ECB reference exchange rate,"ECB reference exchange rate, Swiss franc/Euro, 2.15 pm (C.E.T.)",CHF,0
EXR.D.CHF.EUR.SP00.A,D,CHF,EUR,SP00,A,2019-12-16,1.0953,A,F,,,P1D,,A,,,,,,,99Q1=100,,,4,,4F0,,Swiss franc/Euro ECB reference exchange rate,"ECB reference exchange rate, Swiss franc/Euro, 2.15 pm (C.E.T.)",CHF,0
EXR.D.CHF.EUR.SP00.A,D,CHF,EUR,SP00,A,2019-12-17,1.0946,A,F,,,P1D,,A,,,,,,,99Q1=100,,,4,,4F0,,Swiss franc/Euro ECB reference exchange rate,"ECB reference exchange rate, Swiss franc/Euro, 2.15 pm (C.E.T.)",CHF,0
EXR.D.CHF.EUR.SP00.A,D,CHF,EUR,SP00,A,2019-12-18,1.0913,A,F,,,P1D,,A,,,,,,,99Q1=100,,,4,,4F0,,Swiss franc/Euro ECB reference exchange rate,"ECB reference exchange rate, Swiss franc/Euro, 2.15 pm (C.E.T.)",CHF,0
EXR.D.CHF.EUR.SP00.A,D,CHF,EUR,SP00,A,2019-12-19,1.0899,A,F,,,P1D,,A,,,,,,,99Q1=100,,,4,,4F0,,Swiss franc/Euro ECB reference exchange rate,"ECB reference exchange rate, Swiss franc/Euro, 2.15 pm (C.E.T.)",CHF,0
EXR.D.CHF.EUR.SP00.A,D,CHF,EUR,SP00,A,2019-12-20,1.0883,A,F,,,P1D,,A,,,,,,,99Q1=100,,,4,,4F0,,Swiss franc/Euro ECB reference exchange rate,"ECB reference exchange rate, Swiss franc/Euro, 2.15 pm (C.E.T.)",CHF,0
EXR.D.CHF.EUR.SP00.A,D,CHF,EUR,SP00,A,2019-12-23,1.087,A,F,,,P1D,,A,,,,,,,99Q1=100,,,4,,4F0,,Swiss franc/Euro ECB reference exchange rate,"ECB reference exchange rate, Swiss franc/Euro, 2.15 pm (C.E.T.)",CHF,0
EXR.D.CHF.EUR.SP00.A,D,CHF,EUR,SP00,A,2019-12-24,1.0878,A,F,,,P1D,,A,,,,,,,99Q1=100,,,4,,4F0,,Swiss franc/Euro ECB reference exchange rate,"ECB reference exchange rate, Swiss franc/Euro, 2.15 pm (C.E.T.)",CHF,0
EXR.D.CHF.EUR.SP00.A,D,CHF,EUR,SP00,A,2019-12-27,1.089,A,F,,,P1D,,A,,,,,,,99Q1=100,,,4,,4F0,,Swiss franc/Euro ECB reference exchange rate,"ECB reference exchange rate, Swiss franc/Euro, 2.15 pm (C.E.T.)",CHF,0
EXR.D.CHF.EUR.SP00.A,D,CHF,EUR,SP00,A,2019-12-30,1.0871,A,F,,,P1D,,A,,,,,,,99Q1=100,,,4,,4F0,,Swiss franc/Euro ECB reference exchange rate,"ECB reference exchange rate, Swiss franc/Euro, 2.15 pm (C.E.T.)",CHF,0
EXR.D.CHF.EUR.SP00.A,D,CHF,EUR,SP00,A,2019-12-31,1.0854,A,F,,,P1D,,A,,,,,,,99Q1=100,,,4,,4F0,,Swiss franc/Euro ECB reference exchange rate,"ECB reference exchange rate, Swiss franc/Euro, 2.15 pm (C.E.T.)",CHF,0
EXR.D.CHF.EUR.SP00.A,D,CHF,EUR,SP00,A,2020-01-02,1.0865,A,F,,,P1D,,A,,,,,,,99Q1=100,,,4,,4F0,,Swiss franc/Euro ECB reference exchange rate,"ECB reference exchange rate, Swiss franc/Euro, 2.15 pm (C.E.T.)",CHF,0
EXR.D.CHF.EUR.SP00.A,D,CHF,EUR,SP00,A,2020-01-03,1.084,A,F,,,P1D,,A,,,,,,,99Q1=100,,,4,,4F0,,Swiss franc/Euro ECB reference exchange rate,"ECB reference exchange rate, Swiss franc/Euro, 2.15 pm (C.E.T.)",CHF,0
EXR.D.CHF.EUR.SP00.A,D,CHF,EUR,SP00,A,2020-01-06,1.085,A,F,,,P1D,,A,,,,,,,99Q1=100,,,4,,4F0,,Swiss franc/Euro ECB reference exchange rate,"ECB reference exchange rate, Swiss franc/Euro, 2.15 pm (C.E.T.)",CHF,0
EXR.D.CHF.EUR.SP00.A,D,CHF,EUR,SP00,A,2020-01-07,1.085,A,F,,,P1D,,A,,,,,,,99Q1=100,,,4,,4F0,,Swiss franc/Euro ECB reference exchange rate,"ECB reference exchange rate, Swiss franc/Euro, 2.15 pm (C.E.T.)",CHF,0
EXR.D.CHF.EUR.SP00.A,D,CHF,EUR,SP00,A,2020-01-08,1.0792,A,F,,,P1D,,A,,,,,,,99Q1=100,,,4,,4F0,,Swiss franc/Euro ECB reference exchange rate,"ECB reference exchange rate, Swiss franc/Euro, 2.15 pm (C.E.T.)",CHF,0
EXR.D.CHF.EUR.SP00.A,D,CHF,EUR,SP00,A,2020-01-09,1.0808,A,F,,,P1D,,A,,,,,,,99Q1=100,,,4,,4F0,,Swiss franc/Euro ECB reference exchange rate,"ECB reference exchange rate, Swiss franc/Euro, 2.15 pm (C.E.T.)",CHF,0
EXR.D.CHF.EUR.SP00.A,D,CHF,EUR,SP00,A,2020-01-10,1.0822,A,F,,,P1D,,A,,,,,,,99Q1=100,,,4,,4F0,,Swiss franc/Euro ECB reference exchange rate,"ECB reference exchange rate, Swiss franc/Euro, 2.15 pm (C.E.T.)",CHF,0
EXR.D.CHF.EUR.SP00.A,D,CHF,EUR,SP00,A,2020-01-13,1.0811,A,F,,,P1D,,A,,,,,,,99Q1=100,,,4,,4F0,,Swiss franc/Euro ECB reference exchange rate,"ECB reference exchange rate, Swiss franc/Euro, 2.15 pm (C.E.T.)",CHF,0
EXR.D.CHF.EUR.SP00.A,D,CHF,EUR,SP00,A,2020-01-14,1.0767,A,F,,,P1D,,A,,,,,,,99Q1=100,,,4,,4F0,,Swiss franc/Euro ECB reference exchange rate,"ECB reference exchange rate, Swiss franc/Euro, 2.15 pm (C.E.T.)",CHF,0
EXR.D.CHF.EUR.SP00.A,D,CHF,EUR,SP00,A,2020-01-15,1.0751,A,F,,,P1D,,A,,,,,,,99Q1=100,,,4,,4F0,,Swiss franc/Euro ECB reference exchange rate,"ECB reference exchange rate, Swiss franc/Euro, 2.15 pm (C.E.T.)",CHF,0
EXR.D.CHF.EUR.SP00.A,D,CHF,EUR,SP00,A,2020-01-16,1.0739,A,F,,,P1D,,A,,,,,,,99Q1=100,,,4,,4F0,,Swiss franc/Euro ECB reference exchange rate,"ECB reference exchange rate, Swiss franc/Euro, 2.15 pm (C.E.T.)",CHF,0
EXR.D.CHF.EUR.SP00.A,D,CHF,EUR,SP00,A,2020-01-17,1.0736,A,F,,,P1D,,A,,,,,,,99Q1=100,,,4,,4F0,,Swiss franc/Euro ECB reference exchange rate,"ECB reference exchange rate, Swiss franc/Euro, 2.15 pm (C.E.T.)",CHF,0
EXR.D.CHF.EUR.SP00.A,D,CHF,EUR,SP00,A,2020-01-20,1.0737,A,F,,,P1D,,A,,,,,,,99Q1=100,,,4,,4F0,,Swiss franc/Euro ECB reference exchange rate,"ECB reference exchange rate, Swiss franc/Euro, 2.15 pm (C.E.T.)",CHF,0
EXR.D.CHF.EUR.SP00.A,D,CHF,EUR,SP00,A,2020-01-21,1.0743,A,F,,,P1D,,A,,,,,,,99Q1=100,,,4,,4F0,,Swiss franc/Euro ECB reference exchange rate,"ECB reference exchange rate, Swiss franc/Euro, 2.15 pm (C.E.T.)",CHF,0
EXR.D.CHF.EUR.SP00.A,D,CHF,EUR,SP00,A,2020-01-22,1.0757,A,F,,,P1D,,A,,,,,,,99Q1=100,,,4,,4F0,,Swiss franc/Euro ECB reference exchange rate,"ECB reference exchange rate, Swiss franc/Euro, 2.15 pm (C.E.T.)",CHF,0
EXR.D.CHF.EUR.SP00.A,D,CHF,EUR,SP00,A,2020-01-23,1.0734,A,F,,,P1D,,A,,,,,,,99Q1=100,,,4,,4F0,,Swiss franc/Euro ECB reference exchange rate,"ECB reference exchange rate, Swiss franc/Euro, 2.15 pm (C.E.T.)",CHF,0
EXR.D.CHF.EUR.SP00.A,D,CHF,EUR,SP00,A,2020-01-24,1.0712,A,F,,,P1D,,A,,,,,,,99Q1=100,,,4,,4F0,,Swiss franc/Euro ECB reference exchange rate,"ECB reference exchange rate, Swiss franc/Euro, 2.15 pm (C.E.T.)",CHF,0
EXR.D.CHF.EUR.SP00.A,D,CHF,EUR,SP00,A,2020-01-27,1.0689,A,F,,,P1D,,A,,,,,,,99Q1=100,,,4,,4F0,,Swiss franc/Euro ECB reference exchange rate,"ECB reference exchange rate, Swiss franc/Euro, 2.15 pm (C.E.T.)",CHF,0
EXR.D.CHF.EUR.SP00.A,D,CHF,EUR,SP00,A,2020-01-28,1.0703,A,F,,,P1D,,A,,,,,,,99Q1=100,,,4,,4F0,,Swiss franc/Euro ECB reference exchange rate,"ECB reference exchange rate, Swiss franc/Euro, 2.15 pm (C.E.T.)",CHF,0
EXR.D.CHF.EUR.SP00.A,D,CHF,EUR,SP00,A,2020-01-29,1.0729,A,F,,,P1D,,A,,,,,,,99Q1=100,,,4,,4F0,,Swiss franc/Euro ECB reference exchange rate,"ECB reference exchange rate, Swiss franc/Euro, 2.15 pm (C.E.T.)",CHF,0
EXR.D.CHF.EUR.SP00.A,D,CHF,EUR,SP00,A,2020-01-30,1.069,A,F,,,P1D,,A,,,,,,,99Q1=100,,,4,,4F0,,Swiss franc/Euro ECB reference exchange rate,"ECB reference exchange rate, Swiss franc/Euro, 2.15 pm (C.E.T.)",CHF,0
EXR.D.CHF.EUR.SP00.A,D,CHF,EUR,SP00,A,2020-01-31,1.0694,A,F,,,P1D,,A,,,,,,,99Q1=100,,,4,,4F0,,Swiss franc/Euro ECB reference exchange rate,"ECB reference exchange rate, Swiss franc/Euro, 2.15 pm (C.E.T.)",CHF,0
EXR.D.CHF.EUR.SP00.A,D,CHF,EUR,SP00,A,2020-02-03,1.0672,A,F,,,P1D,,A,,,,,,,99Q1=100,,,4,,4F0,,Swiss franc/Euro ECB reference exchange rate,"ECB reference exchange rate, Swiss franc/Euro, 2.15 pm (C.E.T.)",CHF,0
EXR.D.CHF.EUR.SP00.A,D,CHF,EUR,SP00,A,2020-02-04,1.0702,A,F,,,P1D,,A,,,,,,,99Q1=100,,,4,,4F0,,Swiss franc/Euro ECB reference exchange rate,"ECB reference exchange rate, Swiss franc/Euro, 2.15 pm (C.E.T.)",CHF,0
EXR.D.CHF.EUR.SP00.A,D,CHF,EUR,SP00,A,2020-02-05,1.0717,A,F,,,P1D,,A,,,,,,,99Q1=100,,,4,,4F0,,Swiss franc/Euro ECB reference exchange rate,"ECB reference exchange rate, Swiss franc/Euro, 2.15 pm (C.E.T.)",CHF,0
EXR.D.CHF.EUR.SP00.A,D,CHF,EUR,SP00,A,2020-02-06,1.0715,A,F,,,P1D,,A,,,,,,,99Q1=100,,,4,,4F0,,Swiss franc/Euro ECB reference exchange rate,"ECB reference exchange rate, Swiss franc/Euro, 2.15 pm (C.E.T.)",CHF,0
EXR.D.CHF.EUR.SP00.A,D,CHF,EUR,SP00,A,2020-02-07,1.0705,A,F,,,P1D,,A,,,,,,,99Q1=100,,,4,,4F0,,Swiss franc/Euro ECB reference exchange rate,"ECB reference exchange rate, Swiss franc/Euro, 2.15 pm (C.E.T.)",CHF,0
EXR.D.CHF.EUR.SP00.A,D,CHF,EUR,SP00,A,2020-02-10,1.07,A,F,,,P1D,,A,,,,,,,99Q1=100,,,4,,4F0,,Swiss franc/Euro ECB reference exchange rate,"ECB reference exchange rate, Swiss franc/Euro, 2.15 pm (C.E.T.)",CHF,0
EXR.D.CHF.EUR.SP00.A,D,CHF,EUR,SP00,A,2020-02-11,1.0667,A,F,,,P1D,,A,,,,,,,99Q1=100,,,4,,4F0,,Swiss franc/Euro ECB reference exchange rate,"ECB reference exchange rate, Swiss franc/Euro, 2.15 pm (C.E.T.)",CHF,0
EXR.D.CHF.EUR.SP00.A,D,CHF,EUR,SP00,A,2020-02-12,1.0645,A,F,,,P1D,,A,,,,,,,99Q1=100,,,4,,4F0,,Swiss franc/Euro ECB reference exchange rate,"ECB reference exchange rate, Swiss franc/Euro, 2.15 pm (C.E.T.)",CHF,0
EXR.D.CHF.EUR.SP00.A,D,CHF,EUR,SP00,A,2020-02-13,1.0633,A,F,,,P1D,,A,,,,,,,99Q1=100,,,4,,4F0,,Swiss franc/Euro ECB reference exchange rate,"ECB reference exchange rate, Swiss franc/Euro, 2.15 pm (C.E.T.)",CHF,0
EXR.D.CHF.EUR.SP00.A,D,CHF,EUR,SP00,A,2020-02-14,1.0641,A,F,,,P1D,,A,,,,,,,99Q1=100,,,4,,4F0,,Swiss franc/Euro ECB reference exchange rate,"ECB reference exchange rate, Swiss franc/Euro, 2.15 pm (C.E.T.)",CHF,0
EXR.D.CHF.EUR.SP00.A,D,CHF,EUR,SP00,A,2020-02-17,1.0641,A,F,,,P1D,,A,,,,,,,99Q1=100,,,4,,4F0,,Swiss franc/Euro ECB reference exchange rate,"ECB reference exchange rate, Swiss franc/Euro, 2.15 pm (C.E.T.)",CHF,0
EXR.D.CHF.EUR.SP00.A,D,CHF,EUR,SP00,A,2020-02-18,1.0619,A,F,,,P1D,,A,,,,,,,99Q1=100,,,4,,4F0,,Swiss franc/Euro ECB reference exchange rate,"ECB reference exchange rate, Swiss franc/Euro, 2.15 pm (C.E.T.)",CHF,0
EXR.D.CHF.EUR.SP00.A,D,CHF,EUR,SP00,A,2020-02-19,1.0621,A,F,,,P1D,,A,,,,,,,99Q1=100,,,4,,4F0,,Swiss franc/Euro ECB reference exchange rate,"ECB reference exchange rate, Swiss franc/Euro, 2.15 pm (C.E.T.)",CHF,0
EXR.D.CHF.EUR.SP00.A,D,CHF,EUR,SP00,A,2020-02-20,1.0616,A,F,,,P1D,,A,,,,,,,99Q1=100,,,4,,4F0,,Swiss franc/Euro ECB reference exchange rate,"ECB reference exchange rate, Swiss franc/Euro, 2.15 pm (C.E.T.)",CHF,0
EXR.D.CHF.EUR.SP00.A,D,CHF,EUR,SP00,A,2020-02-21,1.061,A,F,,,P1D,,A,,,,,,,99Q1=100,,,4,,4F0,,Swiss franc/Euro ECB reference exchange rate,"ECB reference exchange rate, Swiss franc/Euro, 2.15 pm (C.E.T.)",CHF,0
EXR.D.CHF.EUR.SP00.A,D,CHF,EUR,SP00,A,2020-02-24,1.06,A,F,,,P1D,,A,,,,,,,99Q1=100,,,4,,4F0,,Swiss franc/Euro ECB reference exchange rate,"ECB reference exchange rate, Swiss franc/Euro, 2.15 pm (C.E.T.)",CHF,0
EXR.D.CHF.EUR.SP00.A,D,CHF,EUR,SP00,A,2020-02-25,1.0605,A,F,,,P1D,,A,,,,,,,99Q1=100,,,4,,4F0,,Swiss franc/Euro ECB reference exchange rate,"ECB reference exchange rate, Swiss franc/Euro, 2.15 pm (C.E.T.)",CHF,0
EXR.D.CHF.EUR.SP00.A,D,CHF,EUR,SP00,A,2020-02-26,1.0606,A,F,,,P1D,,A,,,,,,,99Q1=100,,,4,,4F0,,Swiss franc/Euro ECB reference exchange rate,"ECB reference exchange rate, Swiss franc/Euro, 2.15 pm (C.E.T.)",CHF,0
EXR.D.CHF.EUR.SP00.A,D,CHF,EUR,SP00,A,2020-02-27,1.0627,A,F,,,P1D,,A,,,,,,,99Q1=100,,,4,,4F0,,Swiss franc/Euro ECB reference exchange rate,"ECB reference exchange rate, Swiss franc/Euro, 2.15 pm (C.E.T.)",CHF,0
EXR.D.CHF.EUR.SP00.A,D,CHF,EUR,SP00,A,2020-02-28,1.0614,A,F,,,P1D,,A,,,,,,,99Q1=100,,,4,,4F0,,Swiss franc/Euro ECB reference exchange rate,"ECB reference exchange rate, Swiss franc/Euro, 2.15 pm (C.E.T.)",CHF,0
EXR.D.CHF.EUR.SP00.A,D,CHF,EUR,SP00,A,2020-03-02,1.0655,A,F,,,P1D,,A,,,,,,,99Q1=100,,,4,,4F0,,Swiss franc/Euro ECB reference exchange rate,"ECB reference exchange rate, Swiss franc/Euro, 2.15 pm (C.E.T.)",CHF,0
EXR.D.CHF.EUR.SP00.A,D,CHF,EUR,SP00,A,2020-03-03,1.0646,A,F,,,P1D,,A,,,,,,,99Q1=100,,,4,,4F0,,Swiss franc/Euro ECB reference exchange rate,"ECB reference exchange rate, Swiss franc/Euro, 2.15 pm (C.E.T.)",CHF,0
EXR.D.CHF.EUR.SP00.A,D,CHF,EUR,SP00,A,2020-03-04,1.0647,A,F,,,P1D,,A,,,,,,,99Q1=100,,,4,,4F0,,Swiss franc/Euro ECB reference exchange rate,"ECB reference exchange rate, Swiss franc/Euro, 2.15 pm (C.E.T.)",CHF,0
EXR.D.CHF.EUR.SP00.A,D,CHF,EUR,SP00,A,2020-03-05,1.0663,A,F,,,P1D,,A,,,,,,,99Q1=100,,,4,,4F0,,Swiss franc/Euro ECB reference exchange rate,"ECB reference exchange rate, Swiss franc/Euro, 2.15 pm (C.E.T.)",CHF,0
EXR.D.CHF.EUR.SP00.A,D,CHF,EUR,SP00,A,2020-03-06,1.0589,A,F,,,P1D,,A,,,,,,,99Q1=100,,,4,,4F0,,Swiss franc/Euro ECB reference exchange rate,"ECB reference exchange rate, Swiss franc/Euro, 2.15 pm (C.E.T.)",CHF,0
EXR.D.CHF.EUR.SP00.A,D,CHF,EUR,SP00,A,2020-03-09,1.0594,A,F,,,P1D,,A,,,,,,,99Q1=100,,,4,,4F0,,Swiss franc/Euro ECB reference exchange rate,"ECB reference exchange rate, Swiss franc/Euro, 2.15 pm (C.E.T.)",CHF,0
EXR.D.CHF.EUR.SP00.A,D,CHF,EUR,SP00,A,2020-03-10,1.0594,A,F,,,P1D,,A,,,,,,,99Q1=100,,,4,,4F0,,Swiss franc/Euro ECB reference exchange rate,"ECB reference exchange rate, Swiss franc/Euro, 2.15 pm (C.E.T.)",CHF,0
EXR.D.CHF.EUR.SP00.A,D,CHF,EUR,SP00,A,2020-03-11,1.0591,A,F,,,P1D,,A,,,,,,,99Q1=100,,,4,,4F0,,Swiss franc/Euro ECB reference exchange rate,"ECB reference exchange rate, Swiss franc/Euro, 2.15 pm (C.E.T.)",CHF,0
EXR.D.CHF.EUR.SP00.A,D,CHF,EUR,SP00,A,2020-03-12,1.0549,A,F,,,P1D,,A,,,,,,,99Q1=100,,,4,,4F0,,Swiss franc/Euro ECB reference exchange rate,"ECB reference exchange rate, Swiss franc/Euro, 2.15 pm (C.E.T.)",CHF,0
EXR.D.CHF.EUR.SP00.A,D,CHF,EUR,SP00,A,2020-03-13,1.0608,A,F,,,P1D,,A,,,,,,,99Q1=100,,,4,,4F0,,Swiss franc/Euro ECB reference exchange rate,"ECB reference exchange rate, Swiss franc/Euro, 2.15 pm (C.E.T.)",CHF,0
EXR.D.CHF.EUR.SP00.A,D,CHF,EUR,SP00,A,2020-03-16,1.0546,A,F,,,P1D,,A,,,,,,,99Q1=100,,,4,,4F0,,Swiss franc/Euro ECB reference exchange rate,"ECB reference exchange rate, Swiss franc/Euro, 2.15 pm (C.E.T.)",CHF,0
EXR.D.CHF.EUR.SP00.A,D,CHF,EUR,SP00,A,2020-03-17,1.0561,A,F,,,P1D,,A,,,,,,,99Q1=100,,,4,,4F0,,Swiss franc/Euro ECB reference exchange rate,"ECB reference exchange rate, Swiss franc/Euro, 2.15 pm (C.E.T.)",CHF,0
EXR.D.CHF.EUR.SP00.A,D,CHF,EUR,SP00,A,2020-03-18,1.0546,A,F,,,P1D,,A,,,,,,,99Q1=100,,,4,,4F0,,Swiss franc/Euro ECB reference exchange rate,"ECB reference exchange rate, Swiss franc/Euro, 2.15 pm (C.E.T.)",CHF,0
EXR.D.CHF.EUR.SP00.A,D,CHF,EUR,SP00,A,2020-03-19,1.0535,A,F,,,P1D,,A,,,,,,,99Q1=100,,,4,,4F0,,Swiss franc/Euro ECB reference exchange rate,"ECB reference exchange rate, Swiss franc/Euro, 2.15 pm (C.E.T.)",CHF,0
EXR.D.CHF.EUR.SP00.A,D,CHF,EUR,SP00,A,2020-03-20,1.0546,A,F,,,P1D,,A,,,,,,,99Q1=100,,,4,,4F0,,Swiss franc/Euro ECB reference exchange rate,"ECB reference exchange rate, Swiss franc/Euro, 2.15 pm (C.E.T.)",CHF,0
EXR.D.CHF.EUR.SP00.A,D,CHF,EUR,SP00,A,2020-03-23,1.059,A,F,,,P1D,,A,,,,,,,99Q1=100,,,4,,4F0,,Swiss franc/Euro ECB reference exchange rate,"ECB reference exchange rate, Swiss franc/Euro, 2.15 pm (C.E.T.)",CHF,0
EXR.D.CHF.EUR.SP00.A,D,CHF,EUR,SP00,A,2020-03-24,1.0572,A,F,,,P1D,,A,,,,,,,99Q1=100,,,4,,4F0,,Swiss franc/Euro ECB reference exchange rate,"ECB reference exchange rate, Swiss franc/Euro, 2.15 pm (C.E.T.)",CHF,0
EXR.D.CHF.EUR.SP00.A,D,CHF,EUR,SP00,A,2020-03-25,1.0602,A,F,,,P1D,,A,,,,,,,99Q1=100,,,4,,4F0,,Swiss franc/Euro ECB reference exchange rate,"ECB reference exchange rate, Swiss franc/Euro, 2.15 pm (C.E.T.)",CHF,0
EXR.D.CHF.EUR.SP00.A,D,CHF,EUR,SP00,A,2020-03-26,1.0634,A,F,,,P1D,,A,,,,,,,99Q1=100,,,4,,4F0,,Swiss franc/Euro ECB reference exchange rate,"ECB reference exchange rate, Swiss franc/Euro, 2.15 pm (C.E.T.)",CHF,0
EXR.D.CHF.EUR.SP00.A,D,CHF,EUR,SP00,A,2020-03-27,1.0581,A,F,,,P1D,,A,,,,,,,99Q1=100,,,4,,4F0,,Swiss franc/Euro ECB reference exchange rate,"ECB reference exchange rate, Swiss franc/Euro, 2.15 pm (C.E.T.)",CHF,0
EXR.D.CHF.EUR.SP00.A,D,CHF,EUR,SP00,A,2020-03-30,1.0571,A,F,,,P1D,,A,,,,,,,99Q1=100,,,4,,4F0,,Swiss franc/Euro ECB reference exchange rate,"ECB reference exchange rate, Swiss franc/Euro, 2.15 pm (C.E.T.)",CHF,0
EXR.D.CHF.EUR.SP00.A,D,CHF,EUR,SP00,A,2020-03-31,1.0585,A,F,,,P1D,,A,,,,,,,99Q1=100,,,4,,4F0,,Swiss franc/Euro ECB reference exchange rate,"ECB reference exchange rate, Swiss franc/Euro, 2.15 pm (C.E.T.)",CHF,0
EXR.D.CHF.EUR.SP00.A,D,CHF,EUR,SP00,A,2020-04-01,1.0564,A,F,,,P1D,,A,,,,,,,99Q1=100,,,4,,4F0,,Swiss franc/Euro ECB reference exchange rate,"ECB reference exchange rate, Swiss franc/Euro, 2.15 pm (C.E.T.)",CHF,0
EXR.D.CHF.EUR.SP00.A,D,CHF,EUR,SP00,A,2020-04-02,1.0551,A,F,,,P1D,,A,,,,,,,99Q1=100,,,4,,4F0,,Swiss franc/Euro ECB reference exchange rate,"ECB reference exchange rate, Swiss franc/Euro, 2.15 pm (C.E.T.)",CHF,0
EXR.D.CHF.EUR.SP00.A,D,CHF,EUR,SP00,A,2020-04-03,1.0547,A,F,,,P1D,,A,,,,,,,99Q1=100,,,4,,4F0,,Swiss franc/Euro ECB reference exchange rate,"ECB reference exchange rate, Swiss franc/Euro, 2.15 pm (C.E.T.)",CHF,0
EXR.D.CHF.EUR.SP00.A,D,CHF,EUR,SP00,A,2020-04-06,1.056,A,F,,,P1D,,A,,,,,,,99Q1=100,,,4,,4F0,,Swiss franc/Euro ECB reference exchange rate,"ECB reference exchange rate, Swiss franc/Euro, 2.15 pm (C.E.T.)",CHF,0
EXR.D.CHF.EUR.SP00.A,D,CHF,EUR,SP00,A,2020-04-07,1.0582,A,F,,,P1D,,A,,,,,,,99Q1=100,,,4,,4F0,,Swiss franc/Euro ECB reference exchange rate,"ECB reference exchange rate, Swiss franc/Euro, 2.15 pm (C.E.T.)",CHF,0
EXR.D.CHF.EUR.SP00.A,D,CHF,EUR,SP00,A,2020-04-08,1.0557,A,F,,,P1D,,A,,,,,,,99Q1=100,,,4,,4F0,,Swiss franc/Euro ECB reference exchange rate,"ECB reference exchange rate, Swiss franc/Euro, 2.15 pm (C.E.T.)",CHF,0
EXR.D.CHF.EUR.SP00.A,D,CHF,EUR,SP00,A,2020-04-09,1.0558,A,F,,,P1D,,A,,,,,,,99Q1=100,,,4,,4F0,,Swiss franc/Euro ECB reference exchange rate,"ECB reference exchange rate, Swiss franc/Euro, 2.15 pm (C.E.T.)",CHF,0
EXR.D.CHF.EUR.SP00.A,D,CHF,EUR,SP00,A,2020-04-14,1.0543,A,F,,,P1D,,A,,,,,,,99Q1=100,,,4,,4F0,,Swiss franc/Euro ECB reference exchange rate,"ECB reference exchange rate, Swiss franc/Euro, 2.15 pm (C.E.T.)",CHF,0
EXR.D.CHF.EUR.SP00.A,D,CHF,EUR,SP00,A,2020-04-15,1.0534,A,F,,,P1D,,A,,,,,,,99Q1=100,,,4,,4F0,,Swiss franc/Euro ECB reference exchange rate,"ECB reference exchange rate, Swiss franc/Euro, 2.15 pm (C.E.T.)",CHF,0
EXR.D.CHF.EUR.SP00.A,D,CHF,EUR,SP00,A,2020-04-16,1.0516,A,F,,,P1D,,A,,,,,,,99Q1=100,,,4,,4F0,,Swiss franc/Euro ECB reference exchange rate,"ECB reference exchange rate, Swiss franc/Euro, 2.15 pm (C.E.T.)",CHF,0
EXR.D.CHF.EUR.SP00.A,D,CHF,EUR,SP00,A,2020-04-17,1.0515,A,F,,,P1D,,A,,,,,,,99Q1=100,,,4,,4F0,,Swiss franc/Euro ECB reference exchange rate,"ECB reference exchange rate, Swiss franc/Euro, 2.15 pm (C.E.T.)",CHF,0
EXR.D.CHF.EUR.SP00.A,D,CHF,EUR,SP00,A,2020-04-20,1.0518,A,F,,,P1D,,A,,,,,,,99Q1=100,,,4,,4F0,,Swiss franc/Euro ECB reference exchange rate,"ECB reference exchange rate, Swiss franc/Euro, 2.15 pm (C.E.T.)",CHF,0
EXR.D.CHF.EUR.SP00.A,D,CHF,EUR,SP00,A,2020-04-21,1.0517,A,F,,,P1D,,A,,,,,,,99Q1=100,,,4,,4F0,,Swiss franc/Euro ECB reference exchange rate,"ECB reference exchange rate, Swiss franc/Euro, 2.15 pm (C.E.T.)",CHF,0
EXR.D.CHF.EUR.SP00.A,D,CHF,EUR,SP00,A,2020-04-22,1.0523,A,F,,,P1D,,A,,,,,,,99Q1=100,,,4,,4F0,,Swiss franc/Euro ECB reference exchange rate,"ECB reference exchange rate, Swiss franc/Euro, 2.15 pm (C.E.T.)",CHF,0
EXR.D.CHF.EUR.SP00.A,D,CHF,EUR,SP00,A,2020-04-23,1.0511,A,F,,,P1D,,A,,,,,,,99Q1=100,,,4,,4F0,,Swiss franc/Euro ECB reference exchange rate,"ECB reference exchange rate, Swiss franc/Euro, 2.15 pm (C.E.T.)",CHF,0
EXR.D.CHF.EUR.SP00.A,D,CHF,EUR,SP00,A,2020-04-24,1.0525,A,F,,,P1D,,A,,,,,,,99Q1=100,,,4,,4F0,,Swiss franc/Euro ECB reference exchange rate,"ECB reference exchange rate, Swiss franc/Euro, 2.15 pm (C.E.T.)",CHF,0
EXR.D.CHF.EUR.SP00.A,D,CHF,EUR,SP00,A,2020-04-27,1.0557,A,F,,,P1D,,A,,,,,,,99Q1=100,,,4,,4F0,,Swiss franc/Euro ECB reference exchange rate,"ECB reference exchange rate, Swiss franc/Euro, 2.15 pm (C.E.T.)",CHF,0
EXR.D.CHF.EUR.SP00.A,D,CHF,EUR,SP00,A,2020-04-28,1.0586,A,F,,,P1D,,A,,,,,,,99Q1=100,,,4,,4F0,,Swiss franc/Euro ECB reference exchange rate,"ECB reference exchange rate, Swiss franc/Euro, 2.15 pm (C.E.T.)",CHF,0
EXR.D.CHF.EUR.SP00.A,D,CHF,EUR,SP00,A,2020-04-29,1.0571,A,F,,,P1D,,A,,,,,,,99Q1=100,,,4,,4F0,,Swiss franc/Euro ECB reference exchange rate,"ECB reference exchange rate, Swiss franc/Euro, 2.15 pm (C.E.T.)",CHF,0
EXR.D.CHF.EUR.SP00.A,D,CHF,EUR,SP00,A,2020-04-30,1.0558,A,F,,,P1D,,A,,,,,,,99Q1=100,,,4,,4F0,,Swiss franc/Euro ECB reference exchange rate,"ECB reference exchange rate, Swiss franc/Euro, 2.15 pm (C.E.T.)",CHF,0
EXR.D.CHF.EUR.SP00.A,D,CHF,EUR,SP00,A,2020-05-04,1.0548,A,F,,,P1D,,A,,,,,,,99Q1=100,,,4,,4F0,,Swiss franc/Euro ECB reference exchange rate,"ECB reference exchange rate, Swiss franc/Euro, 2.15 pm (C.E.T.)",CHF,0
EXR.D.CHF.EUR.SP00.A,D,CHF,EUR,SP00,A,2020-05-05,1.0525,A,F,,,P1D,,A,,,,,,,99Q1=100,,,4,,4F0,,Swiss franc/Euro ECB reference exchange rate,"ECB reference exchange rate, Swiss franc/Euro, 2.15 pm (C.E.T.)",CHF,0
EXR.D.CHF.EUR.SP00.A,D,CHF,EUR,SP00,A,2020-05-06,1.053,A,F,,,P1D,,A,,,,,,,99Q1=100,,,4,,4F0,,Swiss franc/Euro ECB reference exchange rate,"ECB reference exchange rate, Swiss franc/Euro, 2.15 pm (C.E.T.)",CHF,0
EXR.D.CHF.EUR.SP00.A,D,CHF,EUR,SP00,A,2020-05-07,1.053,A,F,,,P1D,,A,,,,,,,99Q1=100,,,4,,4F0,,Swiss franc/Euro ECB reference exchange rate,"ECB reference exchange rate, Swiss franc/Euro, 2.15 pm (C.E.T.)",CHF,0
EXR.D.CHF.EUR.SP00.A,D,CHF,EUR,SP00,A,2020-05-08,1.0529,A,F,,,P1D,,A,,,,,,,99Q1=100,,,4,,4F0,,Swiss franc/Euro ECB reference exchange rate,"ECB reference exchange rate, Swiss franc/Euro, 2.15 pm (C.E.T.)",CHF,0
EXR.D.CHF.EUR.SP00.A,D,CHF,EUR,SP00,A,2020-05-11,1.0519,A,F,,,P1D,,A,,,,,,,99Q1=100,,,4,,4F0,,Swiss franc/Euro ECB reference exchange rate,"ECB reference exchange rate, Swiss franc/Euro, 2.15 pm (C.E.T.)",CHF,0
EXR.D.CHF.EUR.SP00.A,D,CHF,EUR,SP00,A,2020-05-12,1.052,A,F,,,P1D,,A,,,,,,,99Q1=100,,,4,,4F0,,Swiss franc/Euro ECB reference exchange rate,"ECB reference exchange rate, Swiss franc/Euro, 2.15 pm (C.E.T.)",CHF,0
EXR.D.CHF.EUR.SP00.A,D,CHF,EUR,SP00,A,2020-05-13,1.0528,A,F,,,P1D,,A,,,,,,,99Q1=100,,,4,,4F0,,Swiss franc/Euro ECB reference exchange rate,"ECB reference exchange rate, Swiss franc/Euro, 2.15 pm (C.E.T.)",CHF,0
EXR.D.CHF.EUR.SP00.A,D,CHF,EUR,SP00,A,2020-05-14,1.0512,A,F,,,P1D,,A,,,,,,,99Q1=100,,,4,,4F0,,Swiss franc/Euro ECB reference exchange rate,"ECB reference exchange rate, Swiss franc/Euro, 2.15 pm (C.E.T.)",CHF,0
EXR.D.CHF.EUR.SP00.A,D,CHF,EUR,SP00,A,2020-05-15,1.0513,A,F,,,P1D,,A,,,,,,,99Q1=100,,,4,,4F0,,Swiss franc/Euro ECB reference exchange rate,"ECB reference exchange rate, Swiss franc/Euro, 2.15 pm (C.E.T.)",CHF,0
EXR.D.CHF.EUR.SP00.A,D,CHF,EUR,SP00,A,2020-05-18,1.0521,A,F,,,P1D,,A,,,,,,,99Q1=100,,,4,,4F0,,Swiss franc/Euro ECB reference exchange rate,"ECB reference exchange rate, Swiss franc/Euro, 2.15 pm (C.E.T.)",CHF,0
EXR.D.CHF.EUR.SP00.A,D,CHF,EUR,SP00,A,2020-05-19,1.0633,A,F,,,P1D,,A,,,,,,,99Q1=100,,,4,,4F0,,Swiss franc/Euro ECB reference exchange rate,"ECB reference exchange rate, Swiss franc/Euro, 2.15 pm (C.E.T.)",CHF,0
EXR.D.CHF.EUR.SP00.A,D,CHF,EUR,SP00,A,2020-05-20,1.0584,A,F,,,P1D,,A,,,,,,,99Q1=100,,,4,,4F0,,Swiss franc/Euro ECB reference exchange rate,"ECB reference exchange rate, Swiss franc/Euro, 2.15 pm (C.E.T.)",CHF,0
EXR.D.CHF.EUR.SP00.A,D,CHF,EUR,SP00,A,2020-05-21,1.0628,A,F,,,P1D,,A,,,,,,,99Q1=100,,,4,,4F0,,Swiss franc/Euro ECB reference exchange rate,"ECB reference exchange rate, Swiss franc/Euro, 2.15 pm (C.E.T.)",CHF,0
EXR.D.CHF.EUR.SP00.A,D,CHF,EUR,SP00,A,2020-05-22,1.0591,A,F,,,P1D,,A,,,,,,,99Q1=100,,,4,,4F0,,Swiss franc/Euro ECB reference exchange rate,"ECB reference exchange rate, Swiss franc/Euro, 2.15 pm (C.E.T.)",CHF,0
EXR.D.CHF.EUR.SP00.A,D,CHF,EUR,SP00,A,2020-05-25,1.0597,A,F,,,P1D,,A,,,,,,,99Q1=100,,,4,,4F0,,Swiss franc/Euro ECB reference exchange rate,"ECB reference exchange rate, Swiss franc/Euro, 2.15 pm (C.E.T.)",CHF,0
EXR.D.CHF.EUR.SP00.A,D,CHF,EUR,SP00,A,2020-05-26,1.06,A,F,,,P1D,,A,,,,,,,99Q1=100,,,4,,4F0,,Swiss franc/Euro ECB reference exchange rate,"ECB reference exchange rate, Swiss franc/Euro, 2.15 pm (C.E.T.)",CHF,0
EXR.D.CHF.EUR.SP00.A,D,CHF,EUR,SP00,A,2020-05-27,1.0675,A,F,,,P1D,,A,,,,,,,99Q1=100,,,4,,4F0,,Swiss franc/Euro ECB reference exchange rate,"ECB reference exchange rate, Swiss franc/Euro, 2.15 pm (C.E.T.)",CHF,0
EXR.D.CHF.EUR.SP00.A,D,CHF,EUR,SP00,A,2020-05-28,1.0683,A,F,,,P1D,,A,,,,,,,99Q1=100,,,4,,4F0,,Swiss franc/Euro ECB reference exchange rate,"ECB reference exchange rate, Swiss franc/Euro, 2.15 pm (C.E.T.)",CHF,0
EXR.D.CHF.EUR.SP00.A,D,CHF,EUR,SP00,A,2020-05-29,1.072,A,F,,,P1D,,A,,,,,,,99Q1=100,,,4,,4F0,,Swiss franc/Euro ECB reference exchange rate,"ECB reference exchange rate, Swiss franc/Euro, 2.15 pm (C.E.T.)",CHF,0
EXR.D.CHF.EUR.SP00.A,D,CHF,EUR,SP00,A,2020-06-01,1.0686,A,F,,,P1D,,A,,,,,,,99Q1=100,,,4,,4F0,,Swiss franc/Euro ECB reference exchange rate,"ECB reference exchange rate, Swiss franc/Euro, 2.15 pm (C.E.T.)",CHF,0
EXR.D.CHF.EUR.SP00.A,D,CHF,EUR,SP00,A,2020-06-02,1.0741,A,F,,,P1D,,A,,,,,,,99Q1=100,,,4,,4F0,,Swiss franc/Euro ECB reference exchange rate,"ECB reference exchange rate, Swiss franc/Euro, 2.15 pm (C.E.T.)",CHF,0
EXR.D.CHF.EUR.SP00.A,D,CHF,EUR,SP00,A,2020-06-03,1.0793,A,F,,,P1D,,A,,,,,,,99Q1=100,,,4,,4F0,,Swiss franc/Euro ECB reference exchange rate,"ECB reference exchange rate, Swiss franc/Euro, 2.15 pm (C.E.T.)",CHF,0
EXR.D.CHF.EUR.SP00.A,D,CHF,EUR,SP00,A,2020-06-04,1.0786,A,F,,,P1D,,A,,,,,,,99Q1=100,,,4,,4F0,,Swiss franc/Euro ECB reference exchange rate,"ECB reference exchange rate, Swiss franc/Euro, 2.15 pm (C.E.T.)",CHF,0
EXR.D.CHF.EUR.SP00.A,D,CHF,EUR,SP00,A,2020-06-05,1.0866,A,F,,,P1D,,A,,,,,,,99Q1=100,,,4,,4F0,,Swiss franc/Euro ECB reference exchange rate,"ECB reference exchange rate, Swiss franc/Euro, 2.15 pm (C.E.T.)",CHF,0
EXR.D.CHF.EUR.SP00.A,D,CHF,EUR,SP00,A,2020-06-08,1.0861,A,F,,,P1D,,A,,,,,,,99Q1=100,,,4,,4F0,,Swiss franc/Euro ECB reference exchange rate,"ECB reference exchange rate, Swiss franc/Euro, 2.15 pm (C.E.T.)",CHF,0
EXR.D.CHF.EUR.SP00.A,D,CHF,EUR,SP00,A,2020-06-09,1.077,A,F,,,P1D,,A,,,,,,,99Q1=100,,,4,,4F0,,Swiss franc/Euro ECB reference exchange rate,"ECB reference exchange rate, Swiss franc/Euro, 2.15 pm (C.E.T.)",CHF,0
EXR.D.CHF.EUR.SP00.A,D,CHF,EUR,SP00,A,2020-06-10,1.0762,A,F,,,P1D,,A,,,,,,,99Q1=100,,,4,,4F0,,Swiss franc/Euro ECB reference exchange rate,"ECB reference exchange rate, Swiss franc/Euro, 2.15 pm (C.E.T.)",CHF,0
EXR.D.CHF.EUR.SP00.A,D,CHF,EUR,SP00,A,2020-06-11,1.0697,A,F,,,P1D,,A,,,,,,,99Q1=100,,,4,,4F0,,Swiss franc/Euro ECB reference exchange rate,"ECB reference exchange rate, Swiss franc/Euro, 2.15 pm (C.E.T.)",CHF,0
EXR.D.CHF.EUR.SP00.A,D,CHF,EUR,SP00,A,2020-06-12,1.0697,A,F,,,P1D,,A,,,,,,,99Q1=100,,,4,,4F0,,Swiss franc/Euro ECB reference exchange rate,"ECB reference exchange rate, Swiss franc/Euro, 2.15 pm (C.E.T.)",CHF,0
EXR.D.CHF.EUR.SP00.A,D,CHF,EUR,SP00,A,2020-06-15,1.0679,A,F,,,P1D,,A,,,,,,,99Q1=100,,,4,,4F0,,Swiss franc/Euro ECB reference exchange rate,"ECB reference exchange rate, Swiss franc/Euro, 2.15 pm (C.E.T.)",CHF,0
EXR.D.CHF.EUR.SP00.A,D,CHF,EUR,SP00,A,2020-06-16,1.0717,A,F,,,P1D,,A,,,,,,,99Q1=100,,,4,,4F0,,Swiss franc/Euro ECB reference exchange rate,"ECB reference exchange rate, Swiss franc/Euro, 2.15 pm (C.E.T.)",CHF,0
EXR.D.CHF.EUR.SP00.A,D,CHF,EUR,SP00,A,2020-06-17,1.0669,A,F,,,P1D,,A,,,,,,,99Q1=100,,,4,,4F0,,Swiss franc/Euro ECB reference exchange rate,"ECB reference exchange rate, Swiss franc/Euro, 2.15 pm (C.E.T.)",CHF,0
EXR.D.CHF.EUR.SP00.A,D,CHF,EUR,SP00,A,2020-06-18,1.0667,A,F,,,P1D,,A,,,,,,,99Q1=100,,,4,,4F0,,Swiss franc/Euro ECB reference exchange rate,"ECB reference exchange rate, Swiss franc/Euro, 2.15 pm (C.E.T.)",CHF,0
EXR.D.CHF.EUR.SP00.A,D,CHF,EUR,SP00,A,2020-06-19,1.0656,A,F,,,P1D,,A,,,,,,,99Q1=100,,,4,,4F0,,Swiss franc/Euro ECB reference exchange rate,"ECB reference exchange rate, Swiss franc/Euro, 2.15 pm (C.E.T.)",CHF,0
EXR.D.CHF.EUR.SP00.A,D,CHF,EUR,SP00,A,2020-06-22,1.0654,A,F,,,P1D,,A,,,,,,,99Q1=100,,,4,,4F0,,Swiss franc/Euro ECB reference exchange rate,"ECB reference exchange rate, Swiss franc/Euro, 2.15 pm (C.E.T.)",CHF,0
EXR.D.CHF.EUR.SP00.A,D,CHF,EUR,SP00,A,2020-06-23,1.0705,A,F,,,P1D,,A,,,,,,,99Q1=100,,,4,,4F0,,Swiss franc/Euro ECB reference exchange rate,"ECB reference exchange rate, Swiss franc/Euro, 2.15 pm (C.E.T.)",CHF,0
EXR.D.CHF.EUR.SP00.A,D,CHF,EUR,SP00,A,2020-06-24,1.0679,A,F,,,P1D,,A,,,,,,,99Q1=100,,,4,,4F0,,Swiss franc/Euro ECB reference exchange rate,"ECB reference exchange rate, Swiss franc/Euro, 2.15 pm (C.E.T.)",CHF,0
EXR.D.CHF.EUR.SP00.A,D,CHF,EUR,SP00,A,2020-06-25,1.0637,A,F,,,P1D,,A,,,,,,,99Q1=100,,,4,,4F0,,Swiss franc/Euro ECB reference exchange rate,"ECB reference exchange rate, Swiss franc/Euro, 2.15 pm (C.E.T.)",CHF,0
EXR.D.CHF.EUR.SP00.A,D,CHF,EUR,SP00,A,2020-06-26,1.0631,A,F,,,P1D,,A,,,,,,,99Q1=100,,,4,,4F0,,Swiss franc/Euro ECB reference exchange rate,"ECB reference exchange rate, Swiss franc/Euro, 2.15 pm (C.E.T.)",CHF,0
EXR.D.CHF.EUR.SP00.A,D,CHF,EUR,SP00,A,2020-06-29,1.0669,A,F,,,P1D,,A,,,,,,,99Q1=100,,,4,,4F0,,Swiss franc/Euro ECB reference exchange rate,"ECB reference exchange rate, Swiss franc/Euro, 2.15 pm (C.E.T.)",CHF,0
EXR.D.CHF.EUR.SP00.A,D,CHF,EUR,SP00,A,2020-06-30,1.0651,A,F,,,P1D,,A,,,,,,,99Q1=100,,,4,,4F0,,Swiss franc/Euro ECB reference exchange rate,"ECB reference exchange rate, Swiss franc/Euro, 2.15 pm (C.E.T.)",CHF,0
EXR.D.CHF.EUR.SP00.A,D,CHF,EUR,SP00,A,2020-07-01,1.062,A,F,,,P1D,,A,,,,,,,99Q1=100,,,4,,4F0,,Swiss franc/Euro ECB reference exchange rate,"ECB reference exchange rate, Swiss franc/Euro, 2.15 pm (C.E.T.)",CHF,0
EXR.D.CHF.EUR.SP00.A,D,CHF,EUR,SP00,A,2020-07-02,1.0648,A,F,,,P1D,,A,,,,,,,99Q1=100,,,4,,4F0,,Swiss franc/Euro ECB reference exchange rate,"ECB reference exchange rate, Swiss franc/Euro, 2.15 pm (C.E.T.)",CHF,0
EXR.D.CHF.EUR.SP00.A,D,CHF,EUR,SP00,A,2020-07-03,1.0623,A,F,,,P1D,,A,,,,,,,99Q1=100,,,4,,4F0,,Swiss franc/Euro ECB reference exchange rate,"ECB reference exchange rate, Swiss franc/Euro, 2.15 pm (C.E.T.)",CHF,0
EXR.D.CHF.EUR.SP00.A,D,CHF,EUR,SP00,A,2020-07-06,1.0642,A,F,,,P1D,,A,,,,,,,99Q1=100,,,4,,4F0,,Swiss franc/Euro ECB reference exchange rate,"ECB reference exchange rate, Swiss franc/Euro, 2.15 pm (C.E.T.)",CHF,0
EXR.D.CHF.EUR.SP00.A,D,CHF,EUR,SP00,A,2020-07-07,1.0643,A,F,,,P1D,,A,,,,,,,99Q1=100,,,4,,4F0,,Swiss franc/Euro ECB reference exchange rate,"ECB reference exchange rate, Swiss franc/Euro, 2.15 pm (C.E.T.)",CHF,0
EXR.D.CHF.EUR.SP00.A,D,CHF,EUR,SP00,A,2020-07-08,1.0624,A,F,,,P1D,,A,,,,,,,99Q1=100,,,4,,4F0,,Swiss franc/Euro ECB reference exchange rate,"ECB reference exchange rate, Swiss franc/Euro, 2.15 pm (C.E.T.)",CHF,0
EXR.D.CHF.EUR.SP00.A,D,CHF,EUR,SP00,A,2020-07-09,1.0634,A,F,,,P1D,,A,,,,,,,99Q1=100,,,4,,4F0,,Swiss franc/Euro ECB reference exchange rate,"ECB reference exchange rate, Swiss franc/Euro, 2.15 pm (C.E.T.)",CHF,0
EXR.D.CHF.EUR.SP00.A,D,CHF,EUR,SP00,A,2020-07-10,1.0625,A,F,,,P1D,,A,,,,,,,99Q1=100,,,4,,4F0,,Swiss franc/Euro ECB reference exchange rate,"ECB reference exchange rate, Swiss franc/Euro, 2.15 pm (C.E.T.)",CHF,0
EXR.D.CHF.EUR.SP00.A,D,CHF,EUR,SP00,A,2020-07-13,1.0685,A,F,,,P1D,,A,,,,,,,99Q1=100,,,4,,4F0,,Swiss franc/Euro ECB reference exchange rate,"ECB reference exchange rate, Swiss franc/Euro, 2.15 pm (C.E.T.)",CHF,0
EXR.D.CHF.EUR.SP00.A,D,CHF,EUR,SP00,A,2020-07-14,1.0691,A,F,,,P1D,,A,,,,,,,99Q1=100,,,4,,4F0,,Swiss franc/Euro ECB reference exchange rate,"ECB reference exchange rate, Swiss franc/Euro, 2.15 pm (C.E.T.)",CHF,0
EXR.D.CHF.EUR.SP00.A,D,CHF,EUR,SP00,A,2020-07-15,1.0783,A,F,,,P1D,,A,,,,,,,99Q1=100,,,4,,4F0,,Swiss franc/Euro ECB reference exchange rate,"ECB reference exchange rate, Swiss franc/Euro, 2.15 pm (C.E.T.)",CHF,0
EXR.D.CHF.EUR.SP00.A,D,CHF,EUR,SP00,A,2020-07-16,1.0787,A,F,,,P1D,,A,,,,,,,99Q1=100,,,4,,4F0,,Swiss franc/Euro ECB reference exchange rate,"ECB reference exchange rate, Swiss franc/Euro, 2.15 pm (C.E.T.)",CHF,0
EXR.D.CHF.EUR.SP00.A,D,CHF,EUR,SP00,A,2020-07-17,1.0753,A,F,,,P1D,,A,,,,,,,99Q1=100,,,4,,4F0,,Swiss franc/Euro ECB reference exchange rate,"ECB reference exchange rate, Swiss franc/Euro, 2.15 pm (C.E.T.)",CHF,0
EXR.D.CHF.EUR.SP00.A,D,CHF,EUR,SP00,A,2020-07-20,1.0736,A,F,,,P1D,,A,,,,,,,99Q1=100,,,4,,4F0,,Swiss franc/Euro ECB reference exchange rate,"ECB reference exchange rate, Swiss franc/Euro, 2.15 pm (C.E.T.)",CHF,0
EXR.D.CHF.EUR.SP00.A,D,CHF,EUR,SP00,A,2020-07-21,1.074,A,F,,,P1D,,A,,,,,,,99Q1=100,,,4,,4F0,,Swiss franc/Euro ECB reference exchange rate,"ECB reference exchange rate, Swiss franc/Euro, 2.15 pm (C.E.T.)",CHF,0
EXR.D.CHF.EUR.SP00.A,D,CHF,EUR,SP00,A,2020-07-22,1.0785,A,F,,,P1D,,A,,,,,,,99Q1=100,,,4,,4F0,,Swiss franc/Euro ECB reference exchange rate,"ECB reference exchange rate, Swiss franc/Euro, 2.15 pm (C.E.T.)",CHF,0
EXR.D.CHF.EUR.SP00.A,D,CHF,EUR,SP00,A,2020-07-23,1.0731,A,F,,,P1D,,A,,,,,,,99Q1=100,,,4,,4F0,,Swiss franc/Euro ECB reference exchange rate,"ECB reference exchange rate, Swiss franc/Euro, 2.15 pm (C.E.T.)",CHF,0
EXR.D.CHF.EUR.SP00.A,D,CHF,EUR,SP00,A,2020-07-24,1.073,A,F,,,P1D,,A,,,,,,,99Q1=100,,,4,,4F0,,Swiss franc/Euro ECB reference exchange rate,"ECB reference exchange rate, Swiss franc/Euro, 2.15 pm (C.E.T.)",CHF,0
EXR.D.CHF.EUR.SP00.A,D,CHF,EUR,SP00,A,2020-07-27,1.0838,A,F,,,P1D,,A,,,,,,,99Q1=100,,,4,,4F0,,Swiss franc/Euro ECB reference exchange rate,"ECB reference exchange rate, Swiss franc/Euro, 2.15 pm (C.E.T.)",CHF,0
EXR.D.CHF.EUR.SP00.A,D,CHF,EUR,SP00,A,2020-07-28,1.0758,A,F,,,P1D,,A,,,,,,,99Q1=100,,,4,,4F0,,Swiss franc/Euro ECB reference exchange rate,"ECB reference exchange rate, Swiss franc/Euro, 2.15 pm (C.E.T.)",CHF,0
EXR.D.CHF.EUR.SP00.A,D,CHF,EUR,SP00,A,2020-07-29,1.0766,A,F,,,P1D,,A,,,,,,,99Q1=100,,,4,,4F0,,Swiss franc/Euro ECB reference exchange rate,"ECB reference exchange rate, Swiss franc/Euro, 2.15 pm (C.E.T.)",CHF,0
EXR.D.CHF.EUR.SP00.A,D,CHF,EUR,SP00,A,2020-07-30,1.0744,A,F,,,P1D,,A,,,,,,,99Q1=100,,,4,,4F0,,Swiss franc/Euro ECB reference exchange rate,"ECB reference exchange rate, Swiss franc/Euro, 2.15 pm (C.E.T.)",CHF,0
EXR.D.CHF.EUR.SP00.A,D,CHF,EUR,SP00,A,2020-07-31,1.0769,A,F,,,P1D,,A,,,,,,,99Q1=100,,,4,,4F0,,Swiss franc/Euro ECB reference exchange rate,"ECB reference exchange rate, Swiss franc/Euro, 2.15 pm (C.E.T.)",CHF,0
EXR.D.CHF.EUR.SP00.A,D,CHF,EUR,SP00,A,2020-08-03,1.0784,A,F,,,P1D,,A,,,,,,,99Q1=100,,,4,,4F0,,Swiss franc/Euro ECB reference exchange rate,"ECB reference exchange rate, Swiss franc/Euro, 2.15 pm (C.E.T.)",CHF,0
EXR.D.CHF.EUR.SP00.A,D,CHF,EUR,SP00,A,2020-08-04,1.0761,A,F,,,P1D,,A,,,,,,,99Q1=100,,,4,,4F0,,Swiss franc/Euro ECB reference exchange rate,"ECB reference exchange rate, Swiss franc/Euro, 2.15 pm (C.E.T.)",CHF,0
EXR.D.CHF.EUR.SP00.A,D,CHF,EUR,SP00,A,2020-08-05,1.077,A,F,,,P1D,,A,,,,,,,99Q1=100,,,4,,4F0,,Swiss franc/Euro ECB reference exchange rate,"ECB reference exchange rate, Swiss franc/Euro, 2.15 pm (C.E.T.)",CHF,0
EXR.D.CHF.EUR.SP00.A,D,CHF,EUR,SP00,A,2020-08-06,1.0759,A,F,,,P1D,,A,,,,,,,99Q1=100,,,4,,4F0,,Swiss franc/Euro ECB reference exchange rate,"ECB reference exchange rate, Swiss franc/Euro, 2.15 pm (C.E.T.)",CHF,0
EXR.D.CHF.EUR.SP00.A,D,CHF,EUR,SP00,A,2020-08-07,1.0804,A,F,,,P1D,,A,,,,,,,99Q1=100,,,4,,4F0,,Swiss franc/Euro ECB reference exchange rate,"ECB reference exchange rate, Swiss franc/Euro, 2.15 pm (C.E.T.)",CHF,0
EXR.D.CHF.EUR.SP00.A,D,CHF,EUR,SP00,A,2020-08-10,1.079,A,F,,,P1D,,A,,,,,,,99Q1=100,,,4,,4F0,,Swiss franc/Euro ECB reference exchange rate,"ECB reference exchange rate, Swiss franc/Euro, 2.15 pm (C.E.T.)",CHF,0
EXR.D.CHF.EUR.SP00.A,D,CHF,EUR,SP00,A,2020-08-11,1.0743,A,F,,,P1D,,A,,,,,,,99Q1=100,,,4,,4F0,,Swiss franc/Euro ECB reference exchange rate,"ECB reference exchange rate, Swiss franc/Euro, 2.15 pm (C.E.T.)",CHF,0
EXR.D.CHF.EUR.SP00.A,D,CHF,EUR,SP00,A,2020-08-12,1.0755,A,F,,,P1D,,A,,,,,,,99Q1=100,,,4,,4F0,,Swiss franc/Euro ECB reference exchange rate,"ECB reference exchange rate, Swiss franc/Euro, 2.15 pm (C.E.T.)",CHF,0
EXR.D.CHF.EUR.SP00.A,D,CHF,EUR,SP00,A,2020-08-13,1.0784,A,F,,,P1D,,A,,,,,,,99Q1=100,,,4,,4F0,,Swiss franc/Euro ECB reference exchange rate,"ECB reference exchange rate, Swiss franc/Euro, 2.15 pm (C.E.T.)",CHF,0
EXR.D.CHF.EUR.SP00.A,D,CHF,EUR,SP00,A,2020-08-14,1.0754,A,F,,,P1D,,A,,,,,,,99Q1=100,,,4,,4F0,,Swiss franc/Euro ECB reference exchange rate,"ECB reference exchange rate, Swiss franc/Euro, 2.15 pm (C.E.T.)",CHF,0
EXR.D.CHF.EUR.SP00.A,D,CHF,EUR,SP00,A,2020-08-17,1.0765,A,F,,,P1D,,A,,,,,,,99Q1=100,,,4,,4F0,,Swiss franc/Euro ECB reference exchange rate,"ECB reference exchange rate, Swiss franc/Euro, 2.15 pm (C.E.T.)",CHF,0
EXR.D.CHF.EUR.SP00.A,D,CHF,EUR,SP00,A,2020-08-18,1.0773,A,F,,,P1D,,A,,,,,,,99Q1=100,,,4,,4F0,,Swiss franc/Euro ECB reference exchange rate,"ECB reference exchange rate, Swiss franc/Euro, 2.15 pm (C.E.T.)",CHF,0
EXR.D.CHF.EUR.SP00.A,D,CHF,EUR,SP00,A,2020-08-19,1.0811,A,F,,,P1D,,A,,,,,,,99Q1=100,,,4,,4F0,,Swiss franc/Euro ECB reference exchange rate,"ECB reference exchange rate, Swiss franc/Euro, 2.15 pm (C.E.T.)",CHF,0
EXR.D.CHF.EUR.SP00.A,D,CHF,EUR,SP00,A,2020-08-20,1.0786,A,F,,,P1D,,A,,,,,,,99Q1=100,,,4,,4F0,,Swiss franc/Euro ECB reference exchange rate,"ECB reference exchange rate, Swiss franc/Euro, 2.15 pm (C.E.T.)",CHF,0
EXR.D.CHF.EUR.SP00.A,D,CHF,EUR,SP00,A,2020-08-21,1.0744,A,F,,,P1D,,A,,,,,,,99Q1=100,,,4,,4F0,,Swiss franc/Euro ECB reference exchange rate,"ECB reference exchange rate, Swiss franc/Euro, 2.15 pm (C.E.T.)",CHF,0
EXR.D.CHF.EUR.SP00.A,D,CHF,EUR,SP00,A,2020-08-24,1.0761,A,F,,,P1D,,A,,,,,,,99Q1=100,,,4,,4F0,,Swiss franc/Euro ECB reference exchange rate,"ECB reference exchange rate, Swiss franc/Euro, 2.15 pm (C.E.T.)",CHF,0
EXR.D.CHF.EUR.SP00.A,D,CHF,EUR,SP00,A,2020-08-25,1.0752,A,F,,,P1D,,A,,,,,,,99Q1=100,,,4,,4F0,,Swiss franc/Euro ECB reference exchange rate,"ECB reference exchange rate, Swiss franc/Euro, 2.15 pm (C.E.T.)",CHF,0
EXR.D.CHF.EUR.SP00.A,D,CHF,EUR,SP00,A,2020-08-26,1.0738,A,F,,,P1D,,A,,,,,,,99Q1=100,,,4,,4F0,,Swiss franc/Euro ECB reference exchange rate,"ECB reference exchange rate, Swiss franc/Euro, 2.15 pm (C.E.T.)",CHF,0
EXR.D.CHF.EUR.SP00.A,D,CHF,EUR,SP00,A,2020-08-27,1.075,A,F,,,P1D,,A,,,,,,,99Q1=100,,,4,,4F0,,Swiss franc/Euro ECB reference exchange rate,"ECB reference exchange rate, Swiss franc/Euro, 2.15 pm (C.E.T.)",CHF,0
EXR.D.CHF.EUR.SP00.A,D,CHF,EUR,SP00,A,2020-08-28,1.0758,A,F,,,P1D,,A,,,,,,,99Q1=100,,,4,,4F0,,Swiss franc/Euro ECB reference exchange rate,"ECB reference exchange rate, Swiss franc/Euro, 2.15 pm (C.E.T.)",CHF,0
EXR.D.CHF.EUR.SP00.A,D,CHF,EUR,SP00,A,2020-08-31,1.0774,A,F,,,P1D,,A,,,,,,,99Q1=100,,,4,,4F0,,Swiss franc/Euro ECB reference exchange rate,"ECB reference exchange rate, Swiss franc/Euro, 2.15 pm (C.E.T.)",CHF,0
EXR.D.CHF.EUR.SP00.A,D,CHF,EUR,SP00,A,2020-09-01,1.0865,A,F,,,P1D,,A,,,,,,,99Q1=100,,,4,,4F0,,Swiss franc/Euro ECB reference exchange rate,"ECB reference exchange rate, Swiss franc/Euro, 2.15 pm (C.E.T.)",CHF,0
EXR.D.CHF.EUR.SP00.A,D,CHF,EUR,SP00,A,2020-09-02,1.0799,A,F,,,P1D,,A,,,,,,,99Q1=100,,,4,,4F0,,Swiss franc/Euro ECB reference exchange rate,"ECB reference exchange rate, Swiss franc/Euro, 2.15 pm (C.E.T.)",CHF,0
EXR.D.CHF.EUR.SP00.A,D,CHF,EUR,SP00,A,2020-09-03,1.0776,A,F,,,P1D,,A,,,,,,,99Q1=100,,,4,,4F0,,Swiss franc/Euro ECB reference exchange rate,"ECB reference exchange rate, Swiss franc/Euro, 2.15 pm (C.E.T.)",CHF,0
EXR.D.CHF.EUR.SP00.A,D,CHF,EUR,SP00,A,2020-09-04,1.0793,A,F,,,P1D,,A,,,,,,,99Q1=100,,,4,,4F0,,Swiss franc/Euro ECB reference exchange rate,"ECB reference exchange rate, Swiss franc/Euro, 2.15 pm (C.E.T.)",CHF,0
EXR.D.CHF.EUR.SP00.A,D,CHF,EUR,SP00,A,2020-09-07,1.0809,A,F,,,P1D,,A,,,,,,,99Q1=100,,,4,,4F0,,Swiss franc/Euro ECB reference exchange rate,"ECB reference exchange rate, Swiss franc/Euro, 2.15 pm (C.E.T.)",CHF,0
EXR.D.CHF.EUR.SP00.A,D,CHF,EUR,SP00,A,2020-09-08,1.082,A,F,,,P1D,,A,,,,,,,99Q1=100,,,4,,4F0,,Swiss franc/Euro ECB reference exchange rate,"ECB reference exchange rate, Swiss franc/Euro, 2.15 pm (C.E.T.)",CHF,0
EXR.D.CHF.EUR.SP00.A,D,CHF,EUR,SP00,A,2020-09-09,1.0806,A,F,,,P1D,,A,,,,,,,99Q1=100,,,4,,4F0,,Swiss franc/Euro ECB reference exchange rate,"ECB reference exchange rate, Swiss franc/Euro, 2.15 pm (C.E.T.)",CHF,0
EXR.D.CHF.EUR.SP00.A,D,CHF,EUR,SP00,A,2020-09-10,1.0766,A,F,,,P1D,,A,,,,,,,99Q1=100,,,4,,4F0,,Swiss franc/Euro ECB reference exchange rate,"ECB reference exchange rate, Swiss franc/Euro, 2.15 pm (C.E.T.)",CHF,0
EXR.D.CHF.EUR.SP00.A,D,CHF,EUR,SP00,A,2020-09-11,1.0777,A,F,,,P1D,,A,,,,,,,99Q1=100,,,4,,4F0,,Swiss franc/Euro ECB reference exchange rate,"ECB reference exchange rate, Swiss franc/Euro, 2.15 pm (C.E.T.)",CHF,0
EXR.D.CHF.EUR.SP00.A,D,CHF,EUR,SP00,A,2020-09-14,1.0768,A,F,,,P1D,,A,,,,,,,99Q1=100,,,4,,4F0,,Swiss franc/Euro ECB reference exchange rate,"ECB reference exchange rate, Swiss franc/Euro, 2.15 pm (C.E.T.)",CHF,0
EXR.D.CHF.EUR.SP00.A,D,CHF,EUR,SP00,A,2020-09-15,1.0768,A,F,,,P1D,,A,,,,,,,99Q1=100,,,4,,4F0,,Swiss franc/Euro ECB reference exchange rate,"ECB reference exchange rate, Swiss franc/Euro, 2.15 pm (C.E.T.)",CHF,0
EXR.D.CHF.EUR.SP00.A,D,CHF,EUR,SP00,A,2020-09-16,1.0753,A,F,,,P1D,,A,,,,,,,99Q1=100,,,4,,4F0,,Swiss franc/Euro ECB reference exchange rate,"ECB reference exchange rate, Swiss franc/Euro, 2.15 pm (C.E.T.)",CHF,0
EXR.D.CHF.EUR.SP00.A,D,CHF,EUR,SP00,A,2020-09-17,1.0742,A,F,,,P1D,,A,,,,,,,99Q1=100,,,4,,4F0,,Swiss franc/Euro ECB reference exchange rate,"ECB reference exchange rate, Swiss franc/Euro, 2.15 pm (C.E.T.)",CHF,0
EXR.D.CHF.EUR.SP00.A,D,CHF,EUR,SP00,A,2020-09-18,1.0776,A,F,,,P1D,,A,,,,,,,99Q1=100,,,4,,4F0,,Swiss franc/Euro ECB reference exchange rate,"ECB reference exchange rate, Swiss franc/Euro, 2.15 pm (C.E.T.)",CHF,0
EXR.D.CHF.EUR.SP00.A,D,CHF,EUR,SP00,A,2020-09-21,1.0761,A,F,,,P1D,,A,,,,,,,99Q1=100,,,4,,4F0,,Swiss franc/Euro ECB reference exchange rate,"ECB reference exchange rate, Swiss franc/Euro, 2.15 pm (C.E.T.)",CHF,0
EXR.D.CHF.EUR.SP00.A,D,CHF,EUR,SP00,A,2020-09-22,1.0748,A,F,,,P1D,,A,,,,,,,99Q1=100,,,4,,4F0,,Swiss franc/Euro ECB reference exchange rate,"ECB reference exchange rate, Swiss franc/Euro, 2.15 pm (C.E.T.)",CHF,0
EXR.D.CHF.EUR.SP00.A,D,CHF,EUR,SP00,A,2020-09-23,1.0773,A,F,,,P1D,,A,,,,,,,99Q1=100,,,4,,4F0,,Swiss franc/Euro ECB reference exchange rate,"ECB reference exchange rate, Swiss franc/Euro, 2.15 pm (C.E.T.)",CHF,0
EXR.D.CHF.EUR.SP00.A,D,CHF,EUR,SP00,A,2020-09-24,1.0772,A,F,,,P1D,,A,,,,,,,99Q1=100,,,4,,4F0,,Swiss franc/Euro ECB reference exchange rate,"ECB reference exchange rate, Swiss franc/Euro, 2.15 pm (C.E.T.)",CHF,0
EXR.D.CHF.EUR.SP00.A,D,CHF,EUR,SP00,A,2020-09-25,1.0798,A,F,,,P1D,,A,,,,,,,99Q1=100,,,4,,4F0,,Swiss franc/Euro ECB reference exchange rate,"ECB reference exchange rate, Swiss franc/Euro, 2.15 pm (C.E.T.)",CHF,0
EXR.D.CHF.EUR.SP00.A,D,CHF,EUR,SP00,A,2020-09-28,1.0816,A,F,,,P1D,,A,,,,,,,99Q1=100,,,4,,4F0,,Swiss franc/Euro ECB reference exchange rate,"ECB reference exchange rate, Swiss franc/Euro, 2.15 pm (C.E.T.)",CHF,0
EXR.D.CHF.EUR.SP00.A,D,CHF,EUR,SP00,A,2020-09-29,1.0795,A,F,,,P1D,,A,,,,,,,99Q1=100,,,4,,4F0,,Swiss franc/Euro ECB reference exchange rate,"ECB reference exchange rate, Swiss franc/Euro, 2.15 pm (C.E.T.)",CHF,0
EXR.D.CHF.EUR.SP00.A,D,CHF,EUR,SP00,A,2020-09-30,1.0804,A,F,,,P1D,,A,,,,,,,99Q1=100,,,4,,4F0,,Swiss franc/Euro ECB reference exchange rate,"ECB reference exchange rate, Swiss franc/Euro, 2.15 pm (C.E.T.)",CHF,0
EXR.D.CHF.EUR.SP00.A,D,CHF,EUR,SP00,A,2020-10-01,1.0787,A,F,,,P1D,,A,,,,,,,99Q1=100,,,4,,4F0,,Swiss franc/Euro ECB reference exchange rate,"ECB reference exchange rate, Swiss franc/Euro, 2.15 pm (C.E.T.)",CHF,0
EXR.D.CHF.EUR.SP00.A,D,CHF,EUR,SP00,A,2020-10-02,1.079,A,F,,,P1D,,A,,,,,,,99Q1=100,,,4,,4F0,,Swiss franc/Euro ECB reference exchange rate,"ECB reference exchange rate, Swiss franc/Euro, 2.15 pm (C.E.T.)",CHF,0
EXR.D.CHF.EUR.SP00.A,D,CHF,EUR,SP00,A,2020-10-05,1.0781,A,F,,,P1D,,A,,,,,,,99Q1=100,,,4,,4F0,,Swiss franc/Euro ECB reference exchange rate,"ECB reference exchange rate, Swiss franc/Euro, 2.15 pm (C.E.T.)",CHF,0
EXR.D.CHF.EUR.SP00.A,D,CHF,EUR,SP00,A,2020-10-06,1.0781,A,F,,,P1D,,A,,,,,,,99Q1=100,,,4,,4F0,,Swiss franc/Euro ECB reference exchange rate,"ECB reference exchange rate, Swiss franc/Euro, 2.15 pm (C.E.T.)",CHF,0
EXR.D.CHF.EUR.SP00.A,D,CHF,EUR,SP00,A,2020-10-07,1.0787,A,F,,,P1D,,A,,,,,,,99Q1=100,,,4,,4F0,,Swiss franc/Euro ECB reference exchange rate,"ECB reference exchange rate, Swiss franc/Euro, 2.15 pm (C.E.T.)",CHF,0
EXR.D.CHF.EUR.SP00.A,D,CHF,EUR,SP00,A,2020-10-08,1.0799,A,F,,,P1D,,A,,,,,,,99Q1=100,,,4,,4F0,,Swiss franc/Euro ECB reference exchange rate,"ECB reference exchange rate, Swiss franc/Euro, 2.15 pm (C.E.T.)",CHF,0
EXR.D.CHF.EUR.SP00.A,D,CHF,EUR,SP00,A,2020-10-09,1.0773,A,F,,,P1D,,A,,,,,,,99Q1=100,,,4,,4F0,,Swiss franc/Euro ECB reference exchange rate,"ECB reference exchange rate, Swiss franc/Euro, 2.15 pm (C.E.T.)",CHF,0
EXR.D.CHF.EUR.SP00.A,D,CHF,EUR,SP00,A,2020-10-12,1.0742,A,F,,,P1D,,A,,,,,,,99Q1=100,,,4,,4F0,,Swiss franc/Euro ECB reference exchange rate,"ECB reference exchange rate, Swiss franc/Euro, 2.15 pm (C.E.T.)",CHF,0
EXR.D.CHF.EUR.SP00.A,D,CHF,EUR,SP00,A,2020-10-13,1.0734,A,F,,,P1D,,A,,,,,,,99Q1=100,,,4,,4F0,,Swiss franc/Euro ECB reference exchange rate,"ECB reference exchange rate, Swiss franc/Euro, 2.15 pm (C.E.T.)",CHF,0
EXR.D.CHF.EUR.SP00.A,D,CHF,EUR,SP00,A,2020-10-14,1.0738,A,F,,,P1D,,A,,,,,,,99Q1=100,,,4,,4F0,,Swiss franc/Euro ECB reference exchange rate,"ECB reference exchange rate, Swiss franc/Euro, 2.15 pm (C.E.T.)",CHF,0
EXR.D.CHF.EUR.SP00.A,D,CHF,EUR,SP00,A,2020-10-15,1.0697,A,F,,,P1D,,A,,,,,,,99Q1=100,,,4,,4F0,,Swiss franc/Euro ECB reference exchange rate,"ECB reference exchange rate, Swiss franc/Euro, 2.15 pm (C.E.T.)",CHF,0
EXR.D.CHF.EUR.SP00.A,D,CHF,EUR,SP00,A,2020-10-16,1.0721,A,F,,,P1D,,A,,,,,,,99Q1=100,,,4,,4F0,,Swiss franc/Euro ECB reference exchange rate,"ECB reference exchange rate, Swiss franc/Euro, 2.15 pm (C.E.T.)",CHF,0
EXR.D.CHF.EUR.SP00.A,D,CHF,EUR,SP00,A,2020-10-19,1.0724,A,F,,,P1D,,A,,,,,,,99Q1=100,,,4,,4F0,,Swiss franc/Euro ECB reference exchange rate,"ECB reference exchange rate, Swiss franc/Euro, 2.15 pm (C.E.T.)",CHF,0
EXR.D.CHF.EUR.SP00.A,D,CHF,EUR,SP00,A,2020-10-20,1.0724,A,F,,,P1D,,A,,,,,,,99Q1=100,,,4,,4F0,,Swiss franc/Euro ECB reference exchange rate,"ECB reference exchange rate, Swiss franc/Euro, 2.15 pm (C.E.T.)",CHF,0
EXR.D.CHF.EUR.SP00.A,D,CHF,EUR,SP00,A,2020-10-21,1.0715,A,F,,,P1D,,A,,,,,,,99Q1=100,,,4,,4F0,,Swiss franc/Euro ECB reference exchange rate,"ECB reference exchange rate, Swiss franc/Euro, 2.15 pm (C.E.T.)",CHF,0
EXR.D.CHF.EUR.SP00.A,D,CHF,EUR,SP00,A,2020-10-22,1.0726,A,F,,,P1D,,A,,,,,,,99Q1=100,,,4,,4F0,,Swiss franc/Euro ECB reference exchange rate,"ECB reference exchange rate, Swiss franc/Euro, 2.15 pm (C.E.T.)",CHF,0
EXR.D.CHF.EUR.SP00.A,D,CHF,EUR,SP00,A,2020-10-23,1.0715,A,F,,,P1D,,A,,,,,,,99Q1=100,,,4,,4F0,,Swiss franc/Euro ECB reference exchange rate,"ECB reference exchange rate, Swiss franc/Euro, 2.15 pm (C.E.T.)",CHF,0
EXR.D.CHF.EUR.SP00.A,D,CHF,EUR,SP00,A,2020-10-26,1.0719,A,F,,,P1D,,A,,,,,,,99Q1=100,,,4,,4F0,,Swiss franc/Euro ECB reference exchange rate,"ECB reference exchange rate, Swiss franc/Euro, 2.15 pm (C.E.T.)",CHF,0
EXR.D.CHF.EUR.SP00.A,D,CHF,EUR,SP00,A,2020-10-27,1.0732,A,F,,,P1D,,A,,,,,,,99Q1=100,,,4,,4F0,,Swiss franc/Euro ECB reference exchange rate,"ECB reference exchange rate, Swiss franc/Euro, 2.15 pm (C.E.T.)",CHF,0
EXR.D.CHF.EUR.SP00.A,D,CHF,EUR,SP00,A,2020-10-28,1.0693,A,F,,,P1D,,A,,,,,,,99Q1=100,,,4,,4F0,,Swiss franc/Euro ECB reference exchange rate,"ECB reference exchange rate, Swiss franc/Euro, 2.15 pm (C.E.T.)",CHF,0
EXR.D.CHF.EUR.SP00.A,D,CHF,EUR,SP00,A,2020-10-29,1.0684,A,F,,,P1D,,A,,,,,,,99Q1=100,,,4,,4F0,,Swiss franc/Euro ECB reference exchange rate,"ECB reference exchange rate, Swiss franc/Euro, 2.15 pm (C.E.T.)",CHF,0
EXR.D.CHF.EUR.SP00.A,D,CHF,EUR,SP00,A,2020-10-30,1.0698,A,F,,,P1D,,A,,,,,,,99Q1=100,,,4,,4F0,,Swiss franc/Euro ECB reference exchange rate,"ECB reference exchange rate, Swiss franc/Euro, 2.15 pm (C.E.T.)",CHF,0
EXR.D.CHF.EUR.SP00.A,D,CHF,EUR,SP00,A,2020-11-02,1.0695,A,F,,,P1D,,A,,,,,,,99Q1=100,,,4,,4F0,,Swiss franc/Euro ECB reference exchange rate,"ECB reference exchange rate, Swiss franc/Euro, 2.15 pm (C.E.T.)",CHF,0
EXR.D.CHF.EUR.SP00.A,D,CHF,EUR,SP00,A,2020-11-03,1.0709,A,F,,,P1D,,A,,,,,,,99Q1=100,,,4,,4F0,,Swiss franc/Euro ECB reference exchange rate,"ECB reference exchange rate, Swiss franc/Euro, 2.15 pm (C.E.T.)",CHF,0
EXR.D.CHF.EUR.SP00.A,D,CHF,EUR,SP00,A,2020-11-04,1.0675,A,F,,,P1D,,A,,,,,,,99Q1=100,,,4,,4F0,,Swiss franc/Euro ECB reference exchange rate,"ECB reference exchange rate, Swiss franc/Euro, 2.15 pm (C.E.T.)",CHF,0
EXR.D.CHF.EUR.SP00.A,D,CHF,EUR,SP00,A,2020-11-05,1.0724,A,F,,,P1D,,A,,,,,,,99Q1=100,,,4,,4F0,,Swiss franc/Euro ECB reference exchange rate,"ECB reference exchange rate, Swiss franc/Euro, 2.15 pm (C.E.T.)",CHF,0
EXR.D.CHF.EUR.SP00.A,D,CHF,EUR,SP00,A,2020-11-06,1.0682,A,F,,,P1D,,A,,,,,,,99Q1=100,,,4,,4F0,,Swiss franc/Euro ECB reference exchange rate,"ECB reference exchange rate, Swiss franc/Euro, 2.15 pm (C.E.T.)",CHF,0
EXR.D.CHF.EUR.SP00.A,D,CHF,EUR,SP00,A,2020-11-09,1.0778,A,F,,,P1D,,A,,,,,,,99Q1=100,,,4,,4F0,,Swiss franc/Euro ECB reference exchange rate,"ECB reference exchange rate, Swiss franc/Euro, 2.15 pm (C.E.T.)",CHF,0
EXR.D.CHF.EUR.SP00.A,D,CHF,EUR,SP00,A,2020-11-10,1.0817,A,F,,,P1D,,A,,,,,,,99Q1=100,,,4,,4F0,,Swiss franc/Euro ECB reference exchange rate,"ECB reference exchange rate, Swiss franc/Euro, 2.15 pm (C.E.T.)",CHF,0
EXR.D.CHF.EUR.SP00.A,D,CHF,EUR,SP00,A,2020-11-11,1.0793,A,F,,,P1D,,A,,,,,,,99Q1=100,,,4,,4F0,,Swiss franc/Euro ECB reference exchange rate,"ECB reference exchange rate, Swiss franc/Euro, 2.15 pm (C.E.T.)",CHF,0
EXR.D.CHF.EUR.SP00.A,D,CHF,EUR,SP00,A,2020-11-12,1.0805,A,F,,,P1D,,A,,,,,,,99Q1=100,,,4,,4F0,,Swiss franc/Euro ECB reference exchange rate,"ECB reference exchange rate, Swiss franc/Euro, 2.15 pm (C.E.T.)",CHF,0
EXR.D.CHF.EUR.SP00.A,D,CHF,EUR,SP00,A,2020-11-13,1.0805,A,F,,,P1D,,A,,,,,,,99Q1=100,,,4,,4F0,,Swiss franc/Euro ECB reference exchange rate,"ECB reference exchange rate, Swiss franc/Euro, 2.15 pm (C.E.T.)",CHF,0
EXR.D.CHF.EUR.SP00.A,D,CHF,EUR,SP00,A,2020-11-16,1.0819,A,F,,,P1D,,A,,,,,,,99Q1=100,,,4,,4F0,,Swiss franc/Euro ECB reference exchange rate,"ECB reference exchange rate, Swiss franc/Euro, 2.15 pm (C.E.T.)",CHF,0
EXR.D.CHF.EUR.SP00.A,D,CHF,EUR,SP00,A,2020-11-17,1.0816,A,F,,,P1D,,A,,,,,,,99Q1=100,,,4,,4F0,,Swiss franc/Euro ECB reference exchange rate,"ECB reference exchange rate, Swiss franc/Euro, 2.15 pm (C.E.T.)",CHF,0
EXR.D.CHF.EUR.SP00.A,D,CHF,EUR,SP00,A,2020-11-18,1.0812,A,F,,,P1D,,A,,,,,,,99Q1=100,,,4,,4F0,,Swiss franc/Euro ECB reference exchange rate,"ECB reference exchange rate, Swiss franc/Euro, 2.15 pm (C.E.T.)",CHF,0
EXR.D.CHF.EUR.SP00.A,D,CHF,EUR,SP00,A,2020-11-19,1.0797,A,F,,,P1D,,A,,,,,,,99Q1=100,,,4,,4F0,,Swiss franc/Euro ECB reference exchange rate,"ECB reference exchange rate, Swiss franc/Euro, 2.15 pm (C.E.T.)",CHF,0
EXR.D.CHF.EUR.SP00.A,D,CHF,EUR,SP00,A,2020-11-20,1.0811,A,F,,,P1D,,A,,,,,,,99Q1=100,,,4,,4F0,,Swiss franc/Euro ECB reference exchange rate,"ECB reference exchange rate, Swiss franc/Euro, 2.15 pm (C.E.T.)",CHF,0
EXR.D.CHF.EUR.SP00.A,D,CHF,EUR,SP00,A,2020-11-23,1.0806,A,F,,,P1D,,A,,,,,,,99Q1=100,,,4,,4F0,,Swiss franc/Euro ECB reference exchange rate,"ECB reference exchange rate, Swiss franc/Euro, 2.15 pm (C.E.T.)",CHF,0
EXR.D.CHF.EUR.SP00.A,D,CHF,EUR,SP00,A,2020-11-24,1.0833,A,F,,,P1D,,A,,,,,,,99Q1=100,,,4,,4F0,,Swiss franc/Euro ECB reference exchange rate,"ECB reference exchange rate, Swiss franc/Euro, 2.15 pm (C.E.T.)",CHF,0
EXR.D.CHF.EUR.SP00.A,D,CHF,EUR,SP00,A,2020-11-25,1.0835,A,F,,,P1D,,A,,,,,,,99Q1=100,,,4,,4F0,,Swiss franc/Euro ECB reference exchange rate,"ECB reference exchange rate, Swiss franc/Euro, 2.15 pm (C.E.T.)",CHF,0
EXR.D.CHF.EUR.SP00.A,D,CHF,EUR,SP00,A,2020-11-26,1.0813,A,F,,,P1D,,A,,,,,,,99Q1=100,,,4,,4F0,,Swiss franc/Euro ECB reference exchange rate,"ECB reference exchange rate, Swiss franc/Euro, 2.15 pm (C.E.T.)",CHF,0
EXR.D.CHF.EUR.SP00.A,D,CHF,EUR,SP00,A,2020-11-27,1.0826,A,F,,,P1D,,A,,,,,,,99Q1=100,,,4,,4F0,,Swiss franc/Euro ECB reference exchange rate,"ECB reference exchange rate, Swiss franc/Euro, 2.15 pm (C.E.T.)",CHF,0
EXR.D.CHF.EUR.SP00.A,D,CHF,EUR,SP00,A,2020-11-30,1.0839,A,F,,,P1D,,A,,,,,,,99Q1=100,,,4,,4F0,,Swiss franc/Euro ECB reference exchange rate,"ECB reference exchange rate, Swiss franc/Euro, 2.15 pm (C.E.T.)",CHF,0
EXR.D.CHF.EUR.SP00.A,D,CHF,EUR,SP00,A,2020-12-01,1.0836,A,F,,,P1D,,A,,,,,,,99Q1=100,,,4,,4F0,,Swiss franc/Euro ECB reference exchange rate,"ECB reference exchange rate, Swiss franc/Euro, 2.15 pm (C.E.T.)",CHF,0
EXR.D.CHF.EUR.SP00.A,D,CHF,EUR,SP00,A,2020-12-02,1.0819,A,F,,,P1D,,A,,,,,,,99Q1=100,,,4,,4F0,,Swiss franc/Euro ECB reference exchange rate,"ECB reference exchange rate, Swiss franc/Euro, 2.15 pm (C.E.T.)",CHF,0
EXR.D.CHF.EUR.SP00.A,D,CHF,EUR,SP00,A,2020-12-03,1.0831,A,F,,,P1D,,A,,,,,,,99Q1=100,,,4,,4F0,,Swiss franc/Euro ECB reference exchange rate,"ECB reference exchange rate, Swiss franc/Euro, 2.15 pm (C.E.T.)",CHF,0
EXR.D.CHF.EUR.SP00.A,D,CHF,EUR,SP00,A,2020-12-04,1.0822,A,F,,,P1D,,A,,,,,,,99Q1=100,,,4,,4F0,,Swiss franc/Euro ECB reference exchange rate,"ECB reference exchange rate, Swiss franc/Euro, 2.15 pm (C.E.T.)",CHF,0
EXR.D.CHF.EUR.SP00.A,D,CHF,EUR,SP00,A,2020-12-07,1.0802,A,F,,,P1D,,A,,,,,,,99Q1=100,,,4,,4F0,,Swiss franc/Euro ECB reference exchange rate,"ECB reference exchange rate, Swiss franc/Euro, 2.15 pm (C.E.T.)",CHF,0
EXR.D.CHF.EUR.SP00.A,D,CHF,EUR,SP00,A,2020-12-08,1.0781,A,F,,,P1D,,A,,,,,,,99Q1=100,,,4,,4F0,,Swiss franc/Euro ECB reference exchange rate,"ECB reference exchange rate, Swiss franc/Euro, 2.15 pm (C.E.T.)",CHF,0
EXR.D.CHF.EUR.SP00.A,D,CHF,EUR,SP00,A,2020-12-09,1.0764,A,F,,,P1D,,A,,,,,,,99Q1=100,,,4,,4F0,,Swiss franc/Euro ECB reference exchange rate,"ECB reference exchange rate, Swiss franc/Euro, 2.15 pm (C.E.T.)",CHF,0
EXR.D.CHF.EUR.SP00.A,D,CHF,EUR,SP00,A,2020-12-10,1.0757,A,F,,,P1D,,A,,,,,,,99Q1=100,,,4,,4F0,,Swiss franc/Euro ECB reference exchange rate,"ECB reference exchange rate, Swiss franc/Euro, 2.15 pm (C.E.T.)",CHF,0
EXR.D.CHF.EUR.SP00.A,D,CHF,EUR,SP00,A,2020-12-11,1.0786,A,F,,,P1D,,A,,,,,,,99Q1=100,,,4,,4F0,,Swiss franc/Euro ECB reference exchange rate,"ECB reference exchange rate, Swiss franc/Euro, 2.15 pm (C.E.T.)",CHF,0
EXR.D.CHF.EUR.SP00.A,D,CHF,EUR,SP00,A,2020-12-14,1.0776,A,F,,,P1D,,A,,,,,,,99Q1=100,,,4,,4F0,,Swiss franc/Euro ECB reference exchange rate,"ECB reference exchange rate, Swiss franc/Euro, 2.15 pm (C.E.T.)",CHF,0
EXR.D.CHF.EUR.SP00.A,D,CHF,EUR,SP00,A,2020-12-15,1.077,A,F,,,P1D,,A,,,,,,,99Q1=100,,,4,,4F0,,Swiss franc/Euro ECB reference exchange rate,"ECB reference exchange rate, Swiss franc/Euro, 2.15 pm (C.E.T.)",CHF,0
EXR.D.CHF.EUR.SP00.A,D,CHF,EUR,SP00,A,2020-12-16,1.0786,A,F,,,P1D,,A,,,,,,,99Q1=100,,,4,,4F0,,Swiss franc/Euro ECB reference exchange rate,"ECB reference exchange rate, Swiss franc/Euro, 2.15 pm (C.E.T.)",CHF,0
EXR.D.CHF.EUR.SP00.A,D,CHF,EUR,SP00,A,2020-12-17,1.0821,A,F,,,P1D,,A,,,,,,,99Q1=100,,,4,,4F0,,Swiss franc/Euro ECB reference exchange rate,"ECB reference exchange rate, Swiss franc/Euro, 2.15 pm (C.E.T.)",CHF,0
EXR.D.CHF.EUR.SP00.A,D,CHF,EUR,SP00,A,2020-12-18,1.0845,A,F,,,P1D,,A,,,,,,,99Q1=100,,,4,,4F0,,Swiss franc/Euro ECB reference exchange rate,"ECB reference exchange rate, Swiss franc/Euro, 2.15 pm (C.E.T.)",CHF,0
EXR.D.CHF.EUR.SP00.A,D,CHF,EUR,SP00,A,2020-12-21,1.081,A,F,,,P1D,,A,,,,,,,99Q1=100,,,4,,4F0,,Swiss franc/Euro ECB reference exchange rate,"ECB reference exchange rate, Swiss franc/Euro, 2.15 pm (C.E.T.)",CHF,0
EXR.D.CHF.EUR.SP00.A,D,CHF,EUR,SP00,A,2020-12-22,1.0837,A,F,,,P1D,,A,,,,,,,99Q1=100,,,4,,4F0,,Swiss franc/Euro ECB reference exchange rate,"ECB reference exchange rate, Swiss franc/Euro, 2.15 pm (C.E.T.)",CHF,0
EXR.D.CHF.EUR.SP00.A,D,CHF,EUR,SP00,A,2020-12-23,1.0837,A,F,,,P1D,,A,,,,,,,99Q1=100,,,4,,4F0,,Swiss franc/Euro ECB reference exchange rate,"ECB reference exchange rate, Swiss franc/Euro, 2.15 pm (C.E.T.)",CHF,0
EXR.D.CHF.EUR.SP00.A,D,CHF,EUR,SP00,A,2020-12-24,1.0851,A,F,,,P1D,,A,,,,,,,99Q1=100,,,4,,4F0,,Swiss franc/Euro ECB reference exchange rate,"ECB reference exchange rate, Swiss franc/Euro, 2.15 pm (C.E.T.)",CHF,0
EXR.D.CHF.EUR.SP00.A,D,CHF,EUR,SP00,A,2020-12-28,1.0854,A,F,,,P1D,,A,,,,,,,99Q1=100,,,4,,4F0,,Swiss franc/Euro ECB reference exchange rate,"ECB reference exchange rate, Swiss franc/Euro, 2.15 pm (C.E.T.)",CHF,0
EXR.D.CHF.EUR.SP00.A,D,CHF,EUR,SP00,A,2020-12-29,1.0862,A,F,,,P1D,,A,,,,,,,99Q1=100,,,4,,4F0,,Swiss franc/Euro ECB reference exchange rate,"ECB reference exchange rate, Swiss franc/Euro, 2.15 pm (C.E.T.)",CHF,0
EXR.D.CHF.EUR.SP00.A,D,CHF,EUR,SP00,A,2020-12-30,1.0857,A,F,,,P1D,,A,,,,,,,99Q1=100,,,4,,4F0,,Swiss franc/Euro ECB reference exchange rate,"ECB reference exchange rate, Swiss franc/Euro, 2.15 pm (C.E.T.)",CHF,0
EXR.D.CHF.EUR.SP00.A,D,CHF,EUR,SP00,A,2020-12-31,1.0802,A,F,,,P1D,,A,,,,,,,99Q1=100,,,4,,4F0,,Swiss franc/Euro ECB reference exchange rate,"ECB reference exchange rate, Swiss franc/Euro, 2.15 pm (C.E.T.)",CHF,0
EXR.D.CHF.EUR.SP00.A,D,CHF,EUR,SP00,A,2021-01-04,1.0811,A,F,,,P1D,,A,,,,,,,99Q1=100,,,4,,4F0,,Swiss franc/Euro ECB reference exchange rate,"ECB reference exchange rate, Swiss franc/Euro, 2.15 pm (C.E.T.)",CHF,0
EXR.D.CHF.EUR.SP00.A,D,CHF,EUR,SP00,A,2021-01-05,1.0803,A,F,,,P1D,,A,,,,,,,99Q1=100,,,4,,4F0,,Swiss franc/Euro ECB reference exchange rate,"ECB reference exchange rate, Swiss franc/Euro, 2.15 pm (C.E.T.)",CHF,0
EXR.D.CHF.EUR.SP00.A,D,CHF,EUR,SP00,A,2021-01-06,1.0821,A,F,,,P1D,,A,,,,,,,99Q1=100,,,4,,4F0,,Swiss franc/Euro ECB reference exchange rate,"ECB reference exchange rate, Swiss franc/Euro, 2.15 pm (C.E.T.)",CHF,0
EXR.D.CHF.EUR.SP00.A,D,CHF,EUR,SP00,A,2021-01-07,1.0833,A,F,,,P1D,,A,,,,,,,99Q1=100,,,4,,4F0,,Swiss franc/Euro ECB reference exchange rate,"ECB reference exchange rate, Swiss franc/Euro, 2.15 pm (C.E.T.)",CHF,0
EXR.D.CHF.EUR.SP00.A,D,CHF,EUR,SP00,A,2021-01-08,1.0827,A,F,,,P1D,,A,,,,,,,99Q1=100,,,4,,4F0,,Swiss franc/Euro ECB reference exchange rate,"ECB reference exchange rate, Swiss franc/Euro, 2.15 pm (C.E.T.)",CHF,0
EXR.D.CHF.EUR.SP00.A,D,CHF,EUR,SP00,A,2021-01-11,1.0838,A,F,,,P1D,,A,,,,,,,99Q1=100,,,4,,4F0,,Swiss franc/Euro ECB reference exchange rate,"ECB reference exchange rate, Swiss franc/Euro, 2.15 pm (C.E.T.)",CHF,0
EXR.D.CHF.EUR.SP00.A,D,CHF,EUR,SP00,A,2021-01-12,1.0812,A,F,,,P1D,,A,,,,,,,99Q1=100,,,4,,4F0,,Swiss franc/Euro ECB reference exchange rate,"ECB reference exchange rate, Swiss franc/Euro, 2.15 pm (C.E.T.)",CHF,0
EXR.D.CHF.EUR.SP00.A,D,CHF,EUR,SP00,A,2021-01-13,1.0812,A,F,,,P1D,,A,,,,,,,99Q1=100,,,4,,4F0,,Swiss franc/Euro ECB reference exchange rate,"ECB reference exchange rate, Swiss franc/Euro, 2.15 pm (C.E.T.)",CHF,0
EXR.D.CHF.EUR.SP00.A,D,CHF,EUR,SP00,A,2021-01-14,1.0805,A,F,,,P1D,,A,,,,,,,99Q1=100,,,4,,4F0,,Swiss franc/Euro ECB reference exchange rate,"ECB reference exchange rate, Swiss franc/Euro, 2.15 pm (C.E.T.)",CHF,0
EXR.D.CHF.EUR.SP00.A,D,CHF,EUR,SP00,A,2021-01-15,1.077,A,F,,,P1D,,A,,,,,,,99Q1=100,,,4,,4F0,,Swiss franc/Euro ECB reference exchange rate,"ECB reference exchange rate, Swiss franc/Euro, 2.15 pm (C.E.T.)",CHF,0
EXR.D.CHF.EUR.SP00.A,D,CHF,EUR,SP00,A,2021-01-18,1.0747,A,F,,,P1D,,A,,,,,,,99Q1=100,,,4,,4F0,,Swiss franc/Euro ECB reference exchange rate,"ECB reference exchange rate, Swiss franc/Euro, 2.15 pm (C.E.T.)",CHF,0
EXR.D.CHF.EUR.SP00.A,D,CHF,EUR,SP00,A,2021-01-19,1.0769,A,F,,,P1D,,A,,,,,,,99Q1=100,,,4,,4F0,,Swiss franc/Euro ECB reference exchange rate,"ECB reference exchange rate, Swiss franc/Euro, 2.15 pm (C.E.T.)",CHF,0
EXR.D.CHF.EUR.SP00.A,D,CHF,EUR,SP00,A,2021-01-20,1.0778,A,F,,,P1D,,A,,,,,,,99Q1=100,,,4,,4F0,,Swiss franc/Euro ECB reference exchange rate,"ECB reference exchange rate, Swiss franc/Euro, 2.15 pm (C.E.T.)",CHF,0
EXR.D.CHF.EUR.SP00.A,D,CHF,EUR,SP00,A,2021-01-21,1.0773,A,F,,,P1D,,A,,,,,,,99Q1=100,,,4,,4F0,,Swiss franc/Euro ECB reference exchange rate,"ECB reference exchange rate, Swiss franc/Euro, 2.15 pm (C.E.T.)",CHF,0
EXR.D.CHF.EUR.SP00.A,D,CHF,EUR,SP00,A,2021-01-22,1.0773,A,F,,,P1D,,A,,,,,,,99Q1=100,,,4,,4F0,,Swiss franc/Euro ECB reference exchange rate,"ECB reference exchange rate, Swiss franc/Euro, 2.15 pm (C.E.T.)",CHF,0
EXR.D.CHF.EUR.SP00.A,D,CHF,EUR,SP00,A,2021-01-25,1.0772,A,F,,,P1D,,A,,,,,,,99Q1=100,,,4,,4F0,,Swiss franc/Euro ECB reference exchange rate,"ECB reference exchange rate, Swiss franc/Euro, 2.15 pm (C.E.T.)",CHF,0
EXR.D.CHF.EUR.SP00.A,D,CHF,EUR,SP00,A,2021-01-26,1.0789,A,F,,,P1D,,A,,,,,,,99Q1=100,,,4,,4F0,,Swiss franc/Euro ECB reference exchange rate,"ECB reference exchange rate, Swiss franc/Euro, 2.15 pm (C.E.T.)",CHF,0
EXR.D.CHF.EUR.SP00.A,D,CHF,EUR,SP00,A,2021-01-27,1.0759,A,F,,,P1D,,A,,,,,,,99Q1=100,,,4,,4F0,,Swiss franc/Euro ECB reference exchange rate,"ECB reference exchange rate, Swiss franc/Euro, 2.15 pm (C.E.T.)",CHF,0
EXR.D.CHF.EUR.SP00.A,D,CHF,EUR,SP00,A,2021-01-28,1.0783,A,F,,,P1D,,A,,,,,,,99Q1=100,,,4,,4F0,,Swiss franc/Euro ECB reference exchange rate,"ECB reference exchange rate, Swiss franc/Euro, 2.15 pm (C.E.T.)",CHF,0
EXR.D.CHF.EUR.SP00.A,D,CHF,EUR,SP00,A,2021-01-29,1.0798,A,F,,,P1D,,A,,,,,,,99Q1=100,,,4,,4F0,,Swiss franc/Euro ECB reference exchange rate,"ECB reference exchange rate, Swiss franc/Euro, 2.15 pm (C.E.T.)",CHF,0
EXR.D.CHF.EUR.SP00.A,D,CHF,EUR,SP00,A,2021-02-01,1.0816,A,F,,,P1D,,A,,,,,,,99Q1=100,,,4,,4F0,,Swiss franc/Euro ECB reference exchange rate,"ECB reference exchange rate, Swiss franc/Euro, 2.15 pm (C.E.T.)",CHF,0
EXR.D.CHF.EUR.SP00.A,D,CHF,EUR,SP00,A,2021-02-02,1.0808,A,F,,,P1D,,A,,,,,,,99Q1=100,,,4,,4F0,,Swiss franc/Euro ECB reference exchange rate,"ECB reference exchange rate, Swiss franc/Euro, 2.15 pm (C.E.T.)",CHF,0
EXR.D.CHF.EUR.SP00.A,D,CHF,EUR,SP00,A,2021-02-03,1.0804,A,F,,,P1D,,A,,,,,,,99Q1=100,,,4,,4F0,,Swiss franc/Euro ECB reference exchange rate,"ECB reference exchange rate, Swiss franc/Euro, 2.15 pm (C.E.T.)",CHF,0
EXR.D.CHF.EUR.SP00.A,D,CHF,EUR,SP00,A,2021-02-04,1.0818,A,F,,,P1D,,A,,,,,,,99Q1=100,,,4,,4F0,,Swiss franc/Euro ECB reference exchange rate,"ECB reference exchange rate, Swiss franc/Euro, 2.15 pm (C.E.T.)",CHF,0
EXR.D.CHF.EUR.SP00.A,D,CHF,EUR,SP00,A,2021-02-05,1.0825,A,F,,,P1D,,A,,,,,,,99Q1=100,,,4,,4F0,,Swiss franc/Euro ECB reference exchange rate,"ECB reference exchange rate, Swiss franc/Euro, 2.15 pm (C.E.T.)",CHF,0
EXR.D.CHF.EUR.SP00.A,D,CHF,EUR,SP00,A,2021-02-08,1.0842,A,F,,,P1D,,A,,,,,,,99Q1=100,,,4,,4F0,,Swiss franc/Euro ECB reference exchange rate,"ECB reference exchange rate, Swiss franc/Euro, 2.15 pm (C.E.T.)",CHF,0
EXR.D.CHF.EUR.SP00.A,D,CHF,EUR,SP00,A,2021-02-09,1.0817,A,F,,,P1D,,A,,,,,,,99Q1=100,,,4,,4F0,,Swiss franc/Euro ECB reference exchange rate,"ECB reference exchange rate, Swiss franc/Euro, 2.15 pm (C.E.T.)",CHF,0
EXR.D.CHF.EUR.SP00.A,D,CHF,EUR,SP00,A,2021-02-10,1.0805,A,F,,,P1D,,A,,,,,,,99Q1=100,,,4,,4F0,,Swiss franc/Euro ECB reference exchange rate,"ECB reference exchange rate, Swiss franc/Euro, 2.15 pm (C.E.T.)",CHF,0
EXR.D.CHF.EUR.SP00.A,D,CHF,EUR,SP00,A,2021-02-11,1.0802,A,F,,,P1D,,A,,,,,,,99Q1=100,,,4,,4F0,,Swiss franc/Euro ECB reference exchange rate,"ECB reference exchange rate, Swiss franc/Euro, 2.15 pm (C.E.T.)",CHF,0
EXR.D.CHF.EUR.SP00.A,D,CHF,EUR,SP00,A,2021-02-12,1.0803,A,F,,,P1D,,A,,,,,,,99Q1=100,,,4,,4F0,,Swiss franc/Euro ECB reference exchange rate,"ECB reference exchange rate, Swiss franc/Euro, 2.15 pm (C.E.T.)",CHF,0
EXR.D.CHF.EUR.SP00.A,D,CHF,EUR,SP00,A,2021-02-15,1.0802,A,F,,,P1D,,A,,,,,,,99Q1=100,,,4,,4F0,,Swiss franc/Euro ECB reference exchange rate,"ECB reference exchange rate, Swiss franc/Euro, 2.15 pm (C.E.T.)",CHF,0
EXR.D.CHF.EUR.SP00.A,D,CHF,EUR,SP00,A,2021-02-16,1.08,A,F,,,P1D,,A,,,,,,,99Q1=100,,,4,,4F0,,Swiss franc/Euro ECB reference exchange rate,"ECB reference exchange rate, Swiss franc/Euro, 2.15 pm (C.E.T.)",CHF,0
EXR.D.CHF.EUR.SP00.A,D,CHF,EUR,SP00,A,2021-02-17,1.0806,A,F,,,P1D,,A,,,,,,,99Q1=100,,,4,,4F0,,Swiss franc/Euro ECB reference exchange rate,"ECB reference exchange rate, Swiss franc/Euro, 2.15 pm (C.E.T.)",CHF,0
EXR.D.CHF.EUR.SP00.A,D,CHF,EUR,SP00,A,2021-02-18,1.0829,A,F,,,P1D,,A,,,,,,,99Q1=100,,,4,,4F0,,Swiss franc/Euro ECB reference exchange rate,"ECB reference exchange rate, Swiss franc/Euro, 2.15 pm (C.E.T.)",CHF,0
EXR.D.CHF.EUR.SP00.A,D,CHF,EUR,SP00,A,2021-02-19,1.0851,A,F,,,P1D,,A,,,,,,,99Q1=100,,,4,,4F0,,Swiss franc/Euro ECB reference exchange rate,"ECB reference exchange rate, Swiss franc/Euro, 2.15 pm (C.E.T.)",CHF,0
EXR.D.CHF.EUR.SP00.A,D,CHF,EUR,SP00,A,2021-02-22,1.0888,A,F,,,P1D,,A,,,,,,,99Q1=100,,,4,,4F0,,Swiss franc/Euro ECB reference exchange rate,"ECB reference exchange rate, Swiss franc/Euro, 2.15 pm (C.E.T.)",CHF,0
EXR.D.CHF.EUR.SP00.A,D,CHF,EUR,SP00,A,2021-02-23,1.0946,A,F,,,P1D,,A,,,,,,,99Q1=100,,,4,,4F0,,Swiss franc/Euro ECB reference exchange rate,"ECB reference exchange rate, Swiss franc/Euro, 2.15 pm (C.E.T.)",CHF,0
EXR.D.CHF.EUR.SP00.A,D,CHF,EUR,SP00,A,2021-02-24,1.1029,A,F,,,P1D,,A,,,,,,,99Q1=100,,,4,,4F0,,Swiss franc/Euro ECB reference exchange rate,"ECB reference exchange rate, Swiss franc/Euro, 2.15 pm (C.E.T.)",CHF,0
EXR.D.CHF.EUR.SP00.A,D,CHF,EUR,SP00,A,2021-02-25,1.1076,A,F,,,P1D,,A,,,,,,,99Q1=100,,,4,,4F0,,Swiss franc/Euro ECB reference exchange rate,"ECB reference exchange rate, Swiss franc/Euro, 2.15 pm (C.E.T.)",CHF,0
EXR.D.CHF.EUR.SP00.A,D,CHF,EUR,SP00,A,2021-02-26,1.0986,A,F,,,P1D,,A,,,,,,,99Q1=100,,,4,,4F0,,Swiss franc/Euro ECB reference exchange rate,"ECB reference exchange rate, Swiss franc/Euro, 2.15 pm (C.E.T.)",CHF,0
EXR.D.CHF.EUR.SP00.A,D,CHF,EUR,SP00,A,2021-03-01,1.1014,A,F,,,P1D,,A,,,,,,,99Q1=100,,,4,,4F0,,Swiss franc/Euro ECB reference exchange rate,"ECB reference exchange rate, Swiss franc/Euro, 2.15 pm (C.E.T.)",CHF,0
EXR.D.CHF.EUR.SP00.A,D,CHF,EUR,SP00,A,2021-03-02,1.105,A,F,,,P1D,,A,,,,,,,99Q1=100,,,4,,4F0,,Swiss franc/Euro ECB reference exchange rate,"ECB reference exchange rate, Swiss franc/Euro, 2.15 pm (C.E.T.)",CHF,0
EXR.D.CHF.EUR.SP00.A,D,CHF,EUR,SP00,A,2021-03-03,1.1064,A,F,,,P1D,,A,,,,,,,99Q1=100,,,4,,4F0,,Swiss franc/Euro ECB reference exchange rate,"ECB reference exchange rate, Swiss franc/Euro, 2.15 pm (C.E.T.)",CHF,0
EXR.D.CHF.EUR.SP00.A,D,CHF,EUR,SP00,A,2021-03-04,1.1114,A,F,,,P1D,,A,,,,,,,99Q1=100,,,4,,4F0,,Swiss franc/Euro ECB reference exchange rate,"ECB reference exchange rate, Swiss franc/Euro, 2.15 pm (C.E.T.)",CHF,0
EXR.D.CHF.EUR.SP00.A,D,CHF,EUR,SP00,A,2021-03-05,1.1066,A,F,,,P1D,,A,,,,,,,99Q1=100,,,4,,4F0,,Swiss franc/Euro ECB reference exchange rate,"ECB reference exchange rate, Swiss franc/Euro, 2.15 pm (C.E.T.)",CHF,0
EXR.D.CHF.EUR.SP00.A,D,CHF,EUR,SP00,A,2021-03-08,1.1087,A,F,,,P1D,,A,,,,,,,99Q1=100,,,4,,4F0,,Swiss franc/Euro ECB reference exchange rate,"ECB reference exchange rate, Swiss franc/Euro, 2.15 pm (C.E.T.)",CHF,0
EXR.D.CHF.EUR.SP00.A,D,CHF,EUR,SP00,A,2021-03-09,1.1071,A,F,,,P1D,,A,,,,,,,99Q1=100,,,4,,4F0,,Swiss franc/Euro ECB reference exchange rate,"ECB reference exchange rate, Swiss franc/Euro, 2.15 pm (C.E.T.)",CHF,0
EXR.D.CHF.EUR.SP00.A,D,CHF,EUR,SP00,A,2021-03-10,1.1069,A,F,,,P1D,,A,,,,,,,99Q1=100,,,4,,4F0,,Swiss franc/Euro ECB reference exchange rate,"ECB reference exchange rate, Swiss franc/Euro, 2.15 pm (C.E.T.)",CHF,0
EXR.D.CHF.EUR.SP00.A,D,CHF,EUR,SP00,A,2021-03-11,1.1066,A,F,,,P1D,,A,,,,,,,99Q1=100,,,4,,4F0,,Swiss franc/Euro ECB reference exchange rate,"ECB reference exchange rate, Swiss franc/Euro, 2.15 pm (C.E.T.)",CHF,0
EXR.D.CHF.EUR.SP00.A,D,CHF,EUR,SP00,A,2021-03-12,1.1094,A,F,,,P1D,,A,,,,,,,99Q1=100,,,4,,4F0,,Swiss franc/Euro ECB reference exchange rate,"ECB reference exchange rate, Swiss franc/Euro, 2.15 pm (C.E.T.)",CHF,0
EXR.D.CHF.EUR.SP00.A,D,CHF,EUR,SP00,A,2021-03-15,1.1084,A,F,,,P1D,,A,,,,,,,99Q1=100,,,4,,4F0,,Swiss franc/Euro ECB reference exchange rate,"ECB reference exchange rate, Swiss franc/Euro, 2.15 pm (C.E.T.)",CHF,0
EXR.D.CHF.EUR.SP00.A,D,CHF,EUR,SP00,A,2021-03-16,1.1033,A,F,,,P1D,,A,,,,,,,99Q1=100,,,4,,4F0,,Swiss franc/Euro ECB reference exchange rate,"ECB reference exchange rate, Swiss franc/Euro, 2.15 pm (C.E.T.)",CHF,0
EXR.D.CHF.EUR.SP00.A,D,CHF,EUR,SP00,A,2021-03-17,1.1047,A,F,,,P1D,,A,,,,,,,99Q1=100,,,4,,4F0,,Swiss franc/Euro ECB reference exchange rate,"ECB reference exchange rate, Swiss franc/Euro, 2.15 pm (C.E.T.)",CHF,0
EXR.D.CHF.EUR.SP00.A,D,CHF,EUR,SP00,A,2021-03-18,1.1069,A,F,,,P1D,,A,,,,,,,99Q1=100,,,4,,4F0,,Swiss franc/Euro ECB reference exchange rate,"ECB reference exchange rate, Swiss franc/Euro, 2.15 pm (C.E.T.)",CHF,0
EXR.D.CHF.EUR.SP00.A,D,CHF,EUR,SP00,A,2021-03-19,1.1066,A,F,,,P1D,,A,,,,,,,99Q1=100,,,4,,4F0,,Swiss franc/Euro ECB reference exchange rate,"ECB reference exchange rate, Swiss franc/Euro, 2.15 pm (C.E.T.)",CHF,0
EXR.D.CHF.EUR.SP00.A,D,CHF,EUR,SP00,A,2021-03-22,1.1023,A,F,,,P1D,,A,,,,,,,99Q1=100,,,4,,4F0,,Swiss franc/Euro ECB reference exchange rate,"ECB reference exchange rate, Swiss franc/Euro, 2.15 pm (C.E.T.)",CHF,0
EXR.D.CHF.EUR.SP00.A,D,CHF,EUR,SP00,A,2021-03-23,1.1066,A,F,,,P1D,,A,,,,,,,99Q1=100,,,4,,4F0,,Swiss franc/Euro ECB reference exchange rate,"ECB reference exchange rate, Swiss franc/Euro, 2.15 pm (C.E.T.)",CHF,0
EXR.D.CHF.EUR.SP00.A,D,CHF,EUR,SP00,A,2021-03-24,1.1068,A,F,,,P1D,,A,,,,,,,99Q1=100,,,4,,4F0,,Swiss franc/Euro ECB reference exchange rate,"ECB reference exchange rate, Swiss franc/Euro, 2.15 pm (C.E.T.)",CHF,0
EXR.D.CHF.EUR.SP00.A,D,CHF,EUR,SP00,A,2021-03-25,1.1045,A,F,,,P1D,,A,,,,,,,99Q1=100,,,4,,4F0,,Swiss franc/Euro ECB reference exchange rate,"ECB reference exchange rate, Swiss franc/Euro, 2.15 pm (C.E.T.)",CHF,0
EXR.D.CHF.EUR.SP00.A,D,CHF,EUR,SP00,A,2021-03-26,1.109,A,F,,,P1D,,A,,,,,,,99Q1=100,,,4,,4F0,,Swiss franc/Euro ECB reference exchange rate,"ECB reference exchange rate, Swiss franc/Euro, 2.15 pm (C.E.T.)",CHF,0
EXR.D.CHF.EUR.SP00.A,D,CHF,EUR,SP00,A,2021-03-29,1.1075,A,F,,,P1D,,A,,,,,,,99Q1=100,,,4,,4F0,,Swiss franc/Euro ECB reference exchange rate,"ECB reference exchange rate, Swiss franc/Euro, 2.15 pm (C.E.T.)",CHF,0
EXR.D.CHF.EUR.SP00.A,D,CHF,EUR,SP00,A,2021-03-30,1.1057,A,F,,,P1D,,A,,,,,,,99Q1=100,,,4,,4F0,,Swiss franc/Euro ECB reference exchange rate,"ECB reference exchange rate, Swiss franc/Euro, 2.15 pm (C.E.T.)",CHF,0
EXR.D.CHF.EUR.SP00.A,D,CHF,EUR,SP00,A,2021-03-31,1.107,A,F,,,P1D,,A,,,,,,,99Q1=100,,,4,,4F0,,Swiss franc/Euro ECB reference exchange rate,"ECB reference exchange rate, Swiss franc/Euro, 2.15 pm (C.E.T.)",CHF,0
EXR.D.CHF.EUR.SP00.A,D,CHF,EUR,SP00,A,2021-04-01,1.1099,A,F,,,P1D,,A,,,,,,,99Q1=100,,,4,,4F0,,Swiss franc/Euro ECB reference exchange rate,"ECB reference exchange rate, Swiss franc/Euro, 2.15 pm (C.E.T.)",CHF,0
EXR.D.CHF.EUR.SP00.A,D,CHF,EUR,SP00,A,2021-04-06,1.107,A,F,,,P1D,,A,,,,,,,99Q1=100,,,4,,4F0,,Swiss franc/Euro ECB reference exchange rate,"ECB reference exchange rate, Swiss franc/Euro, 2.15 pm (C.E.T.)",CHF,0
EXR.D.CHF.EUR.SP00.A,D,CHF,EUR,SP00,A,2021-04-07,1.1044,A,F,,,P1D,,A,,,,,,,99Q1=100,,,4,,4F0,,Swiss franc/Euro ECB reference exchange rate,"ECB reference exchange rate, Swiss franc/Euro, 2.15 pm (C.E.T.)",CHF,0
EXR.D.CHF.EUR.SP00.A,D,CHF,EUR,SP00,A,2021-04-08,1.1021,A,F,,,P1D,,A,,,,,,,99Q1=100,,,4,,4F0,,Swiss franc/Euro ECB reference exchange rate,"ECB reference exchange rate, Swiss franc/Euro, 2.15 pm (C.E.T.)",CHF,0
EXR.D.CHF.EUR.SP00.A,D,CHF,EUR,SP00,A,2021-04-09,1.101,A,F,,,P1D,,A,,,,,,,99Q1=100,,,4,,4F0,,Swiss franc/Euro ECB reference exchange rate,"ECB reference exchange rate, Swiss franc/Euro, 2.15 pm (C.E.T.)",CHF,0
EXR.D.CHF.EUR.SP00.A,D,CHF,EUR,SP00,A,2021-04-12,1.0998,A,F,,,P1D,,A,,,,,,,99Q1=100,,,4,,4F0,,Swiss franc/Euro ECB reference exchange rate,"ECB reference exchange rate, Swiss franc/Euro, 2.15 pm (C.E.T.)",CHF,0
EXR.D.CHF.EUR.SP00.A,D,CHF,EUR,SP00,A,2021-04-13,1.1001,A,F,,,P1D,,A,,,,,,,99Q1=100,,,4,,4F0,,Swiss franc/Euro ECB reference exchange rate,"ECB reference exchange rate, Swiss franc/Euro, 2.15 pm (C.E.T.)",CHF,0
EXR.D.CHF.EUR.SP00.A,D,CHF,EUR,SP00,A,2021-04-14,1.1033,A,F,,,P1D,,A,,,,,,,99Q1=100,,,4,,4F0,,Swiss franc/Euro ECB reference exchange rate,"ECB reference exchange rate, Swiss franc/Euro, 2.15 pm (C.E.T.)",CHF,0
EXR.D.CHF.EUR.SP00.A,D,CHF,EUR,SP00,A,2021-04-15,1.1046,A,F,,,P1D,,A,,,,,,,99Q1=100,,,4,,4F0,,Swiss franc/Euro ECB reference exchange rate,"ECB reference exchange rate, Swiss franc/Euro, 2.15 pm (C.E.T.)",CHF,0
EXR.D.CHF.EUR.SP00.A,D,CHF,EUR,SP00,A,2021-04-16,1.1011,A,F,,,P1D,,A,,,,,,,99Q1=100,,,4,,4F0,,Swiss franc/Euro ECB reference exchange rate,"ECB reference exchange rate, Swiss franc/Euro, 2.15 pm (C.E.T.)",CHF,0
EXR.D.CHF.EUR.SP00.A,D,CHF,EUR,SP00,A,2021-04-19,1.0998,A,F,,,P1D,,A,,,,,,,99Q1=100,,,4,,4F0,,Swiss franc/Euro ECB reference exchange rate,"ECB reference exchange rate, Swiss franc/Euro, 2.15 pm (C.E.T.)",CHF,0
EXR.D.CHF.EUR.SP00.A,D,CHF,EUR,SP00,A,2021-04-20,1.1029,A,F,,,P1D,,A,,,,,,,99Q1=100,,,4,,4F0,,Swiss franc/Euro ECB reference exchange rate,"ECB reference exchange rate, Swiss franc/Euro, 2.15 pm (C.E.T.)",CHF,0
EXR.D.CHF.EUR.SP00.A,D,CHF,EUR,SP00,A,2021-04-21,1.1026,A,F,,,P1D,,A,,,,,,,99Q1=100,,,4,,4F0,,Swiss franc/Euro ECB reference exchange rate,"ECB reference exchange rate, Swiss franc/Euro, 2.15 pm (C.E.T.)",CHF,0
EXR.D.CHF.EUR.SP00.A,D,CHF,EUR,SP00,A,2021-04-22,1.1035,A,F,,,P1D,,A,,,,,,,99Q1=100,,,4,,4F0,,Swiss franc/Euro ECB reference exchange rate,"ECB reference exchange rate, Swiss franc/Euro, 2.15 pm (C.E.T.)",CHF,0
EXR.D.CHF.EUR.SP00.A,D,CHF,EUR,SP00,A,2021-04-23,1.1038,A,F,,,P1D,,A,,,,,,,99Q1=100,,,4,,4F0,,Swiss franc/Euro ECB reference exchange rate,"ECB reference exchange rate, Swiss franc/Euro, 2.15 pm (C.E.T.)",CHF,0
EXR.D.CHF.EUR.SP00.A,D,CHF,EUR,SP00,A,2021-04-26,1.1067,A,F,,,P1D,,A,,,,,,,99Q1=100,,,4,,4F0,,Swiss franc/Euro ECB reference exchange rate,"ECB reference exchange rate, Swiss franc/Euro, 2.15 pm (C.E.T.)",CHF,0
EXR.D.CHF.EUR.SP00.A,D,CHF,EUR,SP00,A,2021-04-27,1.1038,A,F,,,P1D,,A,,,,,,,99Q1=100,,,4,,4F0,,Swiss franc/Euro ECB reference exchange rate,"ECB reference exchange rate, Swiss franc/Euro, 2.15 pm (C.E.T.)",CHF,0
EXR.D.CHF.EUR.SP00.A,D,CHF,EUR,SP00,A,2021-04-28,1.1044,A,F,,,P1D,,A,,,,,,,99Q1=100,,,4,,4F0,,Swiss franc/Euro ECB reference exchange rate,"ECB reference exchange rate, Swiss franc/Euro, 2.15 pm (C.E.T.)",CHF,0
EXR.D.CHF.EUR.SP00.A,D,CHF,EUR,SP00,A,2021-04-29,1.102,A,F,,,P1D,,A,,,,,,,99Q1=100,,,4,,4F0,,Swiss franc/Euro ECB reference exchange rate,"ECB reference exchange rate, Swiss franc/Euro, 2.15 pm (C.E.T.)",CHF,0
EXR.D.CHF.EUR.SP00.A,D,CHF,EUR,SP00,A,2021-04-30,1.0998,A,F,,,P1D,,A,,,,,,,99Q1=100,,,4,,4F0,,Swiss franc/Euro ECB reference exchange rate,"ECB reference exchange rate, Swiss franc/Euro, 2.15 pm (C.E.T.)",CHF,0
EXR.D.CHF.EUR.SP00.A,D,CHF,EUR,SP00,A,2021-05-03,1.1016,A,F,,,P1D,,A,,,,,,,99Q1=100,,,4,,4F0,,Swiss franc/Euro ECB reference exchange rate,"ECB reference exchange rate, Swiss franc/Euro, 2.15 pm (C.E.T.)",CHF,0
EXR.D.CHF.EUR.SP00.A,D,CHF,EUR,SP00,A,2021-05-04,1.098,A,F,,,P1D,,A,,,,,,,99Q1=100,,,4,,4F0,,Swiss franc/Euro ECB reference exchange rate,"ECB reference exchange rate, Swiss franc/Euro, 2.15 pm (C.E.T.)",CHF,0
EXR.D.CHF.EUR.SP00.A,D,CHF,EUR,SP00,A,2021-05-05,1.0965,A,F,,,P1D,,A,,,,,,,99Q1=100,,,4,,4F0,,Swiss franc/Euro ECB reference exchange rate,"ECB reference exchange rate, Swiss franc/Euro, 2.15 pm (C.E.T.)",CHF,0
EXR.D.CHF.EUR.SP00.A,D,CHF,EUR,SP00,A,2021-05-06,1.0953,A,F,,,P1D,,A,,,,,,,99Q1=100,,,4,,4F0,,Swiss franc/Euro ECB reference exchange rate,"ECB reference exchange rate, Swiss franc/Euro, 2.15 pm (C.E.T.)",CHF,0
EXR.D.CHF.EUR.SP00.A,D,CHF,EUR,SP00,A,2021-05-07,1.0963,A,F,,,P1D,,A,,,,,,,99Q1=100,,,4,,4F0,,Swiss franc/Euro ECB reference exchange rate,"ECB reference exchange rate, Swiss franc/Euro, 2.15 pm (C.E.T.)",CHF,0
EXR.D.CHF.EUR.SP00.A,D,CHF,EUR,SP00,A,2021-05-10,1.0939,A,F,,,P1D,,A,,,,,,,99Q1=100,,,4,,4F0,,Swiss franc/Euro ECB reference exchange rate,"ECB reference exchange rate, Swiss franc/Euro, 2.15 pm (C.E.T.)",CHF,0
EXR.D.CHF.EUR.SP00.A,D,CHF,EUR,SP00,A,2021-05-11,1.0976,A,F,,,P1D,,A,,,,,,,99Q1=100,,,4,,4F0,,Swiss franc/Euro ECB reference exchange rate,"ECB reference exchange rate, Swiss franc/Euro, 2.15 pm (C.E.T.)",CHF,0
EXR.D.CHF.EUR.SP00.A,D,CHF,EUR,SP00,A,2021-05-12,1.0966,A,F,,,P1D,,A,,,,,,,99Q1=100,,,4,,4F0,,Swiss franc/Euro ECB reference exchange rate,"ECB reference exchange rate, Swiss franc/Euro, 2.15 pm (C.E.T.)",CHF,0
EXR.D.CHF.EUR.SP00.A,D,CHF,EUR,SP00,A,2021-05-13,1.096,A,F,,,P1D,,A,,,,,,,99Q1=100,,,4,,4F0,,Swiss franc/Euro ECB reference exchange rate,"ECB reference exchange rate, Swiss franc/Euro, 2.15 pm (C.E.T.)",CHF,0
EXR.D.CHF.EUR.SP00.A,D,CHF,EUR,SP00,A,2021-05-14,1.0952,A,F,,,P1D,,A,,,,,,,99Q1=100,,,4,,4F0,,Swiss franc/Euro ECB reference exchange rate,"ECB reference exchange rate, Swiss franc/Euro, 2.15 pm (C.E.T.)",CHF,0
EXR.D.CHF.EUR.SP00.A,D,CHF,EUR,SP00,A,2021-05-17,1.095,A,F,,,P1D,,A,,,,,,,99Q1=100,,,4,,4F0,,Swiss franc/Euro ECB reference exchange rate,"ECB reference exchange rate, Swiss franc/Euro, 2.15 pm (C.E.T.)",CHF,0
EXR.D.CHF.EUR.SP00.A,D,CHF,EUR,SP00,A,2021-05-18,1.0963,A,F,,,P1D,,A,,,,,,,99Q1=100,,,4,,4F0,,Swiss franc/Euro ECB reference exchange rate,"ECB reference exchange rate, Swiss franc/Euro, 2.15 pm (C.E.T.)",CHF,0
EXR.D.CHF.EUR.SP00.A,D,CHF,EUR,SP00,A,2021-05-19,1.1008,A,F,,,P1D,,A,,,,,,,99Q1=100,,,4,,4F0,,Swiss franc/Euro ECB reference exchange rate,"ECB reference exchange rate, Swiss franc/Euro, 2.15 pm (C.E.T.)",CHF,0
EXR.D.CHF.EUR.SP00.A,D,CHF,EUR,SP00,A,2021-05-20,1.0991,A,F,,,P1D,,A,,,,,,,99Q1=100,,,4,,4F0,,Swiss franc/Euro ECB reference exchange rate,"ECB reference exchange rate, Swiss franc/Euro, 2.15 pm (C.E.T.)",CHF,0
EXR.D.CHF.EUR.SP00.A,D,CHF,EUR,SP00,A,2021-05-21,1.0951,A,F,,,P1D,,A,,,,,,,99Q1=100,,,4,,4F0,,Swiss franc/Euro ECB reference exchange rate,"ECB reference exchange rate, Swiss franc/Euro, 2.15 pm (C.E.T.)",CHF,0
EXR.D.CHF.EUR.SP00.A,D,CHF,EUR,SP00,A,2021-05-24,1.0957,A,F,,,P1D,,A,,,,,,,99Q1=100,,,4,,4F0,,Swiss franc/Euro ECB reference exchange rate,"ECB reference exchange rate, Swiss franc/Euro, 2.15 pm (C.E.T.)",CHF,0
EXR.D.CHF.EUR.SP00.A,D,CHF,EUR,SP00,A,2021-05-25,1.0977,A,F,,,P1D,,A,,,,,,,99Q1=100,,,4,,4F0,,Swiss franc/Euro ECB reference exchange rate,"ECB reference exchange rate, Swiss franc/Euro, 2.15 pm (C.E.T.)",CHF,0
EXR.D.CHF.EUR.SP00.A,D,CHF,EUR,SP00,A,2021-05-26,1.0958,A,F,,,P1D,,A,,,,,,,99Q1=100,,,4,,4F0,,Swiss franc/Euro ECB reference exchange rate,"ECB reference exchange rate, Swiss franc/Euro, 2.15 pm (C.E.T.)",CHF,0
EXR.D.CHF.EUR.SP00.A,D,CHF,EUR,SP00,A,2021-05-27,1.0967,A,F,,,P1D,,A,,,,,,,99Q1=100,,,4,,4F0,,Swiss franc/Euro ECB reference exchange rate,"ECB reference exchange rate, Swiss franc/Euro, 2.15 pm (C.E.T.)",CHF,0
EXR.D.CHF.EUR.SP00.A,D,CHF,EUR,SP00,A,2021-05-28,1.096,A,F,,,P1D,,A,,,,,,,99Q1=100,,,4,,4F0,,Swiss franc/Euro ECB reference exchange rate,"ECB reference exchange rate, Swiss franc/Euro, 2.15 pm (C.E.T.)",CHF,0
EXR.D.CHF.EUR.SP00.A,D,CHF,EUR,SP00,A,2021-05-31,1.0982,A,F,,,P1D,,A,,,,,,,99Q1=100,,,4,,4F0,,Swiss franc/Euro ECB reference exchange rate,"ECB reference exchange rate, Swiss franc/Euro, 2.15 pm (C.E.T.)",CHF,0
EXR.D.CHF.EUR.SP00.A,D,CHF,EUR,SP00,A,2021-06-01,1.0986,A,F,,,P1D,,A,,,,,,,99Q1=100,,,4,,4F0,,Swiss franc/Euro ECB reference exchange rate,"ECB reference exchange rate, Swiss franc/Euro, 2.15 pm (C.E.T.)",CHF,0
EXR.D.CHF.EUR.SP00.A,D,CHF,EUR,SP00,A,2021-06-02,1.0982,A,F,,,P1D,,A,,,,,,,99Q1=100,,,4,,4F0,,Swiss franc/Euro ECB reference exchange rate,"ECB reference exchange rate, Swiss franc/Euro, 2.15 pm (C.E.T.)",CHF,0
EXR.D.CHF.EUR.SP00.A,D,CHF,EUR,SP00,A,2021-06-03,1.0961,A,F,,,P1D,,A,,,,,,,99Q1=100,,,4,,4F0,,Swiss franc/Euro ECB reference exchange rate,"ECB reference exchange rate, Swiss franc/Euro, 2.15 pm (C.E.T.)",CHF,0
EXR.D.CHF.EUR.SP00.A,D,CHF,EUR,SP00,A,2021-06-04,1.0951,A,F,,,P1D,,A,,,,,,,99Q1=100,,,4,,4F0,,Swiss franc/Euro ECB reference exchange rate,"ECB reference exchange rate, Swiss franc/Euro, 2.15 pm (C.E.T.)",CHF,0
EXR.D.CHF.EUR.SP00.A,D,CHF,EUR,SP00,A,2021-06-07,1.0934,A,F,,,P1D,,A,,,,,,,99Q1=100,,,4,,4F0,,Swiss franc/Euro ECB reference exchange rate,"ECB reference exchange rate, Swiss franc/Euro, 2.15 pm (C.E.T.)",CHF,0
EXR.D.CHF.EUR.SP00.A,D,CHF,EUR,SP00,A,2021-06-08,1.0914,A,F,,,P1D,,A,,,,,,,99Q1=100,,,4,,4F0,,Swiss franc/Euro ECB reference exchange rate,"ECB reference exchange rate, Swiss franc/Euro, 2.15 pm (C.E.T.)",CHF,0
EXR.D.CHF.EUR.SP00.A,D,CHF,EUR,SP00,A,2021-06-09,1.0913,A,F,,,P1D,,A,,,,,,,99Q1=100,,,4,,4F0,,Swiss franc/Euro ECB reference exchange rate,"ECB reference exchange rate, Swiss franc/Euro, 2.15 pm (C.E.T.)",CHF,0
EXR.D.CHF.EUR.SP00.A,D,CHF,EUR,SP00,A,2021-06-10,1.0909,A,F,,,P1D,,A,,,,,,,99Q1=100,,,4,,4F0,,Swiss franc/Euro ECB reference exchange rate,"ECB reference exchange rate, Swiss franc/Euro, 2.15 pm (C.E.T.)",CHF,0
EXR.D.CHF.EUR.SP00.A,D,CHF,EUR,SP00,A,2021-06-11,1.0883,A,F,,,P1D,,A,,,,,,,99Q1=100,,,4,,4F0,,Swiss franc/Euro ECB reference exchange rate,"ECB reference exchange rate, Swiss franc/Euro, 2.15 pm (C.E.T.)",CHF,0
EXR.D.CHF.EUR.SP00.A,D,CHF,EUR,SP00,A,2021-06-14,1.0889,A,F,,,P1D,,A,,,,,,,99Q1=100,,,4,,4F0,,Swiss franc/Euro ECB reference exchange rate,"ECB reference exchange rate, Swiss franc/Euro, 2.15 pm (C.E.T.)",CHF,0
EXR.D.CHF.EUR.SP00.A,D,CHF,EUR,SP00,A,2021-06-15,1.0899,A,F,,,P1D,,A,,,,,,,99Q1=100,,,4,,4F0,,Swiss franc/Euro ECB reference exchange rate,"ECB reference exchange rate, Swiss franc/Euro, 2.15 pm (C.E.T.)",CHF,0
EXR.D.CHF.EUR.SP00.A,D,CHF,EUR,SP00,A,2021-06-16,1.0896,A,F,,,P1D,,A,,,,,,,99Q1=100,,,4,,4F0,,Swiss franc/Euro ECB reference exchange rate,"ECB reference exchange rate, Swiss franc/Euro, 2.15 pm (C.E.T.)",CHF,0
EXR.D.CHF.EUR.SP00.A,D,CHF,EUR,SP00,A,2021-06-17,1.0925,A,F,,,P1D,,A,,,,,,,99Q1=100,,,4,,4F0,,Swiss franc/Euro ECB reference exchange rate,"ECB reference exchange rate, Swiss franc/Euro, 2.15 pm (C.E.T.)",CHF,0
EXR.D.CHF.EUR.SP00.A,D,CHF,EUR,SP00,A,2021-06-18,1.0941,A,F,,,P1D,,A,,,,,,,99Q1=100,,,4,,4F0,,Swiss franc/Euro ECB reference exchange rate,"ECB reference exchange rate, Swiss franc/Euro, 2.15 pm (C.E.T.)",CHF,0
EXR.D.CHF.EUR.SP00.A,D,CHF,EUR,SP00,A,2021-06-21,1.0954,A,F,,,P1D,,A,,,,,,,99Q1=100,,,4,,4F0,,Swiss franc/Euro ECB reference exchange rate,"ECB reference exchange rate, Swiss franc/Euro, 2.15 pm (C.E.T.)",CHF,0
EXR.D.CHF.EUR.SP00.A,D,CHF,EUR,SP00,A,2021-06-22,1.0943,A,F,,,P1D,,A,,,,,,,99Q1=100,,,4,,4F0,,Swiss franc/Euro ECB reference exchange rate,"ECB reference exchange rate, Swiss franc/Euro, 2.15 pm (C.E.T.)",CHF,0
EXR.D.CHF.EUR.SP00.A,D,CHF,EUR,SP00,A,2021-06-23,1.0963,A,F,,,P1D,,A,,,,,,,99Q1=100,,,4,,4F0,,Swiss franc/Euro ECB reference exchange rate,"ECB reference exchange rate, Swiss franc/Euro, 2.15 pm (C.E.T.)",CHF,0
EXR.D.CHF.EUR.SP00.A,D,CHF,EUR,SP00,A,2021-06-24,1.0967,A,F,,,P1D,,A,,,,,,,99Q1=100,,,4,,4F0,,Swiss franc/Euro ECB reference exchange rate,"ECB reference exchange rate, Swiss franc/Euro, 2.15 pm (C.E.T.)",CHF,0
EXR.D.CHF.EUR.SP00.A,D,CHF,EUR,SP00,A,2021-06-25,1.0956,A,F,,,P1D,,A,,,,,,,99Q1=100,,,4,,4F0,,Swiss franc/Euro ECB reference exchange rate,"ECB reference exchange rate, Swiss franc/Euro, 2.15 pm (C.E.T.)",CHF,0
EXR.D.CHF.EUR.SP00.A,D,CHF,EUR,SP00,A,2021-06-28,1.0969,A,F,,,P1D,,A,,,,,,,99Q1=100,,,4,,4F0,,Swiss franc/Euro ECB reference exchange rate,"ECB reference exchange rate, Swiss franc/Euro, 2.15 pm (C.E.T.)",CHF,0
EXR.D.CHF.EUR.SP00.A,D,CHF,EUR,SP00,A,2021-06-29,1.0965,A,F,,,P1D,,A,,,,,,,99Q1=100,,,4,,4F0,,Swiss franc/Euro ECB reference exchange rate,"ECB reference exchange rate, Swiss franc/Euro, 2.15 pm (C.E.T.)",CHF,0
EXR.D.CHF.EUR.SP00.A,D,CHF,EUR,SP00,A,2021-06-30,1.098,A,F,,,P1D,,A,,,,,,,99Q1=100,,,4,,4F0,,Swiss franc/Euro ECB reference exchange rate,"ECB reference exchange rate, Swiss franc/Euro, 2.15 pm (C.E.T.)",CHF,0
EXR.D.CHF.EUR.SP00.A,D,CHF,EUR,SP00,A,2021-07-01,1.0985,A,F,,,P1D,,A,,,,,,,99Q1=100,,,4,,4F0,,Swiss franc/Euro ECB reference exchange rate,"ECB reference exchange rate, Swiss franc/Euro, 2.15 pm (C.E.T.)",CHF,0
EXR.D.CHF.EUR.SP00.A,D,CHF,EUR,SP00,A,2021-07-02,1.0945,A,F,,,P1D,,A,,,,,,,99Q1=100,,,4,,4F0,,Swiss franc/Euro ECB reference exchange rate,"ECB reference exchange rate, Swiss franc/Euro, 2.15 pm (C.E.T.)",CHF,0
EXR.D.CHF.EUR.SP00.A,D,CHF,EUR,SP00,A,2021-07-05,1.0935,A,F,,,P1D,,A,,,,,,,99Q1=100,,,4,,4F0,,Swiss franc/Euro ECB reference exchange rate,"ECB reference exchange rate, Swiss franc/Euro, 2.15 pm (C.E.T.)",CHF,0
EXR.D.CHF.EUR.SP00.A,D,CHF,EUR,SP00,A,2021-07-06,1.093,A,F,,,P1D,,A,,,,,,,99Q1=100,,,4,,4F0,,Swiss franc/Euro ECB reference exchange rate,"ECB reference exchange rate, Swiss franc/Euro, 2.15 pm (C.E.T.)",CHF,0
EXR.D.CHF.EUR.SP00.A,D,CHF,EUR,SP00,A,2021-07-07,1.0917,A,F,,,P1D,,A,,,,,,,99Q1=100,,,4,,4F0,,Swiss franc/Euro ECB reference exchange rate,"ECB reference exchange rate, Swiss franc/Euro, 2.15 pm (C.E.T.)",CHF,0
EXR.D.CHF.EUR.SP00.A,D,CHF,EUR,SP00,A,2021-07-08,1.0851,A,F,,,P1D,,A,,,,,,,99Q1=100,,,4,,4F0,,Swiss franc/Euro ECB reference exchange rate,"ECB reference exchange rate, Swiss franc/Euro, 2.15 pm (C.E.T.)",CHF,0
EXR.D.CHF.EUR.SP00.A,D,CHF,EUR,SP00,A,2021-07-09,1.0852,A,F,,,P1D,,A,,,,,,,99Q1=100,,,4,,4F0,,Swiss franc/Euro ECB reference exchange rate,"ECB reference exchange rate, Swiss franc/Euro, 2.15 pm (C.E.T.)",CHF,0
EXR.D.CHF.EUR.SP00.A,D,CHF,EUR,SP00,A,2021-07-12,1.0852,A,F,,,P1D,,A,,,,,,,99Q1=100,,,4,,4F0,,Swiss franc/Euro ECB reference exchange rate,"ECB reference exchange rate, Swiss franc/Euro, 2.15 pm (C.E.T.)",CHF,0
EXR.D.CHF.EUR.SP00.A,D,CHF,EUR,SP00,A,2021-07-13,1.0857,A,F,,,P1D,,A,,,,,,,99Q1=100,,,4,,4F0,,Swiss franc/Euro ECB reference exchange rate,"ECB reference exchange rate, Swiss franc/Euro, 2.15 pm (C.E.T.)",CHF,0
EXR.D.CHF.EUR.SP00.A,D,CHF,EUR,SP00,A,2021-07-14,1.084,A,F,,,P1D,,A,,,,,,,99Q1=100,,,4,,4F0,,Swiss franc/Euro ECB reference exchange rate,"ECB reference exchange rate, Swiss franc/Euro, 2.15 pm (C.E.T.)",CHF,0
EXR.D.CHF.EUR.SP00.A,D,CHF,EUR,SP00,A,2021-07-15,1.0828,A,F,,,P1D,,A,,,,,,,99Q1=100,,,4,,4F0,,Swiss franc/Euro ECB reference exchange rate,"ECB reference exchange rate, Swiss franc/Euro, 2.15 pm (C.E.T.)",CHF,0
EXR.D.CHF.EUR.SP00.A,D,CHF,EUR,SP00,A,2021-07-16,1.0853,A,F,,,P1D,,A,,,,,,,99Q1=100,,,4,,4F0,,Swiss franc/Euro ECB reference exchange rate,"ECB reference exchange rate, Swiss franc/Euro, 2.15 pm (C.E.T.)",CHF,0
EXR.D.CHF.EUR.SP00.A,D,CHF,EUR,SP00,A,2021-07-19,1.084,A,F,,,P1D,,A,,,,,,,99Q1=100,,,4,,4F0,,Swiss franc/Euro ECB reference exchange rate,"ECB reference exchange rate, Swiss franc/Euro, 2.15 pm (C.E.T.)",CHF,0
EXR.D.CHF.EUR.SP00.A,D,CHF,EUR,SP00,A,2021-07-20,1.0838,A,F,,,P1D,,A,,,,,,,99Q1=100,,,4,,4F0,,Swiss franc/Euro ECB reference exchange rate,"ECB reference exchange rate, Swiss franc/Euro, 2.15 pm (C.E.T.)",CHF,0
EXR.D.CHF.EUR.SP00.A,D,CHF,EUR,SP00,A,2021-07-21,1.0848,A,F,,,P1D,,A,,,,,,,99Q1=100,,,4,,4F0,,Swiss franc/Euro ECB reference exchange rate,"ECB reference exchange rate, Swiss franc/Euro, 2.15 pm (C.E.T.)",CHF,0
EXR.D.CHF.EUR.SP00.A,D,CHF,EUR,SP00,A,2021-07-22,1.0829,A,F,,,P1D,,A,,,,,,,99Q1=100,,,4,,4F0,,Swiss franc/Euro ECB reference exchange rate,"ECB reference exchange rate, Swiss franc/Euro, 2.15 pm (C.E.T.)",CHF,0
EXR.D.CHF.EUR.SP00.A,D,CHF,EUR,SP00,A,2021-07-23,1.0838,A,F,,,P1D,,A,,,,,,,99Q1=100,,,4,,4F0,,Swiss franc/Euro ECB reference exchange rate,"ECB reference exchange rate, Swiss franc/Euro, 2.15 pm (C.E.T.)",CHF,0
EXR.D.CHF.EUR.SP00.A,D,CHF,EUR,SP00,A,2021-07-26,1.0826,A,F,,,P1D,,A,,,,,,,99Q1=100,,,4,,4F0,,Swiss franc/Euro ECB reference exchange rate,"ECB reference exchange rate, Swiss franc/Euro, 2.15 pm (C.E.T.)",CHF,0
EXR.D.CHF.EUR.SP00.A,D,CHF,EUR,SP00,A,2021-07-27,1.0806,A,F,,,P1D,,A,,,,,,,99Q1=100,,,4,,4F0,,Swiss franc/Euro ECB reference exchange rate,"ECB reference exchange rate, Swiss franc/Euro, 2.15 pm (C.E.T.)",CHF,0
EXR.D.CHF.EUR.SP00.A,D,CHF,EUR,SP00,A,2021-07-28,1.0802,A,F,,,P1D,,A,,,,,,,99Q1=100,,,4,,4F0,,Swiss franc/Euro ECB reference exchange rate,"ECB reference exchange rate, Swiss franc/Euro, 2.15 pm (C.E.T.)",CHF,0
EXR.D.CHF.EUR.SP00.A,D,CHF,EUR,SP00,A,2021-07-29,1.0788,A,F,,,P1D,,A,,,,,,,99Q1=100,,,4,,4F0,,Swiss franc/Euro ECB reference exchange rate,"ECB reference exchange rate, Swiss franc/Euro, 2.15 pm (C.E.T.)",CHF,0
EXR.D.CHF.EUR.SP00.A,D,CHF,EUR,SP00,A,2021-07-30,1.0771,A,F,,,P1D,,A,,,,,,,99Q1=100,,,4,,4F0,,Swiss franc/Euro ECB reference exchange rate,"ECB reference exchange rate, Swiss franc/Euro, 2.15 pm (C.E.T.)",CHF,0
EXR.D.CHF.EUR.SP00.A,D,CHF,EUR,SP00,A,2021-08-02,1.0761,A,F,,,P1D,,A,,,,,,,99Q1=100,,,4,,4F0,,Swiss franc/Euro ECB reference exchange rate,"ECB reference exchange rate, Swiss franc/Euro, 2.15 pm (C.E.T.)",CHF,0
EXR.D.CHF.EUR.SP00.A,D,CHF,EUR,SP00,A,2021-08-03,1.0735,A,F,,,P1D,,A,,,,,,,99Q1=100,,,4,,4F0,,Swiss franc/Euro ECB reference exchange rate,"ECB reference exchange rate, Swiss franc/Euro, 2.15 pm (C.E.T.)",CHF,0
EXR.D.CHF.EUR.SP00.A,D,CHF,EUR,SP00,A,2021-08-04,1.0729,A,F,,,P1D,,A,,,,,,,99Q1=100,,,4,,4F0,,Swiss franc/Euro ECB reference exchange rate,"ECB reference exchange rate, Swiss franc/Euro, 2.15 pm (C.E.T.)",CHF,0
EXR.D.CHF.EUR.SP00.A,D,CHF,EUR,SP00,A,2021-08-05,1.0733,A,F,,,P1D,,A,,,,,,,99Q1=100,,,4,,4F0,,Swiss franc/Euro ECB reference exchange rate,"ECB reference exchange rate, Swiss franc/Euro, 2.15 pm (C.E.T.)",CHF,0
EXR.D.CHF.EUR.SP00.A,D,CHF,EUR,SP00,A,2021-08-06,1.0724,A,F,,,P1D,,A,,,,,,,99Q1=100,,,4,,4F0,,Swiss franc/Euro ECB reference exchange rate,"ECB reference exchange rate, Swiss franc/Euro, 2.15 pm (C.E.T.)",CHF,0
EXR.D.CHF.EUR.SP00.A,D,CHF,EUR,SP00,A,2021-08-09,1.0786,A,F,,,P1D,,A,,,,,,,99Q1=100,,,4,,4F0,,Swiss franc/Euro ECB reference exchange rate,"ECB reference exchange rate, Swiss franc/Euro, 2.15 pm (C.E.T.)",CHF,0
EXR.D.CHF.EUR.SP00.A,D,CHF,EUR,SP00,A,2021-08-10,1.0813,A,F,,,P1D,,A,,,,,,,99Q1=100,,,4,,4F0,,Swiss franc/Euro ECB reference exchange rate,"ECB reference exchange rate, Swiss franc/Euro, 2.15 pm (C.E.T.)",CHF,0
EXR.D.CHF.EUR.SP00.A,D,CHF,EUR,SP00,A,2021-08-11,1.0818,A,F,,,P1D,,A,,,,,,,99Q1=100,,,4,,4F0,,Swiss franc/Euro ECB reference exchange rate,"ECB reference exchange rate, Swiss franc/Euro, 2.15 pm (C.E.T.)",CHF,0
EXR.D.CHF.EUR.SP00.A,D,CHF,EUR,SP00,A,2021-08-12,1.0824,A,F,,,P1D,,A,,,,,,,99Q1=100,,,4,,4F0,,Swiss franc/Euro ECB reference exchange rate,"ECB reference exchange rate, Swiss franc/Euro, 2.15 pm (C.E.T.)",CHF,0
EXR.D.CHF.EUR.SP00.A,D,CHF,EUR,SP00,A,2021-08-13,1.0829,A,F,,,P1D,,A,,,,,,,99Q1=100,,,4,,4F0,,Swiss franc/Euro ECB reference exchange rate,"ECB reference exchange rate, Swiss franc/Euro, 2.15 pm (C.E.T.)",CHF,0
EXR.D.CHF.EUR.SP00.A,D,CHF,EUR,SP00,A,2021-08-16,1.0758,A,F,,,P1D,,A,,,,,,,99Q1=100,,,4,,4F0,,Swiss franc/Euro ECB reference exchange rate,"ECB reference exchange rate, Swiss franc/Euro, 2.15 pm (C.E.T.)",CHF,0
EXR.D.CHF.EUR.SP00.A,D,CHF,EUR,SP00,A,2021-08-17,1.0713,A,F,,,P1D,,A,,,,,,,99Q1=100,,,4,,4F0,,Swiss franc/Euro ECB reference exchange rate,"ECB reference exchange rate, Swiss franc/Euro, 2.15 pm (C.E.T.)",CHF,0
EXR.D.CHF.EUR.SP00.A,D,CHF,EUR,SP00,A,2021-08-18,1.0726,A,F,,,P1D,,A,,,,,,,99Q1=100,,,4,,4F0,,Swiss franc/Euro ECB reference exchange rate,"ECB reference exchange rate, Swiss franc/Euro, 2.15 pm (C.E.T.)",CHF,0
EXR.D.CHF.EUR.SP00.A,D,CHF,EUR,SP00,A,2021-08-19,1.0723,A,F,,,P1D,,A,,,,,,,99Q1=100,,,4,,4F0,,Swiss franc/Euro ECB reference exchange rate,"ECB reference exchange rate, Swiss franc/Euro, 2.15 pm (C.E.T.)",CHF,0
EXR.D.CHF.EUR.SP00.A,D,CHF,EUR,SP00,A,2021-08-20,1.0711,A,F,,,P1D,,A,,,,,,,99Q1=100,,,4,,4F0,,Swiss franc/Euro ECB reference exchange rate,"ECB reference exchange rate, Swiss franc/Euro, 2.15 pm (C.E.T.)",CHF,0
EXR.D.CHF.EUR.SP00.A,D,CHF,EUR,SP00,A,2021-08-23,1.0744,A,F,,,P1D,,A,,,,,,,99Q1=100,,,4,,4F0,,Swiss franc/Euro ECB reference exchange rate,"ECB reference exchange rate, Swiss franc/Euro, 2.15 pm (C.E.T.)",CHF,0
EXR.D.CHF.EUR.SP00.A,D,CHF,EUR,SP00,A,2021-08-24,1.0711,A,F,,,P1D,,A,,,,,,,99Q1=100,,,4,,4F0,,Swiss franc/Euro ECB reference exchange rate,"ECB reference exchange rate, Swiss franc/Euro, 2.15 pm (C.E.T.)",CHF,0
EXR.D.CHF.EUR.SP00.A,D,CHF,EUR,SP00,A,2021-08-25,1.0739,A,F,,,P1D,,A,,,,,,,99Q1=100,,,4,,4F0,,Swiss franc/Euro ECB reference exchange rate,"ECB reference exchange rate, Swiss franc/Euro, 2.15 pm (C.E.T.)",CHF,0
EXR.D.CHF.EUR.SP00.A,D,CHF,EUR,SP00,A,2021-08-26,1.0789,A,F,,,P1D,,A,,,,,,,99Q1=100,,,4,,4F0,,Swiss franc/Euro ECB reference exchange rate,"ECB reference exchange rate, Swiss franc/Euro, 2.15 pm (C.E.T.)",CHF,0
EXR.D.CHF.EUR.SP00.A,D,CHF,EUR,SP00,A,2021-08-27,1.0796,A,F,,,P1D,,A,,,,,,,99Q1=100,,,4,,4F0,,Swiss franc/Euro ECB reference exchange rate,"ECB reference exchange rate, Swiss franc/Euro, 2.15 pm (C.E.T.)",CHF,0
EXR.D.CHF.EUR.SP00.A,D,CHF,EUR,SP00,A,2021-08-30,1.0798,A,F,,,P1D,,A,,,,,,,99Q1=100,,,4,,4F0,,Swiss franc/Euro ECB reference exchange rate,"ECB reference exchange rate, Swiss franc/Euro, 2.15 pm (C.E.T.)",CHF,0
EXR.D.CHF.EUR.SP00.A,D,CHF,EUR,SP00,A,2021-08-31,1.0799,A,F,,,P1D,,A,,,,,,,99Q1=100,,,4,,4F0,,Swiss franc/Euro ECB reference exchange rate,"ECB reference exchange rate, Swiss franc/Euro, 2.15 pm (C.E.T.)",CHF,0
EXR.D.CHF.EUR.SP00.A,D,CHF,EUR,SP00,A,2021-09-01,1.0845,A,F,,,P1D,,A,,,,,,,99Q1=100,,,4,,4F0,,Swiss franc/Euro ECB reference exchange rate,"ECB reference exchange rate, Swiss franc/Euro, 2.15 pm (C.E.T.)",CHF,0
EXR.D.CHF.EUR.SP00.A,D,CHF,EUR,SP00,A,2021-09-02,1.0848,A,F,,,P1D,,A,,,,,,,99Q1=100,,,4,,4F0,,Swiss franc/Euro ECB reference exchange rate,"ECB reference exchange rate, Swiss franc/Euro, 2.15 pm (C.E.T.)",CHF,0
EXR.D.CHF.EUR.SP00.A,D,CHF,EUR,SP00,A,2021-09-03,1.0863,A,F,,,P1D,,A,,,,,,,99Q1=100,,,4,,4F0,,Swiss franc/Euro ECB reference exchange rate,"ECB reference exchange rate, Swiss franc/Euro, 2.15 pm (C.E.T.)",CHF,0
EXR.D.CHF.EUR.SP00.A,D,CHF,EUR,SP00,A,2021-09-06,1.0869,A,F,,,P1D,,A,,,,,,,99Q1=100,,,4,,4F0,,Swiss franc/Euro ECB reference exchange rate,"ECB reference exchange rate, Swiss franc/Euro, 2.15 pm (C.E.T.)",CHF,0
EXR.D.CHF.EUR.SP00.A,D,CHF,EUR,SP00,A,2021-09-07,1.0853,A,F,,,P1D,,A,,,,,,,99Q1=100,,,4,,4F0,,Swiss franc/Euro ECB reference exchange rate,"ECB reference exchange rate, Swiss franc/Euro, 2.15 pm (C.E.T.)",CHF,0
EXR.D.CHF.EUR.SP00.A,D,CHF,EUR,SP00,A,2021-09-08,1.0888,A,F,,,P1D,,A,,,,,,,99Q1=100,,,4,,4F0,,Swiss franc/Euro ECB reference exchange rate,"ECB reference exchange rate, Swiss franc/Euro, 2.15 pm (C.E.T.)",CHF,0
EXR.D.CHF.EUR.SP00.A,D,CHF,EUR,SP00,A,2021-09-09,1.0861,A,F,,,P1D,,A,,,,,,,99Q1=100,,,4,,4F0,,Swiss franc/Euro ECB reference exchange rate,"ECB reference exchange rate, Swiss franc/Euro, 2.15 pm (C.E.T.)",CHF,0
EXR.D.CHF.EUR.SP00.A,D,CHF,EUR,SP00,A,2021-09-10,1.0854,A,F,,,P1D,,A,,,,,,,99Q1=100,,,4,,4F0,,Swiss franc/Euro ECB reference exchange rate,"ECB reference exchange rate, Swiss franc/Euro, 2.15 pm (C.E.T.)",CHF,0
EXR.D.CHF.EUR.SP00.A,D,CHF,EUR,SP00,A,2021-09-13,1.0873,A,F,,,P1D,,A,,,,,,,99Q1=100,,,4,,4F0,,Swiss franc/Euro ECB reference exchange rate,"ECB reference exchange rate, Swiss franc/Euro, 2.15 pm (C.E.T.)",CHF,0
EXR.D.CHF.EUR.SP00.A,D,CHF,EUR,SP00,A,2021-09-14,1.0887,A,F,,,P1D,,A,,,,,,,99Q1=100,,,4,,4F0,,Swiss franc/Euro ECB reference exchange rate,"ECB reference exchange rate, Swiss franc/Euro, 2.15 pm (C.E.T.)",CHF,0
EXR.D.CHF.EUR.SP00.A,D,CHF,EUR,SP00,A,2021-09-15,1.0845,A,F,,,P1D,,A,,,,,,,99Q1=100,,,4,,4F0,,Swiss franc/Euro ECB reference exchange rate,"ECB reference exchange rate, Swiss franc/Euro, 2.15 pm (C.E.T.)",CHF,0
EXR.D.CHF.EUR.SP00.A,D,CHF,EUR,SP00,A,2021-09-16,1.0886,A,F,,,P1D,,A,,,,,,,99Q1=100,,,4,,4F0,,Swiss franc/Euro ECB reference exchange rate,"ECB reference exchange rate, Swiss franc/Euro, 2.15 pm (C.E.T.)",CHF,0
EXR.D.CHF.EUR.SP00.A,D,CHF,EUR,SP00,A,2021-09-17,1.0931,A,F,,,P1D,,A,,,,,,,99Q1=100,,,4,,4F0,,Swiss franc/Euro ECB reference exchange rate,"ECB reference exchange rate, Swiss franc/Euro, 2.15 pm (C.E.T.)",CHF,0
EXR.D.CHF.EUR.SP00.A,D,CHF,EUR,SP00,A,2021-09-20,1.0883,A,F,,,P1D,,A,,,,,,,99Q1=100,,,4,,4F0,,Swiss franc/Euro ECB reference exchange rate,"ECB reference exchange rate, Swiss franc/Euro, 2.15 pm (C.E.T.)",CHF,0
EXR.D.CHF.EUR.SP00.A,D,CHF,EUR,SP00,A,2021-09-21,1.0845,A,F,,,P1D,,A,,,,,,,99Q1=100,,,4,,4F0,,Swiss franc/Euro ECB reference exchange rate,"ECB reference exchange rate, Swiss franc/Euro, 2.15 pm (C.E.T.)",CHF,0
EXR.D.CHF.EUR.SP00.A,D,CHF,EUR,SP00,A,2021-09-22,1.082,A,F,,,P1D,,A,,,,,,,99Q1=100,,,4,,4F0,,Swiss franc/Euro ECB reference exchange rate,"ECB reference exchange rate, Swiss franc/Euro, 2.15 pm (C.E.T.)",CHF,0
EXR.D.CHF.EUR.SP00.A,D,CHF,EUR,SP00,A,2021-09-23,1.0831,A,F,,,P1D,,A,,,,,,,99Q1=100,,,4,,4F0,,Swiss franc/Euro ECB reference exchange rate,"ECB reference exchange rate, Swiss franc/Euro, 2.15 pm (C.E.T.)",CHF,0
EXR.D.CHF.EUR.SP00.A,D,CHF,EUR,SP00,A,2021-09-24,1.083,A,F,,,P1D,,A,,,,,,,99Q1=100,,,4,,4F0,,Swiss franc/Euro ECB reference exchange rate,"ECB reference exchange rate, Swiss franc/Euro, 2.15 pm (C.E.T.)",CHF,0
EXR.D.CHF.EUR.SP00.A,D,CHF,EUR,SP00,A,2021-09-27,1.085,A,F,,,P1D,,A,,,,,,,99Q1=100,,,4,,4F0,,Swiss franc/Euro ECB reference exchange rate,"ECB reference exchange rate, Swiss franc/Euro, 2.15 pm (C.E.T.)",CHF,0
EXR.D.CHF.EUR.SP00.A,D,CHF,EUR,SP00,A,2021-09-28,1.084,A,F,,,P1D,,A,,,,,,,99Q1=100,,,4,,4F0,,Swiss franc/Euro ECB reference exchange rate,"ECB reference exchange rate, Swiss franc/Euro, 2.15 pm (C.E.T.)",CHF,0
EXR.D.CHF.EUR.SP00.A,D,CHF,EUR,SP00,A,2021-09-29,1.0829,A,F,,,P1D,,A,,,,,,,99Q1=100,,,4,,4F0,,Swiss franc/Euro ECB reference exchange rate,"ECB reference exchange rate, Swiss franc/Euro, 2.15 pm (C.E.T.)",CHF,0
EXR.D.CHF.EUR.SP00.A,D,CHF,EUR,SP00,A,2021-09-30,1.083,A,F,,,P1D,,A,,,,,,,99Q1=100,,,4,,4F0,,Swiss franc/Euro ECB reference exchange rate,"ECB reference exchange rate, Swiss franc/Euro, 2.15 pm (C.E.T.)",CHF,0
EXR.D.CHF.EUR.SP00.A,D,CHF,EUR,SP00,A,2021-10-01,1.0791,A,F,,,P1D,,A,,,,,,,99Q1=100,,,4,,4F0,,Swiss franc/Euro ECB reference exchange rate,"ECB reference exchange rate, Swiss franc/Euro, 2.15 pm (C.E.T.)",CHF,0
EXR.D.CHF.EUR.SP00.A,D,CHF,EUR,SP00,A,2021-10-04,1.0768,A,F,,,P1D,,A,,,,,,,99Q1=100,,,4,,4F0,,Swiss franc/Euro ECB reference exchange rate,"ECB reference exchange rate, Swiss franc/Euro, 2.15 pm (C.E.T.)",CHF,0
EXR.D.CHF.EUR.SP00.A,D,CHF,EUR,SP00,A,2021-10-05,1.0752,A,F,,,P1D,,A,,,,,,,99Q1=100,,,4,,4F0,,Swiss franc/Euro ECB reference exchange rate,"ECB reference exchange rate, Swiss franc/Euro, 2.15 pm (C.E.T.)",CHF,0
EXR.D.CHF.EUR.SP00.A,D,CHF,EUR,SP00,A,2021-10-06,1.0715,A,F,,,P1D,,A,,,,,,,99Q1=100,,,4,,4F0,,Swiss franc/Euro ECB reference exchange rate,"ECB reference exchange rate, Swiss franc/Euro, 2.15 pm (C.E.T.)",CHF,0
EXR.D.CHF.EUR.SP00.A,D,CHF,EUR,SP00,A,2021-10-07,1.0712,A,F,,,P1D,,A,,,,,,,99Q1=100,,,4,,4F0,,Swiss franc/Euro ECB reference exchange rate,"ECB reference exchange rate, Swiss franc/Euro, 2.15 pm (C.E.T.)",CHF,0
EXR.D.CHF.EUR.SP00.A,D,CHF,EUR,SP00,A,2021-10-08,1.0734,A,F,,,P1D,,A,,,,,,,99Q1=100,,,4,,4F0,,Swiss franc/Euro ECB reference exchange rate,"ECB reference exchange rate, Swiss franc/Euro, 2.15 pm (C.E.T.)",CHF,0
EXR.D.CHF.EUR.SP00.A,D,CHF,EUR,SP00,A,2021-10-11,1.0722,A,F,,,P1D,,A,,,,,,,99Q1=100,,,4,,4F0,,Swiss franc/Euro ECB reference exchange rate,"ECB reference exchange rate, Swiss franc/Euro, 2.15 pm (C.E.T.)",CHF,0
EXR.D.CHF.EUR.SP00.A,D,CHF,EUR,SP00,A,2021-10-12,1.0729,A,F,,,P1D,,A,,,,,,,99Q1=100,,,4,,4F0,,Swiss franc/Euro ECB reference exchange rate,"ECB reference exchange rate, Swiss franc/Euro, 2.15 pm (C.E.T.)",CHF,0
EXR.D.CHF.EUR.SP00.A,D,CHF,EUR,SP00,A,2021-10-13,1.0722,A,F,,,P1D,,A,,,,,,,99Q1=100,,,4,,4F0,,Swiss franc/Euro ECB reference exchange rate,"ECB reference exchange rate, Swiss franc/Euro, 2.15 pm (C.E.T.)",CHF,0
EXR.D.CHF.EUR.SP00.A,D,CHF,EUR,SP00,A,2021-10-14,1.0686,A,F,,,P1D,,A,,,,,,,99Q1=100,,,4,,4F0,,Swiss franc/Euro ECB reference exchange rate,"ECB reference exchange rate, Swiss franc/Euro, 2.15 pm (C.E.T.)",CHF,0
EXR.D.CHF.EUR.SP00.A,D,CHF,EUR,SP00,A,2021-10-15,1.0729,A,F,,,P1D,,A,,,,,,,99Q1=100,,,4,,4F0,,Swiss franc/Euro ECB reference exchange rate,"ECB reference exchange rate, Swiss franc/Euro, 2.15 pm (C.E.T.)",CHF,0
EXR.D.CHF.EUR.SP00.A,D,CHF,EUR,SP00,A,2021-10-18,1.0712,A,F,,,P1D,,A,,,,,,,99Q1=100,,,4,,4F0,,Swiss franc/Euro ECB reference exchange rate,"ECB reference exchange rate, Swiss franc/Euro, 2.15 pm (C.E.T.)",CHF,0
EXR.D.CHF.EUR.SP00.A,D,CHF,EUR,SP00,A,2021-10-19,1.0716,A,F,,,P1D,,A,,,,,,,99Q1=100,,,4,,4F0,,Swiss franc/Euro ECB reference exchange rate,"ECB reference exchange rate, Swiss franc/Euro, 2.15 pm (C.E.T.)",CHF,0
EXR.D.CHF.EUR.SP00.A,D,CHF,EUR,SP00,A,2021-10-20,1.0739,A,F,,,P1D,,A,,,,,,,99Q1=100,,,4,,4F0,,Swiss franc/Euro ECB reference exchange rate,"ECB reference exchange rate, Swiss franc/Euro, 2.15 pm (C.E.T.)",CHF,0
EXR.D.CHF.EUR.SP00.A,D,CHF,EUR,SP00,A,2021-10-21,1.069,A,F,,,P1D,,A,,,,,,,99Q1=100,,,4,,4F0,,Swiss franc/Euro ECB reference exchange rate,"ECB reference exchange rate, Swiss franc/Euro, 2.15 pm (C.E.T.)",CHF,0
EXR.D.CHF.EUR.SP00.A,D,CHF,EUR,SP00,A,2021-10-22,1.0668,A,F,,,P1D,,A,,,,,,,99Q1=100,,,4,,4F0,,Swiss franc/Euro ECB reference exchange rate,"ECB reference exchange rate, Swiss franc/Euro, 2.15 pm (C.E.T.)",CHF,0
EXR.D.CHF.EUR.SP00.A,D,CHF,EUR,SP00,A,2021-10-25,1.0666,A,F,,,P1D,,A,,,,,,,99Q1=100,,,4,,4F0,,Swiss franc/Euro ECB reference exchange rate,"ECB reference exchange rate, Swiss franc/Euro, 2.15 pm (C.E.T.)",CHF,0
EXR.D.CHF.EUR.SP00.A,D,CHF,EUR,SP00,A,2021-10-26,1.0684,A,F,,,P1D,,A,,,,,,,99Q1=100,,,4,,4F0,,Swiss franc/Euro ECB reference exchange rate,"ECB reference exchange rate, Swiss franc/Euro, 2.15 pm (C.E.T.)",CHF,0
EXR.D.CHF.EUR.SP00.A,D,CHF,EUR,SP00,A,2021-10-27,1.067,A,F,,,P1D,,A,,,,,,,99Q1=100,,,4,,4F0,,Swiss franc/Euro ECB reference exchange rate,"ECB reference exchange rate, Swiss franc/Euro, 2.15 pm (C.E.T.)",CHF,0
EXR.D.CHF.EUR.SP00.A,D,CHF,EUR,SP00,A,2021-10-28,1.0656,A,F,,,P1D,,A,,,,,,,99Q1=100,,,4,,4F0,,Swiss franc/Euro ECB reference exchange rate,"ECB reference exchange rate, Swiss franc/Euro, 2.15 pm (C.E.T.)",CHF,0
EXR.D.CHF.EUR.SP00.A,D,CHF,EUR,SP00,A,2021-10-29,1.0611,A,F,,,P1D,,A,,,,,,,99Q1=100,,,4,,4F0,,Swiss franc/Euro ECB reference exchange rate,"ECB reference exchange rate, Swiss franc/Euro, 2.15 pm (C.E.T.)",CHF,0
EXR.D.CHF.EUR.SP00.A,D,CHF,EUR,SP00,A,2021-11-01,1.0562,A,F,,,P1D,,A,,,,,,,99Q1=100,,,4,,4F0,,Swiss franc/Euro ECB reference exchange rate,"ECB reference exchange rate, Swiss franc/Euro, 2.15 pm (C.E.T.)",CHF,0
EXR.D.CHF.EUR.SP00.A,D,CHF,EUR,SP00,A,2021-11-02,1.0594,A,F,,,P1D,,A,,,,,,,99Q1=100,,,4,,4F0,,Swiss franc/Euro ECB reference exchange rate,"ECB reference exchange rate, Swiss franc/Euro, 2.15 pm (C.E.T.)",CHF,0
EXR.D.CHF.EUR.SP00.A,D,CHF,EUR,SP00,A,2021-11-03,1.0568,A,F,,,P1D,,A,,,,,,,99Q1=100,,,4,,4F0,,Swiss franc/Euro ECB reference exchange rate,"ECB reference exchange rate, Swiss franc/Euro, 2.15 pm (C.E.T.)",CHF,0
EXR.D.CHF.EUR.SP00.A,D,CHF,EUR,SP00,A,2021-11-04,1.0554,A,F,,,P1D,,A,,,,,,,99Q1=100,,,4,,4F0,,Swiss franc/Euro ECB reference exchange rate,"ECB reference exchange rate, Swiss franc/Euro, 2.15 pm (C.E.T.)",CHF,0
EXR.D.CHF.EUR.SP00.A,D,CHF,EUR,SP00,A,2021-11-05,1.0559,A,F,,,P1D,,A,,,,,,,99Q1=100,,,4,,4F0,,Swiss franc/Euro ECB reference exchange rate,"ECB reference exchange rate, Swiss franc/Euro, 2.15 pm (C.E.T.)",CHF,0
EXR.D.CHF.EUR.SP00.A,D,CHF,EUR,SP00,A,2021-11-08,1.0591,A,F,,,P1D,,A,,,,,,,99Q1=100,,,4,,4F0,,Swiss franc/Euro ECB reference exchange rate,"ECB reference exchange rate, Swiss franc/Euro, 2.15 pm (C.E.T.)",CHF,0
EXR.D.CHF.EUR.SP00.A,D,CHF,EUR,SP00,A,2021-11-09,1.0592,A,F,,,P1D,,A,,,,,,,99Q1=100,,,4,,4F0,,Swiss franc/Euro ECB reference exchange rate,"ECB reference exchange rate, Swiss franc/Euro, 2.15 pm (C.E.T.)",CHF,0
EXR.D.CHF.EUR.SP00.A,D,CHF,EUR,SP00,A,2021-11-10,1.0555,A,F,,,P1D,,A,,,,,,,99Q1=100,,,4,,4F0,,Swiss franc/Euro ECB reference exchange rate,"ECB reference exchange rate, Swiss franc/Euro, 2.15 pm (C.E.T.)",CHF,0
EXR.D.CHF.EUR.SP00.A,D,CHF,EUR,SP00,A,2021-11-11,1.0561,A,F,,,P1D,,A,,,,,,,99Q1=100,,,4,,4F0,,Swiss franc/Euro ECB reference exchange rate,"ECB reference exchange rate, Swiss franc/Euro, 2.15 pm (C.E.T.)",CHF,0
EXR.D.CHF.EUR.SP00.A,D,CHF,EUR,SP00,A,2021-11-12,1.0568,A,F,,,P1D,,A,,,,,,,99Q1=100,,,4,,4F0,,Swiss franc/Euro ECB reference exchange rate,"ECB reference exchange rate, Swiss franc/Euro, 2.15 pm (C.E.T.)",CHF,0
EXR.D.CHF.EUR.SP00.A,D,CHF,EUR,SP00,A,2021-11-15,1.0533,A,F,,,P1D,,A,,,,,,,99Q1=100,,,4,,4F0,,Swiss franc/Euro ECB reference exchange rate,"ECB reference exchange rate, Swiss franc/Euro, 2.15 pm (C.E.T.)",CHF,0
EXR.D.CHF.EUR.SP00.A,D,CHF,EUR,SP00,A,2021-11-16,1.0528,A,F,,,P1D,,A,,,,,,,99Q1=100,,,4,,4F0,,Swiss franc/Euro ECB reference exchange rate,"ECB reference exchange rate, Swiss franc/Euro, 2.15 pm (C.E.T.)",CHF,0
EXR.D.CHF.EUR.SP00.A,D,CHF,EUR,SP00,A,2021-11-17,1.053,A,F,,,P1D,,A,,,,,,,99Q1=100,,,4,,4F0,,Swiss franc/Euro ECB reference exchange rate,"ECB reference exchange rate, Swiss franc/Euro, 2.15 pm (C.E.T.)",CHF,0
EXR.D.CHF.EUR.SP00.A,D,CHF,EUR,SP00,A,2021-11-18,1.0511,A,F,,,P1D,,A,,,,,,,99Q1=100,,,4,,4F0,,Swiss franc/Euro ECB reference exchange rate,"ECB reference exchange rate, Swiss franc/Euro, 2.15 pm (C.E.T.)",CHF,0
EXR.D.CHF.EUR.SP00.A,D,CHF,EUR,SP00,A,2021-11-19,1.0462,A,F,,,P1D,,A,,,,,,,99Q1=100,,,4,,4F0,,Swiss franc/Euro ECB reference exchange rate,"ECB reference exchange rate, Swiss franc/Euro, 2.15 pm (C.E.T.)",CHF,0
EXR.D.CHF.EUR.SP00.A,D,CHF,EUR,SP00,A,2021-11-22,1.0454,A,F,,,P1D,,A,,,,,,,99Q1=100,,,4,,4F0,,Swiss franc/Euro ECB reference exchange rate,"ECB reference exchange rate, Swiss franc/Euro, 2.15 pm (C.E.T.)",CHF,0
EXR.D.CHF.EUR.SP00.A,D,CHF,EUR,SP00,A,2021-11-23,1.0492,A,F,,,P1D,,A,,,,,,,99Q1=100,,,4,,4F0,,Swiss franc/Euro ECB reference exchange rate,"ECB reference exchange rate, Swiss franc/Euro, 2.15 pm (C.E.T.)",CHF,0
EXR.D.CHF.EUR.SP00.A,D,CHF,EUR,SP00,A,2021-11-24,1.0484,A,F,,,P1D,,A,,,,,,,99Q1=100,,,4,,4F0,,Swiss franc/Euro ECB reference exchange rate,"ECB reference exchange rate, Swiss franc/Euro, 2.15 pm (C.E.T.)",CHF,0
EXR.D.CHF.EUR.SP00.A,D,CHF,EUR,SP00,A,2021-11-25,1.048,A,F,,,P1D,,A,,,,,,,99Q1=100,,,4,,4F0,,Swiss franc/Euro ECB reference exchange rate,"ECB reference exchange rate, Swiss franc/Euro, 2.15 pm (C.E.T.)",CHF,0
EXR.D.CHF.EUR.SP00.A,D,CHF,EUR,SP00,A,2021-11-26,1.0446,A,F,,,P1D,,A,,,,,,,99Q1=100,,,4,,4F0,,Swiss franc/Euro ECB reference exchange rate,"ECB reference exchange rate, Swiss franc/Euro, 2.15 pm (C.E.T.)",CHF,0
EXR.D.CHF.EUR.SP00.A,D,CHF,EUR,SP00,A,2021-11-29,1.044,A,F,,,P1D,,A,,,,,,,99Q1=100,,,4,,4F0,,Swiss franc/Euro ECB reference exchange rate,"ECB reference exchange rate, Swiss franc/Euro, 2.15 pm (C.E.T.)",CHF,0
EXR.D.CHF.EUR.SP00.A,D,CHF,EUR,SP00,A,2021-11-30,1.043,A,F,,,P1D,,A,,,,,,,99Q1=100,,,4,,4F0,,Swiss franc/Euro ECB reference exchange rate,"ECB reference exchange rate, Swiss franc/Euro, 2.15 pm (C.E.T.)",CHF,0
EXR.D.CHF.EUR.SP00.A,D,CHF,EUR,SP00,A,2021-12-01,1.0427,A,F,,,P1D,,A,,,,,,,99Q1=100,,,4,,4F0,,Swiss franc/Euro ECB reference exchange rate,"ECB reference exchange rate, Swiss franc/Euro, 2.15 pm (C.E.T.)",CHF,0
EXR.D.CHF.EUR.SP00.A,D,CHF,EUR,SP00,A,2021-12-02,1.0414,A,F,,,P1D,,A,,,,,,,99Q1=100,,,4,,4F0,,Swiss franc/Euro ECB reference exchange rate,"ECB reference exchange rate, Swiss franc/Euro, 2.15 pm (C.E.T.)",CHF,0
EXR.D.CHF.EUR.SP00.A,D,CHF,EUR,SP00,A,2021-12-03,1.0387,A,F,,,P1D,,A,,,,,,,99Q1=100,,,4,,4F0,,Swiss franc/Euro ECB reference exchange rate,"ECB reference exchange rate, Swiss franc/Euro, 2.15 pm (C.E.T.)",CHF,0
EXR.D.CHF.EUR.SP00.A,D,CHF,EUR,SP00,A,2021-12-06,1.0416,A,F,,,P1D,,A,,,,,,,99Q1=100,,,4,,4F0,,Swiss franc/Euro ECB reference exchange rate,"ECB reference exchange rate, Swiss franc/Euro, 2.15 pm (C.E.T.)",CHF,0
EXR.D.CHF.EUR.SP00.A,D,CHF,EUR,SP00,A,2021-12-07,1.0414,A,F,,,P1D,,A,,,,,,,99Q1=100,,,4,,4F0,,Swiss franc/Euro ECB reference exchange rate,"ECB reference exchange rate, Swiss franc/Euro, 2.15 pm (C.E.T.)",CHF,0
EXR.D.CHF.EUR.SP00.A,D,CHF,EUR,SP00,A,2021-12-08,1.0432,A,F,,,P1D,,A,,,,,,,99Q1=100,,,4,,4F0,,Swiss franc/Euro ECB reference exchange rate,"ECB reference exchange rate, Swiss franc/Euro, 2.15 pm (C.E.T.)",CHF,0
EXR.D.CHF.EUR.SP00.A,D,CHF,EUR,SP00,A,2021-12-09,1.0446,A,F,,,P1D,,A,,,,,,,99Q1=100,,,4,,4F0,,Swiss franc/Euro ECB reference exchange rate,"ECB reference exchange rate, Swiss franc/Euro, 2.15 pm (C.E.T.)",CHF,0
EXR.D.CHF.EUR.SP00.A,D,CHF,EUR,SP00,A,2021-12-10,1.0424,A,F,,,P1D,,A,,,,,,,99Q1=100,,,4,,4F0,,Swiss franc/Euro ECB reference exchange rate,"ECB reference exchange rate, Swiss franc/Euro, 2.15 pm (C.E.T.)",CHF,0
EXR.D.CHF.EUR.SP00.A,D,CHF,EUR,SP00,A,2021-12-13,1.0418,A,F,,,P1D,,A,,,,,,,99Q1=100,,,4,,4F0,,Swiss franc/Euro ECB reference exchange rate,"ECB reference exchange rate, Swiss franc/Euro, 2.15 pm (C.E.T.)",CHF,0
EXR.D.CHF.EUR.SP00.A,D,CHF,EUR,SP00,A,2021-12-14,1.0404,A,F,,,P1D,,A,,,,,,,99Q1=100,,,4,,4F0,,Swiss franc/Euro ECB reference exchange rate,"ECB reference exchange rate, Swiss franc/Euro, 2.15 pm (C.E.T.)",CHF,0
EXR.D.CHF.EUR.SP00.A,D,CHF,EUR,SP00,A,2021-12-15,1.0416,A,F,,,P1D,,A,,,,,,,99Q1=100,,,4,,4F0,,Swiss franc/Euro ECB reference exchange rate,"ECB reference exchange rate, Swiss franc/Euro, 2.15 pm (C.E.T.)",CHF,0
EXR.D.CHF.EUR.SP00.A,D,CHF,EUR,SP00,A,2021-12-16,1.0457,A,F,,,P1D,,A,,,,,,,99Q1=100,,,4,,4F0,,Swiss franc/Euro ECB reference exchange rate,"ECB reference exchange rate, Swiss franc/Euro, 2.15 pm (C.E.T.)",CHF,0
EXR.D.CHF.EUR.SP00.A,D,CHF,EUR,SP00,A,2021-12-17,1.0409,A,F,,,P1D,,A,,,,,,,99Q1=100,,,4,,4F0,,Swiss franc/Euro ECB reference exchange rate,"ECB reference exchange rate, Swiss franc/Euro, 2.15 pm (C.E.T.)",CHF,0
EXR.D.CHF.EUR.SP00.A,D,CHF,EUR,SP00,A,2021-12-20,1.0408,A,F,,,P1D,,A,,,,,,,99Q1=100,,,4,,4F0,,Swiss franc/Euro ECB reference exchange rate,"ECB reference exchange rate, Swiss franc/Euro, 2.15 pm (C.E.T.)",CHF,0
EXR.D.CHF.EUR.SP00.A,D,CHF,EUR,SP00,A,2021-12-21,1.0417,A,F,,,P1D,,A,,,,,,,99Q1=100,,,4,,4F0,,Swiss franc/Euro ECB reference exchange rate,"ECB reference exchange rate, Swiss franc/Euro, 2.15 pm (C.E.T.)",CHF,0
EXR.D.CHF.EUR.SP00.A,D,CHF,EUR,SP00,A,2021-12-22,1.0432,A,F,,,P1D,,A,,,,,,,99Q1=100,,,4,,4F0,,Swiss franc/Euro ECB reference exchange rate,"ECB reference exchange rate, Swiss franc/Euro, 2.15 pm (C.E.T.)",CHF,0
EXR.D.CHF.EUR.SP00.A,D,CHF,EUR,SP00,A,2021-12-23,1.0413,A,F,,,P1D,,A,,,,,,,99Q1=100,,,4,,4F0,,Swiss franc/Euro ECB reference exchange rate,"ECB reference exchange rate, Swiss franc/Euro, 2.15 pm (C.E.T.)",CHF,0
EXR.D.CHF.EUR.SP00.A,D,CHF,EUR,SP00,A,2021-12-24,1.0402,A,F,,,P1D,,A,,,,,,,99Q1=100,,,4,,4F0,,Swiss franc/Euro ECB reference exchange rate,"ECB reference exchange rate, Swiss franc/Euro, 2.15 pm (C.E.T.)",CHF,0
EXR.D.CHF.EUR.SP00.A,D,CHF,EUR,SP00,A,2021-12-27,1.0396,A,F,,,P1D,,A,,,,,,,99Q1=100,,,4,,4F0,,Swiss franc/Euro ECB reference exchange rate,"ECB reference exchange rate, Swiss franc/Euro, 2.15 pm (C.E.T.)",CHF,0
EXR.D.CHF.EUR.SP00.A,D,CHF,EUR,SP00,A,2021-12-28,1.0381,A,F,,,P1D,,A,,,,,,,99Q1=100,,,4,,4F0,,Swiss franc/Euro ECB reference exchange rate,"ECB reference exchange rate, Swiss franc/Euro, 2.15 pm (C.E.T.)",CHF,0
EXR.D.CHF.EUR.SP00.A,D,CHF,EUR,SP00,A,2021-12-29,1.038,A,F,,,P1D,,A,,,,,,,99Q1=100,,,4,,4F0,,Swiss franc/Euro ECB reference exchange rate,"ECB reference exchange rate, Swiss franc/Euro, 2.15 pm (C.E.T.)",CHF,0
EXR.D.CHF.EUR.SP00.A,D,CHF,EUR,SP00,A,2021-12-30,1.0363,A,F,,,P1D,,A,,,,,,,99Q1=100,,,4,,4F0,,Swiss franc/Euro ECB reference exchange rate,"ECB reference exchange rate, Swiss franc/Euro, 2.15 pm (C.E.T.)",CHF,0
EXR.D.CHF.EUR.SP00.A,D,CHF,EUR,SP00,A,2021-12-31,1.0331,A,F,,,P1D,,A,,,,,,,99Q1=100,,,4,,4F0,,Swiss franc/Euro ECB reference exchange rate,"ECB reference exchange rate, Swiss franc/Euro, 2.15 pm (C.E.T.)",CHF,0
EXR.D.CHF.EUR.SP00.A,D,CHF,EUR,SP00,A,2022-01-03,1.0372,A,F,,,P1D,,A,,,,,,,99Q1=100,,,4,,4F0,,Swiss franc/Euro ECB reference exchange rate,"ECB reference exchange rate, Swiss franc/Euro, 2.15 pm (C.E.T.)",CHF,0
EXR.D.CHF.EUR.SP00.A,D,CHF,EUR,SP00,A,2022-01-04,1.0355,A,F,,,P1D,,A,,,,,,,99Q1=100,,,4,,4F0,,Swiss franc/Euro ECB reference exchange rate,"ECB reference exchange rate, Swiss franc/Euro, 2.15 pm (C.E.T.)",CHF,0
EXR.D.CHF.EUR.SP00.A,D,CHF,EUR,SP00,A,2022-01-05,1.0364,A,F,,,P1D,,A,,,,,,,99Q1=100,,,4,,4F0,,Swiss franc/Euro ECB reference exchange rate,"ECB reference exchange rate, Swiss franc/Euro, 2.15 pm (C.E.T.)",CHF,0
EXR.D.CHF.EUR.SP00.A,D,CHF,EUR,SP00,A,2022-01-06,1.0395,A,F,,,P1D,,A,,,,,,,99Q1=100,,,4,,4F0,,Swiss franc/Euro ECB reference exchange rate,"ECB reference exchange rate, Swiss franc/Euro, 2.15 pm (C.E.T.)",CHF,0
EXR.D.CHF.EUR.SP00.A,D,CHF,EUR,SP00,A,2022-01-07,1.0422,A,F,,,P1D,,A,,,,,,,99Q1=100,,,4,,4F0,,Swiss franc/Euro ECB reference exchange rate,"ECB reference exchange rate, Swiss franc/Euro, 2.15 pm (C.E.T.)",CHF,0
EXR.D.CHF.EUR.SP00.A,D,CHF,EUR,SP00,A,2022-01-10,1.0446,A,F,,,P1D,,A,,,,,,,99Q1=100,,,4,,4F0,,Swiss franc/Euro ECB reference exchange rate,"ECB reference exchange rate, Swiss franc/Euro, 2.15 pm (C.E.T.)",CHF,0
EXR.D.CHF.EUR.SP00.A,D,CHF,EUR,SP00,A,2022-01-11,1.0502,A,F,,,P1D,,A,,,,,,,99Q1=100,,,4,,4F0,,Swiss franc/Euro ECB reference exchange rate,"ECB reference exchange rate, Swiss franc/Euro, 2.15 pm (C.E.T.)",CHF,0
EXR.D.CHF.EUR.SP00.A,D,CHF,EUR,SP00,A,2022-01-12,1.0486,A,F,,,P1D,,A,,,,,,,99Q1=100,,,4,,4F0,,Swiss franc/Euro ECB reference exchange rate,"ECB reference exchange rate, Swiss franc/Euro, 2.15 pm (C.E.T.)",CHF,0
EXR.D.CHF.EUR.SP00.A,D,CHF,EUR,SP00,A,2022-01-13,1.0453,A,F,,,P1D,,A,,,,,,,99Q1=100,,,4,,4F0,,Swiss franc/Euro ECB reference exchange rate,"ECB reference exchange rate, Swiss franc/Euro, 2.15 pm (C.E.T.)",CHF,0
EXR.D.CHF.EUR.SP00.A,D,CHF,EUR,SP00,A,2022-01-14,1.0429,A,F,,,P1D,,A,,,,,,,99Q1=100,,,4,,4F0,,Swiss franc/Euro ECB reference exchange rate,"ECB reference exchange rate, Swiss franc/Euro, 2.15 pm (C.E.T.)",CHF,0
EXR.D.CHF.EUR.SP00.A,D,CHF,EUR,SP00,A,2022-01-17,1.0429,A,F,,,P1D,,A,,,,,,,99Q1=100,,,4,,4F0,,Swiss franc/Euro ECB reference exchange rate,"ECB reference exchange rate, Swiss franc/Euro, 2.15 pm (C.E.T.)",CHF,0
EXR.D.CHF.EUR.SP00.A,D,CHF,EUR,SP00,A,2022-01-18,1.0414,A,F,,,P1D,,A,,,,,,,99Q1=100,,,4,,4F0,,Swiss franc/Euro ECB reference exchange rate,"ECB reference exchange rate, Swiss franc/Euro, 2.15 pm (C.E.T.)",CHF,0
EXR.D.CHF.EUR.SP00.A,D,CHF,EUR,SP00,A,2022-01-19,1.0383,A,F,,,P1D,,A,,,,,,,99Q1=100,,,4,,4F0,,Swiss franc/Euro ECB reference exchange rate,"ECB reference exchange rate, Swiss franc/Euro, 2.15 pm (C.E.T.)",CHF,0
EXR.D.CHF.EUR.SP00.A,D,CHF,EUR,SP00,A,2022-01-20,1.0382,A,F,,,P1D,,A,,,,,,,99Q1=100,,,4,,4F0,,Swiss franc/Euro ECB reference exchange rate,"ECB reference exchange rate, Swiss franc/Euro, 2.15 pm (C.E.T.)",CHF,0
EXR.D.CHF.EUR.SP00.A,D,CHF,EUR,SP00,A,2022-01-21,1.0353,A,F,,,P1D,,A,,,,,,,99Q1=100,,,4,,4F0,,Swiss franc/Euro ECB reference exchange rate,"ECB reference exchange rate, Swiss franc/Euro, 2.15 pm (C.E.T.)",CHF,0
EXR.D.CHF.EUR.SP00.A,D,CHF,EUR,SP00,A,2022-01-24,1.0308,A,F,,,P1D,,A,,,,,,,99Q1=100,,,4,,4F0,,Swiss franc/Euro ECB reference exchange rate,"ECB reference exchange rate, Swiss franc/Euro, 2.15 pm (C.E.T.)",CHF,0
EXR.D.CHF.EUR.SP00.A,D,CHF,EUR,SP00,A,2022-01-25,1.0364,A,F,,,P1D,,A,,,,,,,99Q1=100,,,4,,4F0,,Swiss franc/Euro ECB reference exchange rate,"ECB reference exchange rate, Swiss franc/Euro, 2.15 pm (C.E.T.)",CHF,0
EXR.D.CHF.EUR.SP00.A,D,CHF,EUR,SP00,A,2022-01-26,1.0386,A,F,,,P1D,,A,,,,,,,99Q1=100,,,4,,4F0,,Swiss franc/Euro ECB reference exchange rate,"ECB reference exchange rate, Swiss franc/Euro, 2.15 pm (C.E.T.)",CHF,0
EXR.D.CHF.EUR.SP00.A,D,CHF,EUR,SP00,A,2022-01-27,1.0391,A,F,,,P1D,,A,,,,,,,99Q1=100,,,4,,4F0,,Swiss franc/Euro ECB reference exchange rate,"ECB reference exchange rate, Swiss franc/Euro, 2.15 pm (C.E.T.)",CHF,0
EXR.D.CHF.EUR.SP00.A,D,CHF,EUR,SP00,A,2022-01-28,1.0378,A,F,,,P1D,,A,,,,,,,99Q1=100,,,4,,4F0,,Swiss franc/Euro ECB reference exchange rate,"ECB reference exchange rate, Swiss franc/Euro, 2.15 pm (C.E.T.)",CHF,0
EXR.D.CHF.EUR.SP00.A,D,CHF,EUR,SP00,A,2022-01-31,1.0404,A,F,,,P1D,,A,,,,,,,99Q1=100,,,4,,4F0,,Swiss franc/Euro ECB reference exchange rate,"ECB reference exchange rate, Swiss franc/Euro, 2.15 pm (C.E.T.)",CHF,0
EXR.D.CHF.EUR.SP00.A,D,CHF,EUR,SP00,A,2022-02-01,1.0374,A,F,,,P1D,,A,,,,,,,99Q1=100,,,4,,4F0,,Swiss franc/Euro ECB reference exchange rate,"ECB reference exchange rate, Swiss franc/Euro, 2.15 pm (C.E.T.)",CHF,0
EXR.D.CHF.EUR.SP00.A,D,CHF,EUR,SP00,A,2022-02-02,1.0399,A,F,,,P1D,,A,,,,,,,99Q1=100,,,4,,4F0,,Swiss franc/Euro ECB reference exchange rate,"ECB reference exchange rate, Swiss franc/Euro, 2.15 pm (C.E.T.)",CHF,0
EXR.D.CHF.EUR.SP00.A,D,CHF,EUR,SP00,A,2022-02-03,1.0407,A,F,,,P1D,,A,,,,,,,99Q1=100,,,4,,4F0,,Swiss franc/Euro ECB reference exchange rate,"ECB reference exchange rate, Swiss franc/Euro, 2.15 pm (C.E.T.)",CHF,0
EXR.D.CHF.EUR.SP00.A,D,CHF,EUR,SP00,A,2022-02-04,1.0567,A,F,,,P1D,,A,,,,,,,99Q1=100,,,4,,4F0,,Swiss franc/Euro ECB reference exchange rate,"ECB reference exchange rate, Swiss franc/Euro, 2.15 pm (C.E.T.)",CHF,0
EXR.D.CHF.EUR.SP00.A,D,CHF,EUR,SP00,A,2022-02-07,1.0571,A,F,,,P1D,,A,,,,,,,99Q1=100,,,4,,4F0,,Swiss franc/Euro ECB reference exchange rate,"ECB reference exchange rate, Swiss franc/Euro, 2.15 pm (C.E.T.)",CHF,0
EXR.D.CHF.EUR.SP00.A,D,CHF,EUR,SP00,A,2022-02-08,1.0545,A,F,,,P1D,,A,,,,,,,99Q1=100,,,4,,4F0,,Swiss franc/Euro ECB reference exchange rate,"ECB reference exchange rate, Swiss franc/Euro, 2.15 pm (C.E.T.)",CHF,0
EXR.D.CHF.EUR.SP00.A,D,CHF,EUR,SP00,A,2022-02-09,1.0555,A,F,,,P1D,,A,,,,,,,99Q1=100,,,4,,4F0,,Swiss franc/Euro ECB reference exchange rate,"ECB reference exchange rate, Swiss franc/Euro, 2.15 pm (C.E.T.)",CHF,0
EXR.D.CHF.EUR.SP00.A,D,CHF,EUR,SP00,A,2022-02-10,1.0571,A,F,,,P1D,,A,,,,,,,99Q1=100,,,4,,4F0,,Swiss franc/Euro ECB reference exchange rate,"ECB reference exchange rate, Swiss franc/Euro, 2.15 pm (C.E.T.)",CHF,0
EXR.D.CHF.EUR.SP00.A,D,CHF,EUR,SP00,A,2022-02-11,1.0557,A,F,,,P1D,,A,,,,,,,99Q1=100,,,4,,4F0,,Swiss franc/Euro ECB reference exchange rate,"ECB reference exchange rate, Swiss franc/Euro, 2.15 pm (C.E.T.)",CHF,0
EXR.D.CHF.EUR.SP00.A,D,CHF,EUR,SP00,A,2022-02-14,1.0472,A,F,,,P1D,,A,,,,,,,99Q1=100,,,4,,4F0,,Swiss franc/Euro ECB reference exchange rate,"ECB reference exchange rate, Swiss franc/Euro, 2.15 pm (C.E.T.)",CHF,0
EXR.D.CHF.EUR.SP00.A,D,CHF,EUR,SP00,A,2022-02-15,1.0483,A,F,,,P1D,,A,,,,,,,99Q1=100,,,4,,4F0,,Swiss franc/Euro ECB reference exchange rate,"ECB reference exchange rate, Swiss franc/Euro, 2.15 pm (C.E.T.)",CHF,0
EXR.D.CHF.EUR.SP00.A,D,CHF,EUR,SP00,A,2022-02-16,1.0516,A,F,,,P1D,,A,,,,,,,99Q1=100,,,4,,4F0,,Swiss franc/Euro ECB reference exchange rate,"ECB reference exchange rate, Swiss franc/Euro, 2.15 pm (C.E.T.)",CHF,0
EXR.D.CHF.EUR.SP00.A,D,CHF,EUR,SP00,A,2022-02-17,1.0466,A,F,,,P1D,,A,,,,,,,99Q1=100,,,4,,4F0,,Swiss franc/Euro ECB reference exchange rate,"ECB reference exchange rate, Swiss franc/Euro, 2.15 pm (C.E.T.)",CHF,0
EXR.D.CHF.EUR.SP00.A,D,CHF,EUR,SP00,A,2022-02-18,1.0452,A,F,,,P1D,,A,,,,,,,99Q1=100,,,4,,4F0,,Swiss franc/Euro ECB reference exchange rate,"ECB reference exchange rate, Swiss franc/Euro, 2.15 pm (C.E.T.)",CHF,0
EXR.D.CHF.EUR.SP00.A,D,CHF,EUR,SP00,A,2022-02-21,1.0387,A,F,,,P1D,,A,,,,,,,99Q1=100,,,4,,4F0,,Swiss franc/Euro ECB reference exchange rate,"ECB reference exchange rate, Swiss franc/Euro, 2.15 pm (C.E.T.)",CHF,0
EXR.D.CHF.EUR.SP00.A,D,CHF,EUR,SP00,A,2022-02-22,1.0422,A,F,,,P1D,,A,,,,,,,99Q1=100,,,4,,4F0,,Swiss franc/Euro ECB reference exchange rate,"ECB reference exchange rate, Swiss franc/Euro, 2.15 pm (C.E.T.)",CHF,0
EXR.D.CHF.EUR.SP00.A,D,CHF,EUR,SP00,A,2022-02-23,1.0431,A,F,,,P1D,,A,,,,,,,99Q1=100,,,4,,4F0,,Swiss franc/Euro ECB reference exchange rate,"ECB reference exchange rate, Swiss franc/Euro, 2.15 pm (C.E.T.)",CHF,0
EXR.D.CHF.EUR.SP00.A,D,CHF,EUR,SP00,A,2022-02-24,1.032,A,F,,,P1D,,A,,,,,,,99Q1=100,,,4,,4F0,,Swiss franc/Euro ECB reference exchange rate,"ECB reference exchange rate, Swiss franc/Euro, 2.15 pm (C.E.T.)",CHF,0
EXR.D.CHF.EUR.SP00.A,D,CHF,EUR,SP00,A,2022-02-25,1.0398,A,F,,,P1D,,A,,,,,,,99Q1=100,,,4,,4F0,,Swiss franc/Euro ECB reference exchange rate,"ECB reference exchange rate, Swiss franc/Euro, 2.15 pm (C.E.T.)",CHF,0
EXR.D.CHF.EUR.SP00.A,D,CHF,EUR,SP00,A,2022-02-28,1.0336,A,F,,,P1D,,A,,,,,,,99Q1=100,,,4,,4F0,,Swiss franc/Euro ECB reference exchange rate,"ECB reference exchange rate, Swiss franc/Euro, 2.15 pm (C.E.T.)",CHF,0
EXR.D.CHF.EUR.SP00.A,D,CHF,EUR,SP00,A,2022-03-01,1.0247,A,F,,,P1D,,A,,,,,,,99Q1=100,,,4,,4F0,,Swiss franc/Euro ECB reference exchange rate,"ECB reference exchange rate, Swiss franc/Euro, 2.15 pm (C.E.T.)",CHF,0
EXR.D.CHF.EUR.SP00.A,D,CHF,EUR,SP00,A,2022-03-02,1.0216,A,F,,,P1D,,A,,,,,,,99Q1=100,,,4,,4F0,,Swiss franc/Euro ECB reference exchange rate,"ECB reference exchange rate, Swiss franc/Euro, 2.15 pm (C.E.T.)",CHF,0
EXR.D.CHF.EUR.SP00.A,D,CHF,EUR,SP00,A,2022-03-03,1.0192,A,F,,,P1D,,A,,,,,,,99Q1=100,,,4,,4F0,,Swiss franc/Euro ECB reference exchange rate,"ECB reference exchange rate, Swiss franc/Euro, 2.15 pm (C.E.T.)",CHF,0
EXR.D.CHF.EUR.SP00.A,D,CHF,EUR,SP00,A,2022-03-04,1.0056,A,F,,,P1D,,A,,,,,,,99Q1=100,,,4,,4F0,,Swiss franc/Euro ECB reference exchange rate,"ECB reference exchange rate, Swiss franc/Euro, 2.15 pm (C.E.T.)",CHF,0
EXR.D.CHF.EUR.SP00.A,D,CHF,EUR,SP00,A,2022-03-07,1.0069,A,F,,,P1D,,A,,,,,,,99Q1=100,,,4,,4F0,,Swiss franc/Euro ECB reference exchange rate,"ECB reference exchange rate, Swiss franc/Euro, 2.15 pm (C.E.T.)",CHF,0
EXR.D.CHF.EUR.SP00.A,D,CHF,EUR,SP00,A,2022-03-08,1.0111,A,F,,,P1D,,A,,,,,,,99Q1=100,,,4,,4F0,,Swiss franc/Euro ECB reference exchange rate,"ECB reference exchange rate, Swiss franc/Euro, 2.15 pm (C.E.T.)",CHF,0
EXR.D.CHF.EUR.SP00.A,D,CHF,EUR,SP00,A,2022-03-09,1.0198,A,F,,,P1D,,A,,,,,,,99Q1=100,,,4,,4F0,,Swiss franc/Euro ECB reference exchange rate,"ECB reference exchange rate, Swiss franc/Euro, 2.15 pm (C.E.T.)",CHF,0
EXR.D.CHF.EUR.SP00.A,D,CHF,EUR,SP00,A,2022-03-10,1.027,A,F,,,P1D,,A,,,,,,,99Q1=100,,,4,,4F0,,Swiss franc/Euro ECB reference exchange rate,"ECB reference exchange rate, Swiss franc/Euro, 2.15 pm (C.E.T.)",CHF,0
EXR.D.CHF.EUR.SP00.A,D,CHF,EUR,SP00,A,2022-03-11,1.023,A,F,,,P1D,,A,,,,,,,99Q1=100,,,4,,4F0,,Swiss franc/Euro ECB reference exchange rate,"ECB reference exchange rate, Swiss franc/Euro, 2.15 pm (C.E.T.)",CHF,0
EXR.D.CHF.EUR.SP00.A,D,CHF,EUR,SP00,A,2022-03-14,1.0249,A,F,,,P1D,,A,,,,,,,99Q1=100,,,4,,4F0,,Swiss franc/Euro ECB reference exchange rate,"ECB reference exchange rate, Swiss franc/Euro, 2.15 pm (C.E.T.)",CHF,0
EXR.D.CHF.EUR.SP00.A,D,CHF,EUR,SP00,A,2022-03-15,1.0322,A,F,,,P1D,,A,,,,,,,99Q1=100,,,4,,4F0,,Swiss franc/Euro ECB reference exchange rate,"ECB reference exchange rate, Swiss franc/Euro, 2.15 pm (C.E.T.)",CHF,0
EXR.D.CHF.EUR.SP00.A,D,CHF,EUR,SP00,A,2022-03-16,1.0336,A,F,,,P1D,,A,,,,,,,99Q1=100,,,4,,4F0,,Swiss franc/Euro ECB reference exchange rate,"ECB reference exchange rate, Swiss franc/Euro, 2.15 pm (C.E.T.)",CHF,0
EXR.D.CHF.EUR.SP00.A,D,CHF,EUR,SP00,A,2022-03-17,1.0385,A,F,,,P1D,,A,,,,,,,99Q1=100,,,4,,4F0,,Swiss franc/Euro ECB reference exchange rate,"ECB reference exchange rate, Swiss franc/Euro, 2.15 pm (C.E.T.)",CHF,0
EXR.D.CHF.EUR.SP00.A,D,CHF,EUR,SP00,A,2022-03-18,1.0314,A,F,,,P1D,,A,,,,,,,99Q1=100,,,4,,4F0,,Swiss franc/Euro ECB reference exchange rate,"ECB reference exchange rate, Swiss franc/Euro, 2.15 pm (C.E.T.)",CHF,0
EXR.D.CHF.EUR.SP00.A,D,CHF,EUR,SP00,A,2022-03-21,1.0278,A,F,,,P1D,,A,,,,,,,99Q1=100,,,4,,4F0,,Swiss franc/Euro ECB reference exchange rate,"ECB reference exchange rate, Swiss franc/Euro, 2.15 pm (C.E.T.)",CHF,0
EXR.D.CHF.EUR.SP00.A,D,CHF,EUR,SP00,A,2022-03-22,1.0275,A,F,,,P1D,,A,,,,,,,99Q1=100,,,4,,4F0,,Swiss franc/Euro ECB reference exchange rate,"ECB reference exchange rate, Swiss franc/Euro, 2.15 pm (C.E.T.)",CHF,0
EXR.D.CHF.EUR.SP00.A,D,CHF,EUR,SP00,A,2022-03-23,1.0269,A,F,,,P1D,,A,,,,,,,99Q1=100,,,4,,4F0,,Swiss franc/Euro ECB reference exchange rate,"ECB reference exchange rate, Swiss franc/Euro, 2.15 pm (C.E.T.)",CHF,0
EXR.D.CHF.EUR.SP00.A,D,CHF,EUR,SP00,A,2022-03-24,1.0225,A,F,,,P1D,,A,,,,,,,99Q1=100,,,4,,4F0,,Swiss franc/Euro ECB reference exchange rate,"ECB reference exchange rate, Swiss franc/Euro, 2.15 pm (C.E.T.)",CHF,0
EXR.D.CHF.EUR.SP00.A,D,CHF,EUR,SP00,A,2022-03-25,1.0207,A,F,,,P1D,,A,,,,,,,99Q1=100,,,4,,4F0,,Swiss franc/Euro ECB reference exchange rate,"ECB reference exchange rate, Swiss franc/Euro, 2.15 pm (C.E.T.)",CHF,0
EXR.D.CHF.EUR.SP00.A,D,CHF,EUR,SP00,A,2022-03-28,1.0257,A,F,,,P1D,,A,,,,,,,99Q1=100,,,4,,4F0,,Swiss franc/Euro ECB reference exchange rate,"ECB reference exchange rate, Swiss franc/Euro, 2.15 pm (C.E.T.)",CHF,0
EXR.D.CHF.EUR.SP00.A,D,CHF,EUR,SP00,A,2022-03-29,1.0362,A,F,,,P1D,,A,,,,,,,99Q1=100,,,4,,4F0,,Swiss franc/Euro ECB reference exchange rate,"ECB reference exchange rate, Swiss franc/Euro, 2.15 pm (C.E.T.)",CHF,0
EXR.D.CHF.EUR.SP00.A,D,CHF,EUR,SP00,A,2022-03-30,1.0309,A,F,,,P1D,,A,,,,,,,99Q1=100,,,4,,4F0,,Swiss franc/Euro ECB reference exchange rate,"ECB reference exchange rate, Swiss franc/Euro, 2.15 pm (C.E.T.)",CHF,0
EXR.D.CHF.EUR.SP00.A,D,CHF,EUR,SP00,A,2022-03-31,1.0267,A,F,,,P1D,,A,,,,,,,99Q1=100,,,4,,4F0,,Swiss franc/Euro ECB reference exchange rate,"ECB reference exchange rate, Swiss franc/Euro, 2.15 pm (C.E.T.)",CHF,0
EXR.D.CHF.EUR.SP00.A,D,CHF,EUR,SP00,A,2022-04-01,1.0217,A,F,,,P1D,,A,,,,,,,99Q1=100,,,4,,4F0,,Swiss franc/Euro ECB reference exchange rate,"ECB reference exchange rate, Swiss franc/Euro, 2.15 pm (C.E.T.)",CHF,0
EXR.D.CHF.EUR.SP00.A,D,CHF,EUR,SP00,A,2022-04-04,1.0203,A,F,,,P1D,,A,,,,,,,99Q1=100,,,4,,4F0,,Swiss franc/Euro ECB reference exchange rate,"ECB reference exchange rate, Swiss franc/Euro, 2.15 pm (C.E.T.)",CHF,0
EXR.D.CHF.EUR.SP00.A,D,CHF,EUR,SP00,A,2022-04-05,1.0141,A,F,,,P1D,,A,,,,,,,99Q1=100,,,4,,4F0,,Swiss franc/Euro ECB reference exchange rate,"ECB reference exchange rate, Swiss franc/Euro, 2.15 pm (C.E.T.)",CHF,0
EXR.D.CHF.EUR.SP00.A,D,CHF,EUR,SP00,A,2022-04-06,1.0187,A,F,,,P1D,,A,,,,,,,99Q1=100,,,4,,4F0,,Swiss franc/Euro ECB reference exchange rate,"ECB reference exchange rate, Swiss franc/Euro, 2.15 pm (C.E.T.)",CHF,0
EXR.D.CHF.EUR.SP00.A,D,CHF,EUR,SP00,A,2022-04-07,1.0185,A,F,,,P1D,,A,,,,,,,99Q1=100,,,4,,4F0,,Swiss franc/Euro ECB reference exchange rate,"ECB reference exchange rate, Swiss franc/Euro, 2.15 pm (C.E.T.)",CHF,0
EXR.D.CHF.EUR.SP00.A,D,CHF,EUR,SP00,A,2022-04-08,1.0155,A,F,,,P1D,,A,,,,,,,99Q1=100,,,4,,4F0,,Swiss franc/Euro ECB reference exchange rate,"ECB reference exchange rate, Swiss franc/Euro, 2.15 pm (C.E.T.)",CHF,0
EXR.D.CHF.EUR.SP00.A,D,CHF,EUR,SP00,A,2022-04-11,1.018,A,F,,,P1D,,A,,,,,,,99Q1=100,,,4,,4F0,,Swiss franc/Euro ECB reference exchange rate,"ECB reference exchange rate, Swiss franc/Euro, 2.15 pm (C.E.T.)",CHF,0
EXR.D.CHF.EUR.SP00.A,D,CHF,EUR,SP00,A,2022-04-12,1.0131,A,F,,,P1D,,A,,,,,,,99Q1=100,,,4,,4F0,,Swiss franc/Euro ECB reference exchange rate,"ECB reference exchange rate, Swiss franc/Euro, 2.15 pm (C.E.T.)",CHF,0
EXR.D.CHF.EUR.SP00.A,D,CHF,EUR,SP00,A,2022-04-13,1.0116,A,F,,,P1D,,A,,,,,,,99Q1=100,,,4,,4F0,,Swiss franc/Euro ECB reference exchange rate,"ECB reference exchange rate, Swiss franc/Euro, 2.15 pm (C.E.T.)",CHF,0
EXR.D.CHF.EUR.SP00.A,D,CHF,EUR,SP00,A,2022-04-14,1.0189,A,F,,,P1D,,A,,,,,,,99Q1=100,,,4,,4F0,,Swiss franc/Euro ECB reference exchange rate,"ECB reference exchange rate, Swiss franc/Euro, 2.15 pm (C.E.T.)",CHF,0
EXR.D.CHF.EUR.SP00.A,D,CHF,EUR,SP00,A,2022-04-19,1.0208,A,F,,,P1D,,A,,,,,,,99Q1=100,,,4,,4F0,,Swiss franc/Euro ECB reference exchange rate,"ECB reference exchange rate, Swiss franc/Euro, 2.15 pm (C.E.T.)",CHF,0
EXR.D.CHF.EUR.SP00.A,D,CHF,EUR,SP00,A,2022-04-20,1.0254,A,F,,,P1D,,A,,,,,,,99Q1=100,,,4,,4F0,,Swiss franc/Euro ECB reference exchange rate,"ECB reference exchange rate, Swiss franc/Euro, 2.15 pm (C.E.T.)",CHF,0
EXR.D.CHF.EUR.SP00.A,D,CHF,EUR,SP00,A,2022-04-21,1.0335,A,F,,,P1D,,A,,,,,,,99Q1=100,,,4,,4F0,,Swiss franc/Euro ECB reference exchange rate,"ECB reference exchange rate, Swiss franc/Euro, 2.15 pm (C.E.T.)",CHF,0
EXR.D.CHF.EUR.SP00.A,D,CHF,EUR,SP00,A,2022-04-22,1.0336,A,F,,,P1D,,A,,,,,,,99Q1=100,,,4,,4F0,,Swiss franc/Euro ECB reference exchange rate,"ECB reference exchange rate, Swiss franc/Euro, 2.15 pm (C.E.T.)",CHF,0
EXR.D.CHF.EUR.SP00.A,D,CHF,EUR,SP00,A,2022-04-25,1.0267,A,F,,,P1D,,A,,,,,,,99Q1=100,,,4,,4F0,,Swiss franc/Euro ECB reference exchange rate,"ECB reference exchange rate, Swiss franc/Euro, 2.15 pm (C.E.T.)",CHF,0
EXR.D.CHF.EUR.SP00.A,D,CHF,EUR,SP00,A,2022-04-26,1.0229,A,F,,,P1D,,A,,,,,,,99Q1=100,,,4,,4F0,,Swiss franc/Euro ECB reference exchange rate,"ECB reference exchange rate, Swiss franc/Euro, 2.15 pm (C.E.T.)",CHF,0
EXR.D.CHF.EUR.SP00.A,D,CHF,EUR,SP00,A,2022-04-27,1.0229,A,F,,,P1D,,A,,,,,,,99Q1=100,,,4,,4F0,,Swiss franc/Euro ECB reference exchange rate,"ECB reference exchange rate, Swiss franc/Euro, 2.15 pm (C.E.T.)",CHF,0
EXR.D.CHF.EUR.SP00.A,D,CHF,EUR,SP00,A,2022-04-28,1.0216,A,F,,,P1D,,A,,,,,,,99Q1=100,,,4,,4F0,,Swiss franc/Euro ECB reference exchange rate,"ECB reference exchange rate, Swiss franc/Euro, 2.15 pm (C.E.T.)",CHF,0
EXR.D.CHF.EUR.SP00.A,D,CHF,EUR,SP00,A,2022-04-29,1.0229,A,F,,,P1D,,A,,,,,,,99Q1=100,,,4,,4F0,,Swiss franc/Euro ECB reference exchange rate,"ECB reference exchange rate, Swiss franc/Euro, 2.15 pm (C.E.T.)",CHF,0
EXR.D.CHF.EUR.SP00.A,D,CHF,EUR,SP00,A,2022-05-02,1.0253,A,F,,,P1D,,A,,,,,,,99Q1=100,,,4,,4F0,,Swiss franc/Euro ECB reference exchange rate,"ECB reference exchange rate, Swiss franc/Euro, 2.15 pm (C.E.T.)",CHF,0
EXR.D.CHF.EUR.SP00.A,D,CHF,EUR,SP00,A,2022-05-03,1.0272,A,F,,,P1D,,A,,,,,,,99Q1=100,,,4,,4F0,,Swiss franc/Euro ECB reference exchange rate,"ECB reference exchange rate, Swiss franc/Euro, 2.15 pm (C.E.T.)",CHF,0
EXR.D.CHF.EUR.SP00.A,D,CHF,EUR,SP00,A,2022-05-04,1.0324,A,F,,,P1D,,A,,,,,,,99Q1=100,,,4,,4F0,,Swiss franc/Euro ECB reference exchange rate,"ECB reference exchange rate, Swiss franc/Euro, 2.15 pm (C.E.T.)",CHF,0
EXR.D.CHF.EUR.SP00.A,D,CHF,EUR,SP00,A,2022-05-05,1.0355,A,F,,,P1D,,A,,,,,,,99Q1=100,,,4,,4F0,,Swiss franc/Euro ECB reference exchange rate,"ECB reference exchange rate, Swiss franc/Euro, 2.15 pm (C.E.T.)",CHF,0
EXR.D.CHF.EUR.SP00.A,D,CHF,EUR,SP00,A,2022-05-06,1.0419,A,F,,,P1D,,A,,,,,,,99Q1=100,,,4,,4F0,,Swiss franc/Euro ECB reference exchange rate,"ECB reference exchange rate, Swiss franc/Euro, 2.15 pm (C.E.T.)",CHF,0
EXR.D.CHF.EUR.SP00.A,D,CHF,EUR,SP00,A,2022-05-09,1.0462,A,F,,,P1D,,A,,,,,,,99Q1=100,,,4,,4F0,,Swiss franc/Euro ECB reference exchange rate,"ECB reference exchange rate, Swiss franc/Euro, 2.15 pm (C.E.T.)",CHF,0
EXR.D.CHF.EUR.SP00.A,D,CHF,EUR,SP00,A,2022-05-10,1.0479,A,F,,,P1D,,A,,,,,,,99Q1=100,,,4,,4F0,,Swiss franc/Euro ECB reference exchange rate,"ECB reference exchange rate, Swiss franc/Euro, 2.15 pm (C.E.T.)",CHF,0
EXR.D.CHF.EUR.SP00.A,D,CHF,EUR,SP00,A,2022-05-11,1.0446,A,F,,,P1D,,A,,,,,,,99Q1=100,,,4,,4F0,,Swiss franc/Euro ECB reference exchange rate,"ECB reference exchange rate, Swiss franc/Euro, 2.15 pm (C.E.T.)",CHF,0
EXR.D.CHF.EUR.SP00.A,D,CHF,EUR,SP00,A,2022-05-12,1.0377,A,F,,,P1D,,A,,,,,,,99Q1=100,,,4,,4F0,,Swiss franc/Euro ECB reference exchange rate,"ECB reference exchange rate, Swiss franc/Euro, 2.15 pm (C.E.T.)",CHF,0
EXR.D.CHF.EUR.SP00.A,D,CHF,EUR,SP00,A,2022-05-13,1.0385,A,F,,,P1D,,A,,,,,,,99Q1=100,,,4,,4F0,,Swiss franc/Euro ECB reference exchange rate,"ECB reference exchange rate, Swiss franc/Euro, 2.15 pm (C.E.T.)",CHF,0
EXR.D.CHF.EUR.SP00.A,D,CHF,EUR,SP00,A,2022-05-16,1.0479,A,F,,,P1D,,A,,,,,,,99Q1=100,,,4,,4F0,,Swiss franc/Euro ECB reference exchange rate,"ECB reference exchange rate, Swiss franc/Euro, 2.15 pm (C.E.T.)",CHF,0
EXR.D.CHF.EUR.SP00.A,D,CHF,EUR,SP00,A,2022-05-17,1.0457,A,F,,,P1D,,A,,,,,,,99Q1=100,,,4,,4F0,,Swiss franc/Euro ECB reference exchange rate,"ECB reference exchange rate, Swiss franc/Euro, 2.15 pm (C.E.T.)",CHF,0
EXR.D.CHF.EUR.SP00.A,D,CHF,EUR,SP00,A,2022-05-18,1.0486,A,F,,,P1D,,A,,,,,,,99Q1=100,,,4,,4F0,,Swiss franc/Euro ECB reference exchange rate,"ECB reference exchange rate, Swiss franc/Euro, 2.15 pm (C.E.T.)",CHF,0
EXR.D.CHF.EUR.SP00.A,D,CHF,EUR,SP00,A,2022-05-19,1.0265,A,F,,,P1D,,A,,,,,,,99Q1=100,,,4,,4F0,,Swiss franc/Euro ECB reference exchange rate,"ECB reference exchange rate, Swiss franc/Euro, 2.15 pm (C.E.T.)",CHF,0
EXR.D.CHF.EUR.SP00.A,D,CHF,EUR,SP00,A,2022-05-20,1.028,A,F,,,P1D,,A,,,,,,,99Q1=100,,,4,,4F0,,Swiss franc/Euro ECB reference exchange rate,"ECB reference exchange rate, Swiss franc/Euro, 2.15 pm (C.E.T.)",CHF,0
EXR.D.CHF.EUR.SP00.A,D,CHF,EUR,SP00,A,2022-05-23,1.031,A,F,,,P1D,,A,,,,,,,99Q1=100,,,4,,4F0,,Swiss franc/Euro ECB reference exchange rate,"ECB reference exchange rate, Swiss franc/Euro, 2.15 pm (C.E.T.)",CHF,0
EXR.D.CHF.EUR.SP00.A,D,CHF,EUR,SP00,A,2022-05-24,1.0334,A,F,,,P1D,,A,,,,,,,99Q1=100,,,4,,4F0,,Swiss franc/Euro ECB reference exchange rate,"ECB reference exchange rate, Swiss franc/Euro, 2.15 pm (C.E.T.)",CHF,0
EXR.D.CHF.EUR.SP00.A,D,CHF,EUR,SP00,A,2022-05-25,1.0269,A,F,,,P1D,,A,,,,,,,99Q1=100,,,4,,4F0,,Swiss franc/Euro ECB reference exchange rate,"ECB reference exchange rate, Swiss franc/Euro, 2.15 pm (C.E.T.)",CHF,0
EXR.D.CHF.EUR.SP00.A,D,CHF,EUR,SP00,A,2022-05-26,1.0283,A,F,,,P1D,,A,,,,,,,99Q1=100,,,4,,4F0,,Swiss franc/Euro ECB reference exchange rate,"ECB reference exchange rate, Swiss franc/Euro, 2.15 pm (C.E.T.)",CHF,0
EXR.D.CHF.EUR.SP00.A,D,CHF,EUR,SP00,A,2022-05-27,1.0258,A,F,,,P1D,,A,,,,,,,99Q1=100,,,4,,4F0,,Swiss franc/Euro ECB reference exchange rate,"ECB reference exchange rate, Swiss franc/Euro, 2.15 pm (C.E.T.)",CHF,0
EXR.D.CHF.EUR.SP00.A,D,CHF,EUR,SP00,A,2022-05-30,1.0327,A,F,,,P1D,,A,,,,,,,99Q1=100,,,4,,4F0,,Swiss franc/Euro ECB reference exchange rate,"ECB reference exchange rate, Swiss franc/Euro, 2.15 pm (C.E.T.)",CHF,0
EXR.D.CHF.EUR.SP00.A,D,CHF,EUR,SP00,A,2022-05-31,1.0281,A,F,,,P1D,,A,,,,,,,99Q1=100,,,4,,4F0,,Swiss franc/Euro ECB reference exchange rate,"ECB reference exchange rate, Swiss franc/Euro, 2.15 pm (C.E.T.)",CHF,0
EXR.D.CHF.EUR.SP00.A,D,CHF,EUR,SP00,A,2022-06-01,1.0305,A,F,,,P1D,,A,,,,,,,99Q1=100,,,4,,4F0,,Swiss franc/Euro ECB reference exchange rate,"ECB reference exchange rate, Swiss franc/Euro, 2.15 pm (C.E.T.)",CHF,0
EXR.D.CHF.EUR.SP00.A,D,CHF,EUR,SP00,A,2022-06-02,1.0264,A,F,,,P1D,,A,,,,,,,99Q1=100,,,4,,4F0,,Swiss franc/Euro ECB reference exchange rate,"ECB reference exchange rate, Swiss franc/Euro, 2.15 pm (C.E.T.)",CHF,0
EXR.D.CHF.EUR.SP00.A,D,CHF,EUR,SP00,A,2022-06-03,1.0296,A,F,,,P1D,,A,,,,,,,99Q1=100,,,4,,4F0,,Swiss franc/Euro ECB reference exchange rate,"ECB reference exchange rate, Swiss franc/Euro, 2.15 pm (C.E.T.)",CHF,0
EXR.D.CHF.EUR.SP00.A,D,CHF,EUR,SP00,A,2022-06-06,1.032,A,F,,,P1D,,A,,,,,,,99Q1=100,,,4,,4F0,,Swiss franc/Euro ECB reference exchange rate,"ECB reference exchange rate, Swiss franc/Euro, 2.15 pm (C.E.T.)",CHF,0
EXR.D.CHF.EUR.SP00.A,D,CHF,EUR,SP00,A,2022-06-07,1.0423,A,F,,,P1D,,A,,,,,,,99Q1=100,,,4,,4F0,,Swiss franc/Euro ECB reference exchange rate,"ECB reference exchange rate, Swiss franc/Euro, 2.15 pm (C.E.T.)",CHF,0
EXR.D.CHF.EUR.SP00.A,D,CHF,EUR,SP00,A,2022-06-08,1.0486,A,F,,,P1D,,A,,,,,,,99Q1=100,,,4,,4F0,,Swiss franc/Euro ECB reference exchange rate,"ECB reference exchange rate, Swiss franc/Euro, 2.15 pm (C.E.T.)",CHF,0
EXR.D.CHF.EUR.SP00.A,D,CHF,EUR,SP00,A,2022-06-09,1.0495,A,F,,,P1D,,A,,,,,,,99Q1=100,,,4,,4F0,,Swiss franc/Euro ECB reference exchange rate,"ECB reference exchange rate, Swiss franc/Euro, 2.15 pm (C.E.T.)",CHF,0
EXR.D.CHF.EUR.SP00.A,D,CHF,EUR,SP00,A,2022-06-10,1.0404,A,F,,,P1D,,A,,,,,,,99Q1=100,,,4,,4F0,,Swiss franc/Euro ECB reference exchange rate,"ECB reference exchange rate, Swiss franc/Euro, 2.15 pm (C.E.T.)",CHF,0
EXR.D.CHF.EUR.SP00.A,D,CHF,EUR,SP00,A,2022-06-13,1.0375,A,F,,,P1D,,A,,,,,,,99Q1=100,,,4,,4F0,,Swiss franc/Euro ECB reference exchange rate,"ECB reference exchange rate, Swiss franc/Euro, 2.15 pm (C.E.T.)",CHF,0
EXR.D.CHF.EUR.SP00.A,D,CHF,EUR,SP00,A,2022-06-14,1.0394,A,F,,,P1D,,A,,,,,,,99Q1=100,,,4,,4F0,,Swiss franc/Euro ECB reference exchange rate,"ECB reference exchange rate, Swiss franc/Euro, 2.15 pm (C.E.T.)",CHF,0
EXR.D.CHF.EUR.SP00.A,D,CHF,EUR,SP00,A,2022-06-15,1.0435,A,F,,,P1D,,A,,,,,,,99Q1=100,,,4,,4F0,,Swiss franc/Euro ECB reference exchange rate,"ECB reference exchange rate, Swiss franc/Euro, 2.15 pm (C.E.T.)",CHF,0
EXR.D.CHF.EUR.SP00.A,D,CHF,EUR,SP00,A,2022-06-16,1.0142,A,F,,,P1D,,A,,,,,,,99Q1=100,,,4,,4F0,,Swiss franc/Euro ECB reference exchange rate,"ECB reference exchange rate, Swiss franc/Euro, 2.15 pm (C.E.T.)",CHF,0
EXR.D.CHF.EUR.SP00.A,D,CHF,EUR,SP00,A,2022-06-17,1.0105,A,F,,,P1D,,A,,,,,,,99Q1=100,,,4,,4F0,,Swiss franc/Euro ECB reference exchange rate,"ECB reference exchange rate, Swiss franc/Euro, 2.15 pm (C.E.T.)",CHF,0
EXR.D.CHF.EUR.SP00.A,D,CHF,EUR,SP00,A,2022-06-20,1.0162,A,F,,,P1D,,A,,,,,,,99Q1=100,,,4,,4F0,,Swiss franc/Euro ECB reference exchange rate,"ECB reference exchange rate, Swiss franc/Euro, 2.15 pm (C.E.T.)",CHF,0
EXR.D.CHF.EUR.SP00.A,D,CHF,EUR,SP00,A,2022-06-21,1.0214,A,F,,,P1D,,A,,,,,,,99Q1=100,,,4,,4F0,,Swiss franc/Euro ECB reference exchange rate,"ECB reference exchange rate, Swiss franc/Euro, 2.15 pm (C.E.T.)",CHF,0
EXR.D.CHF.EUR.SP00.A,D,CHF,EUR,SP00,A,2022-06-22,1.0153,A,F,,,P1D,,A,,,,,,,99Q1=100,,,4,,4F0,,Swiss franc/Euro ECB reference exchange rate,"ECB reference exchange rate, Swiss franc/Euro, 2.15 pm (C.E.T.)",CHF,0
EXR.D.CHF.EUR.SP00.A,D,CHF,EUR,SP00,A,2022-06-23,1.013,A,F,,,P1D,,A,,,,,,,99Q1=100,,,4,,4F0,,Swiss franc/Euro ECB reference exchange rate,"ECB reference exchange rate, Swiss franc/Euro, 2.15 pm (C.E.T.)",CHF,0
EXR.D.CHF.EUR.SP00.A,D,CHF,EUR,SP00,A,2022-06-24,1.0072,A,F,,,P1D,,A,,,,,,,99Q1=100,,,4,,4F0,,Swiss franc/Euro ECB reference exchange rate,"ECB reference exchange rate, Swiss franc/Euro, 2.15 pm (C.E.T.)",CHF,0
EXR.D.CHF.EUR.SP00.A,D,CHF,EUR,SP00,A,2022-06-27,1.0143,A,F,,,P1D,,A,,,,,,,99Q1=100,,,4,,4F0,,Swiss franc/Euro ECB reference exchange rate,"ECB reference exchange rate, Swiss franc/Euro, 2.15 pm (C.E.T.)",CHF,0
EXR.D.CHF.EUR.SP00.A,D,CHF,EUR,SP00,A,2022-06-28,1.0101,A,F,,,P1D,,A,,,,,,,99Q1=100,,,4,,4F0,,Swiss franc/Euro ECB reference exchange rate,"ECB reference exchange rate, Swiss franc/Euro, 2.15 pm (C.E.T.)",CHF,0
EXR.D.CHF.EUR.SP00.A,D,CHF,EUR,SP00,A,2022-06-29,1.0005,A,F,,,P1D,,A,,,,,,,99Q1=100,,,4,,4F0,,Swiss franc/Euro ECB reference exchange rate,"ECB reference exchange rate, Swiss franc/Euro, 2.15 pm (C.E.T.)",CHF,0
EXR.D.CHF.EUR.SP00.A,D,CHF,EUR,SP00,A,2022-06-30,0.996,A,F,,,P1D,,A,,,,,,,99Q1=100,,,4,,4F0,,Swiss franc/Euro ECB reference exchange rate,"ECB reference exchange rate, Swiss franc/Euro, 2.15 pm (C.E.T.)",CHF,0
EXR.D.CHF.EUR.SP00.A,D,CHF,EUR,SP00,A,2022-07-01,1.0027,A,F,,,P1D,,A,,,,,,,99Q1=100,,,4,,4F0,,Swiss franc/Euro ECB reference exchange rate,"ECB reference exchange rate, Swiss franc/Euro, 2.15 pm (C.E.T.)",CHF,0
EXR.D.CHF.EUR.SP00.A,D,CHF,EUR,SP00,A,2022-07-04,1.0037,A,F,,,P1D,,A,,,,,,,99Q1=100,,,4,,4F0,,Swiss franc/Euro ECB reference exchange rate,"ECB reference exchange rate, Swiss franc/Euro, 2.15 pm (C.E.T.)",CHF,0
EXR.D.CHF.EUR.SP00.A,D,CHF,EUR,SP00,A,2022-07-05,0.9932,A,F,,,P1D,,A,,,,,,,99Q1=100,,,4,,4F0,,Swiss franc/Euro ECB reference exchange rate,"ECB reference exchange rate, Swiss franc/Euro, 2.15 pm (C.E.T.)",CHF,0
EXR.D.CHF.EUR.SP00.A,D,CHF,EUR,SP00,A,2022-07-06,0.9896,A,F,,,P1D,,A,,,,,,,99Q1=100,,,4,,4F0,,Swiss franc/Euro ECB reference exchange rate,"ECB reference exchange rate, Swiss franc/Euro, 2.15 pm (C.E.T.)",CHF,0
EXR.D.CHF.EUR.SP00.A,D,CHF,EUR,SP00,A,2022-07-07,0.9906,A,F,,,P1D,,A,,,,,,,99Q1=100,,,4,,4F0,,Swiss franc/Euro ECB reference exchange rate,"ECB reference exchange rate, Swiss franc/Euro, 2.15 pm (C.E.T.)",CHF,0
EXR.D.CHF.EUR.SP00.A,D,CHF,EUR,SP00,A,2022-07-08,0.9913,A,F,,,P1D,,A,,,,,,,99Q1=100,,,4,,4F0,,Swiss franc/Euro ECB reference exchange rate,"ECB reference exchange rate, Swiss franc/Euro, 2.15 pm (C.E.T.)",CHF,0
EXR.D.CHF.EUR.SP00.A,D,CHF,EUR,SP00,A,2022-07-11,0.9908,A,F,,,P1D,,A,,,,,,,99Q1=100,,,4,,4F0,,Swiss franc/Euro ECB reference exchange rate,"ECB reference exchange rate, Swiss franc/Euro, 2.15 pm (C.E.T.)",CHF,0
EXR.D.CHF.EUR.SP00.A,D,CHF,EUR,SP00,A,2022-07-12,0.9883,A,F,,,P1D,,A,,,,,,,99Q1=100,,,4,,4F0,,Swiss franc/Euro ECB reference exchange rate,"ECB reference exchange rate, Swiss franc/Euro, 2.15 pm (C.E.T.)",CHF,0
EXR.D.CHF.EUR.SP00.A,D,CHF,EUR,SP00,A,2022-07-13,0.9829,A,F,,,P1D,,A,,,,,,,99Q1=100,,,4,,4F0,,Swiss franc/Euro ECB reference exchange rate,"ECB reference exchange rate, Swiss franc/Euro, 2.15 pm (C.E.T.)",CHF,0
EXR.D.CHF.EUR.SP00.A,D,CHF,EUR,SP00,A,2022-07-14,0.9841,A,F,,,P1D,,A,,,,,,,99Q1=100,,,4,,4F0,,Swiss franc/Euro ECB reference exchange rate,"ECB reference exchange rate, Swiss franc/Euro, 2.15 pm (C.E.T.)",CHF,0
EXR.D.CHF.EUR.SP00.A,D,CHF,EUR,SP00,A,2022-07-15,0.9849,A,F,,,P1D,,A,,,,,,,99Q1=100,,,4,,4F0,,Swiss franc/Euro ECB reference exchange rate,"ECB reference exchange rate, Swiss franc/Euro, 2.15 pm (C.E.T.)",CHF,0
EXR.D.CHF.EUR.SP00.A,D,CHF,EUR,SP00,A,2022-07-18,0.9911,A,F,,,P1D,,A,,,,,,,99Q1=100,,,4,,4F0,,Swiss franc/Euro ECB reference exchange rate,"ECB reference exchange rate, Swiss franc/Euro, 2.15 pm (C.E.T.)",CHF,0
EXR.D.CHF.EUR.SP00.A,D,CHF,EUR,SP00,A,2022-07-19,0.9918,A,F,,,P1D,,A,,,,,,,99Q1=100,,,4,,4F0,,Swiss franc/Euro ECB reference exchange rate,"ECB reference exchange rate, Swiss franc/Euro, 2.15 pm (C.E.T.)",CHF,0
EXR.D.CHF.EUR.SP00.A,D,CHF,EUR,SP00,A,2022-07-20,0.9896,A,F,,,P1D,,A,,,,,,,99Q1=100,,,4,,4F0,,Swiss franc/Euro ECB reference exchange rate,"ECB reference exchange rate, Swiss franc/Euro, 2.15 pm (C.E.T.)",CHF,0
EXR.D.CHF.EUR.SP00.A,D,CHF,EUR,SP00,A,2022-07-21,0.9924,A,F,,,P1D,,A,,,,,,,99Q1=100,,,4,,4F0,,Swiss franc/Euro ECB reference exchange rate,"ECB reference exchange rate, Swiss franc/Euro, 2.15 pm (C.E.T.)",CHF,0
EXR.D.CHF.EUR.SP00.A,D,CHF,EUR,SP00,A,2022-07-22,0.9832,A,F,,,P1D,,A,,,,,,,99Q1=100,,,4,,4F0,,Swiss franc/Euro ECB reference exchange rate,"ECB reference exchange rate, Swiss franc/Euro, 2.15 pm (C.E.T.)",CHF,0
EXR.D.CHF.EUR.SP00.A,D,CHF,EUR,SP00,A,2022-07-25,0.9869,A,F,,,P1D,,A,,,,,,,99Q1=100,,,4,,4F0,,Swiss franc/Euro ECB reference exchange rate,"ECB reference exchange rate, Swiss franc/Euro, 2.15 pm (C.E.T.)",CHF,0
EXR.D.CHF.EUR.SP00.A,D,CHF,EUR,SP00,A,2022-07-26,0.9765,A,F,,,P1D,,A,,,,,,,99Q1=100,,,4,,4F0,,Swiss franc/Euro ECB reference exchange rate,"ECB reference exchange rate, Swiss franc/Euro, 2.15 pm (C.E.T.)",CHF,0
EXR.D.CHF.EUR.SP00.A,D,CHF,EUR,SP00,A,2022-07-27,0.9768,A,F,,,P1D,,A,,,,,,,99Q1=100,,,4,,4F0,,Swiss franc/Euro ECB reference exchange rate,"ECB reference exchange rate, Swiss franc/Euro, 2.15 pm (C.E.T.)",CHF,0
EXR.D.CHF.EUR.SP00.A,D,CHF,EUR,SP00,A,2022-07-28,0.9745,A,F,,,P1D,,A,,,,,,,99Q1=100,,,4,,4F0,,Swiss franc/Euro ECB reference exchange rate,"ECB reference exchange rate, Swiss franc/Euro, 2.15 pm (C.E.T.)",CHF,0
EXR.D.CHF.EUR.SP00.A,D,CHF,EUR,SP00,A,2022-07-29,0.9744,A,F,,,P1D,,A,,,,,,,99Q1=100,,,4,,4F0,,Swiss franc/Euro ECB reference exchange rate,"ECB reference exchange rate, Swiss franc/Euro, 2.15 pm (C.E.T.)",CHF,0
EXR.D.CHF.EUR.SP00.A,D,CHF,EUR,SP00,A,2022-08-01,0.9717,A,F,,,P1D,,A,,,,,,,99Q1=100,,,4,,4F0,,Swiss franc/Euro ECB reference exchange rate,"ECB reference exchange rate, Swiss franc/Euro, 2.15 pm (C.E.T.)",CHF,0
EXR.D.CHF.EUR.SP00.A,D,CHF,EUR,SP00,A,2022-08-02,0.9744,A,F,,,P1D,,A,,,,,,,99Q1=100,,,4,,4F0,,Swiss franc/Euro ECB reference exchange rate,"ECB reference exchange rate, Swiss franc/Euro, 2.15 pm (C.E.T.)",CHF,0
EXR.D.CHF.EUR.SP00.A,D,CHF,EUR,SP00,A,2022-08-03,0.9773,A,F,,,P1D,,A,,,,,,,99Q1=100,,,4,,4F0,,Swiss franc/Euro ECB reference exchange rate,"ECB reference exchange rate, Swiss franc/Euro, 2.15 pm (C.E.T.)",CHF,0
EXR.D.CHF.EUR.SP00.A,D,CHF,EUR,SP00,A,2022-08-04,0.9765,A,F,,,P1D,,A,,,,,,,99Q1=100,,,4,,4F0,,Swiss franc/Euro ECB reference exchange rate,"ECB reference exchange rate, Swiss franc/Euro, 2.15 pm (C.E.T.)",CHF,0
EXR.D.CHF.EUR.SP00.A,D,CHF,EUR,SP00,A,2022-08-05,0.9776,A,F,,,P1D,,A,,,,,,,99Q1=100,,,4,,4F0,,Swiss franc/Euro ECB reference exchange rate,"ECB reference exchange rate, Swiss franc/Euro, 2.15 pm (C.E.T.)",CHF,0
EXR.D.CHF.EUR.SP00.A,D,CHF,EUR,SP00,A,2022-08-08,0.9763,A,F,,,P1D,,A,,,,,,,99Q1=100,,,4,,4F0,,Swiss franc/Euro ECB reference exchange rate,"ECB reference exchange rate, Swiss franc/Euro, 2.15 pm (C.E.T.)",CHF,0
EXR.D.CHF.EUR.SP00.A,D,CHF,EUR,SP00,A,2022-08-09,0.9763,A,F,,,P1D,,A,,,,,,,99Q1=100,,,4,,4F0,,Swiss franc/Euro ECB reference exchange rate,"ECB reference exchange rate, Swiss franc/Euro, 2.15 pm (C.E.T.)",CHF,0
EXR.D.CHF.EUR.SP00.A,D,CHF,EUR,SP00,A,2022-08-10,0.9713,A,F,,,P1D,,A,,,,,,,99Q1=100,,,4,,4F0,,Swiss franc/Euro ECB reference exchange rate,"ECB reference exchange rate, Swiss franc/Euro, 2.15 pm (C.E.T.)",CHF,0
EXR.D.CHF.EUR.SP00.A,D,CHF,EUR,SP00,A,2022-08-11,0.9712,A,F,,,P1D,,A,,,,,,,99Q1=100,,,4,,4F0,,Swiss franc/Euro ECB reference exchange rate,"ECB reference exchange rate, Swiss franc/Euro, 2.15 pm (C.E.T.)",CHF,0
EXR.D.CHF.EUR.SP00.A,D,CHF,EUR,SP00,A,2022-08-12,0.9689,A,F,,,P1D,,A,,,,,,,99Q1=100,,,4,,4F0,,Swiss franc/Euro ECB reference exchange rate,"ECB reference exchange rate, Swiss franc/Euro, 2.15 pm (C.E.T.)",CHF,0
EXR.D.CHF.EUR.SP00.A,D,CHF,EUR,SP00,A,2022-08-15,0.9631,A,F,,,P1D,,A,,,,,,,99Q1=100,,,4,,4F0,,Swiss franc/Euro ECB reference exchange rate,"ECB reference exchange rate, Swiss franc/Euro, 2.15 pm (C.E.T.)",CHF,0
EXR.D.CHF.EUR.SP00.A,D,CHF,EUR,SP00,A,2022-08-16,0.9625,A,F,,,P1D,,A,,,,,,,99Q1=100,,,4,,4F0,,Swiss franc/Euro ECB reference exchange rate,"ECB reference exchange rate, Swiss franc/Euro, 2.15 pm (C.E.T.)",CHF,0
EXR.D.CHF.EUR.SP00.A,D,CHF,EUR,SP00,A,2022-08-17,0.9686,A,F,,,P1D,,A,,,,,,,99Q1=100,,,4,,4F0,,Swiss franc/Euro ECB reference exchange rate,"ECB reference exchange rate, Swiss franc/Euro, 2.15 pm (C.E.T.)",CHF,0
EXR.D.CHF.EUR.SP00.A,D,CHF,EUR,SP00,A,2022-08-18,0.9683,A,F,,,P1D,,A,,,,,,,99Q1=100,,,4,,4F0,,Swiss franc/Euro ECB reference exchange rate,"ECB reference exchange rate, Swiss franc/Euro, 2.15 pm (C.E.T.)",CHF,0
EXR.D.CHF.EUR.SP00.A,D,CHF,EUR,SP00,A,2022-08-19,0.9616,A,F,,,P1D,,A,,,,,,,99Q1=100,,,4,,4F0,,Swiss franc/Euro ECB reference exchange rate,"ECB reference exchange rate, Swiss franc/Euro, 2.15 pm (C.E.T.)",CHF,0
EXR.D.CHF.EUR.SP00.A,D,CHF,EUR,SP00,A,2022-08-22,0.958,A,F,,,P1D,,A,,,,,,,99Q1=100,,,4,,4F0,,Swiss franc/Euro ECB reference exchange rate,"ECB reference exchange rate, Swiss franc/Euro, 2.15 pm (C.E.T.)",CHF,0
EXR.D.CHF.EUR.SP00.A,D,CHF,EUR,SP00,A,2022-08-23,0.9602,A,F,,,P1D,,A,,,,,,,99Q1=100,,,4,,4F0,,Swiss franc/Euro ECB reference exchange rate,"ECB reference exchange rate, Swiss franc/Euro, 2.15 pm (C.E.T.)",CHF,0
EXR.D.CHF.EUR.SP00.A,D,CHF,EUR,SP00,A,2022-08-24,0.9576,A,F,,,P1D,,A,,,,,,,99Q1=100,,,4,,4F0,,Swiss franc/Euro ECB reference exchange rate,"ECB reference exchange rate, Swiss franc/Euro, 2.15 pm (C.E.T.)",CHF,0
EXR.D.CHF.EUR.SP00.A,D,CHF,EUR,SP00,A,2022-08-25,0.9616,A,F,,,P1D,,A,,,,,,,99Q1=100,,,4,,4F0,,Swiss franc/Euro ECB reference exchange rate,"ECB reference exchange rate, Swiss franc/Euro, 2.15 pm (C.E.T.)",CHF,0
EXR.D.CHF.EUR.SP00.A,D,CHF,EUR,SP00,A,2022-08-26,0.9642,A,F,,,P1D,,A,,,,,,,99Q1=100,,,4,,4F0,,Swiss franc/Euro ECB reference exchange rate,"ECB reference exchange rate, Swiss franc/Euro, 2.15 pm (C.E.T.)",CHF,0
EXR.D.CHF.EUR.SP00.A,D,CHF,EUR,SP00,A,2022-08-29,0.967,A,F,,,P1D,,A,,,,,,,99Q1=100,,,4,,4F0,,Swiss franc/Euro ECB reference exchange rate,"ECB reference exchange rate, Swiss franc/Euro, 2.15 pm (C.E.T.)",CHF,0
EXR.D.CHF.EUR.SP00.A,D,CHF,EUR,SP00,A,2022-08-30,0.9741,A,F,,,P1D,,A,,,,,,,99Q1=100,,,4,,4F0,,Swiss franc/Euro ECB reference exchange rate,"ECB reference exchange rate, Swiss franc/Euro, 2.15 pm (C.E.T.)",CHF,0
EXR.D.CHF.EUR.SP00.A,D,CHF,EUR,SP00,A,2022-08-31,0.9796,A,F,,,P1D,,A,,,,,,,99Q1=100,,,4,,4F0,,Swiss franc/Euro ECB reference exchange rate,"ECB reference exchange rate, Swiss franc/Euro, 2.15 pm (C.E.T.)",CHF,0
EXR.D.CHF.EUR.SP00.A,D,CHF,EUR,SP00,A,2022-09-01,0.9802,A,F,,,P1D,,A,,,,,,,99Q1=100,,,4,,4F0,,Swiss franc/Euro ECB reference exchange rate,"ECB reference exchange rate, Swiss franc/Euro, 2.15 pm (C.E.T.)",CHF,0
EXR.D.CHF.EUR.SP00.A,D,CHF,EUR,SP00,A,2022-09-02,0.9839,A,F,,,P1D,,A,,,,,,,99Q1=100,,,4,,4F0,,Swiss franc/Euro ECB reference exchange rate,"ECB reference exchange rate, Swiss franc/Euro, 2.15 pm (C.E.T.)",CHF,0
EXR.D.CHF.EUR.SP00.A,D,CHF,EUR,SP00,A,2022-09-05,0.9747,A,F,,,P1D,,A,,,,,,,99Q1=100,,,4,,4F0,,Swiss franc/Euro ECB reference exchange rate,"ECB reference exchange rate, Swiss franc/Euro, 2.15 pm (C.E.T.)",CHF,0
EXR.D.CHF.EUR.SP00.A,D,CHF,EUR,SP00,A,2022-09-06,0.9745,A,F,,,P1D,,A,,,,,,,99Q1=100,,,4,,4F0,,Swiss franc/Euro ECB reference exchange rate,"ECB reference exchange rate, Swiss franc/Euro, 2.15 pm (C.E.T.)",CHF,0
EXR.D.CHF.EUR.SP00.A,D,CHF,EUR,SP00,A,2022-09-07,0.975,A,F,,,P1D,,A,,,,,,,99Q1=100,,,4,,4F0,,Swiss franc/Euro ECB reference exchange rate,"ECB reference exchange rate, Swiss franc/Euro, 2.15 pm (C.E.T.)",CHF,0
EXR.D.CHF.EUR.SP00.A,D,CHF,EUR,SP00,A,2022-09-08,0.9739,A,F,,,P1D,,A,,,,,,,99Q1=100,,,4,,4F0,,Swiss franc/Euro ECB reference exchange rate,"ECB reference exchange rate, Swiss franc/Euro, 2.15 pm (C.E.T.)",CHF,0
EXR.D.CHF.EUR.SP00.A,D,CHF,EUR,SP00,A,2022-09-09,0.9657,A,F,,,P1D,,A,,,,,,,99Q1=100,,,4,,4F0,,Swiss franc/Euro ECB reference exchange rate,"ECB reference exchange rate, Swiss franc/Euro, 2.15 pm (C.E.T.)",CHF,0
EXR.D.CHF.EUR.SP00.A,D,CHF,EUR,SP00,A,2022-09-12,0.9667,A,F,,,P1D,,A,,,,,,,99Q1=100,,,4,,4F0,,Swiss franc/Euro ECB reference exchange rate,"ECB reference exchange rate, Swiss franc/Euro, 2.15 pm (C.E.T.)",CHF,0
EXR.D.CHF.EUR.SP00.A,D,CHF,EUR,SP00,A,2022-09-13,0.9669,A,F,,,P1D,,A,,,,,,,99Q1=100,,,4,,4F0,,Swiss franc/Euro ECB reference exchange rate,"ECB reference exchange rate, Swiss franc/Euro, 2.15 pm (C.E.T.)",CHF,0
EXR.D.CHF.EUR.SP00.A,D,CHF,EUR,SP00,A,2022-09-14,0.9612,A,F,,,P1D,,A,,,,,,,99Q1=100,,,4,,4F0,,Swiss franc/Euro ECB reference exchange rate,"ECB reference exchange rate, Swiss franc/Euro, 2.15 pm (C.E.T.)",CHF,0
EXR.D.CHF.EUR.SP00.A,D,CHF,EUR,SP00,A,2022-09-15,0.9572,A,F,,,P1D,,A,,,,,,,99Q1=100,,,4,,4F0,,Swiss franc/Euro ECB reference exchange rate,"ECB reference exchange rate, Swiss franc/Euro, 2.15 pm (C.E.T.)",CHF,0
EXR.D.CHF.EUR.SP00.A,D,CHF,EUR,SP00,A,2022-09-16,0.9579,A,F,,,P1D,,A,,,,,,,99Q1=100,,,4,,4F0,,Swiss franc/Euro ECB reference exchange rate,"ECB reference exchange rate, Swiss franc/Euro, 2.15 pm (C.E.T.)",CHF,0
EXR.D.CHF.EUR.SP00.A,D,CHF,EUR,SP00,A,2022-09-19,0.9658,A,F,,,P1D,,A,,,,,,,99Q1=100,,,4,,4F0,,Swiss franc/Euro ECB reference exchange rate,"ECB reference exchange rate, Swiss franc/Euro, 2.15 pm (C.E.T.)",CHF,0
EXR.D.CHF.EUR.SP00.A,D,CHF,EUR,SP00,A,2022-09-20,0.9644,A,F,,,P1D,,A,,,,,,,99Q1=100,,,4,,4F0,,Swiss franc/Euro ECB reference exchange rate,"ECB reference exchange rate, Swiss franc/Euro, 2.15 pm (C.E.T.)",CHF,0
EXR.D.CHF.EUR.SP00.A,D,CHF,EUR,SP00,A,2022-09-21,0.9549,A,F,,,P1D,,A,,,,,,,99Q1=100,,,4,,4F0,,Swiss franc/Euro ECB reference exchange rate,"ECB reference exchange rate, Swiss franc/Euro, 2.15 pm (C.E.T.)",CHF,0
EXR.D.CHF.EUR.SP00.A,D,CHF,EUR,SP00,A,2022-09-22,0.9684,A,F,,,P1D,,A,,,,,,,99Q1=100,,,4,,4F0,,Swiss franc/Euro ECB reference exchange rate,"ECB reference exchange rate, Swiss franc/Euro, 2.15 pm (C.E.T.)",CHF,0
EXR.D.CHF.EUR.SP00.A,D,CHF,EUR,SP00,A,2022-09-23,0.9565,A,F,,,P1D,,A,,,,,,,99Q1=100,,,4,,4F0,,Swiss franc/Euro ECB reference exchange rate,"ECB reference exchange rate, Swiss franc/Euro, 2.15 pm (C.E.T.)",CHF,0
EXR.D.CHF.EUR.SP00.A,D,CHF,EUR,SP00,A,2022-09-26,0.9555,A,F,,,P1D,,A,,,,,,,99Q1=100,,,4,,4F0,,Swiss franc/Euro ECB reference exchange rate,"ECB reference exchange rate, Swiss franc/Euro, 2.15 pm (C.E.T.)",CHF,0
EXR.D.CHF.EUR.SP00.A,D,CHF,EUR,SP00,A,2022-09-27,0.9503,A,F,,,P1D,,A,,,,,,,99Q1=100,,,4,,4F0,,Swiss franc/Euro ECB reference exchange rate,"ECB reference exchange rate, Swiss franc/Euro, 2.15 pm (C.E.T.)",CHF,0
EXR.D.CHF.EUR.SP00.A,D,CHF,EUR,SP00,A,2022-09-28,0.9437,A,F,,,P1D,,A,,,,,,,99Q1=100,,,4,,4F0,,Swiss franc/Euro ECB reference exchange rate,"ECB reference exchange rate, Swiss franc/Euro, 2.15 pm (C.E.T.)",CHF,0
EXR.D.CHF.EUR.SP00.A,D,CHF,EUR,SP00,A,2022-09-29,0.9538,A,F,,,P1D,,A,,,,,,,99Q1=100,,,4,,4F0,,Swiss franc/Euro ECB reference exchange rate,"ECB reference exchange rate, Swiss franc/Euro, 2.15 pm (C.E.T.)",CHF,0
EXR.D.CHF.EUR.SP00.A,D,CHF,EUR,SP00,A,2022-09-30,0.9561,A,F,,,P1D,,A,,,,,,,99Q1=100,,,4,,4F0,,Swiss franc/Euro ECB reference exchange rate,"ECB reference exchange rate, Swiss franc/Euro, 2.15 pm (C.E.T.)",CHF,0
EXR.D.CHF.EUR.SP00.A,D,CHF,EUR,SP00,A,2022-10-03,0.9658,A,F,,,P1D,,A,,,,,,,99Q1=100,,,4,,4F0,,Swiss franc/Euro ECB reference exchange rate,"ECB reference exchange rate, Swiss franc/Euro, 2.15 pm (C.E.T.)",CHF,0
EXR.D.CHF.EUR.SP00.A,D,CHF,EUR,SP00,A,2022-10-04,0.9767,A,F,,,P1D,,A,,,,,,,99Q1=100,,,4,,4F0,,Swiss franc/Euro ECB reference exchange rate,"ECB reference exchange rate, Swiss franc/Euro, 2.15 pm (C.E.T.)",CHF,0
EXR.D.CHF.EUR.SP00.A,D,CHF,EUR,SP00,A,2022-10-05,0.9756,A,F,,,P1D,,A,,,,,,,99Q1=100,,,4,,4F0,,Swiss franc/Euro ECB reference exchange rate,"ECB reference exchange rate, Swiss franc/Euro, 2.15 pm (C.E.T.)",CHF,0
EXR.D.CHF.EUR.SP00.A,D,CHF,EUR,SP00,A,2022-10-06,0.9709,A,F,,,P1D,,A,,,,,,,99Q1=100,,,4,,4F0,,Swiss franc/Euro ECB reference exchange rate,"ECB reference exchange rate, Swiss franc/Euro, 2.15 pm (C.E.T.)",CHF,0
EXR.D.CHF.EUR.SP00.A,D,CHF,EUR,SP00,A,2022-10-07,0.97,A,F,,,P1D,,A,,,,,,,99Q1=100,,,4,,4F0,,Swiss franc/Euro ECB reference exchange rate,"ECB reference exchange rate, Swiss franc/Euro, 2.15 pm (C.E.T.)",CHF,0
EXR.D.CHF.EUR.SP00.A,D,CHF,EUR,SP00,A,2022-10-10,0.968,A,F,,,P1D,,A,,,,,,,99Q1=100,,,4,,4F0,,Swiss franc/Euro ECB reference exchange rate,"ECB reference exchange rate, Swiss franc/Euro, 2.15 pm (C.E.T.)",CHF,0
EXR.D.CHF.EUR.SP00.A,D,CHF,EUR,SP00,A,2022-10-11,0.9675,A,F,,,P1D,,A,,,,,,,99Q1=100,,,4,,4F0,,Swiss franc/Euro ECB reference exchange rate,"ECB reference exchange rate, Swiss franc/Euro, 2.15 pm (C.E.T.)",CHF,0
EXR.D.CHF.EUR.SP00.A,D,CHF,EUR,SP00,A,2022-10-12,0.9664,A,F,,,P1D,,A,,,,,,,99Q1=100,,,4,,4F0,,Swiss franc/Euro ECB reference exchange rate,"ECB reference exchange rate, Swiss franc/Euro, 2.15 pm (C.E.T.)",CHF,0
EXR.D.CHF.EUR.SP00.A,D,CHF,EUR,SP00,A,2022-10-13,0.9725,A,F,,,P1D,,A,,,,,,,99Q1=100,,,4,,4F0,,Swiss franc/Euro ECB reference exchange rate,"ECB reference exchange rate, Swiss franc/Euro, 2.15 pm (C.E.T.)",CHF,0
EXR.D.CHF.EUR.SP00.A,D,CHF,EUR,SP00,A,2022-10-14,0.9757,A,F,,,P1D,,A,,,,,,,99Q1=100,,,4,,4F0,,Swiss franc/Euro ECB reference exchange rate,"ECB reference exchange rate, Swiss franc/Euro, 2.15 pm (C.E.T.)",CHF,0
EXR.D.CHF.EUR.SP00.A,D,CHF,EUR,SP00,A,2022-10-17,0.9762,A,F,,,P1D,,A,,,,,,,99Q1=100,,,4,,4F0,,Swiss franc/Euro ECB reference exchange rate,"ECB reference exchange rate, Swiss franc/Euro, 2.15 pm (C.E.T.)",CHF,0
EXR.D.CHF.EUR.SP00.A,D,CHF,EUR,SP00,A,2022-10-18,0.9792,A,F,,,P1D,,A,,,,,,,99Q1=100,,,4,,4F0,,Swiss franc/Euro ECB reference exchange rate,"ECB reference exchange rate, Swiss franc/Euro, 2.15 pm (C.E.T.)",CHF,0
EXR.D.CHF.EUR.SP00.A,D,CHF,EUR,SP00,A,2022-10-19,0.981,A,F,,,P1D,,A,,,,,,,99Q1=100,,,4,,4F0,,Swiss franc/Euro ECB reference exchange rate,"ECB reference exchange rate, Swiss franc/Euro, 2.15 pm (C.E.T.)",CHF,0
EXR.D.CHF.EUR.SP00.A,D,CHF,EUR,SP00,A,2022-10-20,0.9836,A,F,,,P1D,,A,,,,,,,99Q1=100,,,4,,4F0,,Swiss franc/Euro ECB reference exchange rate,"ECB reference exchange rate, Swiss franc/Euro, 2.15 pm (C.E.T.)",CHF,0
EXR.D.CHF.EUR.SP00.A,D,CHF,EUR,SP00,A,2022-10-21,0.9855,A,F,,,P1D,,A,,,,,,,99Q1=100,,,4,,4F0,,Swiss franc/Euro ECB reference exchange rate,"ECB reference exchange rate, Swiss franc/Euro, 2.15 pm (C.E.T.)",CHF,0
EXR.D.CHF.EUR.SP00.A,D,CHF,EUR,SP00,A,2022-10-24,0.9856,A,F,,,P1D,,A,,,,,,,99Q1=100,,,4,,4F0,,Swiss franc/Euro ECB reference exchange rate,"ECB reference exchange rate, Swiss franc/Euro, 2.15 pm (C.E.T.)",CHF,0
EXR.D.CHF.EUR.SP00.A,D,CHF,EUR,SP00,A,2022-10-25,0.9888,A,F,,,P1D,,A,,,,,,,99Q1=100,,,4,,4F0,,Swiss franc/Euro ECB reference exchange rate,"ECB reference exchange rate, Swiss franc/Euro, 2.15 pm (C.E.T.)",CHF,0
EXR.D.CHF.EUR.SP00.A,D,CHF,EUR,SP00,A,2022-10-26,0.9917,A,F,,,P1D,,A,,,,,,,99Q1=100,,,4,,4F0,,Swiss franc/Euro ECB reference exchange rate,"ECB reference exchange rate, Swiss franc/Euro, 2.15 pm (C.E.T.)",CHF,0
EXR.D.CHF.EUR.SP00.A,D,CHF,EUR,SP00,A,2022-10-27,0.9949,A,F,,,P1D,,A,,,,,,,99Q1=100,,,4,,4F0,,Swiss franc/Euro ECB reference exchange rate,"ECB reference exchange rate, Swiss franc/Euro, 2.15 pm (C.E.T.)",CHF,0
EXR.D.CHF.EUR.SP00.A,D,CHF,EUR,SP00,A,2022-10-28,0.992,A,F,,,P1D,,A,,,,,,,99Q1=100,,,4,,4F0,,Swiss franc/Euro ECB reference exchange rate,"ECB reference exchange rate, Swiss franc/Euro, 2.15 pm (C.E.T.)",CHF,0
EXR.D.CHF.EUR.SP00.A,D,CHF,EUR,SP00,A,2022-10-31,0.9925,A,F,,,P1D,,A,,,,,,,99Q1=100,,,4,,4F0,,Swiss franc/Euro ECB reference exchange rate,"ECB reference exchange rate, Swiss franc/Euro, 2.15 pm (C.E.T.)",CHF,0
EXR.D.CHF.EUR.SP00.A,D,CHF,EUR,SP00,A,2022-11-01,0.9878,A,F,,,P1D,,A,,,,,,,99Q1=100,,,4,,4F0,,Swiss franc/Euro ECB reference exchange rate,"ECB reference exchange rate, Swiss franc/Euro, 2.15 pm (C.E.T.)",CHF,0
EXR.D.CHF.EUR.SP00.A,D,CHF,EUR,SP00,A,2022-11-02,0.9861,A,F,,,P1D,,A,,,,,,,99Q1=100,,,4,,4F0,,Swiss franc/Euro ECB reference exchange rate,"ECB reference exchange rate, Swiss franc/Euro, 2.15 pm (C.E.T.)",CHF,0
EXR.D.CHF.EUR.SP00.A,D,CHF,EUR,SP00,A,2022-11-03,0.9889,A,F,,,P1D,,A,,,,,,,99Q1=100,,,4,,4F0,,Swiss franc/Euro ECB reference exchange rate,"ECB reference exchange rate, Swiss franc/Euro, 2.15 pm (C.E.T.)",CHF,0
EXR.D.CHF.EUR.SP00.A,D,CHF,EUR,SP00,A,2022-11-04,0.9863,A,F,,,P1D,,A,,,,,,,99Q1=100,,,4,,4F0,,Swiss franc/Euro ECB reference exchange rate,"ECB reference exchange rate, Swiss franc/Euro, 2.15 pm (C.E.T.)",CHF,0
EXR.D.CHF.EUR.SP00.A,D,CHF,EUR,SP00,A,2022-11-07,0.9874,A,F,,,P1D,,A,,,,,,,99Q1=100,,,4,,4F0,,Swiss franc/Euro ECB reference exchange rate,"ECB reference exchange rate, Swiss franc/Euro, 2.15 pm (C.E.T.)",CHF,0
EXR.D.CHF.EUR.SP00.A,D,CHF,EUR,SP00,A,2022-11-08,0.9911,A,F,,,P1D,,A,,,,,,,99Q1=100,,,4,,4F0,,Swiss franc/Euro ECB reference exchange rate,"ECB reference exchange rate, Swiss franc/Euro, 2.15 pm (C.E.T.)",CHF,0
EXR.D.CHF.EUR.SP00.A,D,CHF,EUR,SP00,A,2022-11-09,0.988,A,F,,,P1D,,A,,,,,,,99Q1=100,,,4,,4F0,,Swiss franc/Euro ECB reference exchange rate,"ECB reference exchange rate, Swiss franc/Euro, 2.15 pm (C.E.T.)",CHF,0
EXR.D.CHF.EUR.SP00.A,D,CHF,EUR,SP00,A,2022-11-10,0.9834,A,F,,,P1D,,A,,,,,,,99Q1=100,,,4,,4F0,,Swiss franc/Euro ECB reference exchange rate,"ECB reference exchange rate, Swiss franc/Euro, 2.15 pm (C.E.T.)",CHF,0
EXR.D.CHF.EUR.SP00.A,D,CHF,EUR,SP00,A,2022-11-11,0.9844,A,F,,,P1D,,A,,,,,,,99Q1=100,,,4,,4F0,,Swiss franc/Euro ECB reference exchange rate,"ECB reference exchange rate, Swiss franc/Euro, 2.15 pm (C.E.T.)",CHF,0
EXR.D.CHF.EUR.SP00.A,D,CHF,EUR,SP00,A,2022-11-14,0.9751,A,F,,,P1D,,A,,,,,,,99Q1=100,,,4,,4F0,,Swiss franc/Euro ECB reference exchange rate,"ECB reference exchange rate, Swiss franc/Euro, 2.15 pm (C.E.T.)",CHF,0
EXR.D.CHF.EUR.SP00.A,D,CHF,EUR,SP00,A,2022-11-15,0.979,A,F,,,P1D,,A,,,,,,,99Q1=100,,,4,,4F0,,Swiss franc/Euro ECB reference exchange rate,"ECB reference exchange rate, Swiss franc/Euro, 2.15 pm (C.E.T.)",CHF,0
EXR.D.CHF.EUR.SP00.A,D,CHF,EUR,SP00,A,2022-11-16,0.9795,A,F,,,P1D,,A,,,,,,,99Q1=100,,,4,,4F0,,Swiss franc/Euro ECB reference exchange rate,"ECB reference exchange rate, Swiss franc/Euro, 2.15 pm (C.E.T.)",CHF,0
EXR.D.CHF.EUR.SP00.A,D,CHF,EUR,SP00,A,2022-11-17,0.9818,A,F,,,P1D,,A,,,,,,,99Q1=100,,,4,,4F0,,Swiss franc/Euro ECB reference exchange rate,"ECB reference exchange rate, Swiss franc/Euro, 2.15 pm (C.E.T.)",CHF,0
EXR.D.CHF.EUR.SP00.A,D,CHF,EUR,SP00,A,2022-11-18,0.9881,A,F,,,P1D,,A,,,,,,,99Q1=100,,,4,,4F0,,Swiss franc/Euro ECB reference exchange rate,"ECB reference exchange rate, Swiss franc/Euro, 2.15 pm (C.E.T.)",CHF,0
EXR.D.CHF.EUR.SP00.A,D,CHF,EUR,SP00,A,2022-11-21,0.9817,A,F,,,P1D,,A,,,,,,,99Q1=100,,,4,,4F0,,Swiss franc/Euro ECB reference exchange rate,"ECB reference exchange rate, Swiss franc/Euro, 2.15 pm (C.E.T.)",CHF,0
EXR.D.CHF.EUR.SP00.A,D,CHF,EUR,SP00,A,2022-11-22,0.9791,A,F,,,P1D,,A,,,,,,,99Q1=100,,,4,,4F0,,Swiss franc/Euro ECB reference exchange rate,"ECB reference exchange rate, Swiss franc/Euro, 2.15 pm (C.E.T.)",CHF,0
EXR.D.CHF.EUR.SP00.A,D,CHF,EUR,SP00,A,2022-11-23,0.9795,A,F,,,P1D,,A,,,,,,,99Q1=100,,,4,,4F0,,Swiss franc/Euro ECB reference exchange rate,"ECB reference exchange rate, Swiss franc/Euro, 2.15 pm (C.E.T.)",CHF,0
EXR.D.CHF.EUR.SP00.A,D,CHF,EUR,SP00,A,2022-11-24,0.9818,A,F,,,P1D,,A,,,,,,,99Q1=100,,,4,,4F0,,Swiss franc/Euro ECB reference exchange rate,"ECB reference exchange rate, Swiss franc/Euro, 2.15 pm (C.E.T.)",CHF,0
EXR.D.CHF.EUR.SP00.A,D,CHF,EUR,SP00,A,2022-11-25,0.9836,A,F,,,P1D,,A,,,,,,,99Q1=100,,,4,,4F0,,Swiss franc/Euro ECB reference exchange rate,"ECB reference exchange rate, Swiss franc/Euro, 2.15 pm (C.E.T.)",CHF,0
EXR.D.CHF.EUR.SP00.A,D,CHF,EUR,SP00,A,2022-11-28,0.9872,A,F,,,P1D,,A,,,,,,,99Q1=100,,,4,,4F0,,Swiss franc/Euro ECB reference exchange rate,"ECB reference exchange rate, Swiss franc/Euro, 2.15 pm (C.E.T.)",CHF,0
EXR.D.CHF.EUR.SP00.A,D,CHF,EUR,SP00,A,2022-11-29,0.9862,A,F,,,P1D,,A,,,,,,,99Q1=100,,,4,,4F0,,Swiss franc/Euro ECB reference exchange rate,"ECB reference exchange rate, Swiss franc/Euro, 2.15 pm (C.E.T.)",CHF,0
EXR.D.CHF.EUR.SP00.A,D,CHF,EUR,SP00,A,2022-11-30,0.9854,A,F,,,P1D,,A,,,,,,,99Q1=100,,,4,,4F0,,Swiss franc/Euro ECB reference exchange rate,"ECB reference exchange rate, Swiss franc/Euro, 2.15 pm (C.E.T.)",CHF,0
EXR.D.CHF.EUR.SP00.A,D,CHF,EUR,SP00,A,2022-12-01,0.9868,A,F,,,P1D,,A,,,,,,,99Q1=100,,,4,,4F0,,Swiss franc/Euro ECB reference exchange rate,"ECB reference exchange rate, Swiss franc/Euro, 2.15 pm (C.E.T.)",CHF,0
EXR.D.CHF.EUR.SP00.A,D,CHF,EUR,SP00,A,2022-12-02,0.9834,A,F,,,P1D,,A,,,,,,,99Q1=100,,,4,,4F0,,Swiss franc/Euro ECB reference exchange rate,"ECB reference exchange rate, Swiss franc/Euro, 2.15 pm (C.E.T.)",CHF,0
EXR.D.CHF.EUR.SP00.A,D,CHF,EUR,SP00,A,2022-12-05,0.9893,A,F,,,P1D,,A,,,,,,,99Q1=100,,,4,,4F0,,Swiss franc/Euro ECB reference exchange rate,"ECB reference exchange rate, Swiss franc/Euro, 2.15 pm (C.E.T.)",CHF,0
EXR.D.CHF.EUR.SP00.A,D,CHF,EUR,SP00,A,2022-12-06,0.9872,A,F,,,P1D,,A,,,,,,,99Q1=100,,,4,,4F0,,Swiss franc/Euro ECB reference exchange rate,"ECB reference exchange rate, Swiss franc/Euro, 2.15 pm (C.E.T.)",CHF,0
EXR.D.CHF.EUR.SP00.A,D,CHF,EUR,SP00,A,2022-12-07,0.9893,A,F,,,P1D,,A,,,,,,,99Q1=100,,,4,,4F0,,Swiss franc/Euro ECB reference exchange rate,"ECB reference exchange rate, Swiss franc/Euro, 2.15 pm (C.E.T.)",CHF,0
EXR.D.CHF.EUR.SP00.A,D,CHF,EUR,SP00,A,2022-12-08,0.9889,A,F,,,P1D,,A,,,,,,,99Q1=100,,,4,,4F0,,Swiss franc/Euro ECB reference exchange rate,"ECB reference exchange rate, Swiss franc/Euro, 2.15 pm (C.E.T.)",CHF,0
EXR.D.CHF.EUR.SP00.A,D,CHF,EUR,SP00,A,2022-12-09,0.9856,A,F,,,P1D,,A,,,,,,,99Q1=100,,,4,,4F0,,Swiss franc/Euro ECB reference exchange rate,"ECB reference exchange rate, Swiss franc/Euro, 2.15 pm (C.E.T.)",CHF,0
EXR.D.CHF.EUR.SP00.A,D,CHF,EUR,SP00,A,2022-12-12,0.9855,A,F,,,P1D,,A,,,,,,,99Q1=100,,,4,,4F0,,Swiss franc/Euro ECB reference exchange rate,"ECB reference exchange rate, Swiss franc/Euro, 2.15 pm (C.E.T.)",CHF,0
EXR.D.CHF.EUR.SP00.A,D,CHF,EUR,SP00,A,2022-12-13,0.9869,A,F,,,P1D,,A,,,,,,,99Q1=100,,,4,,4F0,,Swiss franc/Euro ECB reference exchange rate,"ECB reference exchange rate, Swiss franc/Euro, 2.15 pm (C.E.T.)",CHF,0
EXR.D.CHF.EUR.SP00.A,D,CHF,EUR,SP00,A,2022-12-14,0.9865,A,F,,,P1D,,A,,,,,,,99Q1=100,,,4,,4F0,,Swiss franc/Euro ECB reference exchange rate,"ECB reference exchange rate, Swiss franc/Euro, 2.15 pm (C.E.T.)",CHF,0
EXR.D.CHF.EUR.SP00.A,D,CHF,EUR,SP00,A,2022-12-15,0.9862,A,F,,,P1D,,A,,,,,,,99Q1=100,,,4,,4F0,,Swiss franc/Euro ECB reference exchange rate,"ECB reference exchange rate, Swiss franc/Euro, 2.15 pm (C.E.T.)",CHF,0
EXR.D.CHF.EUR.SP00.A,D,CHF,EUR,SP00,A,2022-12-16,0.9879,A,F,,,P1D,,A,,,,,,,99Q1=100,,,4,,4F0,,Swiss franc/Euro ECB reference exchange rate,"ECB reference exchange rate, Swiss franc/Euro, 2.15 pm (C.E.T.)",CHF,0
EXR.D.CHF.EUR.SP00.A,D,CHF,EUR,SP00,A,2022-12-19,0.9884,A,F,,,P1D,,A,,,,,,,99Q1=100,,,4,,4F0,,Swiss franc/Euro ECB reference exchange rate,"ECB reference exchange rate, Swiss franc/Euro, 2.15 pm (C.E.T.)",CHF,0
EXR.D.CHF.EUR.SP00.A,D,CHF,EUR,SP00,A,2022-12-20,0.9854,A,F,,,P1D,,A,,,,,,,99Q1=100,,,4,,4F0,,Swiss franc/Euro ECB reference exchange rate,"ECB reference exchange rate, Swiss franc/Euro, 2.15 pm (C.E.T.)",CHF,0
EXR.D.CHF.EUR.SP00.A,D,CHF,EUR,SP00,A,2022-12-21,0.9836,A,F,,,P1D,,A,,,,,,,99Q1=100,,,4,,4F0,,Swiss franc/Euro ECB reference exchange rate,"ECB reference exchange rate, Swiss franc/Euro, 2.15 pm (C.E.T.)",CHF,0
EXR.D.CHF.EUR.SP00.A,D,CHF,EUR,SP00,A,2022-12-22,0.9852,A,F,,,P1D,,A,,,,,,,99Q1=100,,,4,,4F0,,Swiss franc/Euro ECB reference exchange rate,"ECB reference exchange rate, Swiss franc/Euro, 2.15 pm (C.E.T.)",CHF,0
EXR.D.CHF.EUR.SP00.A,D,CHF,EUR,SP00,A,2022-12-23,0.9867,A,F,,,P1D,,A,,,,,,,99Q1=100,,,4,,4F0,,Swiss franc/Euro ECB reference exchange rate,"ECB reference exchange rate, Swiss franc/Euro, 2.15 pm (C.E.T.)",CHF,0
EXR.D.CHF.EUR.SP00.A,D,CHF,EUR,SP00,A,2022-12-27,0.9885,A,F,,,P1D,,A,,,,,,,99Q1=100,,,4,,4F0,,Swiss franc/Euro ECB reference exchange rate,"ECB reference exchange rate, Swiss franc/Euro, 2.15 pm (C.E.T.)",CHF,0
EXR.D.CHF.EUR.SP00.A,D,CHF,EUR,SP00,A,2022-12-28,0.9863,A,F,,,P1D,,A,,,,,,,99Q1=100,,,4,,4F0,,Swiss franc/Euro ECB reference exchange rate,"ECB reference exchange rate, Swiss franc/Euro, 2.15 pm (C.E.T.)",CHF,0
EXR.D.CHF.EUR.SP00.A,D,CHF,EUR,SP00,A,2022-12-29,0.984,A,F,,,P1D,,A,,,,,,,99Q1=100,,,4,,4F0,,Swiss franc/Euro ECB reference exchange rate,"ECB reference exchange rate, Swiss franc/Euro, 2.15 pm (C.E.T.)",CHF,0
EXR.D.CHF.EUR.SP00.A,D,CHF,EUR,SP00,A,2022-12-30,0.9847,A,F,,,P1D,,A,,,,,,,99Q1=100,,,4,,4F0,,Swiss franc/Euro ECB reference exchange rate,"ECB reference exchange rate, Swiss franc/Euro, 2.15 pm (C.E.T.)",CHF,0
EXR.D.CHF.EUR.SP00.A,D,CHF,EUR,SP00,A,2023-01-02,0.9873,A,F,,,P1D,,A,,,,,,,99Q1=100,,,4,,4F0,,Swiss franc/Euro ECB reference exchange rate,"ECB reference exchange rate, Swiss franc/Euro, 2.15 pm (C.E.T.)",CHF,0
EXR.D.CHF.EUR.SP00.A,D,CHF,EUR,SP00,A,2023-01-03,0.9879,A,F,,,P1D,,A,,,,,,,99Q1=100,,,4,,4F0,,Swiss franc/Euro ECB reference exchange rate,"ECB reference exchange rate, Swiss franc/Euro, 2.15 pm (C.E.T.)",CHF,0
EXR.D.CHF.EUR.SP00.A,D,CHF,EUR,SP00,A,2023-01-04,0.9843,A,F,,,P1D,,A,,,,,,,99Q1=100,,,4,,4F0,,Swiss franc/Euro ECB reference exchange rate,"ECB reference exchange rate, Swiss franc/Euro, 2.15 pm (C.E.T.)",CHF,0
EXR.D.CHF.EUR.SP00.A,D,CHF,EUR,SP00,A,2023-01-05,0.9839,A,F,,,P1D,,A,,,,,,,99Q1=100,,,4,,4F0,,Swiss franc/Euro ECB reference exchange rate,"ECB reference exchange rate, Swiss franc/Euro, 2.15 pm (C.E.T.)",CHF,0
EXR.D.CHF.EUR.SP00.A,D,CHF,EUR,SP00,A,2023-01-06,0.9864,A,F,,,P1D,,A,,,,,,,99Q1=100,,,4,,4F0,,Swiss franc/Euro ECB reference exchange rate,"ECB reference exchange rate, Swiss franc/Euro, 2.15 pm (C.E.T.)",CHF,0
EXR.D.CHF.EUR.SP00.A,D,CHF,EUR,SP00,A,2023-01-09,0.9865,A,F,,,P1D,,A,,,,,,,99Q1=100,,,4,,4F0,,Swiss franc/Euro ECB reference exchange rate,"ECB reference exchange rate, Swiss franc/Euro, 2.15 pm (C.E.T.)",CHF,0
EXR.D.CHF.EUR.SP00.A,D,CHF,EUR,SP00,A,2023-01-10,0.9908,A,F,,,P1D,,A,,,,,,,99Q1=100,,,4,,4F0,,Swiss franc/Euro ECB reference exchange rate,"ECB reference exchange rate, Swiss franc/Euro, 2.15 pm (C.E.T.)",CHF,0
EXR.D.CHF.EUR.SP00.A,D,CHF,EUR,SP00,A,2023-01-11,0.9967,A,F,,,P1D,,A,,,,,,,99Q1=100,,,4,,4F0,,Swiss franc/Euro ECB reference exchange rate,"ECB reference exchange rate, Swiss franc/Euro, 2.15 pm (C.E.T.)",CHF,0
EXR.D.CHF.EUR.SP00.A,D,CHF,EUR,SP00,A,2023-01-12,1.0056,A,F,,,P1D,,A,,,,,,,99Q1=100,,,4,,4F0,,Swiss franc/Euro ECB reference exchange rate,"ECB reference exchange rate, Swiss franc/Euro, 2.15 pm (C.E.T.)",CHF,0
EXR.D.CHF.EUR.SP00.A,D,CHF,EUR,SP00,A,2023-01-13,1.0051,A,F,,,P1D,,A,,,,,,,99Q1=100,,,4,,4F0,,Swiss franc/Euro ECB reference exchange rate,"ECB reference exchange rate, Swiss franc/Euro, 2.15 pm (C.E.T.)",CHF,0
EXR.D.CHF.EUR.SP00.A,D,CHF,EUR,SP00,A,2023-01-16,1.0026,A,F,,,P1D,,A,,,,,,,99Q1=100,,,4,,4F0,,Swiss franc/Euro ECB reference exchange rate,"ECB reference exchange rate, Swiss franc/Euro, 2.15 pm (C.E.T.)",CHF,0
EXR.D.CHF.EUR.SP00.A,D,CHF,EUR,SP00,A,2023-01-17,0.9998,A,F,,,P1D,,A,,,,,,,99Q1=100,,,4,,4F0,,Swiss franc/Euro ECB reference exchange rate,"ECB reference exchange rate, Swiss franc/Euro, 2.15 pm (C.E.T.)",CHF,0
EXR.D.CHF.EUR.SP00.A,D,CHF,EUR,SP00,A,2023-01-18,0.9906,A,F,,,P1D,,A,,,,,,,99Q1=100,,,4,,4F0,,Swiss franc/Euro ECB reference exchange rate,"ECB reference exchange rate, Swiss franc/Euro, 2.15 pm (C.E.T.)",CHF,0
EXR.D.CHF.EUR.SP00.A,D,CHF,EUR,SP00,A,2023-01-19,0.9921,A,F,,,P1D,,A,,,,,,,99Q1=100,,,4,,4F0,,Swiss franc/Euro ECB reference exchange rate,"ECB reference exchange rate, Swiss franc/Euro, 2.15 pm (C.E.T.)",CHF,0
EXR.D.CHF.EUR.SP00.A,D,CHF,EUR,SP00,A,2023-01-20,0.9962,A,F,,,P1D,,A,,,,,,,99Q1=100,,,4,,4F0,,Swiss franc/Euro ECB reference exchange rate,"ECB reference exchange rate, Swiss franc/Euro, 2.15 pm (C.E.T.)",CHF,0
EXR.D.CHF.EUR.SP00.A,D,CHF,EUR,SP00,A,2023-01-23,1.0013,A,F,,,P1D,,A,,,,,,,99Q1=100,,,4,,4F0,,Swiss franc/Euro ECB reference exchange rate,"ECB reference exchange rate, Swiss franc/Euro, 2.15 pm (C.E.T.)",CHF,0
EXR.D.CHF.EUR.SP00.A,D,CHF,EUR,SP00,A,2023-01-24,1.0053,A,F,,,P1D,,A,,,,,,,99Q1=100,,,4,,4F0,,Swiss franc/Euro ECB reference exchange rate,"ECB reference exchange rate, Swiss franc/Euro, 2.15 pm (C.E.T.)",CHF,0
EXR.D.CHF.EUR.SP00.A,D,CHF,EUR,SP00,A,2023-01-25,1.002,A,F,,,P1D,,A,,,,,,,99Q1=100,,,4,,4F0,,Swiss franc/Euro ECB reference exchange rate,"ECB reference exchange rate, Swiss franc/Euro, 2.15 pm (C.E.T.)",CHF,0
EXR.D.CHF.EUR.SP00.A,D,CHF,EUR,SP00,A,2023-01-26,1.0002,A,F,,,P1D,,A,,,,,,,99Q1=100,,,4,,4F0,,Swiss franc/Euro ECB reference exchange rate,"ECB reference exchange rate, Swiss franc/Euro, 2.15 pm (C.E.T.)",CHF,0
EXR.D.CHF.EUR.SP00.A,D,CHF,EUR,SP00,A,2023-01-27,1.0017,A,F,,,P1D,,A,,,,,,,99Q1=100,,,4,,4F0,,Swiss franc/Euro ECB reference exchange rate,"ECB reference exchange rate, Swiss franc/Euro, 2.15 pm (C.E.T.)",CHF,0
EXR.D.CHF.EUR.SP00.A,D,CHF,EUR,SP00,A,2023-01-30,1.0045,A,F,,,P1D,,A,,,,,,,99Q1=100,,,4,,4F0,,Swiss franc/Euro ECB reference exchange rate,"ECB reference exchange rate, Swiss franc/Euro, 2.15 pm (C.E.T.)",CHF,0
EXR.D.CHF.EUR.SP00.A,D,CHF,EUR,SP00,A,2023-01-31,1.0032,A,F,,,P1D,,A,,,,,,,99Q1=100,,,4,,4F0,,Swiss franc/Euro ECB reference exchange rate,"ECB reference exchange rate, Swiss franc/Euro, 2.15 pm (C.E.T.)",CHF,0
EXR.D.CHF.EUR.SP00.A,D,CHF,EUR,SP00,A,2023-02-01,0.998,A,F,,,P1D,,A,,,,,,,99Q1=100,,,4,,4F0,,Swiss franc/Euro ECB reference exchange rate,"ECB reference exchange rate, Swiss franc/Euro, 2.15 pm (C.E.T.)",CHF,0
EXR.D.CHF.EUR.SP00.A,D,CHF,EUR,SP00,A,2023-02-02,0.9992,A,F,,,P1D,,A,,,,,,,99Q1=100,,,4,,4F0,,Swiss franc/Euro ECB reference exchange rate,"ECB reference exchange rate, Swiss franc/Euro, 2.15 pm (C.E.T.)",CHF,0
EXR.D.CHF.EUR.SP00.A,D,CHF,EUR,SP00,A,2023-02-03,0.9989,A,F,,,P1D,,A,,,,,,,99Q1=100,,,4,,4F0,,Swiss franc/Euro ECB reference exchange rate,"ECB reference exchange rate, Swiss franc/Euro, 2.15 pm (C.E.T.)",CHF,0
EXR.D.CHF.EUR.SP00.A,D,CHF,EUR,SP00,A,2023-02-06,0.9964,A,F,,,P1D,,A,,,,,,,99Q1=100,,,4,,4F0,,Swiss franc/Euro ECB reference exchange rate,"ECB reference exchange rate, Swiss franc/Euro, 2.15 pm (C.E.T.)",CHF,0
EXR.D.CHF.EUR.SP00.A,D,CHF,EUR,SP00,A,2023-02-07,0.9906,A,F,,,P1D,,A,,,,,,,99Q1=100,,,4,,4F0,,Swiss franc/Euro ECB reference exchange rate,"ECB reference exchange rate, Swiss franc/Euro, 2.15 pm (C.E.T.)",CHF,0
EXR.D.CHF.EUR.SP00.A,D,CHF,EUR,SP00,A,2023-02-08,0.9881,A,F,,,P1D,,A,,,,,,,99Q1=100,,,4,,4F0,,Swiss franc/Euro ECB reference exchange rate,"ECB reference exchange rate, Swiss franc/Euro, 2.15 pm (C.E.T.)",CHF,0
EXR.D.CHF.EUR.SP00.A,D,CHF,EUR,SP00,A,2023-02-09,0.989,A,F,,,P1D,,A,,,,,,,99Q1=100,,,4,,4F0,,Swiss franc/Euro ECB reference exchange rate,"ECB reference exchange rate, Swiss franc/Euro, 2.15 pm (C.E.T.)",CHF,0
EXR.D.CHF.EUR.SP00.A,D,CHF,EUR,SP00,A,2023-02-10,0.9872,A,F,,,P1D,,A,,,,,,,99Q1=100,,,4,,4F0,,Swiss franc/Euro ECB reference exchange rate,"ECB reference exchange rate, Swiss franc/Euro, 2.15 pm (C.E.T.)",CHF,0
EXR.D.CHF.EUR.SP00.A,D,CHF,EUR,SP00,A,2023-02-13,0.9849,A,F,,,P1D,,A,,,,,,,99Q1=100,,,4,,4F0,,Swiss franc/Euro ECB reference exchange rate,"ECB reference exchange rate, Swiss franc/Euro, 2.15 pm (C.E.T.)",CHF,0
EXR.D.CHF.EUR.SP00.A,D,CHF,EUR,SP00,A,2023-02-14,0.987,A,F,,,P1D,,A,,,,,,,99Q1=100,,,4,,4F0,,Swiss franc/Euro ECB reference exchange rate,"ECB reference exchange rate, Swiss franc/Euro, 2.15 pm (C.E.T.)",CHF,0
EXR.D.CHF.EUR.SP00.A,D,CHF,EUR,SP00,A,2023-02-15,0.9885,A,F,,,P1D,,A,,,,,,,99Q1=100,,,4,,4F0,,Swiss franc/Euro ECB reference exchange rate,"ECB reference exchange rate, Swiss franc/Euro, 2.15 pm (C.E.T.)",CHF,0
EXR.D.CHF.EUR.SP00.A,D,CHF,EUR,SP00,A,2023-02-16,0.9873,A,F,,,P1D,,A,,,,,,,99Q1=100,,,4,,4F0,,Swiss franc/Euro ECB reference exchange rate,"ECB reference exchange rate, Swiss franc/Euro, 2.15 pm (C.E.T.)",CHF,0
EXR.D.CHF.EUR.SP00.A,D,CHF,EUR,SP00,A,2023-02-17,0.9896,A,F,,,P1D,,A,,,,,,,99Q1=100,,,4,,4F0,,Swiss franc/Euro ECB reference exchange rate,"ECB reference exchange rate, Swiss franc/Euro, 2.15 pm (C.E.T.)",CHF,0
EXR.D.CHF.EUR.SP00.A,D,CHF,EUR,SP00,A,2023-02-20,0.9861,A,F,,,P1D,,A,,,,,,,99Q1=100,,,4,,4F0,,Swiss franc/Euro ECB reference exchange rate,"ECB reference exchange rate, Swiss franc/Euro, 2.15 pm (C.E.T.)",CHF,0
EXR.D.CHF.EUR.SP00.A,D,CHF,EUR,SP00,A,2023-02-21,0.9853,A,F,,,P1D,,A,,,,,,,99Q1=100,,,4,,4F0,,Swiss franc/Euro ECB reference exchange rate,"ECB reference exchange rate, Swiss franc/Euro, 2.15 pm (C.E.T.)",CHF,0
EXR.D.CHF.EUR.SP00.A,D,CHF,EUR,SP00,A,2023-02-22,0.987,A,F,,,P1D,,A,,,,,,,99Q1=100,,,4,,4F0,,Swiss franc/Euro ECB reference exchange rate,"ECB reference exchange rate, Swiss franc/Euro, 2.15 pm (C.E.T.)",CHF,0
EXR.D.CHF.EUR.SP00.A,D,CHF,EUR,SP00,A,2023-02-23,0.9892,A,F,,,P1D,,A,,,,,,,99Q1=100,,,4,,4F0,,Swiss franc/Euro ECB reference exchange rate,"ECB reference exchange rate, Swiss franc/Euro, 2.15 pm (C.E.T.)",CHF,0
EXR.D.CHF.EUR.SP00.A,D,CHF,EUR,SP00,A,2023-02-24,0.9898,A,F,,,P1D,,A,,,,,,,99Q1=100,,,4,,4F0,,Swiss franc/Euro ECB reference exchange rate,"ECB reference exchange rate, Swiss franc/Euro, 2.15 pm (C.E.T.)",CHF,0
EXR.D.CHF.EUR.SP00.A,D,CHF,EUR,SP00,A,2023-02-27,0.9929,A,F,,,P1D,,A,,,,,,,99Q1=100,,,4,,4F0,,Swiss franc/Euro ECB reference exchange rate,"ECB reference exchange rate, Swiss franc/Euro, 2.15 pm (C.E.T.)",CHF,0
EXR.D.CHF.EUR.SP00.A,D,CHF,EUR,SP00,A,2023-02-28,0.9947,A,F,,,P1D,,A,,,,,,,99Q1=100,,,4,,4F0,,Swiss franc/Euro ECB reference exchange rate,"ECB reference exchange rate, Swiss franc/Euro, 2.15 pm (C.E.T.)",CHF,0
EXR.D.CHF.EUR.SP00.A,D,CHF,EUR,SP00,A,2023-03-01,0.9997,A,F,,,P1D,,A,,,,,,,99Q1=100,,,4,,4F0,,Swiss franc/Euro ECB reference exchange rate,"ECB reference exchange rate, Swiss franc/Euro, 2.15 pm (C.E.T.)",CHF,0
EXR.D.CHF.EUR.SP00.A,D,CHF,EUR,SP00,A,2023-03-02,0.9988,A,F,,,P1D,,A,,,,,,,99Q1=100,,,4,,4F0,,Swiss franc/Euro ECB reference exchange rate,"ECB reference exchange rate, Swiss franc/Euro, 2.15 pm (C.E.T.)",CHF,0
EXR.D.CHF.EUR.SP00.A,D,CHF,EUR,SP00,A,2023-03-03,0.9958,A,F,,,P1D,,A,,,,,,,99Q1=100,,,4,,4F0,,Swiss franc/Euro ECB reference exchange rate,"ECB reference exchange rate, Swiss franc/Euro, 2.15 pm (C.E.T.)",CHF,0
EXR.D.CHF.EUR.SP00.A,D,CHF,EUR,SP00,A,2023-03-06,0.9947,A,F,,,P1D,,A,,,,,,,99Q1=100,,,4,,4F0,,Swiss franc/Euro ECB reference exchange rate,"ECB reference exchange rate, Swiss franc/Euro, 2.15 pm (C.E.T.)",CHF,0
EXR.D.CHF.EUR.SP00.A,D,CHF,EUR,SP00,A,2023-03-07,0.9959,A,F,,,P1D,,A,,,,,,,99Q1=100,,,4,,4F0,,Swiss franc/Euro ECB reference exchange rate,"ECB reference exchange rate, Swiss franc/Euro, 2.15 pm (C.E.T.)",CHF,0
EXR.D.CHF.EUR.SP00.A,D,CHF,EUR,SP00,A,2023-03-08,0.9931,A,F,,,P1D,,A,,,,,,,99Q1=100,,,4,,4F0,,Swiss franc/Euro ECB reference exchange rate,"ECB reference exchange rate, Swiss franc/Euro, 2.15 pm (C.E.T.)",CHF,0
EXR.D.CHF.EUR.SP00.A,D,CHF,EUR,SP00,A,2023-03-09,0.9911,A,F,,,P1D,,A,,,,,,,99Q1=100,,,4,,4F0,,Swiss franc/Euro ECB reference exchange rate,"ECB reference exchange rate, Swiss franc/Euro, 2.15 pm (C.E.T.)",CHF,0
EXR.D.CHF.EUR.SP00.A,D,CHF,EUR,SP00,A,2023-03-10,0.9824,A,F,,,P1D,,A,,,,,,,99Q1=100,,,4,,4F0,,Swiss franc/Euro ECB reference exchange rate,"ECB reference exchange rate, Swiss franc/Euro, 2.15 pm (C.E.T.)",CHF,0
EXR.D.CHF.EUR.SP00.A,D,CHF,EUR,SP00,A,2023-03-13,0.975,A,F,,,P1D,,A,,,,,,,99Q1=100,,,4,,4F0,,Swiss franc/Euro ECB reference exchange rate,"ECB reference exchange rate, Swiss franc/Euro, 2.15 pm (C.E.T.)",CHF,0
EXR.D.CHF.EUR.SP00.A,D,CHF,EUR,SP00,A,2023-03-14,0.9784,A,F,,,P1D,,A,,,,,,,99Q1=100,,,4,,4F0,,Swiss franc/Euro ECB reference exchange rate,"ECB reference exchange rate, Swiss franc/Euro, 2.15 pm (C.E.T.)",CHF,0
EXR.D.CHF.EUR.SP00.A,D,CHF,EUR,SP00,A,2023-03-15,0.9727,A,F,,,P1D,,A,,,,,,,99Q1=100,,,4,,4F0,,Swiss franc/Euro ECB reference exchange rate,"ECB reference exchange rate, Swiss franc/Euro, 2.15 pm (C.E.T.)",CHF,0
EXR.D.CHF.EUR.SP00.A,D,CHF,EUR,SP00,A,2023-03-16,0.982,A,F,,,P1D,,A,,,,,,,99Q1=100,,,4,,4F0,,Swiss franc/Euro ECB reference exchange rate,"ECB reference exchange rate, Swiss franc/Euro, 2.15 pm (C.E.T.)",CHF,0
EXR.D.CHF.EUR.SP00.A,D,CHF,EUR,SP00,A,2023-03-17,0.9858,A,F,,,P1D,,A,,,,,,,99Q1=100,,,4,,4F0,,Swiss franc/Euro ECB reference exchange rate,"ECB reference exchange rate, Swiss franc/Euro, 2.15 pm (C.E.T.)",CHF,0
EXR.D.CHF.EUR.SP00.A,D,CHF,EUR,SP00,A,2023-03-20,0.9928,A,F,,,P1D,,A,,,,,,,99Q1=100,,,4,,4F0,,Swiss franc/Euro ECB reference exchange rate,"ECB reference exchange rate, Swiss franc/Euro, 2.15 pm (C.E.T.)",CHF,0
EXR.D.CHF.EUR.SP00.A,D,CHF,EUR,SP00,A,2023-03-21,0.997,A,F,,,P1D,,A,,,,,,,99Q1=100,,,4,,4F0,,Swiss franc/Euro ECB reference exchange rate,"ECB reference exchange rate, Swiss franc/Euro, 2.15 pm (C.E.T.)",CHF,0
EXR.D.CHF.EUR.SP00.A,D,CHF,EUR,SP00,A,2023-03-22,0.996,A,F,,,P1D,,A,,,,,,,99Q1=100,,,4,,4F0,,Swiss franc/Euro ECB reference exchange rate,"ECB reference exchange rate, Swiss franc/Euro, 2.15 pm (C.E.T.)",CHF,0
EXR.D.CHF.EUR.SP00.A,D,CHF,EUR,SP00,A,2023-03-23,0.9969,A,F,,,P1D,,A,,,,,,,99Q1=100,,,4,,4F0,,Swiss franc/Euro ECB reference exchange rate,"ECB reference exchange rate, Swiss franc/Euro, 2.15 pm (C.E.T.)",CHF,0
EXR.D.CHF.EUR.SP00.A,D,CHF,EUR,SP00,A,2023-03-24,0.9874,A,F,,,P1D,,A,,,,,,,99Q1=100,,,4,,4F0,,Swiss franc/Euro ECB reference exchange rate,"ECB reference exchange rate, Swiss franc/Euro, 2.15 pm (C.E.T.)",CHF,0
EXR.D.CHF.EUR.SP00.A,D,CHF,EUR,SP00,A,2023-03-27,0.9875,A,F,,,P1D,,A,,,,,,,99Q1=100,,,4,,4F0,,Swiss franc/Euro ECB reference exchange rate,"ECB reference exchange rate, Swiss franc/Euro, 2.15 pm (C.E.T.)",CHF,0
EXR.D.CHF.EUR.SP00.A,D,CHF,EUR,SP00,A,2023-03-28,0.9947,A,F,,,P1D,,A,,,,,,,99Q1=100,,,4,,4F0,,Swiss franc/Euro ECB reference exchange rate,"ECB reference exchange rate, Swiss franc/Euro, 2.15 pm (C.E.T.)",CHF,0
EXR.D.CHF.EUR.SP00.A,D,CHF,EUR,SP00,A,2023-03-29,0.9973,A,F,,,P1D,,A,,,,,,,99Q1=100,,,4,,4F0,,Swiss franc/Euro ECB reference exchange rate,"ECB reference exchange rate, Swiss franc/Euro, 2.15 pm (C.E.T.)",CHF,0
EXR.D.CHF.EUR.SP00.A,D,CHF,EUR,SP00,A,2023-03-30,0.9963,A,F,,,P1D,,A,,,,,,,99Q1=100,,,4,,4F0,,Swiss franc/Euro ECB reference exchange rate,"ECB reference exchange rate, Swiss franc/Euro, 2.15 pm (C.E.T.)",CHF,0
EXR.D.CHF.EUR.SP00.A,D,CHF,EUR,SP00,A,2023-03-31,0.9968,A,F,,,P1D,,A,,,,,,,99Q1=100,,,4,,4F0,,Swiss franc/Euro ECB reference exchange rate,"ECB reference exchange rate, Swiss franc/Euro, 2.15 pm (C.E.T.)",CHF,0
EXR.D.CHF.EUR.SP00.A,D,CHF,EUR,SP00,A,2023-04-03,0.9949,A,F,,,P1D,,A,,,,,,,99Q1=100,,,4,,4F0,,Swiss franc/Euro ECB reference exchange rate,"ECB reference exchange rate, Swiss franc/Euro, 2.15 pm (C.E.T.)",CHF,0
EXR.D.CHF.EUR.SP00.A,D,CHF,EUR,SP00,A,2023-04-04,0.9954,A,F,,,P1D,,A,,,,,,,99Q1=100,,,4,,4F0,,Swiss franc/Euro ECB reference exchange rate,"ECB reference exchange rate, Swiss franc/Euro, 2.15 pm (C.E.T.)",CHF,0
EXR.D.CHF.EUR.SP00.A,D,CHF,EUR,SP00,A,2023-04-05,0.9901,A,F,,,P1D,,A,,,,,,,99Q1=100,,,4,,4F0,,Swiss franc/Euro ECB reference exchange rate,"ECB reference exchange rate, Swiss franc/Euro, 2.15 pm (C.E.T.)",CHF,0
EXR.D.CHF.EUR.SP00.A,D,CHF,EUR,SP00,A,2023-04-06,0.9878,A,F,,,P1D,,A,,,,,,,99Q1=100,,,4,,4F0,,Swiss franc/Euro ECB reference exchange rate,"ECB reference exchange rate, Swiss franc/Euro, 2.15 pm (C.E.T.)",CHF,0
EXR.D.CHF.EUR.SP00.A,D,CHF,EUR,SP00,A,2023-04-11,0.9868,A,F,,,P1D,,A,,,,,,,99Q1=100,,,4,,4F0,,Swiss franc/Euro ECB reference exchange rate,"ECB reference exchange rate, Swiss franc/Euro, 2.15 pm (C.E.T.)",CHF,0
EXR.D.CHF.EUR.SP00.A,D,CHF,EUR,SP00,A,2023-04-12,0.9853,A,F,,,P1D,,A,,,,,,,99Q1=100,,,4,,4F0,,Swiss franc/Euro ECB reference exchange rate,"ECB reference exchange rate, Swiss franc/Euro, 2.15 pm (C.E.T.)",CHF,0
EXR.D.CHF.EUR.SP00.A,D,CHF,EUR,SP00,A,2023-04-13,0.9804,A,F,,,P1D,,A,,,,,,,99Q1=100,,,4,,4F0,,Swiss franc/Euro ECB reference exchange rate,"ECB reference exchange rate, Swiss franc/Euro, 2.15 pm (C.E.T.)",CHF,0
EXR.D.CHF.EUR.SP00.A,D,CHF,EUR,SP00,A,2023-04-14,0.9827,A,F,,,P1D,,A,,,,,,,99Q1=100,,,4,,4F0,,Swiss franc/Euro ECB reference exchange rate,"ECB reference exchange rate, Swiss franc/Euro, 2.15 pm (C.E.T.)",CHF,0
EXR.D.CHF.EUR.SP00.A,D,CHF,EUR,SP00,A,2023-04-17,0.9812,A,F,,,P1D,,A,,,,,,,99Q1=100,,,4,,4F0,,Swiss franc/Euro ECB reference exchange rate,"ECB reference exchange rate, Swiss franc/Euro, 2.15 pm (C.E.T.)",CHF,0
EXR.D.CHF.EUR.SP00.A,D,CHF,EUR,SP00,A,2023-04-18,0.9831,A,F,,,P1D,,A,,,,,,,99Q1=100,,,4,,4F0,,Swiss franc/Euro ECB reference exchange rate,"ECB reference exchange rate, Swiss franc/Euro, 2.15 pm (C.E.T.)",CHF,0
EXR.D.CHF.EUR.SP00.A,D,CHF,EUR,SP00,A,2023-04-19,0.9828,A,F,,,P1D,,A,,,,,,,99Q1=100,,,4,,4F0,,Swiss franc/Euro ECB reference exchange rate,"ECB reference exchange rate, Swiss franc/Euro, 2.15 pm (C.E.T.)",CHF,0
EXR.D.CHF.EUR.SP00.A,D,CHF,EUR,SP00,A,2023-04-20,0.981,A,F,,,P1D,,A,,,,,,,99Q1=100,,,4,,4F0,,Swiss franc/Euro ECB reference exchange rate,"ECB reference exchange rate, Swiss franc/Euro, 2.15 pm (C.E.T.)",CHF,0
EXR.D.CHF.EUR.SP00.A,D,CHF,EUR,SP00,A,2023-04-21,0.9795,A,F,,,P1D,,A,,,,,,,99Q1=100,,,4,,4F0,,Swiss franc/Euro ECB reference exchange rate,"ECB reference exchange rate, Swiss franc/Euro, 2.15 pm (C.E.T.)",CHF,0
EXR.D.CHF.EUR.SP00.A,D,CHF,EUR,SP00,A,2023-04-24,0.98,A,F,,,P1D,,A,,,,,,,99Q1=100,,,4,,4F0,,Swiss franc/Euro ECB reference exchange rate,"ECB reference exchange rate, Swiss franc/Euro, 2.15 pm (C.E.T.)",CHF,0
EXR.D.CHF.EUR.SP00.A,D,CHF,EUR,SP00,A,2023-04-25,0.9786,A,F,,,P1D,,A,,,,,,,99Q1=100,,,4,,4F0,,Swiss franc/Euro ECB reference exchange rate,"ECB reference exchange rate, Swiss franc/Euro, 2.15 pm (C.E.T.)",CHF,0
EXR.D.CHF.EUR.SP00.A,D,CHF,EUR,SP00,A,2023-04-26,0.9824,A,F,,,P1D,,A,,,,,,,99Q1=100,,,4,,4F0,,Swiss franc/Euro ECB reference exchange rate,"ECB reference exchange rate, Swiss franc/Euro, 2.15 pm (C.E.T.)",CHF,0
EXR.D.CHF.EUR.SP00.A,D,CHF,EUR,SP00,A,2023-04-27,0.9862,A,F,,,P1D,,A,,,,,,,99Q1=100,,,4,,4F0,,Swiss franc/Euro ECB reference exchange rate,"ECB reference exchange rate, Swiss franc/Euro, 2.15 pm (C.E.T.)",CHF,0
EXR.D.CHF.EUR.SP00.A,D,CHF,EUR,SP00,A,2023-04-28,0.9839,A,F,,,P1D,,A,,,,,,,99Q1=100,,,4,,4F0,,Swiss franc/Euro ECB reference exchange rate,"ECB reference exchange rate, Swiss franc/Euro, 2.15 pm (C.E.T.)",CHF,0
EXR.D.CHF.EUR.SP00.A,D,CHF,EUR,SP00,A,2023-05-02,0.9841,A,F,,,P1D,,A,,,,,,,99Q1=100,,,4,,4F0,,Swiss franc/Euro ECB reference exchange rate,"ECB reference exchange rate, Swiss franc/Euro, 2.15 pm (C.E.T.)",CHF,0
EXR.D.CHF.EUR.SP00.A,D,CHF,EUR,SP00,A,2023-05-03,0.9809,A,F,,,P1D,,A,,,,,,,99Q1=100,,,4,,4F0,,Swiss franc/Euro ECB reference exchange rate,"ECB reference exchange rate, Swiss franc/Euro, 2.15 pm (C.E.T.)",CHF,0
EXR.D.CHF.EUR.SP00.A,D,CHF,EUR,SP00,A,2023-05-04,0.9802,A,F,,,P1D,,A,,,,,,,99Q1=100,,,4,,4F0,,Swiss franc/Euro ECB reference exchange rate,"ECB reference exchange rate, Swiss franc/Euro, 2.15 pm (C.E.T.)",CHF,0
EXR.D.CHF.EUR.SP00.A,D,CHF,EUR,SP00,A,2023-05-05,0.9828,A,F,,,P1D,,A,,,,,,,99Q1=100,,,4,,4F0,,Swiss franc/Euro ECB reference exchange rate,"ECB reference exchange rate, Swiss franc/Euro, 2.15 pm (C.E.T.)",CHF,0
EXR.D.CHF.EUR.SP00.A,D,CHF,EUR,SP00,A,2023-05-08,0.9813,A,F,,,P1D,,A,,,,,,,99Q1=100,,,4,,4F0,,Swiss franc/Euro ECB reference exchange rate,"ECB reference exchange rate, Swiss franc/Euro, 2.15 pm (C.E.T.)",CHF,0
EXR.D.CHF.EUR.SP00.A,D,CHF,EUR,SP00,A,2023-05-09,0.9788,A,F,,,P1D,,A,,,,,,,99Q1=100,,,4,,4F0,,Swiss franc/Euro ECB reference exchange rate,"ECB reference exchange rate, Swiss franc/Euro, 2.15 pm (C.E.T.)",CHF,0
EXR.D.CHF.EUR.SP00.A,D,CHF,EUR,SP00,A,2023-05-10,0.9771,A,F,,,P1D,,A,,,,,,,99Q1=100,,,4,,4F0,,Swiss franc/Euro ECB reference exchange rate,"ECB reference exchange rate, Swiss franc/Euro, 2.15 pm (C.E.T.)",CHF,0
EXR.D.CHF.EUR.SP00.A,D,CHF,EUR,SP00,A,2023-05-11,0.9758,A,F,,,P1D,,A,,,,,,,99Q1=100,,,4,,4F0,,Swiss franc/Euro ECB reference exchange rate,"ECB reference exchange rate, Swiss franc/Euro, 2.15 pm (C.E.T.)",CHF,0
EXR.D.CHF.EUR.SP00.A,D,CHF,EUR,SP00,A,2023-05-12,0.9744,A,F,,,P1D,,A,,,,,,,99Q1=100,,,4,,4F0,,Swiss franc/Euro ECB reference exchange rate,"ECB reference exchange rate, Swiss franc/Euro, 2.15 pm (C.E.T.)",CHF,0
EXR.D.CHF.EUR.SP00.A,D,CHF,EUR,SP00,A,2023-05-15,0.9747,A,F,,,P1D,,A,,,,,,,99Q1=100,,,4,,4F0,,Swiss franc/Euro ECB reference exchange rate,"ECB reference exchange rate, Swiss franc/Euro, 2.15 pm (C.E.T.)",CHF,0
EXR.D.CHF.EUR.SP00.A,D,CHF,EUR,SP00,A,2023-05-16,0.9732,A,F,,,P1D,,A,,,,,,,99Q1=100,,,4,,4F0,,Swiss franc/Euro ECB reference exchange rate,"ECB reference exchange rate, Swiss franc/Euro, 2.15 pm (C.E.T.)",CHF,0
EXR.D.CHF.EUR.SP00.A,D,CHF,EUR,SP00,A,2023-05-17,0.9746,A,F,,,P1D,,A,,,,,,,99Q1=100,,,4,,4F0,,Swiss franc/Euro ECB reference exchange rate,"ECB reference exchange rate, Swiss franc/Euro, 2.15 pm (C.E.T.)",CHF,0
EXR.D.CHF.EUR.SP00.A,D,CHF,EUR,SP00,A,2023-05-18,0.9735,A,F,,,P1D,,A,,,,,,,99Q1=100,,,4,,4F0,,Swiss franc/Euro ECB reference exchange rate,"ECB reference exchange rate, Swiss franc/Euro, 2.15 pm (C.E.T.)",CHF,0
EXR.D.CHF.EUR.SP00.A,D,CHF,EUR,SP00,A,2023-05-19,0.9738,A,F,,,P1D,,A,,,,,,,99Q1=100,,,4,,4F0,,Swiss franc/Euro ECB reference exchange rate,"ECB reference exchange rate, Swiss franc/Euro, 2.15 pm (C.E.T.)",CHF,0
EXR.D.CHF.EUR.SP00.A,D,CHF,EUR,SP00,A,2023-05-22,0.97,A,F,,,P1D,,A,,,,,,,99Q1=100,,,4,,4F0,,Swiss franc/Euro ECB reference exchange rate,"ECB reference exchange rate, Swiss franc/Euro, 2.15 pm (C.E.T.)",CHF,0
EXR.D.CHF.EUR.SP00.A,D,CHF,EUR,SP00,A,2023-05-23,0.9718,A,F,,,P1D,,A,,,,,,,99Q1=100,,,4,,4F0,,Swiss franc/Euro ECB reference exchange rate,"ECB reference exchange rate, Swiss franc/Euro, 2.15 pm (C.E.T.)",CHF,0
EXR.D.CHF.EUR.SP00.A,D,CHF,EUR,SP00,A,2023-05-24,0.9732,A,F,,,P1D,,A,,,,,,,99Q1=100,,,4,,4F0,,Swiss franc/Euro ECB reference exchange rate,"ECB reference exchange rate, Swiss franc/Euro, 2.15 pm (C.E.T.)",CHF,0
EXR.D.CHF.EUR.SP00.A,D,CHF,EUR,SP00,A,2023-05-25,0.9708,A,F,,,P1D,,A,,,,,,,99Q1=100,,,4,,4F0,,Swiss franc/Euro ECB reference exchange rate,"ECB reference exchange rate, Swiss franc/Euro, 2.15 pm (C.E.T.)",CHF,0
EXR.D.CHF.EUR.SP00.A,D,CHF,EUR,SP00,A,2023-05-26,0.9707,A,F,,,P1D,,A,,,,,,,99Q1=100,,,4,,4F0,,Swiss franc/Euro ECB reference exchange rate,"ECB reference exchange rate, Swiss franc/Euro, 2.15 pm (C.E.T.)",CHF,0
EXR.D.CHF.EUR.SP00.A,D,CHF,EUR,SP00,A,2023-05-29,0.9683,A,F,,,P1D,,A,,,,,,,99Q1=100,,,4,,4F0,,Swiss franc/Euro ECB reference exchange rate,"ECB reference exchange rate, Swiss franc/Euro, 2.15 pm (C.E.T.)",CHF,0
EXR.D.CHF.EUR.SP00.A,D,CHF,EUR,SP00,A,2023-05-30,0.969,A,F,,,P1D,,A,,,,,,,99Q1=100,,,4,,4F0,,Swiss franc/Euro ECB reference exchange rate,"ECB reference exchange rate, Swiss franc/Euro, 2.15 pm (C.E.T.)",CHF,0
EXR.D.CHF.EUR.SP00.A,D,CHF,EUR,SP00,A,2023-05-31,0.9724,A,F,,,P1D,,A,,,,,,,99Q1=100,,,4,,4F0,,Swiss franc/Euro ECB reference exchange rate,"ECB reference exchange rate, Swiss franc/Euro, 2.15 pm (C.E.T.)",CHF,0
EXR.D.CHF.EUR.SP00.A,D,CHF,EUR,SP00,A,2023-06-01,0.9732,A,F,,,P1D,,A,,,,,,,99Q1=100,,,4,,4F0,,Swiss franc/Euro ECB reference exchange rate,"ECB reference exchange rate, Swiss franc/Euro, 2.15 pm (C.E.T.)",CHF,0
EXR.D.CHF.EUR.SP00.A,D,CHF,EUR,SP00,A,2023-06-02,0.9758,A,F,,,P1D,,A,,,,,,,99Q1=100,,,4,,4F0,,Swiss franc/Euro ECB reference exchange rate,"ECB reference exchange rate, Swiss franc/Euro, 2.15 pm (C.E.T.)",CHF,0
EXR.D.CHF.EUR.SP00.A,D,CHF,EUR,SP00,A,2023-06-05,0.9732,A,F,,,P1D,,A,,,,,,,99Q1=100,,,4,,4F0,,Swiss franc/Euro ECB reference exchange rate,"ECB reference exchange rate, Swiss franc/Euro, 2.15 pm (C.E.T.)",CHF,0
EXR.D.CHF.EUR.SP00.A,D,CHF,EUR,SP00,A,2023-06-06,0.9698,A,F,,,P1D,,A,,,,,,,99Q1=100,,,4,,4F0,,Swiss franc/Euro ECB reference exchange rate,"ECB reference exchange rate, Swiss franc/Euro, 2.15 pm (C.E.T.)",CHF,0
EXR.D.CHF.EUR.SP00.A,D,CHF,EUR,SP00,A,2023-06-07,0.9704,A,F,,,P1D,,A,,,,,,,99Q1=100,,,4,,4F0,,Swiss franc/Euro ECB reference exchange rate,"ECB reference exchange rate, Swiss franc/Euro, 2.15 pm (C.E.T.)",CHF,0
EXR.D.CHF.EUR.SP00.A,D,CHF,EUR,SP00,A,2023-06-08,0.9751,A,F,,,P1D,,A,,,,,,,99Q1=100,,,4,,4F0,,Swiss franc/Euro ECB reference exchange rate,"ECB reference exchange rate, Swiss franc/Euro, 2.15 pm (C.E.T.)",CHF,0
EXR.D.CHF.EUR.SP00.A,D,CHF,EUR,SP00,A,2023-06-09,0.9716,A,F,,,P1D,,A,,,,,,,99Q1=100,,,4,,4F0,,Swiss franc/Euro ECB reference exchange rate,"ECB reference exchange rate, Swiss franc/Euro, 2.15 pm (C.E.T.)",CHF,0
EXR.D.CHF.EUR.SP00.A,D,CHF,EUR,SP00,A,2023-06-12,0.9751,A,F,,,P1D,,A,,,,,,,99Q1=100,,,4,,4F0,,Swiss franc/Euro ECB reference exchange rate,"ECB reference exchange rate, Swiss franc/Euro, 2.15 pm (C.E.T.)",CHF,0
EXR.D.CHF.EUR.SP00.A,D,CHF,EUR,SP00,A,2023-06-13,0.9784,A,F,,,P1D,,A,,,,,,,99Q1=100,,,4,,4F0,,Swiss franc/Euro ECB reference exchange rate,"ECB reference exchange rate, Swiss franc/Euro, 2.15 pm (C.E.T.)",CHF,0
EXR.D.CHF.EUR.SP00.A,D,CHF,EUR,SP00,A,2023-06-14,0.9751,A,F,,,P1D,,A,,,,,,,99Q1=100,,,4,,4F0,,Swiss franc/Euro ECB reference exchange rate,"ECB reference exchange rate, Swiss franc/Euro, 2.15 pm (C.E.T.)",CHF,0
EXR.D.CHF.EUR.SP00.A,D,CHF,EUR,SP00,A,2023-06-15,0.9761,A,F,,,P1D,,A,,,,,,,99Q1=100,,,4,,4F0,,Swiss franc/Euro ECB reference exchange rate,"ECB reference exchange rate, Swiss franc/Euro, 2.15 pm (C.E.T.)",CHF,0
EXR.D.CHF.EUR.SP00.A,D,CHF,EUR,SP00,A,2023-06-16,0.977,A,F,,,P1D,,A,,,,,,,99Q1=100,,,4,,4F0,,Swiss franc/Euro ECB reference exchange rate,"ECB reference exchange rate, Swiss franc/Euro, 2.15 pm (C.E.T.)",CHF,0
EXR.D.CHF.EUR.SP00.A,D,CHF,EUR,SP00,A,2023-06-19,0.9772,A,F,,,P1D,,A,,,,,,,99Q1=100,,,4,,4F0,,Swiss franc/Euro ECB reference exchange rate,"ECB reference exchange rate, Swiss franc/Euro, 2.15 pm (C.E.T.)",CHF,0
EXR.D.CHF.EUR.SP00.A,D,CHF,EUR,SP00,A,2023-06-20,0.9808,A,F,,,P1D,,A,,,,,,,99Q1=100,,,4,,4F0,,Swiss franc/Euro ECB reference exchange rate,"ECB reference exchange rate, Swiss franc/Euro, 2.15 pm (C.E.T.)",CHF,0
EXR.D.CHF.EUR.SP00.A,D,CHF,EUR,SP00,A,2023-06-21,0.9803,A,F,,,P1D,,A,,,,,,,99Q1=100,,,4,,4F0,,Swiss franc/Euro ECB reference exchange rate,"ECB reference exchange rate, Swiss franc/Euro, 2.15 pm (C.E.T.)",CHF,0
EXR.D.CHF.EUR.SP00.A,D,CHF,EUR,SP00,A,2023-06-22,0.9825,A,F,,,P1D,,A,,,,,,,99Q1=100,,,4,,4F0,,Swiss franc/Euro ECB reference exchange rate,"ECB reference exchange rate, Swiss franc/Euro, 2.15 pm (C.E.T.)",CHF,0
EXR.D.CHF.EUR.SP00.A,D,CHF,EUR,SP00,A,2023-06-23,0.9773,A,F,,,P1D,,A,,,,,,,99Q1=100,,,4,,4F0,,Swiss franc/Euro ECB reference exchange rate,"ECB reference exchange rate, Swiss franc/Euro, 2.15 pm (C.E.T.)",CHF,0
EXR.D.CHF.EUR.SP00.A,D,CHF,EUR,SP00,A,2023-06-26,0.9737,A,F,,,P1D,,A,,,,,,,99Q1=100,,,4,,4F0,,Swiss franc/Euro ECB reference exchange rate,"ECB reference exchange rate, Swiss franc/Euro, 2.15 pm (C.E.T.)",CHF,0
EXR.D.CHF.EUR.SP00.A,D,CHF,EUR,SP00,A,2023-06-27,0.9789,A,F,,,P1D,,A,,,,,,,99Q1=100,,,4,,4F0,,Swiss franc/Euro ECB reference exchange rate,"ECB reference exchange rate, Swiss franc/Euro, 2.15 pm (C.E.T.)",CHF,0
EXR.D.CHF.EUR.SP00.A,D,CHF,EUR,SP00,A,2023-06-28,0.9822,A,F,,,P1D,,A,,,,,,,99Q1=100,,,4,,4F0,,Swiss franc/Euro ECB reference exchange rate,"ECB reference exchange rate, Swiss franc/Euro, 2.15 pm (C.E.T.)",CHF,0
EXR.D.CHF.EUR.SP00.A,D,CHF,EUR,SP00,A,2023-06-29,0.9783,A,F,,,P1D,,A,,,,,,,99Q1=100,,,4,,4F0,,Swiss franc/Euro ECB reference exchange rate,"ECB reference exchange rate, Swiss franc/Euro, 2.15 pm (C.E.T.)",CHF,0
EXR.D.CHF.EUR.SP00.A,D,CHF,EUR,SP00,A,2023-06-30,0.9788,A,F,,,P1D,,A,,,,,,,99Q1=100,,,4,,4F0,,Swiss franc/Euro ECB reference exchange rate,"ECB reference exchange rate, Swiss franc/Euro, 2.15 pm (C.E.T.)",CHF,0
EXR.D.CHF.EUR.SP00.A,D,CHF,EUR,SP00,A,2023-07-03,0.98,A,F,,,P1D,,A,,,,,,,99Q1=100,,,4,,4F0,,Swiss franc/Euro ECB reference exchange rate,"ECB reference exchange rate, Swiss franc/Euro, 2.15 pm (C.E.T.)",CHF,0
EXR.D.CHF.EUR.SP00.A,D,CHF,EUR,SP00,A,2023-07-04,0.9762,A,F,,,P1D,,A,,,,,,,99Q1=100,,,4,,4F0,,Swiss franc/Euro ECB reference exchange rate,"ECB reference exchange rate, Swiss franc/Euro, 2.15 pm (C.E.T.)",CHF,0
EXR.D.CHF.EUR.SP00.A,D,CHF,EUR,SP00,A,2023-07-05,0.9782,A,F,,,P1D,,A,,,,,,,99Q1=100,,,4,,4F0,,Swiss franc/Euro ECB reference exchange rate,"ECB reference exchange rate, Swiss franc/Euro, 2.15 pm (C.E.T.)",CHF,0
EXR.D.CHF.EUR.SP00.A,D,CHF,EUR,SP00,A,2023-07-06,0.9757,A,F,,,P1D,,A,,,,,,,99Q1=100,,,4,,4F0,,Swiss franc/Euro ECB reference exchange rate,"ECB reference exchange rate, Swiss franc/Euro, 2.15 pm (C.E.T.)",CHF,0
EXR.D.CHF.EUR.SP00.A,D,CHF,EUR,SP00,A,2023-07-07,0.9754,A,F,,,P1D,,A,,,,,,,99Q1=100,,,4,,4F0,,Swiss franc/Euro ECB reference exchange rate,"ECB reference exchange rate, Swiss franc/Euro, 2.15 pm (C.E.T.)",CHF,0
EXR.D.CHF.EUR.SP00.A,D,CHF,EUR,SP00,A,2023-07-10,0.9753,A,F,,,P1D,,A,,,,,,,99Q1=100,,,4,,4F0,,Swiss franc/Euro ECB reference exchange rate,"ECB reference exchange rate, Swiss franc/Euro, 2.15 pm (C.E.T.)",CHF,0
EXR.D.CHF.EUR.SP00.A,D,CHF,EUR,SP00,A,2023-07-11,0.9693,A,F,,,P1D,,A,,,,,,,99Q1=100,,,4,,4F0,,Swiss franc/Euro ECB reference exchange rate,"ECB reference exchange rate, Swiss franc/Euro, 2.15 pm (C.E.T.)",CHF,0
EXR.D.CHF.EUR.SP00.A,D,CHF,EUR,SP00,A,2023-07-12,0.9683,A,F,,,P1D,,A,,,,,,,99Q1=100,,,4,,4F0,,Swiss franc/Euro ECB reference exchange rate,"ECB reference exchange rate, Swiss franc/Euro, 2.15 pm (C.E.T.)",CHF,0
EXR.D.CHF.EUR.SP00.A,D,CHF,EUR,SP00,A,2023-07-13,0.9644,A,F,,,P1D,,A,,,,,,,99Q1=100,,,4,,4F0,,Swiss franc/Euro ECB reference exchange rate,"ECB reference exchange rate, Swiss franc/Euro, 2.15 pm (C.E.T.)",CHF,0
EXR.D.CHF.EUR.SP00.A,D,CHF,EUR,SP00,A,2023-07-14,0.9649,A,F,,,P1D,,A,,,,,,,99Q1=100,,,4,,4F0,,Swiss franc/Euro ECB reference exchange rate,"ECB reference exchange rate, Swiss franc/Euro, 2.15 pm (C.E.T.)",CHF,0
EXR.D.CHF.EUR.SP00.A,D,CHF,EUR,SP00,A,2023-07-17,0.9652,A,F,,,P1D,,A,,,,,,,99Q1=100,,,4,,4F0,,Swiss franc/Euro ECB reference exchange rate,"ECB reference exchange rate, Swiss franc/Euro, 2.15 pm (C.E.T.)",CHF,0
EXR.D.CHF.EUR.SP00.A,D,CHF,EUR,SP00,A,2023-07-18,0.9647,A,F,,,P1D,,A,,,,,,,99Q1=100,,,4,,4F0,,Swiss franc/Euro ECB reference exchange rate,"ECB reference exchange rate, Swiss franc/Euro, 2.15 pm (C.E.T.)",CHF,0
EXR.D.CHF.EUR.SP00.A,D,CHF,EUR,SP00,A,2023-07-19,0.9628,A,F,,,P1D,,A,,,,,,,99Q1=100,,,4,,4F0,,Swiss franc/Euro ECB reference exchange rate,"ECB reference exchange rate, Swiss franc/Euro, 2.15 pm (C.E.T.)",CHF,0
EXR.D.CHF.EUR.SP00.A,D,CHF,EUR,SP00,A,2023-07-20,0.9635,A,F,,,P1D,,A,,,,,,,99Q1=100,,,4,,4F0,,Swiss franc/Euro ECB reference exchange rate,"ECB reference exchange rate, Swiss franc/Euro, 2.15 pm (C.E.T.)",CHF,0
EXR.D.CHF.EUR.SP00.A,D,CHF,EUR,SP00,A,2023-07-21,0.963,A,F,,,P1D,,A,,,,,,,99Q1=100,,,4,,4F0,,Swiss franc/Euro ECB reference exchange rate,"ECB reference exchange rate, Swiss franc/Euro, 2.15 pm (C.E.T.)",CHF,0
EXR.D.CHF.EUR.SP00.A,D,CHF,EUR,SP00,A,2023-07-24,0.9595,A,F,,,P1D,,A,,,,,,,99Q1=100,,,4,,4F0,,Swiss franc/Euro ECB reference exchange rate,"ECB reference exchange rate, Swiss franc/Euro, 2.15 pm (C.E.T.)",CHF,0
EXR.D.CHF.EUR.SP00.A,D,CHF,EUR,SP00,A,2023-07-25,0.9598,A,F,,,P1D,,A,,,,,,,99Q1=100,,,4,,4F0,,Swiss franc/Euro ECB reference exchange rate,"ECB reference exchange rate, Swiss franc/Euro, 2.15 pm (C.E.T.)",CHF,0
EXR.D.CHF.EUR.SP00.A,D,CHF,EUR,SP00,A,2023-07-26,0.9549,A,F,,,P1D,,A,,,,,,,99Q1=100,,,4,,4F0,,Swiss franc/Euro ECB reference exchange rate,"ECB reference exchange rate, Swiss franc/Euro, 2.15 pm (C.E.T.)",CHF,0
EXR.D.CHF.EUR.SP00.A,D,CHF,EUR,SP00,A,2023-07-27,0.9542,A,F,,,P1D,,A,,,,,,,99Q1=100,,,4,,4F0,,Swiss franc/Euro ECB reference exchange rate,"ECB reference exchange rate, Swiss franc/Euro, 2.15 pm (C.E.T.)",CHF,0
EXR.D.CHF.EUR.SP00.A,D,CHF,EUR,SP00,A,2023-07-28,0.9554,A,F,,,P1D,,A,,,,,,,99Q1=100,,,4,,4F0,,Swiss franc/Euro ECB reference exchange rate,"ECB reference exchange rate, Swiss franc/Euro, 2.15 pm (C.E.T.)",CHF,0
EXR.D.CHF.EUR.SP00.A,D,CHF,EUR,SP00,A,2023-07-31,0.9619,A,F,,,P1D,,A,,,,,,,99Q1=100,,,4,,4F0,,Swiss franc/Euro ECB reference exchange rate,"ECB reference exchange rate, Swiss franc/Euro, 2.15 pm (C.E.T.)",CHF,0
EXR.D.CHF.EUR.SP00.A,D,CHF,EUR,SP00,A,2023-08-01,0.961,A,F,,,P1D,,A,,,,,,,99Q1=100,,,4,,4F0,,Swiss franc/Euro ECB reference exchange rate,"ECB reference exchange rate, Swiss franc/Euro, 2.15 pm (C.E.T.)",CHF,0
EXR.D.CHF.EUR.SP00.A,D,CHF,EUR,SP00,A,2023-08-02,0.9642,A,F,,,P1D,,A,,,,,,,99Q1=100,,,4,,4F0,,Swiss franc/Euro ECB reference exchange rate,"ECB reference exchange rate, Swiss franc/Euro, 2.15 pm (C.E.T.)",CHF,0
EXR.D.CHF.EUR.SP00.A,D,CHF,EUR,SP00,A,2023-08-03,0.9579,A,F,,,P1D,,A,,,,,,,99Q1=100,,,4,,4F0,,Swiss franc/Euro ECB reference exchange rate,"ECB reference exchange rate, Swiss franc/Euro, 2.15 pm (C.E.T.)",CHF,0
EXR.D.CHF.EUR.SP00.A,D,CHF,EUR,SP00,A,2023-08-04,0.9598,A,F,,,P1D,,A,,,,,,,99Q1=100,,,4,,4F0,,Swiss franc/Euro ECB reference exchange rate,"ECB reference exchange rate, Swiss franc/Euro, 2.15 pm (C.E.T.)",CHF,0
EXR.D.CHF.EUR.SP00.A,D,CHF,EUR,SP00,A,2023-08-07,0.9625,A,F,,,P1D,,A,,,,,,,99Q1=100,,,4,,4F0,,Swiss franc/Euro ECB reference exchange rate,"ECB reference exchange rate, Swiss franc/Euro, 2.15 pm (C.E.T.)",CHF,0
EXR.D.CHF.EUR.SP00.A,D,CHF,EUR,SP00,A,2023-08-08,0.96,A,F,,,P1D,,A,,,,,,,99Q1=100,,,4,,4F0,,Swiss franc/Euro ECB reference exchange rate,"ECB reference exchange rate, Swiss franc/Euro, 2.15 pm (C.E.T.)",CHF,0
EXR.D.CHF.EUR.SP00.A,D,CHF,EUR,SP00,A,2023-08-09,0.9627,A,F,,,P1D,,A,,,,,,,99Q1=100,,,4,,4F0,,Swiss franc/Euro ECB reference exchange rate,"ECB reference exchange rate, Swiss franc/Euro, 2.15 pm (C.E.T.)",CHF,0
EXR.D.CHF.EUR.SP00.A,D,CHF,EUR,SP00,A,2023-08-10,0.9618,A,F,,,P1D,,A,,,,,,,99Q1=100,,,4,,4F0,,Swiss franc/Euro ECB reference exchange rate,"ECB reference exchange rate, Swiss franc/Euro, 2.15 pm (C.E.T.)",CHF,0
EXR.D.CHF.EUR.SP00.A,D,CHF,EUR,SP00,A,2023-08-11,0.9617,A,F,,,P1D,,A,,,,,,,99Q1=100,,,4,,4F0,,Swiss franc/Euro ECB reference exchange rate,"ECB reference exchange rate, Swiss franc/Euro, 2.15 pm (C.E.T.)",CHF,0
EXR.D.CHF.EUR.SP00.A,D,CHF,EUR,SP00,A,2023-08-14,0.9608,A,F,,,P1D,,A,,,,,,,99Q1=100,,,4,,4F0,,Swiss franc/Euro ECB reference exchange rate,"ECB reference exchange rate, Swiss franc/Euro, 2.15 pm (C.E.T.)",CHF,0
EXR.D.CHF.EUR.SP00.A,D,CHF,EUR,SP00,A,2023-08-15,0.9586,A,F,,,P1D,,A,,,,,,,99Q1=100,,,4,,4F0,,Swiss franc/Euro ECB reference exchange rate,"ECB reference exchange rate, Swiss franc/Euro, 2.15 pm (C.E.T.)",CHF,0
EXR.D.CHF.EUR.SP00.A,D,CHF,EUR,SP00,A,2023-08-16,0.9605,A,F,,,P1D,,A,,,,,,,99Q1=100,,,4,,4F0,,Swiss franc/Euro ECB reference exchange rate,"ECB reference exchange rate, Swiss franc/Euro, 2.15 pm (C.E.T.)",CHF,0
EXR.D.CHF.EUR.SP00.A,D,CHF,EUR,SP00,A,2023-08-17,0.9555,A,F,,,P1D,,A,,,,,,,99Q1=100,,,4,,4F0,,Swiss franc/Euro ECB reference exchange rate,"ECB reference exchange rate, Swiss franc/Euro, 2.15 pm (C.E.T.)",CHF,0
EXR.D.CHF.EUR.SP00.A,D,CHF,EUR,SP00,A,2023-08-18,0.9571,A,F,,,P1D,,A,,,,,,,99Q1=100,,,4,,4F0,,Swiss franc/Euro ECB reference exchange rate,"ECB reference exchange rate, Swiss franc/Euro, 2.15 pm (C.E.T.)",CHF,0
EXR.D.CHF.EUR.SP00.A,D,CHF,EUR,SP00,A,2023-08-21,0.9588,A,F,,,P1D,,A,,,,,,,99Q1=100,,,4,,4F0,,Swiss franc/Euro ECB reference exchange rate,"ECB reference exchange rate, Swiss franc/Euro, 2.15 pm (C.E.T.)",CHF,0
EXR.D.CHF.EUR.SP00.A,D,CHF,EUR,SP00,A,2023-08-22,0.9565,A,F,,,P1D,,A,,,,,,,99Q1=100,,,4,,4F0,,Swiss franc/Euro ECB reference exchange rate,"ECB reference exchange rate, Swiss franc/Euro, 2.15 pm (C.E.T.)",CHF,0
EXR.D.CHF.EUR.SP00.A,D,CHF,EUR,SP00,A,2023-08-23,0.9524,A,F,,,P1D,,A,,,,,,,99Q1=100,,,4,,4F0,,Swiss franc/Euro ECB reference exchange rate,"ECB reference exchange rate, Swiss franc/Euro, 2.15 pm (C.E.T.)",CHF,0
EXR.D.CHF.EUR.SP00.A,D,CHF,EUR,SP00,A,2023-08-24,0.9562,A,F,,,P1D,,A,,,,,,,99Q1=100,,,4,,4F0,,Swiss franc/Euro ECB reference exchange rate,"ECB reference exchange rate, Swiss franc/Euro, 2.15 pm (C.E.T.)",CHF,0
EXR.D.CHF.EUR.SP00.A,D,CHF,EUR,SP00,A,2023-08-25,0.9564,A,F,,,P1D,,A,,,,,,,99Q1=100,,,4,,4F0,,Swiss franc/Euro ECB reference exchange rate,"ECB reference exchange rate, Swiss franc/Euro, 2.15 pm (C.E.T.)",CHF,0
EXR.D.CHF.EUR.SP00.A,D,CHF,EUR,SP00,A,2023-08-28,0.9559,A,F,,,P1D,,A,,,,,,,99Q1=100,,,4,,4F0,,Swiss franc/Euro ECB reference exchange rate,"ECB reference exchange rate, Swiss franc/Euro, 2.15 pm (C.E.T.)",CHF,0
EXR.D.CHF.EUR.SP00.A,D,CHF,EUR,SP00,A,2023-08-29,0.9558,A,F,,,P1D,,A,,,,,,,99Q1=100,,,4,,4F0,,Swiss franc/Euro ECB reference exchange rate,"ECB reference exchange rate, Swiss franc/Euro, 2.15 pm (C.E.T.)",CHF,0
EXR.D.CHF.EUR.SP00.A,D,CHF,EUR,SP00,A,2023-08-30,0.9568,A,F,,,P1D,,A,,,,,,,99Q1=100,,,4,,4F0,,Swiss franc/Euro ECB reference exchange rate,"ECB reference exchange rate, Swiss franc/Euro, 2.15 pm (C.E.T.)",CHF,0
EXR.D.CHF.EUR.SP00.A,D,CHF,EUR,SP00,A,2023-08-31,0.9584,A,F,,,P1D,,A,,,,,,,99Q1=100,,,4,,4F0,,Swiss franc/Euro ECB reference exchange rate,"ECB reference exchange rate, Swiss franc/Euro, 2.15 pm (C.E.T.)",CHF,0
EXR.D.CHF.EUR.SP00.A,D,CHF,EUR,SP00,A,2023-09-01,0.9574,A,F,,,P1D,,A,,,,,,,99Q1=100,,,4,,4F0,,Swiss franc/Euro ECB reference exchange rate,"ECB reference exchange rate, Swiss franc/Euro, 2.15 pm (C.E.T.)",CHF,0
EXR.D.CHF.EUR.SP00.A,D,CHF,EUR,SP00,A,2023-09-04,0.9548,A,F,,,P1D,,A,,,,,,,99Q1=100,,,4,,4F0,,Swiss franc/Euro ECB reference exchange rate,"ECB reference exchange rate, Swiss franc/Euro, 2.15 pm (C.E.T.)",CHF,0
EXR.D.CHF.EUR.SP00.A,D,CHF,EUR,SP00,A,2023-09-05,0.9548,A,F,,,P1D,,A,,,,,,,99Q1=100,,,4,,4F0,,Swiss franc/Euro ECB reference exchange rate,"ECB reference exchange rate, Swiss franc/Euro, 2.15 pm (C.E.T.)",CHF,0
EXR.D.CHF.EUR.SP00.A,D,CHF,EUR,SP00,A,2023-09-06,0.9561,A,F,,,P1D,,A,,,,,,,99Q1=100,,,4,,4F0,,Swiss franc/Euro ECB reference exchange rate,"ECB reference exchange rate, Swiss franc/Euro, 2.15 pm (C.E.T.)",CHF,0
EXR.D.CHF.EUR.SP00.A,D,CHF,EUR,SP00,A,2023-09-07,0.9557,A,F,,,P1D,,A,,,,,,,99Q1=100,,,4,,4F0,,Swiss franc/Euro ECB reference exchange rate,"ECB reference exchange rate, Swiss franc/Euro, 2.15 pm (C.E.T.)",CHF,0
EXR.D.CHF.EUR.SP00.A,D,CHF,EUR,SP00,A,2023-09-08,0.9543,A,F,,,P1D,,A,,,,,,,99Q1=100,,,4,,4F0,,Swiss franc/Euro ECB reference exchange rate,"ECB reference exchange rate, Swiss franc/Euro, 2.15 pm (C.E.T.)",CHF,0
EXR.D.CHF.EUR.SP00.A,D,CHF,EUR,SP00,A,2023-09-11,0.956,A,F,,,P1D,,A,,,,,,,99Q1=100,,,4,,4F0,,Swiss franc/Euro ECB reference exchange rate,"ECB reference exchange rate, Swiss franc/Euro, 2.15 pm (C.E.T.)",CHF,0
EXR.D.CHF.EUR.SP00.A,D,CHF,EUR,SP00,A,2023-09-12,0.9561,A,F,,,P1D,,A,,,,,,,99Q1=100,,,4,,4F0,,Swiss franc/Euro ECB reference exchange rate,"ECB reference exchange rate, Swiss franc/Euro, 2.15 pm (C.E.T.)",CHF,0
EXR.D.CHF.EUR.SP00.A,D,CHF,EUR,SP00,A,2023-09-13,0.9589,A,F,,,P1D,,A,,,,,,,99Q1=100,,,4,,4F0,,Swiss franc/Euro ECB reference exchange rate,"ECB reference exchange rate, Swiss franc/Euro, 2.15 pm (C.E.T.)",CHF,0
EXR.D.CHF.EUR.SP00.A,D,CHF,EUR,SP00,A,2023-09-14,0.9588,A,F,,,P1D,,A,,,,,,,99Q1=100,,,4,,4F0,,Swiss franc/Euro ECB reference exchange rate,"ECB reference exchange rate, Swiss franc/Euro, 2.15 pm (C.E.T.)",CHF,0
EXR.D.CHF.EUR.SP00.A,D,CHF,EUR,SP00,A,2023-09-15,0.9554,A,F,,,P1D,,A,,,,,,,99Q1=100,,,4,,4F0,,Swiss franc/Euro ECB reference exchange rate,"ECB reference exchange rate, Swiss franc/Euro, 2.15 pm (C.E.T.)",CHF,0
EXR.D.CHF.EUR.SP00.A,D,CHF,EUR,SP00,A,2023-09-18,0.9564,A,F,,,P1D,,A,,,,,,,99Q1=100,,,4,,4F0,,Swiss franc/Euro ECB reference exchange rate,"ECB reference exchange rate, Swiss franc/Euro, 2.15 pm (C.E.T.)",CHF,0
EXR.D.CHF.EUR.SP00.A,D,CHF,EUR,SP00,A,2023-09-19,0.9595,A,F,,,P1D,,A,,,,,,,99Q1=100,,,4,,4F0,,Swiss franc/Euro ECB reference exchange rate,"ECB reference exchange rate, Swiss franc/Euro, 2.15 pm (C.E.T.)",CHF,0
EXR.D.CHF.EUR.SP00.A,D,CHF,EUR,SP00,A,2023-09-20,0.9601,A,F,,,P1D,,A,,,,,,,99Q1=100,,,4,,4F0,,Swiss franc/Euro ECB reference exchange rate,"ECB reference exchange rate, Swiss franc/Euro, 2.15 pm (C.E.T.)",CHF,0
EXR.D.CHF.EUR.SP00.A,D,CHF,EUR,SP00,A,2023-09-21,0.9628,A,F,,,P1D,,A,,,,,,,99Q1=100,,,4,,4F0,,Swiss franc/Euro ECB reference exchange rate,"ECB reference exchange rate, Swiss franc/Euro, 2.15 pm (C.E.T.)",CHF,0
EXR.D.CHF.EUR.SP00.A,D,CHF,EUR,SP00,A,2023-09-22,0.965,A,F,,,P1D,,A,,,,,,,99Q1=100,,,4,,4F0,,Swiss franc/Euro ECB reference exchange rate,"ECB reference exchange rate, Swiss franc/Euro, 2.15 pm (C.E.T.)",CHF,0
EXR.D.CHF.EUR.SP00.A,D,CHF,EUR,SP00,A,2023-09-25,0.9676,A,F,,,P1D,,A,,,,,,,99Q1=100,,,4,,4F0,,Swiss franc/Euro ECB reference exchange rate,"ECB reference exchange rate, Swiss franc/Euro, 2.15 pm (C.E.T.)",CHF,0
EXR.D.CHF.EUR.SP00.A,D,CHF,EUR,SP00,A,2023-09-26,0.9675,A,F,,,P1D,,A,,,,,,,99Q1=100,,,4,,4F0,,Swiss franc/Euro ECB reference exchange rate,"ECB reference exchange rate, Swiss franc/Euro, 2.15 pm (C.E.T.)",CHF,0
EXR.D.CHF.EUR.SP00.A,D,CHF,EUR,SP00,A,2023-09-27,0.968,A,F,,,P1D,,A,,,,,,,99Q1=100,,,4,,4F0,,Swiss franc/Euro ECB reference exchange rate,"ECB reference exchange rate, Swiss franc/Euro, 2.15 pm (C.E.T.)",CHF,0
EXR.D.CHF.EUR.SP00.A,D,CHF,EUR,SP00,A,2023-09-28,0.9678,A,F,,,P1D,,A,,,,,,,99Q1=100,,,4,,4F0,,Swiss franc/Euro ECB reference exchange rate,"ECB reference exchange rate, Swiss franc/Euro, 2.15 pm (C.E.T.)",CHF,0
EXR.D.CHF.EUR.SP00.A,D,CHF,EUR,SP00,A,2023-09-29,0.9669,A,F,,,P1D,,A,,,,,,,99Q1=100,,,4,,4F0,,Swiss franc/Euro ECB reference exchange rate,"ECB reference exchange rate, Swiss franc/Euro, 2.15 pm (C.E.T.)",CHF,0
EXR.D.CHF.EUR.SP00.A,D,CHF,EUR,SP00,A,2023-10-02,0.9634,A,F,,,P1D,,A,,,,,,,99Q1=100,,,4,,4F0,,Swiss franc/Euro ECB reference exchange rate,"ECB reference exchange rate, Swiss franc/Euro, 2.15 pm (C.E.T.)",CHF,0
EXR.D.CHF.EUR.SP00.A,D,CHF,EUR,SP00,A,2023-10-03,0.966,A,F,,,P1D,,A,,,,,,,99Q1=100,,,4,,4F0,,Swiss franc/Euro ECB reference exchange rate,"ECB reference exchange rate, Swiss franc/Euro, 2.15 pm (C.E.T.)",CHF,0
EXR.D.CHF.EUR.SP00.A,D,CHF,EUR,SP00,A,2023-10-04,0.9634,A,F,,,P1D,,A,,,,,,,99Q1=100,,,4,,4F0,,Swiss franc/Euro ECB reference exchange rate,"ECB reference exchange rate, Swiss franc/Euro, 2.15 pm (C.E.T.)",CHF,0
EXR.D.CHF.EUR.SP00.A,D,CHF,EUR,SP00,A,2023-10-05,0.9625,A,F,,,P1D,,A,,,,,,,99Q1=100,,,4,,4F0,,Swiss franc/Euro ECB reference exchange rate,"ECB reference exchange rate, Swiss franc/Euro, 2.15 pm (C.E.T.)",CHF,0
EXR.D.CHF.EUR.SP00.A,D,CHF,EUR,SP00,A,2023-10-06,0.9629,A,F,,,P1D,,A,,,,,,,99Q1=100,,,4,,4F0,,Swiss franc/Euro ECB reference exchange rate,"ECB reference exchange rate, Swiss franc/Euro, 2.15 pm (C.E.T.)",CHF,0
EXR.D.CHF.EUR.SP00.A,D,CHF,EUR,SP00,A,2023-10-09,0.9581,A,F,,,P1D,,A,,,,,,,99Q1=100,,,4,,4F0,,Swiss franc/Euro ECB reference exchange rate,"ECB reference exchange rate, Swiss franc/Euro, 2.15 pm (C.E.T.)",CHF,0
EXR.D.CHF.EUR.SP00.A,D,CHF,EUR,SP00,A,2023-10-10,0.9589,A,F,,,P1D,,A,,,,,,,99Q1=100,,,4,,4F0,,Swiss franc/Euro ECB reference exchange rate,"ECB reference exchange rate, Swiss franc/Euro, 2.15 pm (C.E.T.)",CHF,0
EXR.D.CHF.EUR.SP00.A,D,CHF,EUR,SP00,A,2023-10-11,0.9576,A,F,,,P1D,,A,,,,,,,99Q1=100,,,4,,4F0,,Swiss franc/Euro ECB reference exchange rate,"ECB reference exchange rate, Swiss franc/Euro, 2.15 pm (C.E.T.)",CHF,0
EXR.D.CHF.EUR.SP00.A,D,CHF,EUR,SP00,A,2023-10-12,0.9566,A,F,,,P1D,,A,,,,,,,99Q1=100,,,4,,4F0,,Swiss franc/Euro ECB reference exchange rate,"ECB reference exchange rate, Swiss franc/Euro, 2.15 pm (C.E.T.)",CHF,0
EXR.D.CHF.EUR.SP00.A,D,CHF,EUR,SP00,A,2023-10-13,0.9546,A,F,,,P1D,,A,,,,,,,99Q1=100,,,4,,4F0,,Swiss franc/Euro ECB reference exchange rate,"ECB reference exchange rate, Swiss franc/Euro, 2.15 pm (C.E.T.)",CHF,0
EXR.D.CHF.EUR.SP00.A,D,CHF,EUR,SP00,A,2023-10-16,0.9505,A,F,,,P1D,,A,,,,,,,99Q1=100,,,4,,4F0,,Swiss franc/Euro ECB reference exchange rate,"ECB reference exchange rate, Swiss franc/Euro, 2.15 pm (C.E.T.)",CHF,0
EXR.D.CHF.EUR.SP00.A,D,CHF,EUR,SP00,A,2023-10-17,0.9517,A,F,,,P1D,,A,,,,,,,99Q1=100,,,4,,4F0,,Swiss franc/Euro ECB reference exchange rate,"ECB reference exchange rate, Swiss franc/Euro, 2.15 pm (C.E.T.)",CHF,0
EXR.D.CHF.EUR.SP00.A,D,CHF,EUR,SP00,A,2023-10-18,0.9492,A,F,,,P1D,,A,,,,,,,99Q1=100,,,4,,4F0,,Swiss franc/Euro ECB reference exchange rate,"ECB reference exchange rate, Swiss franc/Euro, 2.15 pm (C.E.T.)",CHF,0
EXR.D.CHF.EUR.SP00.A,D,CHF,EUR,SP00,A,2023-10-19,0.947,A,F,,,P1D,,A,,,,,,,99Q1=100,,,4,,4F0,,Swiss franc/Euro ECB reference exchange rate,"ECB reference exchange rate, Swiss franc/Euro, 2.15 pm (C.E.T.)",CHF,0
EXR.D.CHF.EUR.SP00.A,D,CHF,EUR,SP00,A,2023-10-20,0.9442,A,F,,,P1D,,A,,,,,,,99Q1=100,,,4,,4F0,,Swiss franc/Euro ECB reference exchange rate,"ECB reference exchange rate, Swiss franc/Euro, 2.15 pm (C.E.T.)",CHF,0
EXR.D.CHF.EUR.SP00.A,D,CHF,EUR,SP00,A,2023-10-23,0.9461,A,F,,,P1D,,A,,,,,,,99Q1=100,,,4,,4F0,,Swiss franc/Euro ECB reference exchange rate,"ECB reference exchange rate, Swiss franc/Euro, 2.15 pm (C.E.T.)",CHF,0
EXR.D.CHF.EUR.SP00.A,D,CHF,EUR,SP00,A,2023-10-24,0.9501,A,F,,,P1D,,A,,,,,,,99Q1=100,,,4,,4F0,,Swiss franc/Euro ECB reference exchange rate,"ECB reference exchange rate, Swiss franc/Euro, 2.15 pm (C.E.T.)",CHF,0
EXR.D.CHF.EUR.SP00.A,D,CHF,EUR,SP00,A,2023-10-25,0.9474,A,F,,,P1D,,A,,,,,,,99Q1=100,,,4,,4F0,,Swiss franc/Euro ECB reference exchange rate,"ECB reference exchange rate, Swiss franc/Euro, 2.15 pm (C.E.T.)",CHF,0
EXR.D.CHF.EUR.SP00.A,D,CHF,EUR,SP00,A,2023-10-26,0.9466,A,F,,,P1D,,A,,,,,,,99Q1=100,,,4,,4F0,,Swiss franc/Euro ECB reference exchange rate,"ECB reference exchange rate, Swiss franc/Euro, 2.15 pm (C.E.T.)",CHF,0
EXR.D.CHF.EUR.SP00.A,D,CHF,EUR,SP00,A,2023-10-27,0.9502,A,F,,,P1D,,A,,,,,,,99Q1=100,,,4,,4F0,,Swiss franc/Euro ECB reference exchange rate,"ECB reference exchange rate, Swiss franc/Euro, 2.15 pm (C.E.T.)",CHF,0
EXR.D.CHF.EUR.SP00.A,D,CHF,EUR,SP00,A,2023-10-30,0.9564,A,F,,,P1D,,A,,,,,,,99Q1=100,,,4,,4F0,,Swiss franc/Euro ECB reference exchange rate,"ECB reference exchange rate, Swiss franc/Euro, 2.15 pm (C.E.T.)",CHF,0
EXR.D.CHF.EUR.SP00.A,D,CHF,EUR,SP00,A,2023-10-31,0.9607,A,F,,,P1D,,A,,,,,,,99Q1=100,,,4,,4F0,,Swiss franc/Euro ECB reference exchange rate,"ECB reference exchange rate, Swiss franc/Euro, 2.15 pm (C.E.T.)",CHF,0
EXR.D.CHF.EUR.SP00.A,D,CHF,EUR,SP00,A,2023-11-01,0.9572,A,F,,,P1D,,A,,,,,,,99Q1=100,,,4,,4F0,,Swiss franc/Euro ECB reference exchange rate,"ECB reference exchange rate, Swiss franc/Euro, 2.15 pm (C.E.T.)",CHF,0
EXR.D.CHF.EUR.SP00.A,D,CHF,EUR,SP00,A,2023-11-02,0.9622,A,F,,,P1D,,A,,,,,,,99Q1=100,,,4,,4F0,,Swiss franc/Euro ECB reference exchange rate,"ECB reference exchange rate, Swiss franc/Euro, 2.15 pm (C.E.T.)",CHF,0
EXR.D.CHF.EUR.SP00.A,D,CHF,EUR,SP00,A,2023-11-03,0.9625,A,F,,,P1D,,A,,,,,,,99Q1=100,,,4,,4F0,,Swiss franc/Euro ECB reference exchange rate,"ECB reference exchange rate, Swiss franc/Euro, 2.15 pm (C.E.T.)",CHF,0
EXR.D.CHF.EUR.SP00.A,D,CHF,EUR,SP00,A,2023-11-06,0.9646,A,F,,,P1D,,A,,,,,,,99Q1=100,,,4,,4F0,,Swiss franc/Euro ECB reference exchange rate,"ECB reference exchange rate, Swiss franc/Euro, 2.15 pm (C.E.T.)",CHF,0
EXR.D.CHF.EUR.SP00.A,D,CHF,EUR,SP00,A,2023-11-07,0.9626,A,F,,,P1D,,A,,,,,,,99Q1=100,,,4,,4F0,,Swiss franc/Euro ECB reference exchange rate,"ECB reference exchange rate, Swiss franc/Euro, 2.15 pm (C.E.T.)",CHF,0
EXR.D.CHF.EUR.SP00.A,D,CHF,EUR,SP00,A,2023-11-08,0.9599,A,F,,,P1D,,A,,,,,,,99Q1=100,,,4,,4F0,,Swiss franc/Euro ECB reference exchange rate,"ECB reference exchange rate, Swiss franc/Euro, 2.15 pm (C.E.T.)",CHF,0
EXR.D.CHF.EUR.SP00.A,D,CHF,EUR,SP00,A,2023-11-09,0.9637,A,F,,,P1D,,A,,,,,,,99Q1=100,,,4,,4F0,,Swiss franc/Euro ECB reference exchange rate,"ECB reference exchange rate, Swiss franc/Euro, 2.15 pm (C.E.T.)",CHF,0
EXR.D.CHF.EUR.SP00.A,D,CHF,EUR,SP00,A,2023-11-10,0.9636,A,F,,,P1D,,A,,,,,,,99Q1=100,,,4,,4F0,,Swiss franc/Euro ECB reference exchange rate,"ECB reference exchange rate, Swiss franc/Euro, 2.15 pm (C.E.T.)",CHF,0
EXR.D.CHF.EUR.SP00.A,D,CHF,EUR,SP00,A,2023-11-13,0.9656,A,F,,,P1D,,A,,,,,,,99Q1=100,,,4,,4F0,,Swiss franc/Euro ECB reference exchange rate,"ECB reference exchange rate, Swiss franc/Euro, 2.15 pm (C.E.T.)",CHF,0
EXR.D.CHF.EUR.SP00.A,D,CHF,EUR,SP00,A,2023-11-14,0.9668,A,F,,,P1D,,A,,,,,,,99Q1=100,,,4,,4F0,,Swiss franc/Euro ECB reference exchange rate,"ECB reference exchange rate, Swiss franc/Euro, 2.15 pm (C.E.T.)",CHF,0
EXR.D.CHF.EUR.SP00.A,D,CHF,EUR,SP00,A,2023-11-15,0.964,A,F,,,P1D,,A,,,,,,,99Q1=100,,,4,,4F0,,Swiss franc/Euro ECB reference exchange rate,"ECB reference exchange rate, Swiss franc/Euro, 2.15 pm (C.E.T.)",CHF,0
EXR.D.CHF.EUR.SP00.A,D,CHF,EUR,SP00,A,2023-11-16,0.9651,A,F,,,P1D,,A,,,,,,,99Q1=100,,,4,,4F0,,Swiss franc/Euro ECB reference exchange rate,"ECB reference exchange rate, Swiss franc/Euro, 2.15 pm (C.E.T.)",CHF,0
EXR.D.CHF.EUR.SP00.A,D,CHF,EUR,SP00,A,2023-11-17,0.9643,A,F,,,P1D,,A,,,,,,,99Q1=100,,,4,,4F0,,Swiss franc/Euro ECB reference exchange rate,"ECB reference exchange rate, Swiss franc/Euro, 2.15 pm (C.E.T.)",CHF,0
EXR.D.CHF.EUR.SP00.A,D,CHF,EUR,SP00,A,2023-11-20,0.9665,A,F,,,P1D,,A,,,,,,,99Q1=100,,,4,,4F0,,Swiss franc/Euro ECB reference exchange rate,"ECB reference exchange rate, Swiss franc/Euro, 2.15 pm (C.E.T.)",CHF,0
EXR.D.CHF.EUR.SP00.A,D,CHF,EUR,SP00,A,2023-11-21,0.9673,A,F,,,P1D,,A,,,,,,,99Q1=100,,,4,,4F0,,Swiss franc/Euro ECB reference exchange rate,"ECB reference exchange rate, Swiss franc/Euro, 2.15 pm (C.E.T.)",CHF,0
EXR.D.CHF.EUR.SP00.A,D,CHF,EUR,SP00,A,2023-11-22,0.964,A,F,,,P1D,,A,,,,,,,99Q1=100,,,4,,4F0,,Swiss franc/Euro ECB reference exchange rate,"ECB reference exchange rate, Swiss franc/Euro, 2.15 pm (C.E.T.)",CHF,0
EXR.D.CHF.EUR.SP00.A,D,CHF,EUR,SP00,A,2023-11-23,0.9644,A,F,,,P1D,,A,,,,,,,99Q1=100,,,4,,4F0,,Swiss franc/Euro ECB reference exchange rate,"ECB reference exchange rate, Swiss franc/Euro, 2.15 pm (C.E.T.)",CHF,0
EXR.D.CHF.EUR.SP00.A,D,CHF,EUR,SP00,A,2023-11-24,0.964,A,F,,,P1D,,A,,,,,,,99Q1=100,,,4,,4F0,,Swiss franc/Euro ECB reference exchange rate,"ECB reference exchange rate, Swiss franc/Euro, 2.15 pm (C.E.T.)",CHF,0
EXR.D.CHF.EUR.SP00.A,D,CHF,EUR,SP00,A,2023-11-27,0.964,A,F,,,P1D,,A,,,,,,,99Q1=100,,,4,,4F0,,Swiss franc/Euro ECB reference exchange rate,"ECB reference exchange rate, Swiss franc/Euro, 2.15 pm (C.E.T.)",CHF,0
EXR.D.CHF.EUR.SP00.A,D,CHF,EUR,SP00,A,2023-11-28,0.9645,A,F,,,P1D,,A,,,,,,,99Q1=100,,,4,,4F0,,Swiss franc/Euro ECB reference exchange rate,"ECB reference exchange rate, Swiss franc/Euro, 2.15 pm (C.E.T.)",CHF,0
EXR.D.CHF.EUR.SP00.A,D,CHF,EUR,SP00,A,2023-11-29,0.9628,A,F,,,P1D,,A,,,,,,,99Q1=100,,,4,,4F0,,Swiss franc/Euro ECB reference exchange rate,"ECB reference exchange rate, Swiss franc/Euro, 2.15 pm (C.E.T.)",CHF,0
EXR.D.CHF.EUR.SP00.A,D,CHF,EUR,SP00,A,2023-11-30,0.9562,A,F,,,P1D,,A,,,,,,,99Q1=100,,,4,,4F0,,Swiss franc/Euro ECB reference exchange rate,"ECB reference exchange rate, Swiss franc/Euro, 2.15 pm (C.E.T.)",CHF,0
EXR.D.CHF.EUR.SP00.A,D,CHF,EUR,SP00,A,2023-12-01,0.953,A,F,,,P1D,,A,,,,,,,99Q1=100,,,4,,4F0,,Swiss franc/Euro ECB reference exchange rate,"ECB reference exchange rate, Swiss franc/Euro, 2.15 pm (C.E.T.)",CHF,0
EXR.D.CHF.EUR.SP00.A,D,CHF,EUR,SP00,A,2023-12-04,0.9476,A,F,,,P1D,,A,,,,,,,99Q1=100,,,4,,4F0,,Swiss franc/Euro ECB reference exchange rate,"ECB reference exchange rate, Swiss franc/Euro, 2.15 pm (C.E.T.)",CHF,0
EXR.D.CHF.EUR.SP00.A,D,CHF,EUR,SP00,A,2023-12-05,0.9456,A,F,,,P1D,,A,,,,,,,99Q1=100,,,4,,4F0,,Swiss franc/Euro ECB reference exchange rate,"ECB reference exchange rate, Swiss franc/Euro, 2.15 pm (C.E.T.)",CHF,0
EXR.D.CHF.EUR.SP00.A,D,CHF,EUR,SP00,A,2023-12-06,0.9429,A,F,,,P1D,,A,,,,,,,99Q1=100,,,4,,4F0,,Swiss franc/Euro ECB reference exchange rate,"ECB reference exchange rate, Swiss franc/Euro, 2.15 pm (C.E.T.)",CHF,0
EXR.D.CHF.EUR.SP00.A,D,CHF,EUR,SP00,A,2023-12-07,0.9446,A,F,,,P1D,,A,,,,,,,99Q1=100,,,4,,4F0,,Swiss franc/Euro ECB reference exchange rate,"ECB reference exchange rate, Swiss franc/Euro, 2.15 pm (C.E.T.)",CHF,0
EXR.D.CHF.EUR.SP00.A,D,CHF,EUR,SP00,A,2023-12-08,0.9438,A,F,,,P1D,,A,,,,,,,99Q1=100,,,4,,4F0,,Swiss franc/Euro ECB reference exchange rate,"ECB reference exchange rate, Swiss franc/Euro, 2.15 pm (C.E.T.)",CHF,0
EXR.D.CHF.EUR.SP00.A,D,CHF,EUR,SP00,A,2023-12-11,0.9478,A,F,,,P1D,,A,,,,,,,99Q1=100,,,4,,4F0,,Swiss franc/Euro ECB reference exchange rate,"ECB reference exchange rate, Swiss franc/Euro, 2.15 pm (C.E.T.)",CHF,0
EXR.D.CHF.EUR.SP00.A,D,CHF,EUR,SP00,A,2023-12-12,0.9443,A,F,,,P1D,,A,,,,,,,99Q1=100,,,4,,4F0,,Swiss franc/Euro ECB reference exchange rate,"ECB reference exchange rate, Swiss franc/Euro, 2.15 pm (C.E.T.)",CHF,0
EXR.D.CHF.EUR.SP00.A,D,CHF,EUR,SP00,A,2023-12-13,0.9452,A,F,,,P1D,,A,,,,,,,99Q1=100,,,4,,4F0,,Swiss franc/Euro ECB reference exchange rate,"ECB reference exchange rate, Swiss franc/Euro, 2.15 pm (C.E.T.)",CHF,0
EXR.D.CHF.EUR.SP00.A,D,CHF,EUR,SP00,A,2023-12-14,0.949,A,F,,,P1D,,A,,,,,,,99Q1=100,,,4,,4F0,,Swiss franc/Euro ECB reference exchange rate,"ECB reference exchange rate, Swiss franc/Euro, 2.15 pm (C.E.T.)",CHF,0
EXR.D.CHF.EUR.SP00.A,D,CHF,EUR,SP00,A,2023-12-15,0.9488,A,F,,,P1D,,A,,,,,,,99Q1=100,,,4,,4F0,,Swiss franc/Euro ECB reference exchange rate,"ECB reference exchange rate, Swiss franc/Euro, 2.15 pm (C.E.T.)",CHF,0
EXR.D.CHF.EUR.SP00.A,D,CHF,EUR,SP00,A,2023-12-18,0.948,A,F,,,P1D,,A,,,,,,,99Q1=100,,,4,,4F0,,Swiss franc/Euro ECB reference exchange rate,"ECB reference exchange rate, Swiss franc/Euro, 2.15 pm (C.E.T.)",CHF,0
EXR.D.CHF.EUR.SP00.A,D,CHF,EUR,SP00,A,2023-12-19,0.947,A,F,,,P1D,,A,,,,,,,99Q1=100,,,4,,4F0,,Swiss franc/Euro ECB reference exchange rate,"ECB reference exchange rate, Swiss franc/Euro, 2.15 pm (C.E.T.)",CHF,0
EXR.D.CHF.EUR.SP00.A,D,CHF,EUR,SP00,A,2023-12-20,0.946,A,F,,,P1D,,A,,,,,,,99Q1=100,,,4,,4F0,,Swiss franc/Euro ECB reference exchange rate,"ECB reference exchange rate, Swiss franc/Euro, 2.15 pm (C.E.T.)",CHF,0
EXR.D.CHF.EUR.SP00.A,D,CHF,EUR,SP00,A,2023-12-21,0.9432,A,F,,,P1D,,A,,,,,,,99Q1=100,,,4,,4F0,,Swiss franc/Euro ECB reference exchange rate,"ECB reference exchange rate, Swiss franc/Euro, 2.15 pm (C.E.T.)",CHF,0
EXR.D.CHF.EUR.SP00.A,D,CHF,EUR,SP00,A,2023-12-22,0.9417,A,F,,,P1D,,A,,,,,,,99Q1=100,,,4,,4F0,,Swiss franc/Euro ECB reference exchange rate,"ECB reference exchange rate, Swiss franc/Euro, 2.15 pm (C.E.T.)",CHF,0
EXR.D.CHF.EUR.SP00.A,D,CHF,EUR,SP00,A,2023-12-27,0.9438,A,F,,,P1D,,A,,,,,,,99Q1=100,,,4,,4F0,,Swiss franc/Euro ECB reference exchange rate,"ECB reference exchange rate, Swiss franc/Euro, 2.15 pm (C.E.T.)",CHF,0
EXR.D.CHF.EUR.SP00.A,D,CHF,EUR,SP00,A,2023-12-28,0.9302,A,F,,,P1D,,A,,,,,,,99Q1=100,,,4,,4F0,,Swiss franc/Euro ECB reference exchange rate,"ECB reference exchange rate, Swiss franc/Euro, 2.15 pm (C.E.T.)",CHF,0
EXR.D.CHF.EUR.SP00.A,D,CHF,EUR,SP00,A,2023-12-29,0.926,A,F,,,P1D,,A,,,,,,,99Q1=100,,,4,,4F0,,Swiss franc/Euro ECB reference exchange rate,"ECB reference exchange rate, Swiss franc/Euro, 2.15 pm (C.E.T.)",CHF,0
EXR.D.CHF.EUR.SP00.A,D,CHF,EUR,SP00,A,2024-01-02,0.9305,A,F,,,P1D,,A,,,,,,,99Q1=100,,,4,,4F0,,Swiss franc/Euro ECB reference exchange rate,"ECB reference exchange rate, Swiss franc/Euro, 2.15 pm (C.E.T.)",CHF,0
EXR.D.CHF.EUR.SP00.A,D,CHF,EUR,SP00,A,2024-01-03,0.9322,A,F,,,P1D,,A,,,,,,,99Q1=100,,,4,,4F0,,Swiss franc/Euro ECB reference exchange rate,"ECB reference exchange rate, Swiss franc/Euro, 2.15 pm (C.E.T.)",CHF,0
EXR.D.CHF.EUR.SP00.A,D,CHF,EUR,SP00,A,2024-01-04,0.9313,A,F,,,P1D,,A,,,,,,,99Q1=100,,,4,,4F0,,Swiss franc/Euro ECB reference exchange rate,"ECB reference exchange rate, Swiss franc/Euro, 2.15 pm (C.E.T.)",CHF,0
EXR.D.CHF.EUR.SP00.A,D,CHF,EUR,SP00,A,2024-01-05,0.932,A,F,,,P1D,,A,,,,,,,99Q1=100,,,4,,4F0,,Swiss franc/Euro ECB reference exchange rate,"ECB reference exchange rate, Swiss franc/Euro, 2.15 pm (C.E.T.)",CHF,0
EXR.D.CHF.EUR.SP00.A,D,CHF,EUR,SP00,A,2024-01-08,0.9308,A,F,,,P1D,,A,,,,,,,99Q1=100,,,4,,4F0,,Swiss franc/Euro ECB reference exchange rate,"ECB reference exchange rate, Swiss franc/Euro, 2.15 pm (C.E.T.)",CHF,0
EXR.D.CHF.EUR.SP00.A,D,CHF,EUR,SP00,A,2024-01-09,0.9313,A,F,,,P1D,,A,,,,,,,99Q1=100,,,4,,4F0,,Swiss franc/Euro ECB reference exchange rate,"ECB reference exchange rate, Swiss franc/Euro, 2.15 pm (C.E.T.)",CHF,0
EXR.D.CHF.EUR.SP00.A,D,CHF,EUR,SP00,A,2024-01-10,0.9336,A,F,,,P1D,,A,,,,,,,99Q1=100,,,4,,4F0,,Swiss franc/Euro ECB reference exchange rate,"ECB reference exchange rate, Swiss franc/Euro, 2.15 pm (C.E.T.)",CHF,0
EXR.D.CHF.EUR.SP00.A,D,CHF,EUR,SP00,A,2024-01-11,0.9338,A,F,,,P1D,,A,,,,,,,99Q1=100,,,4,,4F0,,Swiss franc/Euro ECB reference exchange rate,"ECB reference exchange rate, Swiss franc/Euro, 2.15 pm (C.E.T.)",CHF,0
EXR.D.CHF.EUR.SP00.A,D,CHF,EUR,SP00,A,2024-01-12,0.935,A,F,,,P1D,,A,,,,,,,99Q1=100,,,4,,4F0,,Swiss franc/Euro ECB reference exchange rate,"ECB reference exchange rate, Swiss franc/Euro, 2.15 pm (C.E.T.)",CHF,0
EXR.D.CHF.EUR.SP00.A,D,CHF,EUR,SP00,A,2024-01-15,0.9351,A,F,,,P1D,,A,,,,,,,99Q1=100,,,4,,4F0,,Swiss franc/Euro ECB reference exchange rate,"ECB reference exchange rate, Swiss franc/Euro, 2.15 pm (C.E.T.)",CHF,0
EXR.D.CHF.EUR.SP00.A,D,CHF,EUR,SP00,A,2024-01-16,0.9361,A,F,,,P1D,,A,,,,,,,99Q1=100,,,4,,4F0,,Swiss franc/Euro ECB reference exchange rate,"ECB reference exchange rate, Swiss franc/Euro, 2.15 pm (C.E.T.)",CHF,0
EXR.D.CHF.EUR.SP00.A,D,CHF,EUR,SP00,A,2024-01-17,0.9406,A,F,,,P1D,,A,,,,,,,99Q1=100,,,4,,4F0,,Swiss franc/Euro ECB reference exchange rate,"ECB reference exchange rate, Swiss franc/Euro, 2.15 pm (C.E.T.)",CHF,0
EXR.D.CHF.EUR.SP00.A,D,CHF,EUR,SP00,A,2024-01-18,0.9432,A,F,,,P1D,,A,,,,,,,99Q1=100,,,4,,4F0,,Swiss franc/Euro ECB reference exchange rate,"ECB reference exchange rate, Swiss franc/Euro, 2.15 pm (C.E.T.)",CHF,0
EXR.D.CHF.EUR.SP00.A,D,CHF,EUR,SP00,A,2024-01-19,0.9459,A,F,,,P1D,,A,,,,,,,99Q1=100,,,4,,4F0,,Swiss franc/Euro ECB reference exchange rate,"ECB reference exchange rate, Swiss franc/Euro, 2.15 pm (C.E.T.)",CHF,0
EXR.D.CHF.EUR.SP00.A,D,CHF,EUR,SP00,A,2024-01-22,0.9458,A,F,,,P1D,,A,,,,,,,99Q1=100,,,4,,4F0,,Swiss franc/Euro ECB reference exchange rate,"ECB reference exchange rate, Swiss franc/Euro, 2.15 pm (C.E.T.)",CHF,0
EXR.D.CHF.EUR.SP00.A,D,CHF,EUR,SP00,A,2024-01-23,0.9446,A,F,,,P1D,,A,,,,,,,99Q1=100,,,4,,4F0,,Swiss franc/Euro ECB reference exchange rate,"ECB reference exchange rate, Swiss franc/Euro, 2.15 pm (C.E.T.)",CHF,0
EXR.D.CHF.EUR.SP00.A,D,CHF,EUR,SP00,A,2024-01-24,0.9415,A,F,,,P1D,,A,,,,,,,99Q1=100,,,4,,4F0,,Swiss franc/Euro ECB reference exchange rate,"ECB reference exchange rate, Swiss franc/Euro, 2.15 pm (C.E.T.)",CHF,0
EXR.D.CHF.EUR.SP00.A,D,CHF,EUR,SP00,A,2024-01-25,0.942,A,F,,,P1D,,A,,,,,,,99Q1=100,,,4,,4F0,,Swiss franc/Euro ECB reference exchange rate,"ECB reference exchange rate, Swiss franc/Euro, 2.15 pm (C.E.T.)",CHF,0
EXR.D.CHF.EUR.SP00.A,D,CHF,EUR,SP00,A,2024-01-26,0.9396,A,F,,,P1D,,A,,,,,,,99Q1=100,,,4,,4F0,,Swiss franc/Euro ECB reference exchange rate,"ECB reference exchange rate, Swiss franc/Euro, 2.15 pm (C.E.T.)",CHF,0
EXR.D.CHF.EUR.SP00.A,D,CHF,EUR,SP00,A,2024-01-29,0.9339,A,F,,,P1D,,A,,,,,,,99Q1=100,,,4,,4F0,,Swiss franc/Euro ECB reference exchange rate,"ECB reference exchange rate, Swiss franc/Euro, 2.15 pm (C.E.T.)",CHF,0
EXR.D.CHF.EUR.SP00.A,D,CHF,EUR,SP00,A,2024-01-30,0.9365,A,F,,,P1D,,A,,,,,,,99Q1=100,,,4,,4F0,,Swiss franc/Euro ECB reference exchange rate,"ECB reference exchange rate, Swiss franc/Euro, 2.15 pm (C.E.T.)",CHF,0
EXR.D.CHF.EUR.SP00.A,D,CHF,EUR,SP00,A,2024-01-31,0.9348,A,F,,,P1D,,A,,,,,,,99Q1=100,,,4,,4F0,,Swiss franc/Euro ECB reference exchange rate,"ECB reference exchange rate, Swiss franc/Euro, 2.15 pm (C.E.T.)",CHF,0
EXR.D.CHF.EUR.SP00.A,D,CHF,EUR,SP00,A,2024-02-01,0.9336,A,F,,,P1D,,A,,,,,,,99Q1=100,,,4,,4F0,,Swiss franc/Euro ECB reference exchange rate,"ECB reference exchange rate, Swiss franc/Euro, 2.15 pm (C.E.T.)",CHF,0
EXR.D.CHF.EUR.SP00.A,D,CHF,EUR,SP00,A,2024-02-02,0.9315,A,F,,,P1D,,A,,,,,,,99Q1=100,,,4,,4F0,,Swiss franc/Euro ECB reference exchange rate,"ECB reference exchange rate, Swiss franc/Euro, 2.15 pm (C.E.T.)",CHF,0
EXR.D.CHF.EUR.SP00.A,D,CHF,EUR,SP00,A,2024-02-05,0.9347,A,F,,,P1D,,A,,,,,,,99Q1=100,,,4,,4F0,,Swiss franc/Euro ECB reference exchange rate,"ECB reference exchange rate, Swiss franc/Euro, 2.15 pm (C.E.T.)",CHF,0
EXR.D.CHF.EUR.SP00.A,D,CHF,EUR,SP00,A,2024-02-06,0.9366,A,F,,,P1D,,A,,,,,,,99Q1=100,,,4,,4F0,,Swiss franc/Euro ECB reference exchange rate,"ECB reference exchange rate, Swiss franc/Euro, 2.15 pm (C.E.T.)",CHF,0
EXR.D.CHF.EUR.SP00.A,D,CHF,EUR,SP00,A,2024-02-07,0.9393,A,F,,,P1D,,A,,,,,,,99Q1=100,,,4,,4F0,,Swiss franc/Euro ECB reference exchange rate,"ECB reference exchange rate, Swiss franc/Euro, 2.15 pm (C.E.T.)",CHF,0
EXR.D.CHF.EUR.SP00.A,D,CHF,EUR,SP00,A,2024-02-08,0.9409,A,F,,,P1D,,A,,,,,,,99Q1=100,,,4,,4F0,,Swiss franc/Euro ECB reference exchange rate,"ECB reference exchange rate, Swiss franc/Euro, 2.15 pm (C.E.T.)",CHF,0
EXR.D.CHF.EUR.SP00.A,D,CHF,EUR,SP00,A,2024-02-09,0.9432,A,F,,,P1D,,A,,,,,,,99Q1=100,,,4,,4F0,,Swiss franc/Euro ECB reference exchange rate,"ECB reference exchange rate, Swiss franc/Euro, 2.15 pm (C.E.T.)",CHF,0
EXR.D.CHF.EUR.SP00.A,D,CHF,EUR,SP00,A,2024-02-12,0.943,A,F,,,P1D,,A,,,,,,,99Q1=100,,,4,,4F0,,Swiss franc/Euro ECB reference exchange rate,"ECB reference exchange rate, Swiss franc/Euro, 2.15 pm (C.E.T.)",CHF,0
EXR.D.CHF.EUR.SP00.A,D,CHF,EUR,SP00,A,2024-02-13,0.9481,A,F,,,P1D,,A,,,,,,,99Q1=100,,,4,,4F0,,Swiss franc/Euro ECB reference exchange rate,"ECB reference exchange rate, Swiss franc/Euro, 2.15 pm (C.E.T.)",CHF,0
EXR.D.CHF.EUR.SP00.A,D,CHF,EUR,SP00,A,2024-02-14,0.9493,A,F,,,P1D,,A,,,,,,,99Q1=100,,,4,,4F0,,Swiss franc/Euro ECB reference exchange rate,"ECB reference exchange rate, Swiss franc/Euro, 2.15 pm (C.E.T.)",CHF,0
EXR.D.CHF.EUR.SP00.A,D,CHF,EUR,SP00,A,2024-02-15,0.9484,A,F,,,P1D,,A,,,,,,,99Q1=100,,,4,,4F0,,Swiss franc/Euro ECB reference exchange rate,"ECB reference exchange rate, Swiss franc/Euro, 2.15 pm (C.E.T.)",CHF,0
EXR.D.CHF.EUR.SP00.A,D,CHF,EUR,SP00,A,2024-02-16,0.9491,A,F,,,P1D,,A,,,,,,,99Q1=100,,,4,,4F0,,Swiss franc/Euro ECB reference exchange rate,"ECB reference exchange rate, Swiss franc/Euro, 2.15 pm (C.E.T.)",CHF,0
EXR.D.CHF.EUR.SP00.A,D,CHF,EUR,SP00,A,2024-02-19,0.9492,A,F,,,P1D,,A,,,,,,,99Q1=100,,,4,,4F0,,Swiss franc/Euro ECB reference exchange rate,"ECB reference exchange rate, Swiss franc/Euro, 2.15 pm (C.E.T.)",CHF,0
EXR.D.CHF.EUR.SP00.A,D,CHF,EUR,SP00,A,2024-02-20,0.9526,A,F,,,P1D,,A,,,,,,,99Q1=100,,,4,,4F0,,Swiss franc/Euro ECB reference exchange rate,"ECB reference exchange rate, Swiss franc/Euro, 2.15 pm (C.E.T.)",CHF,0
EXR.D.CHF.EUR.SP00.A,D,CHF,EUR,SP00,A,2024-02-21,0.951,A,F,,,P1D,,A,,,,,,,99Q1=100,,,4,,4F0,,Swiss franc/Euro ECB reference exchange rate,"ECB reference exchange rate, Swiss franc/Euro, 2.15 pm (C.E.T.)",CHF,0
EXR.D.CHF.EUR.SP00.A,D,CHF,EUR,SP00,A,2024-02-22,0.9535,A,F,,,P1D,,A,,,,,,,99Q1=100,,,4,,4F0,,Swiss franc/Euro ECB reference exchange rate,"ECB reference exchange rate, Swiss franc/Euro, 2.15 pm (C.E.T.)",CHF,0
EXR.D.CHF.EUR.SP00.A,D,CHF,EUR,SP00,A,2024-02-23,0.9522,A,F,,,P1D,,A,,,,,,,99Q1=100,,,4,,4F0,,Swiss franc/Euro ECB reference exchange rate,"ECB reference exchange rate, Swiss franc/Euro, 2.15 pm (C.E.T.)",CHF,0
EXR.D.CHF.EUR.SP00.A,D,CHF,EUR,SP00,A,2024-02-26,0.9546,A,F,,,P1D,,A,,,,,,,99Q1=100,,,4,,4F0,,Swiss franc/Euro ECB reference exchange rate,"ECB reference exchange rate, Swiss franc/Euro, 2.15 pm (C.E.T.)",CHF,0
EXR.D.CHF.EUR.SP00.A,D,CHF,EUR,SP00,A,2024-02-27,0.9544,A,F,,,P1D,,A,,,,,,,99Q1=100,,,4,,4F0,,Swiss franc/Euro ECB reference exchange rate,"ECB reference exchange rate, Swiss franc/Euro, 2.15 pm (C.E.T.)",CHF,0
EXR.D.CHF.EUR.SP00.A,D,CHF,EUR,SP00,A,2024-02-28,0.952,A,F,,,P1D,,A,,,,,,,99Q1=100,,,4,,4F0,,Swiss franc/Euro ECB reference exchange rate,"ECB reference exchange rate, Swiss franc/Euro, 2.15 pm (C.E.T.)",CHF,0
EXR.D.CHF.EUR.SP00.A,D,CHF,EUR,SP00,A,2024-02-29,0.9534,A,F,,,P1D,,A,,,,,,,99Q1=100,,,4,,4F0,,Swiss franc/Euro ECB reference exchange rate,"ECB reference exchange rate, Swiss franc/Euro, 2.15 pm (C.E.T.)",CHF,0
EXR.D.CHF.EUR.SP00.A,D,CHF,EUR,SP00,A,2024-03-01,0.9582,A,F,,,P1D,,A,,,,,,,99Q1=100,,,4,,4F0,,Swiss franc/Euro ECB reference exchange rate,"ECB reference exchange rate, Swiss franc/Euro, 2.15 pm (C.E.T.)",CHF,0
EXR.D.CHF.EUR.SP00.A,D,CHF,EUR,SP00,A,2024-03-04,0.9604,A,F,,,P1D,,A,,,,,,,99Q1=100,,,4,,4F0,,Swiss franc/Euro ECB reference exchange rate,"ECB reference exchange rate, Swiss franc/Euro, 2.15 pm (C.E.T.)",CHF,0
EXR.D.CHF.EUR.SP00.A,D,CHF,EUR,SP00,A,2024-03-05,0.9609,A,F,,,P1D,,A,,,,,,,99Q1=100,,,4,,4F0,,Swiss franc/Euro ECB reference exchange rate,"ECB reference exchange rate, Swiss franc/Euro, 2.15 pm (C.E.T.)",CHF,0
EXR.D.CHF.EUR.SP00.A,D,CHF,EUR,SP00,A,2024-03-06,0.9619,A,F,,,P1D,,A,,,,,,,99Q1=100,,,4,,4F0,,Swiss franc/Euro ECB reference exchange rate,"ECB reference exchange rate, Swiss franc/Euro, 2.15 pm (C.E.T.)",CHF,0
EXR.D.CHF.EUR.SP00.A,D,CHF,EUR,SP00,A,2024-03-07,0.9577,A,F,,,P1D,,A,,,,,,,99Q1=100,,,4,,4F0,,Swiss franc/Euro ECB reference exchange rate,"ECB reference exchange rate, Swiss franc/Euro, 2.15 pm (C.E.T.)",CHF,0
EXR.D.CHF.EUR.SP00.A,D,CHF,EUR,SP00,A,2024-03-08,0.9588,A,F,,,P1D,,A,,,,,,,99Q1=100,,,4,,4F0,,Swiss franc/Euro ECB reference exchange rate,"ECB reference exchange rate, Swiss franc/Euro, 2.15 pm (C.E.T.)",CHF,0
EXR.D.CHF.EUR.SP00.A,D,CHF,EUR,SP00,A,2024-03-11,0.9594,A,F,,,P1D,,A,,,,,,,99Q1=100,,,4,,4F0,,Swiss franc/Euro ECB reference exchange rate,"ECB reference exchange rate, Swiss franc/Euro, 2.15 pm (C.E.T.)",CHF,0
EXR.D.CHF.EUR.SP00.A,D,CHF,EUR,SP00,A,2024-03-12,0.9588,A,F,,,P1D,,A,,,,,,,99Q1=100,,,4,,4F0,,Swiss franc/Euro ECB reference exchange rate,"ECB reference exchange rate, Swiss franc/Euro, 2.15 pm (C.E.T.)",CHF,0
EXR.D.CHF.EUR.SP00.A,D,CHF,EUR,SP00,A,2024-03-13,0.9599,A,F,,,P1D,,A,,,,,,,99Q1=100,,,4,,4F0,,Swiss franc/Euro ECB reference exchange rate,"ECB reference exchange rate, Swiss franc/Euro, 2.15 pm (C.E.T.)",CHF,0
EXR.D.CHF.EUR.SP00.A,D,CHF,EUR,SP00,A,2024-03-14,0.9616,A,F,,,P1D,,A,,,,,,,99Q1=100,,,4,,4F0,,Swiss franc/Euro ECB reference exchange rate,"ECB reference exchange rate, Swiss franc/Euro, 2.15 pm (C.E.T.)",CHF,0
EXR.D.CHF.EUR.SP00.A,D,CHF,EUR,SP00,A,2024-03-15,0.9613,A,F,,,P1D,,A,,,,,,,99Q1=100,,,4,,4F0,,Swiss franc/Euro ECB reference exchange rate,"ECB reference exchange rate, Swiss franc/Euro, 2.15 pm (C.E.T.)",CHF,0
EXR.D.CHF.EUR.SP00.A,D,CHF,EUR,SP00,A,2024-03-18,0.963,A,F,,,P1D,,A,,,,,,,99Q1=100,,,4,,4F0,,Swiss franc/Euro ECB reference exchange rate,"ECB reference exchange rate, Swiss franc/Euro, 2.15 pm (C.E.T.)",CHF,0
EXR.D.CHF.EUR.SP00.A,D,CHF,EUR,SP00,A,2024-03-19,0.963,A,F,,,P1D,,A,,,,,,,99Q1=100,,,4,,4F0,,Swiss franc/Euro ECB reference exchange rate,"ECB reference exchange rate, Swiss franc/Euro, 2.15 pm (C.E.T.)",CHF,0
EXR.D.CHF.EUR.SP00.A,D,CHF,EUR,SP00,A,2024-03-20,0.9658,A,F,,,P1D,,A,,,,,,,99Q1=100,,,4,,4F0,,Swiss franc/Euro ECB reference exchange rate,"ECB reference exchange rate, Swiss franc/Euro, 2.15 pm (C.E.T.)",CHF,0
EXR.D.CHF.EUR.SP00.A,D,CHF,EUR,SP00,A,2024-03-21,0.9766,A,F,,,P1D,,A,,,,,,,99Q1=100,,,4,,4F0,,Swiss franc/Euro ECB reference exchange rate,"ECB reference exchange rate, Swiss franc/Euro, 2.15 pm (C.E.T.)",CHF,0
EXR.D.CHF.EUR.SP00.A,D,CHF,EUR,SP00,A,2024-03-22,0.9729,A,F,,,P1D,,A,,,,,,,99Q1=100,,,4,,4F0,,Swiss franc/Euro ECB reference exchange rate,"ECB reference exchange rate, Swiss franc/Euro, 2.15 pm (C.E.T.)",CHF,0
EXR.D.CHF.EUR.SP00.A,D,CHF,EUR,SP00,A,2024-03-25,0.9724,A,F,,,P1D,,A,,,,,,,99Q1=100,,,4,,4F0,,Swiss franc/Euro ECB reference exchange rate,"ECB reference exchange rate, Swiss franc/Euro, 2.15 pm (C.E.T.)",CHF,0
EXR.D.CHF.EUR.SP00.A,D,CHF,EUR,SP00,A,2024-03-26,0.981,A,F,,,P1D,,A,,,,,,,99Q1=100,,,4,,4F0,,Swiss franc/Euro ECB reference exchange rate,"ECB reference exchange rate, Swiss franc/Euro, 2.15 pm (C.E.T.)",CHF,0
EXR.D.CHF.EUR.SP00.A,D,CHF,EUR,SP00,A,2024-03-27,0.9811,A,F,,,P1D,,A,,,,,,,99Q1=100,,,4,,4F0,,Swiss franc/Euro ECB reference exchange rate,"ECB reference exchange rate, Swiss franc/Euro, 2.15 pm (C.E.T.)",CHF,0
EXR.D.CHF.EUR.SP00.A,D,CHF,EUR,SP00,A,2024-03-28,0.9766,A,F,,,P1D,,A,,,,,,,99Q1=100,,,4,,4F0,,Swiss franc/Euro ECB reference exchange rate,"ECB reference exchange rate, Swiss franc/Euro, 2.15 pm (C.E.T.)",CHF,0
EXR.D.CHF.EUR.SP00.A,D,CHF,EUR,SP00,A,2024-04-02,0.9765,A,F,,,P1D,,A,,,,,,,99Q1=100,,,4,,4F0,,Swiss franc/Euro ECB reference exchange rate,"ECB reference exchange rate, Swiss franc/Euro, 2.15 pm (C.E.T.)",CHF,0
EXR.D.CHF.EUR.SP00.A,D,CHF,EUR,SP00,A,2024-04-03,0.9792,A,F,,,P1D,,A,,,,,,,99Q1=100,,,4,,4F0,,Swiss franc/Euro ECB reference exchange rate,"ECB reference exchange rate, Swiss franc/Euro, 2.15 pm (C.E.T.)",CHF,0
EXR.D.CHF.EUR.SP00.A,D,CHF,EUR,SP00,A,2024-04-04,0.9846,A,F,,,P1D,,A,,,,,,,99Q1=100,,,4,,4F0,,Swiss franc/Euro ECB reference exchange rate,"ECB reference exchange rate, Swiss franc/Euro, 2.15 pm (C.E.T.)",CHF,0
EXR.D.CHF.EUR.SP00.A,D,CHF,EUR,SP00,A,2024-04-05,0.9793,A,F,,,P1D,,A,,,,,,,99Q1=100,,,4,,4F0,,Swiss franc/Euro ECB reference exchange rate,"ECB reference exchange rate, Swiss franc/Euro, 2.15 pm (C.E.T.)",CHF,0
EXR.D.CHF.EUR.SP00.A,D,CHF,EUR,SP00,A,2024-04-08,0.9807,A,F,,,P1D,,A,,,,,,,99Q1=100,,,4,,4F0,,Swiss franc/Euro ECB reference exchange rate,"ECB reference exchange rate, Swiss franc/Euro, 2.15 pm (C.E.T.)",CHF,0
EXR.D.CHF.EUR.SP00.A,D,CHF,EUR,SP00,A,2024-04-09,0.9819,A,F,,,P1D,,A,,,,,,,99Q1=100,,,4,,4F0,,Swiss franc/Euro ECB reference exchange rate,"ECB reference exchange rate, Swiss franc/Euro, 2.15 pm (C.E.T.)",CHF,0
EXR.D.CHF.EUR.SP00.A,D,CHF,EUR,SP00,A,2024-04-10,0.981,A,F,,,P1D,,A,,,,,,,99Q1=100,,,4,,4F0,,Swiss franc/Euro ECB reference exchange rate,"ECB reference exchange rate, Swiss franc/Euro, 2.15 pm (C.E.T.)",CHF,0
EXR.D.CHF.EUR.SP00.A,D,CHF,EUR,SP00,A,2024-04-11,0.9787,A,F,,,P1D,,A,,,,,,,99Q1=100,,,4,,4F0,,Swiss franc/Euro ECB reference exchange rate,"ECB reference exchange rate, Swiss franc/Euro, 2.15 pm (C.E.T.)",CHF,0
EXR.D.CHF.EUR.SP00.A,D,CHF,EUR,SP00,A,2024-04-12,0.9716,A,F,,,P1D,,A,,,,,,,99Q1=100,,,4,,4F0,,Swiss franc/Euro ECB reference exchange rate,"ECB reference exchange rate, Swiss franc/Euro, 2.15 pm (C.E.T.)",CHF,0
EXR.D.CHF.EUR.SP00.A,D,CHF,EUR,SP00,A,2024-04-15,0.9725,A,F,,,P1D,,A,,,,,,,99Q1=100,,,4,,4F0,,Swiss franc/Euro ECB reference exchange rate,"ECB reference exchange rate, Swiss franc/Euro, 2.15 pm (C.E.T.)",CHF,0
EXR.D.CHF.EUR.SP00.A,D,CHF,EUR,SP00,A,2024-04-16,0.9712,A,F,,,P1D,,A,,,,,,,99Q1=100,,,4,,4F0,,Swiss franc/Euro ECB reference exchange rate,"ECB reference exchange rate, Swiss franc/Euro, 2.15 pm (C.E.T.)",CHF,0
EXR.D.CHF.EUR.SP00.A,D,CHF,EUR,SP00,A,2024-04-17,0.9693,A,F,,,P1D,,A,,,,,,,99Q1=100,,,4,,4F0,,Swiss franc/Euro ECB reference exchange rate,"ECB reference exchange rate, Swiss franc/Euro, 2.15 pm (C.E.T.)",CHF,0
EXR.D.CHF.EUR.SP00.A,D,CHF,EUR,SP00,A,2024-04-18,0.9704,A,F,,,P1D,,A,,,,,,,99Q1=100,,,4,,4F0,,Swiss franc/Euro ECB reference exchange rate,"ECB reference exchange rate, Swiss franc/Euro, 2.15 pm (C.E.T.)",CHF,0
EXR.D.CHF.EUR.SP00.A,D,CHF,EUR,SP00,A,2024-04-19,0.968,A,F,,,P1D,,A,,,,,,,99Q1=100,,,4,,4F0,,Swiss franc/Euro ECB reference exchange rate,"ECB reference exchange rate, Swiss franc/Euro, 2.15 pm (C.E.T.)",CHF,0
EXR.D.CHF.EUR.SP00.A,D,CHF,EUR,SP00,A,2024-04-22,0.9693,A,F,,,P1D,,A,,,,,,,99Q1=100,,,4,,4F0,,Swiss franc/Euro ECB reference exchange rate,"ECB reference exchange rate, Swiss franc/Euro, 2.15 pm (C.E.T.)",CHF,0
EXR.D.CHF.EUR.SP00.A,D,CHF,EUR,SP00,A,2024-04-23,0.9724,A,F,,,P1D,,A,,,,,,,99Q1=100,,,4,,4F0,,Swiss franc/Euro ECB reference exchange rate,"ECB reference exchange rate, Swiss franc/Euro, 2.15 pm (C.E.T.)",CHF,0
EXR.D.CHF.EUR.SP00.A,D,CHF,EUR,SP00,A,2024-04-24,0.9774,A,F,,,P1D,,A,,,,,,,99Q1=100,,,4,,4F0,,Swiss franc/Euro ECB reference exchange rate,"ECB reference exchange rate, Swiss franc/Euro, 2.15 pm (C.E.T.)",CHF,0
EXR.D.CHF.EUR.SP00.A,D,CHF,EUR,SP00,A,2024-04-25,0.9792,A,F,,,P1D,,A,,,,,,,99Q1=100,,,4,,4F0,,Swiss franc/Euro ECB reference exchange rate,"ECB reference exchange rate, Swiss franc/Euro, 2.15 pm (C.E.T.)",CHF,0
EXR.D.CHF.EUR.SP00.A,D,CHF,EUR,SP00,A,2024-04-26,0.9779,A,F,,,P1D,,A,,,,,,,99Q1=100,,,4,,4F0,,Swiss franc/Euro ECB reference exchange rate,"ECB reference exchange rate, Swiss franc/Euro, 2.15 pm (C.E.T.)",CHF,0
EXR.D.CHF.EUR.SP00.A,D,CHF,EUR,SP00,A,2024-04-29,0.9776,A,F,,,P1D,,A,,,,,,,99Q1=100,,,4,,4F0,,Swiss franc/Euro ECB reference exchange rate,"ECB reference exchange rate, Swiss franc/Euro, 2.15 pm (C.E.T.)",CHF,0
EXR.D.CHF.EUR.SP00.A,D,CHF,EUR,SP00,A,2024-04-30,0.9787,A,F,,,P1D,,A,,,,,,,99Q1=100,,,4,,4F0,,Swiss franc/Euro ECB reference exchange rate,"ECB reference exchange rate, Swiss franc/Euro, 2.15 pm (C.E.T.)",CHF,0
EXR.D.CHF.EUR.SP00.A,D,CHF,EUR,SP00,A,2024-05-02,0.9759,A,F,,,P1D,,A,,,,,,,99Q1=100,,,4,,4F0,,Swiss franc/Euro ECB reference exchange rate,"ECB reference exchange rate, Swiss franc/Euro, 2.15 pm (C.E.T.)",CHF,0
EXR.D.CHF.EUR.SP00.A,D,CHF,EUR,SP00,A,2024-05-03,0.9744,A,F,,,P1D,,A,,,,,,,99Q1=100,,,4,,4F0,,Swiss franc/Euro ECB reference exchange rate,"ECB reference exchange rate, Swiss franc/Euro, 2.15 pm (C.E.T.)",CHF,0
EXR.D.CHF.EUR.SP00.A,D,CHF,EUR,SP00,A,2024-05-06,0.9754,A,F,,,P1D,,A,,,,,,,99Q1=100,,,4,,4F0,,Swiss franc/Euro ECB reference exchange rate,"ECB reference exchange rate, Swiss franc/Euro, 2.15 pm (C.E.T.)",CHF,0
EXR.D.CHF.EUR.SP00.A,D,CHF,EUR,SP00,A,2024-05-07,0.977,A,F,,,P1D,,A,,,,,,,99Q1=100,,,4,,4F0,,Swiss franc/Euro ECB reference exchange rate,"ECB reference exchange rate, Swiss franc/Euro, 2.15 pm (C.E.T.)",CHF,0
EXR.D.CHF.EUR.SP00.A,D,CHF,EUR,SP00,A,2024-05-08,0.977,A,F,,,P1D,,A,,,,,,,99Q1=100,,,4,,4F0,,Swiss franc/Euro ECB reference exchange rate,"ECB reference exchange rate, Swiss franc/Euro, 2.15 pm (C.E.T.)",CHF,0
EXR.D.CHF.EUR.SP00.A,D,CHF,EUR,SP00,A,2024-05-09,0.976,A,F,,,P1D,,A,,,,,,,99Q1=100,,,4,,4F0,,Swiss franc/Euro ECB reference exchange rate,"ECB reference exchange rate, Swiss franc/Euro, 2.15 pm (C.E.T.)",CHF,0
EXR.D.CHF.EUR.SP00.A,D,CHF,EUR,SP00,A,2024-05-10,0.9779,A,F,,,P1D,,A,,,,,,,99Q1=100,,,4,,4F0,,Swiss franc/Euro ECB reference exchange rate,"ECB reference exchange rate, Swiss franc/Euro, 2.15 pm (C.E.T.)",CHF,0
EXR.D.CHF.EUR.SP00.A,D,CHF,EUR,SP00,A,2024-05-13,0.9784,A,F,,,P1D,,A,,,,,,,99Q1=100,,,4,,4F0,,Swiss franc/Euro ECB reference exchange rate,"ECB reference exchange rate, Swiss franc/Euro, 2.15 pm (C.E.T.)",CHF,0
EXR.D.CHF.EUR.SP00.A,D,CHF,EUR,SP00,A,2024-05-14,0.9801,A,F,,,P1D,,A,,,,,,,99Q1=100,,,4,,4F0,,Swiss franc/Euro ECB reference exchange rate,"ECB reference exchange rate, Swiss franc/Euro, 2.15 pm (C.E.T.)",CHF,0
EXR.D.CHF.EUR.SP00.A,D,CHF,EUR,SP00,A,2024-05-15,0.98,A,F,,,P1D,,A,,,,,,,99Q1=100,,,4,,4F0,,Swiss franc/Euro ECB reference exchange rate,"ECB reference exchange rate, Swiss franc/Euro, 2.15 pm (C.E.T.)",CHF,0
EXR.D.CHF.EUR.SP00.A,D,CHF,EUR,SP00,A,2024-05-16,0.9822,A,F,,,P1D,,A,,,,,,,99Q1=100,,,4,,4F0,,Swiss franc/Euro ECB reference exchange rate,"ECB reference exchange rate, Swiss franc/Euro, 2.15 pm (C.E.T.)",CHF,0
EXR.D.CHF.EUR.SP00.A,D,CHF,EUR,SP00,A,2024-05-17,0.9855,A,F,,,P1D,,A,,,,,,,99Q1=100,,,4,,4F0,,Swiss franc/Euro ECB reference exchange rate,"ECB reference exchange rate, Swiss franc/Euro, 2.15 pm (C.E.T.)",CHF,0
EXR.D.CHF.EUR.SP00.A,D,CHF,EUR,SP00,A,2024-05-20,0.988,A,F,,,P1D,,A,,,,,,,99Q1=100,,,4,,4F0,,Swiss franc/Euro ECB reference exchange rate,"ECB reference exchange rate, Swiss franc/Euro, 2.15 pm (C.E.T.)",CHF,0
EXR.D.CHF.EUR.SP00.A,D,CHF,EUR,SP00,A,2024-05-21,0.9884,A,F,,,P1D,,A,,,,,,,99Q1=100,,,4,,4F0,,Swiss franc/Euro ECB reference exchange rate,"ECB reference exchange rate, Swiss franc/Euro, 2.15 pm (C.E.T.)",CHF,0
EXR.D.CHF.EUR.SP00.A,D,CHF,EUR,SP00,A,2024-05-22,0.9905,A,F,,,P1D,,A,,,,,,,99Q1=100,,,4,,4F0,,Swiss franc/Euro ECB reference exchange rate,"ECB reference exchange rate, Swiss franc/Euro, 2.15 pm (C.E.T.)",CHF,0
EXR.D.CHF.EUR.SP00.A,D,CHF,EUR,SP00,A,2024-05-23,0.9907,A,F,,,P1D,,A,,,,,,,99Q1=100,,,4,,4F0,,Swiss franc/Euro ECB reference exchange rate,"ECB reference exchange rate, Swiss franc/Euro, 2.15 pm (C.E.T.)",CHF,0
EXR.D.CHF.EUR.SP00.A,D,CHF,EUR,SP00,A,2024-05-24,0.9924,A,F,,,P1D,,A,,,,,,,99Q1=100,,,4,,4F0,,Swiss franc/Euro ECB reference exchange rate,"ECB reference exchange rate, Swiss franc/Euro, 2.15 pm (C.E.T.)",CHF,0
EXR.D.CHF.EUR.SP00.A,D,CHF,EUR,SP00,A,2024-05-27,0.9922,A,F,,,P1D,,A,,,,,,,99Q1=100,,,4,,4F0,,Swiss franc/Euro ECB reference exchange rate,"ECB reference exchange rate, Swiss franc/Euro, 2.15 pm (C.E.T.)",CHF,0
EXR.D.CHF.EUR.SP00.A,D,CHF,EUR,SP00,A,2024-05-28,0.9908,A,F,,,P1D,,A,,,,,,,99Q1=100,,,4,,4F0,,Swiss franc/Euro ECB reference exchange rate,"ECB reference exchange rate, Swiss franc/Euro, 2.15 pm (C.E.T.)",CHF,0
EXR.D.CHF.EUR.SP00.A,D,CHF,EUR,SP00,A,2024-05-29,0.9907,A,F,,,P1D,,A,,,,,,,99Q1=100,,,4,,4F0,,Swiss franc/Euro ECB reference exchange rate,"ECB reference exchange rate, Swiss franc/Euro, 2.15 pm (C.E.T.)",CHF,0
EXR.D.CHF.EUR.SP00.A,D,CHF,EUR,SP00,A,2024-05-30,0.9808,A,F,,,P1D,,A,,,,,,,99Q1=100,,,4,,4F0,,Swiss franc/Euro ECB reference exchange rate,"ECB reference exchange rate, Swiss franc/Euro, 2.15 pm (C.E.T.)",CHF,0
EXR.D.CHF.EUR.SP00.A,D,CHF,EUR,SP00,A,2024-05-31,0.9818,A,F,,,P1D,,A,,,,,,,99Q1=100,,,4,,4F0,,Swiss franc/Euro ECB reference exchange rate,"ECB reference exchange rate, Swiss franc/Euro, 2.15 pm (C.E.T.)",CHF,0
EXR.D.CHF.EUR.SP00.A,D,CHF,EUR,SP00,A,2024-06-03,0.9772,A,F,,,P1D,,A,,,,,,,99Q1=100,,,4,,4F0,,Swiss franc/Euro ECB reference exchange rate,"ECB reference exchange rate, Swiss franc/Euro, 2.15 pm (C.E.T.)",CHF,0
EXR.D.CHF.EUR.SP00.A,D,CHF,EUR,SP00,A,2024-06-04,0.9703,A,F,,,P1D,,A,,,,,,,99Q1=100,,,4,,4F0,,Swiss franc/Euro ECB reference exchange rate,"ECB reference exchange rate, Swiss franc/Euro, 2.15 pm (C.E.T.)",CHF,0
EXR.D.CHF.EUR.SP00.A,D,CHF,EUR,SP00,A,2024-06-05,0.9704,A,F,,,P1D,,A,,,,,,,99Q1=100,,,4,,4F0,,Swiss franc/Euro ECB reference exchange rate,"ECB reference exchange rate, Swiss franc/Euro, 2.15 pm (C.E.T.)",CHF,0
EXR.D.CHF.EUR.SP00.A,D,CHF,EUR,SP00,A,2024-06-06,0.9687,A,F,,,P1D,,A,,,,,,,99Q1=100,,,4,,4F0,,Swiss franc/Euro ECB reference exchange rate,"ECB reference exchange rate, Swiss franc/Euro, 2.15 pm (C.E.T.)",CHF,0
EXR.D.CHF.EUR.SP00.A,D,CHF,EUR,SP00,A,2024-06-07,0.9696,A,F,,,P1D,,A,,,,,,,99Q1=100,,,4,,4F0,,Swiss franc/Euro ECB reference exchange rate,"ECB reference exchange rate, Swiss franc/Euro, 2.15 pm (C.E.T.)",CHF,0
EXR.D.CHF.EUR.SP00.A,D,CHF,EUR,SP00,A,2024-06-10,0.9637,A,F,,,P1D,,A,,,,,,,99Q1=100,,,4,,4F0,,Swiss franc/Euro ECB reference exchange rate,"ECB reference exchange rate, Swiss franc/Euro, 2.15 pm (C.E.T.)",CHF,0
EXR.D.CHF.EUR.SP00.A,D,CHF,EUR,SP00,A,2024-06-11,0.9622,A,F,,,P1D,,A,,,,,,,99Q1=100,,,4,,4F0,,Swiss franc/Euro ECB reference exchange rate,"ECB reference exchange rate, Swiss franc/Euro, 2.15 pm (C.E.T.)",CHF,0
EXR.D.CHF.EUR.SP00.A,D,CHF,EUR,SP00,A,2024-06-12,0.9641,A,F,,,P1D,,A,,,,,,,99Q1=100,,,4,,4F0,,Swiss franc/Euro ECB reference exchange rate,"ECB reference exchange rate, Swiss franc/Euro, 2.15 pm (C.E.T.)",CHF,0
EXR.D.CHF.EUR.SP00.A,D,CHF,EUR,SP00,A,2024-06-13,0.9668,A,F,,,P1D,,A,,,,,,,99Q1=100,,,4,,4F0,,Swiss franc/Euro ECB reference exchange rate,"ECB reference exchange rate, Swiss franc/Euro, 2.15 pm (C.E.T.)",CHF,0
EXR.D.CHF.EUR.SP00.A,D,CHF,EUR,SP00,A,2024-06-14,0.9534,A,F,,,P1D,,A,,,,,,,99Q1=100,,,4,,4F0,,Swiss franc/Euro ECB reference exchange rate,"ECB reference exchange rate, Swiss franc/Euro, 2.15 pm (C.E.T.)",CHF,0
EXR.D.CHF.EUR.SP00.A,D,CHF,EUR,SP00,A,2024-06-17,0.9561,A,F,,,P1D,,A,,,,,,,99Q1=100,,,4,,4F0,,Swiss franc/Euro ECB reference exchange rate,"ECB reference exchange rate, Swiss franc/Euro, 2.15 pm (C.E.T.)",CHF,0
EXR.D.CHF.EUR.SP00.A,D,CHF,EUR,SP00,A,2024-06-18,0.9512,A,F,,,P1D,,A,,,,,,,99Q1=100,,,4,,4F0,,Swiss franc/Euro ECB reference exchange rate,"ECB reference exchange rate, Swiss franc/Euro, 2.15 pm (C.E.T.)",CHF,0
EXR.D.CHF.EUR.SP00.A,D,CHF,EUR,SP00,A,2024-06-19,0.9506,A,F,,,P1D,,A,,,,,,,99Q1=100,,,4,,4F0,,Swiss franc/Euro ECB reference exchange rate,"ECB reference exchange rate, Swiss franc/Euro, 2.15 pm (C.E.T.)",CHF,0
EXR.D.CHF.EUR.SP00.A,D,CHF,EUR,SP00,A,2024-06-20,0.9546,A,F,,,P1D,,A,,,,,,,99Q1=100,,,4,,4F0,,Swiss franc/Euro ECB reference exchange rate,"ECB reference exchange rate, Swiss franc/Euro, 2.15 pm (C.E.T.)",CHF,0
EXR.D.CHF.EUR.SP00.A,D,CHF,EUR,SP00,A,2024-06-21,0.9537,A,F,,,P1D,,A,,,,,,,99Q1=100,,,4,,4F0,,Swiss franc/Euro ECB reference exchange rate,"ECB reference exchange rate, Swiss franc/Euro, 2.15 pm (C.E.T.)",CHF,0
EXR.D.CHF.EUR.SP00.A,D,CHF,EUR,SP00,A,2024-06-24,0.9586,A,F,,,P1D,,A,,,,,,,99Q1=100,,,4,,4F0,,Swiss franc/Euro ECB reference exchange rate,"ECB reference exchange rate, Swiss franc/Euro, 2.15 pm (C.E.T.)",CHF,0
EXR.D.CHF.EUR.SP00.A,D,CHF,EUR,SP00,A,2024-06-25,0.9575,A,F,,,P1D,,A,,,,,,,99Q1=100,,,4,,4F0,,Swiss franc/Euro ECB reference exchange rate,"ECB reference exchange rate, Swiss franc/Euro, 2.15 pm (C.E.T.)",CHF,0
EXR.D.CHF.EUR.SP00.A,D,CHF,EUR,SP00,A,2024-06-26,0.9585,A,F,,,P1D,,A,,,,,,,99Q1=100,,,4,,4F0,,Swiss franc/Euro ECB reference exchange rate,"ECB reference exchange rate, Swiss franc/Euro, 2.15 pm (C.E.T.)",CHF,0
EXR.D.CHF.EUR.SP00.A,D,CHF,EUR,SP00,A,2024-06-27,0.9604,A,F,,,P1D,,A,,,,,,,99Q1=100,,,4,,4F0,,Swiss franc/Euro ECB reference exchange rate,"ECB reference exchange rate, Swiss franc/Euro, 2.15 pm (C.E.T.)",CHF,0
EXR.D.CHF.EUR.SP00.A,D,CHF,EUR,SP00,A,2024-06-28,0.9634,A,F,,,P1D,,A,,,,,,,99Q1=100,,,4,,4F0,,Swiss franc/Euro ECB reference exchange rate,"ECB reference exchange rate, Swiss franc/Euro, 2.15 pm (C.E.T.)",CHF,0
EXR.D.CHF.EUR.SP00.A,D,CHF,EUR,SP00,A,2024-07-01,0.9689,A,F,,,P1D,,A,,,,,,,99Q1=100,,,4,,4F0,,Swiss franc/Euro ECB reference exchange rate,"ECB reference exchange rate, Swiss franc/Euro, 2.15 pm (C.E.T.)",CHF,0
EXR.D.CHF.EUR.SP00.A,D,CHF,EUR,SP00,A,2024-07-02,0.9697,A,F,,,P1D,,A,,,,,,,99Q1=100,,,4,,4F0,,Swiss franc/Euro ECB reference exchange rate,"ECB reference exchange rate, Swiss franc/Euro, 2.15 pm (C.E.T.)",CHF,0
EXR.D.CHF.EUR.SP00.A,D,CHF,EUR,SP00,A,2024-07-03,0.9718,A,F,,,P1D,,A,,,,,,,99Q1=100,,,4,,4F0,,Swiss franc/Euro ECB reference exchange rate,"ECB reference exchange rate, Swiss franc/Euro, 2.15 pm (C.E.T.)",CHF,0
EXR.D.CHF.EUR.SP00.A,D,CHF,EUR,SP00,A,2024-07-04,0.9717,A,F,,,P1D,,A,,,,,,,99Q1=100,,,4,,4F0,,Swiss franc/Euro ECB reference exchange rate,"ECB reference exchange rate, Swiss franc/Euro, 2.15 pm (C.E.T.)",CHF,0
EXR.D.CHF.EUR.SP00.A,D,CHF,EUR,SP00,A,2024-07-05,0.973,A,F,,,P1D,,A,,,,,,,99Q1=100,,,4,,4F0,,Swiss franc/Euro ECB reference exchange rate,"ECB reference exchange rate, Swiss franc/Euro, 2.15 pm (C.E.T.)",CHF,0
EXR.D.CHF.EUR.SP00.A,D,CHF,EUR,SP00,A,2024-07-08,0.9711,A,F,,,P1D,,A,,,,,,,99Q1=100,,,4,,4F0,,Swiss franc/Euro ECB reference exchange rate,"ECB reference exchange rate, Swiss franc/Euro, 2.15 pm (C.E.T.)",CHF,0
EXR.D.CHF.EUR.SP00.A,D,CHF,EUR,SP00,A,2024-07-09,0.9712,A,F,,,P1D,,A,,,,,,,99Q1=100,,,4,,4F0,,Swiss franc/Euro ECB reference exchange rate,"ECB reference exchange rate, Swiss franc/Euro, 2.15 pm (C.E.T.)",CHF,0
EXR.D.CHF.EUR.SP00.A,D,CHF,EUR,SP00,A,2024-07-10,0.9723,A,F,,,P1D,,A,,,,,,,99Q1=100,,,4,,4F0,,Swiss franc/Euro ECB reference exchange rate,"ECB reference exchange rate, Swiss franc/Euro, 2.15 pm (C.E.T.)",CHF,0
EXR.D.CHF.EUR.SP00.A,D,CHF,EUR,SP00,A,2024-07-11,0.9749,A,F,,,P1D,,A,,,,,,,99Q1=100,,,4,,4F0,,Swiss franc/Euro ECB reference exchange rate,"ECB reference exchange rate, Swiss franc/Euro, 2.15 pm (C.E.T.)",CHF,0
EXR.D.CHF.EUR.SP00.A,D,CHF,EUR,SP00,A,2024-07-12,0.9747,A,F,,,P1D,,A,,,,,,,99Q1=100,,,4,,4F0,,Swiss franc/Euro ECB reference exchange rate,"ECB reference exchange rate, Swiss franc/Euro, 2.15 pm (C.E.T.)",CHF,0
EXR.D.CHF.EUR.SP00.A,D,CHF,EUR,SP00,A,2024-07-15,0.9755,A,F,,,P1D,,A,,,,,,,99Q1=100,,,4,,4F0,,Swiss franc/Euro ECB reference exchange rate,"ECB reference exchange rate, Swiss franc/Euro, 2.15 pm (C.E.T.)",CHF,0
EXR.D.CHF.EUR.SP00.A,D,CHF,EUR,SP00,A,2024-07-16,0.9761,A,F,,,P1D,,A,,,,,,,99Q1=100,,,4,,4F0,,Swiss franc/Euro ECB reference exchange rate,"ECB reference exchange rate, Swiss franc/Euro, 2.15 pm (C.E.T.)",CHF,0
EXR.D.CHF.EUR.SP00.A,D,CHF,EUR,SP00,A,2024-07-17,0.9693,A,F,,,P1D,,A,,,,,,,99Q1=100,,,4,,4F0,,Swiss franc/Euro ECB reference exchange rate,"ECB reference exchange rate, Swiss franc/Euro, 2.15 pm (C.E.T.)",CHF,0
EXR.D.CHF.EUR.SP00.A,D,CHF,EUR,SP00,A,2024-07-18,0.9666,A,F,,,P1D,,A,,,,,,,99Q1=100,,,4,,4F0,,Swiss franc/Euro ECB reference exchange rate,"ECB reference exchange rate, Swiss franc/Euro, 2.15 pm (C.E.T.)",CHF,0
EXR.D.CHF.EUR.SP00.A,D,CHF,EUR,SP00,A,2024-07-19,0.9688,A,F,,,P1D,,A,,,,,,,99Q1=100,,,4,,4F0,,Swiss franc/Euro ECB reference exchange rate,"ECB reference exchange rate, Swiss franc/Euro, 2.15 pm (C.E.T.)",CHF,0
EXR.D.CHF.EUR.SP00.A,D,CHF,EUR,SP00,A,2024-07-22,0.9671,A,F,,,P1D,,A,,,,,,,99Q1=100,,,4,,4F0,,Swiss franc/Euro ECB reference exchange rate,"ECB reference exchange rate, Swiss franc/Euro, 2.15 pm (C.E.T.)",CHF,0
EXR.D.CHF.EUR.SP00.A,D,CHF,EUR,SP00,A,2024-07-23,0.9681,A,F,,,P1D,,A,,,,,,,99Q1=100,,,4,,4F0,,Swiss franc/Euro ECB reference exchange rate,"ECB reference exchange rate, Swiss franc/Euro, 2.15 pm (C.E.T.)",CHF,0
EXR.D.CHF.EUR.SP00.A,D,CHF,EUR,SP00,A,2024-07-24,0.9609,A,F,,,P1D,,A,,,,,,,99Q1=100,,,4,,4F0,,Swiss franc/Euro ECB reference exchange rate,"ECB reference exchange rate, Swiss franc/Euro, 2.15 pm (C.E.T.)",CHF,0
EXR.D.CHF.EUR.SP00.A,D,CHF,EUR,SP00,A,2024-07-25,0.9534,A,F,,,P1D,,A,,,,,,,99Q1=100,,,4,,4F0,,Swiss franc/Euro ECB reference exchange rate,"ECB reference exchange rate, Swiss franc/Euro, 2.15 pm (C.E.T.)",CHF,0
EXR.D.CHF.EUR.SP00.A,D,CHF,EUR,SP00,A,2024-07-26,0.9594,A,F,,,P1D,,A,,,,,,,99Q1=100,,,4,,4F0,,Swiss franc/Euro ECB reference exchange rate,"ECB reference exchange rate, Swiss franc/Euro, 2.15 pm (C.E.T.)",CHF,0
EXR.D.CHF.EUR.SP00.A,D,CHF,EUR,SP00,A,2024-07-29,0.9578,A,F,,,P1D,,A,,,,,,,99Q1=100,,,4,,4F0,,Swiss franc/Euro ECB reference exchange rate,"ECB reference exchange rate, Swiss franc/Euro, 2.15 pm (C.E.T.)",CHF,0
EXR.D.CHF.EUR.SP00.A,D,CHF,EUR,SP00,A,2024-07-30,0.9592,A,F,,,P1D,,A,,,,,,,99Q1=100,,,4,,4F0,,Swiss franc/Euro ECB reference exchange rate,"ECB reference exchange rate, Swiss franc/Euro, 2.15 pm (C.E.T.)",CHF,0
EXR.D.CHF.EUR.SP00.A,D,CHF,EUR,SP00,A,2024-07-31,0.9533,A,F,,,P1D,,A,,,,,,,99Q1=100,,,4,,4F0,,Swiss franc/Euro ECB reference exchange rate,"ECB reference exchange rate, Swiss franc/Euro, 2.15 pm (C.E.T.)",CHF,0
EXR.D.CHF.EUR.SP00.A,D,CHF,EUR,SP00,A,2024-08-01,0.9467,A,F,,,P1D,,A,,,,,,,99Q1=100,,,4,,4F0,,Swiss franc/Euro ECB reference exchange rate,"ECB reference exchange rate, Swiss franc/Euro, 2.15 pm (C.E.T.)",CHF,0
EXR.D.CHF.EUR.SP00.A,D,CHF,EUR,SP00,A,2024-08-02,0.9433,A,F,,,P1D,,A,,,,,,,99Q1=100,,,4,,4F0,,Swiss franc/Euro ECB reference exchange rate,"ECB reference exchange rate, Swiss franc/Euro, 2.15 pm (C.E.T.)",CHF,0
EXR.D.CHF.EUR.SP00.A,D,CHF,EUR,SP00,A,2024-08-05,0.9304,A,F,,,P1D,,A,,,,,,,99Q1=100,,,4,,4F0,,Swiss franc/Euro ECB reference exchange rate,"ECB reference exchange rate, Swiss franc/Euro, 2.15 pm (C.E.T.)",CHF,0
EXR.D.CHF.EUR.SP00.A,D,CHF,EUR,SP00,A,2024-08-06,0.9325,A,F,,,P1D,,A,,,,,,,99Q1=100,,,4,,4F0,,Swiss franc/Euro ECB reference exchange rate,"ECB reference exchange rate, Swiss franc/Euro, 2.15 pm (C.E.T.)",CHF,0
EXR.D.CHF.EUR.SP00.A,D,CHF,EUR,SP00,A,2024-08-07,0.9409,A,F,,,P1D,,A,,,,,,,99Q1=100,,,4,,4F0,,Swiss franc/Euro ECB reference exchange rate,"ECB reference exchange rate, Swiss franc/Euro, 2.15 pm (C.E.T.)",CHF,0
EXR.D.CHF.EUR.SP00.A,D,CHF,EUR,SP00,A,2024-08-08,0.9368,A,F,,,P1D,,A,,,,,,,99Q1=100,,,4,,4F0,,Swiss franc/Euro ECB reference exchange rate,"ECB reference exchange rate, Swiss franc/Euro, 2.15 pm (C.E.T.)",CHF,0
EXR.D.CHF.EUR.SP00.A,D,CHF,EUR,SP00,A,2024-08-09,0.9435,A,F,,,P1D,,A,,,,,,,99Q1=100,,,4,,4F0,,Swiss franc/Euro ECB reference exchange rate,"ECB reference exchange rate, Swiss franc/Euro, 2.15 pm (C.E.T.)",CHF,0
EXR.D.CHF.EUR.SP00.A,D,CHF,EUR,SP00,A,2024-08-12,0.9491,A,F,,,P1D,,A,,,,,,,99Q1=100,,,4,,4F0,,Swiss franc/Euro ECB reference exchange rate,"ECB reference exchange rate, Swiss franc/Euro, 2.15 pm (C.E.T.)",CHF,0
EXR.D.CHF.EUR.SP00.A,D,CHF,EUR,SP00,A,2024-08-13,0.948,A,F,,,P1D,,A,,,,,,,99Q1=100,,,4,,4F0,,Swiss franc/Euro ECB reference exchange rate,"ECB reference exchange rate, Swiss franc/Euro, 2.15 pm (C.E.T.)",CHF,0
EXR.D.CHF.EUR.SP00.A,D,CHF,EUR,SP00,A,2024-08-14,0.9515,A,F,,,P1D,,A,,,,,,,99Q1=100,,,4,,4F0,,Swiss franc/Euro ECB reference exchange rate,"ECB reference exchange rate, Swiss franc/Euro, 2.15 pm (C.E.T.)",CHF,0
EXR.D.CHF.EUR.SP00.A,D,CHF,EUR,SP00,A,2024-08-15,0.9541,A,F,,,P1D,,A,,,,,,,99Q1=100,,,4,,4F0,,Swiss franc/Euro ECB reference exchange rate,"ECB reference exchange rate, Swiss franc/Euro, 2.15 pm (C.E.T.)",CHF,0
EXR.D.CHF.EUR.SP00.A,D,CHF,EUR,SP00,A,2024-08-16,0.954,A,F,,,P1D,,A,,,,,,,99Q1=100,,,4,,4F0,,Swiss franc/Euro ECB reference exchange rate,"ECB reference exchange rate, Swiss franc/Euro, 2.15 pm (C.E.T.)",CHF,0
EXR.D.CHF.EUR.SP00.A,D,CHF,EUR,SP00,A,2024-08-19,0.9543,A,F,,,P1D,,A,,,,,,,99Q1=100,,,4,,4F0,,Swiss franc/Euro ECB reference exchange rate,"ECB reference exchange rate, Swiss franc/Euro, 2.15 pm (C.E.T.)",CHF,0
EXR.D.CHF.EUR.SP00.A,D,CHF,EUR,SP00,A,2024-08-20,0.9527,A,F,,,P1D,,A,,,,,,,99Q1=100,,,4,,4F0,,Swiss franc/Euro ECB reference exchange rate,"ECB reference exchange rate, Swiss franc/Euro, 2.15 pm (C.E.T.)",CHF,0
EXR.D.CHF.EUR.SP00.A,D,CHF,EUR,SP00,A,2024-08-21,0.9503,A,F,,,P1D,,A,,,,,,,99Q1=100,,,4,,4F0,,Swiss franc/Euro ECB reference exchange rate,"ECB reference exchange rate, Swiss franc/Euro, 2.15 pm (C.E.T.)",CHF,0
EXR.D.CHF.EUR.SP00.A,D,CHF,EUR,SP00,A,2024-08-22,0.949,A,F,,,P1D,,A,,,,,,,99Q1=100,,,4,,4F0,,Swiss franc/Euro ECB reference exchange rate,"ECB reference exchange rate, Swiss franc/Euro, 2.15 pm (C.E.T.)",CHF,0
EXR.D.CHF.EUR.SP00.A,D,CHF,EUR,SP00,A,2024-08-23,0.9476,A,F,,,P1D,,A,,,,,,,99Q1=100,,,4,,4F0,,Swiss franc/Euro ECB reference exchange rate,"ECB reference exchange rate, Swiss franc/Euro, 2.15 pm (C.E.T.)",CHF,0
EXR.D.CHF.EUR.SP00.A,D,CHF,EUR,SP00,A,2024-08-26,0.946,A,F,,,P1D,,A,,,,,,,99Q1=100,,,4,,4F0,,Swiss franc/Euro ECB reference exchange rate,"ECB reference exchange rate, Swiss franc/Euro, 2.15 pm (C.E.T.)",CHF,0
EXR.D.CHF.EUR.SP00.A,D,CHF,EUR,SP00,A,2024-08-27,0.944,A,F,,,P1D,,A,,,,,,,99Q1=100,,,4,,4F0,,Swiss franc/Euro ECB reference exchange rate,"ECB reference exchange rate, Swiss franc/Euro, 2.15 pm (C.E.T.)",CHF,0
EXR.D.CHF.EUR.SP00.A,D,CHF,EUR,SP00,A,2024-08-28,0.9375,A,F,,,P1D,,A,,,,,,,99Q1=100,,,4,,4F0,,Swiss franc/Euro ECB reference exchange rate,"ECB reference exchange rate, Swiss franc/Euro, 2.15 pm (C.E.T.)",CHF,0
EXR.D.CHF.EUR.SP00.A,D,CHF,EUR,SP00,A,2024-08-29,0.9364,A,F,,,P1D,,A,,,,,,,99Q1=100,,,4,,4F0,,Swiss franc/Euro ECB reference exchange rate,"ECB reference exchange rate, Swiss franc/Euro, 2.15 pm (C.E.T.)",CHF,0
EXR.D.CHF.EUR.SP00.A,D,CHF,EUR,SP00,A,2024-08-30,0.9416,A,F,,,P1D,,A,,,,,,,99Q1=100,,,4,,4F0,,Swiss franc/Euro ECB reference exchange rate,"ECB reference exchange rate, Swiss franc/Euro, 2.15 pm (C.E.T.)",CHF,0
EXR.D.CHF.EUR.SP00.A,D,CHF,EUR,SP00,A,2024-09-02,0.9415,A,F,,,P1D,,A,,,,,,,99Q1=100,,,4,,4F0,,Swiss franc/Euro ECB reference exchange rate,"ECB reference exchange rate, Swiss franc/Euro, 2.15 pm (C.E.T.)",CHF,0
EXR.D.CHF.EUR.SP00.A,D,CHF,EUR,SP00,A,2024-09-03,0.9409,A,F,,,P1D,,A,,,,,,,99Q1=100,,,4,,4F0,,Swiss franc/Euro ECB reference exchange rate,"ECB reference exchange rate, Swiss franc/Euro, 2.15 pm (C.E.T.)",CHF,0
EXR.D.CHF.EUR.SP00.A,D,CHF,EUR,SP00,A,2024-09-04,0.9396,A,F,,,P1D,,A,,,,,,,99Q1=100,,,4,,4F0,,Swiss franc/Euro ECB reference exchange rate,"ECB reference exchange rate, Swiss franc/Euro, 2.15 pm (C.E.T.)",CHF,0
EXR.D.CHF.EUR.SP00.A,D,CHF,EUR,SP00,A,2024-09-05,0.939,A,F,,,P1D,,A,,,,,,,99Q1=100,,,4,,4F0,,Swiss franc/Euro ECB reference exchange rate,"ECB reference exchange rate, Swiss franc/Euro, 2.15 pm (C.E.T.)",CHF,0
EXR.D.CHF.EUR.SP00.A,D,CHF,EUR,SP00,A,2024-09-06,0.9365,A,F,,,P1D,,A,,,,,,,99Q1=100,,,4,,4F0,,Swiss franc/Euro ECB reference exchange rate,"ECB reference exchange rate, Swiss franc/Euro, 2.15 pm (C.E.T.)",CHF,0
EXR.D.CHF.EUR.SP00.A,D,CHF,EUR,SP00,A,2024-09-09,0.9376,A,F,,,P1D,,A,,,,,,,99Q1=100,,,4,,4F0,,Swiss franc/Euro ECB reference exchange rate,"ECB reference exchange rate, Swiss franc/Euro, 2.15 pm (C.E.T.)",CHF,0
EXR.D.CHF.EUR.SP00.A,D,CHF,EUR,SP00,A,2024-09-10,0.9349,A,F,,,P1D,,A,,,,,,,99Q1=100,,,4,,4F0,,Swiss franc/Euro ECB reference exchange rate,"ECB reference exchange rate, Swiss franc/Euro, 2.15 pm (C.E.T.)",CHF,0
EXR.D.CHF.EUR.SP00.A,D,CHF,EUR,SP00,A,2024-09-11,0.9358,A,F,,,P1D,,A,,,,,,,99Q1=100,,,4,,4F0,,Swiss franc/Euro ECB reference exchange rate,"ECB reference exchange rate, Swiss franc/Euro, 2.15 pm (C.E.T.)",CHF,0
EXR.D.CHF.EUR.SP00.A,D,CHF,EUR,SP00,A,2024-09-12,0.9414,A,F,,,P1D,,A,,,,,,,99Q1=100,,,4,,4F0,,Swiss franc/Euro ECB reference exchange rate,"ECB reference exchange rate, Swiss franc/Euro, 2.15 pm (C.E.T.)",CHF,0
EXR.D.CHF.EUR.SP00.A,D,CHF,EUR,SP00,A,2024-09-13,0.9387,A,F,,,P1D,,A,,,,,,,99Q1=100,,,4,,4F0,,Swiss franc/Euro ECB reference exchange rate,"ECB reference exchange rate, Swiss franc/Euro, 2.15 pm (C.E.T.)",CHF,0
EXR.D.CHF.EUR.SP00.A,D,CHF,EUR,SP00,A,2024-09-16,0.9394,A,F,,,P1D,,A,,,,,,,99Q1=100,,,4,,4F0,,Swiss franc/Euro ECB reference exchange rate,"ECB reference exchange rate, Swiss franc/Euro, 2.15 pm (C.E.T.)",CHF,0
EXR.D.CHF.EUR.SP00.A,D,CHF,EUR,SP00,A,2024-09-17,0.9405,A,F,,,P1D,,A,,,,,,,99Q1=100,,,4,,4F0,,Swiss franc/Euro ECB reference exchange rate,"ECB reference exchange rate, Swiss franc/Euro, 2.15 pm (C.E.T.)",CHF,0
EXR.D.CHF.EUR.SP00.A,D,CHF,EUR,SP00,A,2024-09-18,0.9388,A,F,,,P1D,,A,,,,,,,99Q1=100,,,4,,4F0,,Swiss franc/Euro ECB reference exchange rate,"ECB reference exchange rate, Swiss franc/Euro, 2.15 pm (C.E.T.)",CHF,0
EXR.D.CHF.EUR.SP00.A,D,CHF,EUR,SP00,A,2024-09-19,0.946,A,F,,,P1D,,A,,,,,,,99Q1=100,,,4,,4F0,,Swiss franc/Euro ECB reference exchange rate,"ECB reference exchange rate, Swiss franc/Euro, 2.15 pm (C.E.T.)",CHF,0
EXR.D.CHF.EUR.SP00.A,D,CHF,EUR,SP00,A,2024-09-20,0.9486,A,F,,,P1D,,A,,,,,,,99Q1=100,,,4,,4F0,,Swiss franc/Euro ECB reference exchange rate,"ECB reference exchange rate, Swiss franc/Euro, 2.15 pm (C.E.T.)",CHF,0
EXR.D.CHF.EUR.SP00.A,D,CHF,EUR,SP00,A,2024-09-23,0.9448,A,F,,,P1D,,A,,,,,,,99Q1=100,,,4,,4F0,,Swiss franc/Euro ECB reference exchange rate,"ECB reference exchange rate, Swiss franc/Euro, 2.15 pm (C.E.T.)",CHF,0
EXR.D.CHF.EUR.SP00.A,D,CHF,EUR,SP00,A,2024-09-24,0.9439,A,F,,,P1D,,A,,,,,,,99Q1=100,,,4,,4F0,,Swiss franc/Euro ECB reference exchange rate,"ECB reference exchange rate, Swiss franc/Euro, 2.15 pm (C.E.T.)",CHF,0
EXR.D.CHF.EUR.SP00.A,D,CHF,EUR,SP00,A,2024-09-25,0.9495,A,F,,,P1D,,A,,,,,,,99Q1=100,,,4,,4F0,,Swiss franc/Euro ECB reference exchange rate,"ECB reference exchange rate, Swiss franc/Euro, 2.15 pm (C.E.T.)",CHF,0
EXR.D.CHF.EUR.SP00.A,D,CHF,EUR,SP00,A,2024-09-26,0.9452,A,F,,,P1D,,A,,,,,,,99Q1=100,,,4,,4F0,,Swiss franc/Euro ECB reference exchange rate,"ECB reference exchange rate, Swiss franc/Euro, 2.15 pm (C.E.T.)",CHF,0
EXR.D.CHF.EUR.SP00.A,D,CHF,EUR,SP00,A,2024-09-27,0.942,A,F,,,P1D,,A,,,,,,,99Q1=100,,,4,,4F0,,Swiss franc/Euro ECB reference exchange rate,"ECB reference exchange rate, Swiss franc/Euro, 2.15 pm (C.E.T.)",CHF,0
EXR.D.CHF.EUR.SP00.A,D,CHF,EUR,SP00,A,2024-09-30,0.9439,A,F,,,P1D,,A,,,,,,,99Q1=100,,,4,,4F0,,Swiss franc/Euro ECB reference exchange rate,"ECB reference exchange rate, Swiss franc/Euro, 2.15 pm (C.E.T.)",CHF,0
EXR.D.CHF.EUR.SP00.A,D,CHF,EUR,SP00,A,2024-10-01,0.9394,A,F,,,P1D,,A,,,,,,,99Q1=100,,,4,,4F0,,Swiss franc/Euro ECB reference exchange rate,"ECB reference exchange rate, Swiss franc/Euro, 2.15 pm (C.E.T.)",CHF,0
EXR.D.CHF.EUR.SP00.A,D,CHF,EUR,SP00,A,2024-10-02,0.9388,A,F,,,P1D,,A,,,,,,,99Q1=100,,,4,,4F0,,Swiss franc/Euro ECB reference exchange rate,"ECB reference exchange rate, Swiss franc/Euro, 2.15 pm (C.E.T.)",CHF,0
EXR.D.CHF.EUR.SP00.A,D,CHF,EUR,SP00,A,2024-10-03,0.9387,A,F,,,P1D,,A,,,,,,,99Q1=100,,,4,,4F0,,Swiss franc/Euro ECB reference exchange rate,"ECB reference exchange rate, Swiss franc/Euro, 2.15 pm (C.E.T.)",CHF,0
EXR.D.CHF.EUR.SP00.A,D,CHF,EUR,SP00,A,2024-10-04,0.9394,A,F,,,P1D,,A,,,,,,,99Q1=100,,,4,,4F0,,Swiss franc/Euro ECB reference exchange rate,"ECB reference exchange rate, Swiss franc/Euro, 2.15 pm (C.E.T.)",CHF,0
EXR.D.CHF.EUR.SP00.A,D,CHF,EUR,SP00,A,2024-10-07,0.9388,A,F,,,P1D,,A,,,,,,,99Q1=100,,,4,,4F0,,Swiss franc/Euro ECB reference exchange rate,"ECB reference exchange rate, Swiss franc/Euro, 2.15 pm (C.E.T.)",CHF,0
EXR.D.CHF.EUR.SP00.A,D,CHF,EUR,SP00,A,2024-10-08,0.941,A,F,,,P1D,,A,,,,,,,99Q1=100,,,4,,4F0,,Swiss franc/Euro ECB reference exchange rate,"ECB reference exchange rate, Swiss franc/Euro, 2.15 pm (C.E.T.)",CHF,0
EXR.D.CHF.EUR.SP00.A,D,CHF,EUR,SP00,A,2024-10-09,0.9397,A,F,,,P1D,,A,,,,,,,99Q1=100,,,4,,4F0,,Swiss franc/Euro ECB reference exchange rate,"ECB reference exchange rate, Swiss franc/Euro, 2.15 pm (C.E.T.)",CHF,0
EXR.D.CHF.EUR.SP00.A,D,CHF,EUR,SP00,A,2024-10-10,0.9393,A,F,,,P1D,,A,,,,,,,99Q1=100,,,4,,4F0,,Swiss franc/Euro ECB reference exchange rate,"ECB reference exchange rate, Swiss franc/Euro, 2.15 pm (C.E.T.)",CHF,0
EXR.D.CHF.EUR.SP00.A,D,CHF,EUR,SP00,A,2024-10-11,0.9378,A,F,,,P1D,,A,,,,,,,99Q1=100,,,4,,4F0,,Swiss franc/Euro ECB reference exchange rate,"ECB reference exchange rate, Swiss franc/Euro, 2.15 pm (C.E.T.)",CHF,0
EXR.D.CHF.EUR.SP00.A,D,CHF,EUR,SP00,A,2024-10-14,0.9409,A,F,,,P1D,,A,,,,,,,99Q1=100,,,4,,4F0,,Swiss franc/Euro ECB reference exchange rate,"ECB reference exchange rate, Swiss franc/Euro, 2.15 pm (C.E.T.)",CHF,0
EXR.D.CHF.EUR.SP00.A,D,CHF,EUR,SP00,A,2024-10-15,0.9401,A,F,,,P1D,,A,,,,,,,99Q1=100,,,4,,4F0,,Swiss franc/Euro ECB reference exchange rate,"ECB reference exchange rate, Swiss franc/Euro, 2.15 pm (C.E.T.)",CHF,0
EXR.D.CHF.EUR.SP00.A,D,CHF,EUR,SP00,A,2024-10-16,0.9397,A,F,,,P1D,,A,,,,,,,99Q1=100,,,4,,4F0,,Swiss franc/Euro ECB reference exchange rate,"ECB reference exchange rate, Swiss franc/Euro, 2.15 pm (C.E.T.)",CHF,0
EXR.D.CHF.EUR.SP00.A,D,CHF,EUR,SP00,A,2024-10-17,0.938,A,F,,,P1D,,A,,,,,,,99Q1=100,,,4,,4F0,,Swiss franc/Euro ECB reference exchange rate,"ECB reference exchange rate, Swiss franc/Euro, 2.15 pm (C.E.T.)",CHF,0
EXR.D.CHF.EUR.SP00.A,D,CHF,EUR,SP00,A,2024-10-18,0.9401,A,F,,,P1D,,A,,,,,,,99Q1=100,,,4,,4F0,,Swiss franc/Euro ECB reference exchange rate,"ECB reference exchange rate, Swiss franc/Euro, 2.15 pm (C.E.T.)",CHF,0
EXR.D.CHF.EUR.SP00.A,D,CHF,EUR,SP00,A,2024-10-21,0.938,A,F,,,P1D,,A,,,,,,,99Q1=100,,,4,,4F0,,Swiss franc/Euro ECB reference exchange rate,"ECB reference exchange rate, Swiss franc/Euro, 2.15 pm (C.E.T.)",CHF,0
EXR.D.CHF.EUR.SP00.A,D,CHF,EUR,SP00,A,2024-10-22,0.9365,A,F,,,P1D,,A,,,,,,,99Q1=100,,,4,,4F0,,Swiss franc/Euro ECB reference exchange rate,"ECB reference exchange rate, Swiss franc/Euro, 2.15 pm (C.E.T.)",CHF,0
EXR.D.CHF.EUR.SP00.A,D,CHF,EUR,SP00,A,2024-10-23,0.934,A,F,,,P1D,,A,,,,,,,99Q1=100,,,4,,4F0,,Swiss franc/Euro ECB reference exchange rate,"ECB reference exchange rate, Swiss franc/Euro, 2.15 pm (C.E.T.)",CHF,0
EXR.D.CHF.EUR.SP00.A,D,CHF,EUR,SP00,A,2024-10-24,0.9349,A,F,,,P1D,,A,,,,,,,99Q1=100,,,4,,4F0,,Swiss franc/Euro ECB reference exchange rate,"ECB reference exchange rate, Swiss franc/Euro, 2.15 pm (C.E.T.)",CHF,0
EXR.D.CHF.EUR.SP00.A,D,CHF,EUR,SP00,A,2024-10-25,0.9382,A,F,,,P1D,,A,,,,,,,99Q1=100,,,4,,4F0,,Swiss franc/Euro ECB reference exchange rate,"ECB reference exchange rate, Swiss franc/Euro, 2.15 pm (C.E.T.)",CHF,0
EXR.D.CHF.EUR.SP00.A,D,CHF,EUR,SP00,A,2024-10-28,0.9367,A,F,,,P1D,,A,,,,,,,99Q1=100,,,4,,4F0,,Swiss franc/Euro ECB reference exchange rate,"ECB reference exchange rate, Swiss franc/Euro, 2.15 pm (C.E.T.)",CHF,0
EXR.D.CHF.EUR.SP00.A,D,CHF,EUR,SP00,A,2024-10-29,0.9369,A,F,,,P1D,,A,,,,,,,99Q1=100,,,4,,4F0,,Swiss franc/Euro ECB reference exchange rate,"ECB reference exchange rate, Swiss franc/Euro, 2.15 pm (C.E.T.)",CHF,0
EXR.D.CHF.EUR.SP00.A,D,CHF,EUR,SP00,A,2024-10-30,0.9393,A,F,,,P1D,,A,,,,,,,99Q1=100,,,4,,4F0,,Swiss franc/Euro ECB reference exchange rate,"ECB reference exchange rate, Swiss franc/Euro, 2.15 pm (C.E.T.)",CHF,0
EXR.D.CHF.EUR.SP00.A,D,CHF,EUR,SP00,A,2024-10-31,0.9412,A,F,,,P1D,,A,,,,,,,99Q1=100,,,4,,4F0,,Swiss franc/Euro ECB reference exchange rate,"ECB reference exchange rate, Swiss franc/Euro, 2.15 pm (C.E.T.)",CHF,0
EXR.D.CHF.EUR.SP00.A,D,CHF,EUR,SP00,A,2024-11-01,0.9427,A,F,,,P1D,,A,,,,,,,99Q1=100,,,4,,4F0,,Swiss franc/Euro ECB reference exchange rate,"ECB reference exchange rate, Swiss franc/Euro, 2.15 pm (C.E.T.)",CHF,0
EXR.D.CHF.EUR.SP00.A,D,CHF,EUR,SP00,A,2024-11-04,0.941,A,F,,,P1D,,A,,,,,,,99Q1=100,,,4,,4F0,,Swiss franc/Euro ECB reference exchange rate,"ECB reference exchange rate, Swiss franc/Euro, 2.15 pm (C.E.T.)",CHF,0
EXR.D.CHF.EUR.SP00.A,D,CHF,EUR,SP00,A,2024-11-05,0.9402,A,F,,,P1D,,A,,,,,,,99Q1=100,,,4,,4F0,,Swiss franc/Euro ECB reference exchange rate,"ECB reference exchange rate, Swiss franc/Euro, 2.15 pm (C.E.T.)",CHF,0
EXR.D.CHF.EUR.SP00.A,D,CHF,EUR,SP00,A,2024-11-06,0.9368,A,F,,,P1D,,A,,,,,,,99Q1=100,,,4,,4F0,,Swiss franc/Euro ECB reference exchange rate,"ECB reference exchange rate, Swiss franc/Euro, 2.15 pm (C.E.T.)",CHF,0
EXR.D.CHF.EUR.SP00.A,D,CHF,EUR,SP00,A,2024-11-07,0.9432,A,F,,,P1D,,A,,,,,,,99Q1=100,,,4,,4F0,,Swiss franc/Euro ECB reference exchange rate,"ECB reference exchange rate, Swiss franc/Euro, 2.15 pm (C.E.T.)",CHF,0
EXR.D.CHF.EUR.SP00.A,D,CHF,EUR,SP00,A,2024-11-08,0.9393,A,F,,,P1D,,A,,,,,,,99Q1=100,,,4,,4F0,,Swiss franc/Euro ECB reference exchange rate,"ECB reference exchange rate, Swiss franc/Euro, 2.15 pm (C.E.T.)",CHF,0
EXR.D.CHF.EUR.SP00.A,D,CHF,EUR,SP00,A,2024-11-11,0.9369,A,F,,,P1D,,A,,,,,,,99Q1=100,,,4,,4F0,,Swiss franc/Euro ECB reference exchange rate,"ECB reference exchange rate, Swiss franc/Euro, 2.15 pm (C.E.T.)",CHF,0
EXR.D.CHF.EUR.SP00.A,D,CHF,EUR,SP00,A,2024-11-12,0.9354,A,F,,,P1D,,A,,,,,,,99Q1=100,,,4,,4F0,,Swiss franc/Euro ECB reference exchange rate,"ECB reference exchange rate, Swiss franc/Euro, 2.15 pm (C.E.T.)",CHF,0
EXR.D.CHF.EUR.SP00.A,D,CHF,EUR,SP00,A,2024-11-13,0.9379,A,F,,,P1D,,A,,,,,,,99Q1=100,,,4,,4F0,,Swiss franc/Euro ECB reference exchange rate,"ECB reference exchange rate, Swiss franc/Euro, 2.15 pm (C.E.T.)",CHF,0
EXR.D.CHF.EUR.SP00.A,D,CHF,EUR,SP00,A,2024-11-14,0.9369,A,F,,,P1D,,A,,,,,,,99Q1=100,,,4,,4F0,,Swiss franc/Euro ECB reference exchange rate,"ECB reference exchange rate, Swiss franc/Euro, 2.15 pm (C.E.T.)",CHF,0
EXR.D.CHF.EUR.SP00.A,D,CHF,EUR,SP00,A,2024-11-15,0.9389,A,F,,,P1D,,A,,,,,,,99Q1=100,,,4,,4F0,,Swiss franc/Euro ECB reference exchange rate,"ECB reference exchange rate, Swiss franc/Euro, 2.15 pm (C.E.T.)",CHF,0
EXR.D.CHF.EUR.SP00.A,D,CHF,EUR,SP00,A,2024-11-18,0.9364,A,F,,,P1D,,A,,,,,,,99Q1=100,,,4,,4F0,,Swiss franc/Euro ECB reference exchange rate,"ECB reference exchange rate, Swiss franc/Euro, 2.15 pm (C.E.T.)",CHF,0
EXR.D.CHF.EUR.SP00.A,D,CHF,EUR,SP00,A,2024-11-19,0.9329,A,F,,,P1D,,A,,,,,,,99Q1=100,,,4,,4F0,,Swiss franc/Euro ECB reference exchange rate,"ECB reference exchange rate, Swiss franc/Euro, 2.15 pm (C.E.T.)",CHF,0
EXR.D.CHF.EUR.SP00.A,D,CHF,EUR,SP00,A,2024-11-20,0.9342,A,F,,,P1D,,A,,,,,,,99Q1=100,,,4,,4F0,,Swiss franc/Euro ECB reference exchange rate,"ECB reference exchange rate, Swiss franc/Euro, 2.15 pm (C.E.T.)",CHF,0
EXR.D.CHF.EUR.SP00.A,D,CHF,EUR,SP00,A,2024-11-21,0.9294,A,F,,,P1D,,A,,,,,,,99Q1=100,,,4,,4F0,,Swiss franc/Euro ECB reference exchange rate,"ECB reference exchange rate, Swiss franc/Euro, 2.15 pm (C.E.T.)",CHF,0
EXR.D.CHF.EUR.SP00.A,D,CHF,EUR,SP00,A,2024-11-22,0.9272,A,F,,,P1D,,A,,,,,,,99Q1=100,,,4,,4F0,,Swiss franc/Euro ECB reference exchange rate,"ECB reference exchange rate, Swiss franc/Euro, 2.15 pm (C.E.T.)",CHF,0
EXR.D.CHF.EUR.SP00.A,D,CHF,EUR,SP00,A,2024-11-25,0.9324,A,F,,,P1D,,A,,,,,,,99Q1=100,,,4,,4F0,,Swiss franc/Euro ECB reference exchange rate,"ECB reference exchange rate, Swiss franc/Euro, 2.15 pm (C.E.T.)",CHF,0
EXR.D.CHF.EUR.SP00.A,D,CHF,EUR,SP00,A,2024-11-26,0.9314,A,F,,,P1D,,A,,,,,,,99Q1=100,,,4,,4F0,,Swiss franc/Euro ECB reference exchange rate,"ECB reference exchange rate, Swiss franc/Euro, 2.15 pm (C.E.T.)",CHF,0
EXR.D.CHF.EUR.SP00.A,D,CHF,EUR,SP00,A,2024-11-27,0.9309,A,F,,,P1D,,A,,,,,,,99Q1=100,,,4,,4F0,,Swiss franc/Euro ECB reference exchange rate,"ECB reference exchange rate, Swiss franc/Euro, 2.15 pm (C.E.T.)",CHF,0
EXR.D.CHF.EUR.SP00.A,D,CHF,EUR,SP00,A,2024-11-28,0.9314,A,F,,,P1D,,A,,,,,,,99Q1=100,,,4,,4F0,,Swiss franc/Euro ECB reference exchange rate,"ECB reference exchange rate, Swiss franc/Euro, 2.15 pm (C.E.T.)",CHF,0
EXR.D.CHF.EUR.SP00.A,D,CHF,EUR,SP00,A,2024-11-29,0.9309,A,F,,,P1D,,A,,,,,,,99Q1=100,,,4,,4F0,,Swiss franc/Euro ECB reference exchange rate,"ECB reference exchange rate, Swiss franc/Euro, 2.15 pm (C.E.T.)",CHF,0
EXR.D.CHF.EUR.SP00.A,D,CHF,EUR,SP00,A,2024-12-02,0.9316,A,F,,,P1D,,A,,,,,,,99Q1=100,,,4,,4F0,,Swiss franc/Euro ECB reference exchange rate,"ECB reference exchange rate, Swiss franc/Euro, 2.15 pm (C.E.T.)",CHF,0
EXR.D.CHF.EUR.SP00.A,D,CHF,EUR,SP00,A,2024-12-03,0.9309,A,F,,,P1D,,A,,,,,,,99Q1=100,,,4,,4F0,,Swiss franc/Euro ECB reference exchange rate,"ECB reference exchange rate, Swiss franc/Euro, 2.15 pm (C.E.T.)",CHF,0
EXR.D.CHF.EUR.SP00.A,D,CHF,EUR,SP00,A,2024-12-04,0.9305,A,F,,,P1D,,A,,,,,,,99Q1=100,,,4,,4F0,,Swiss franc/Euro ECB reference exchange rate,"ECB reference exchange rate, Swiss franc/Euro, 2.15 pm (C.E.T.)",CHF,0
EXR.D.CHF.EUR.SP00.A,D,CHF,EUR,SP00,A,2024-12-05,0.9305,A,F,,,P1D,,A,,,,,,,99Q1=100,,,4,,4F0,,Swiss franc/Euro ECB reference exchange rate,"ECB reference exchange rate, Swiss franc/Euro, 2.15 pm (C.E.T.)",CHF,0
EXR.D.CHF.EUR.SP00.A,D,CHF,EUR,SP00,A,2024-12-06,0.9284,A,F,,,P1D,,A,,,,,,,99Q1=100,,,4,,4F0,,Swiss franc/Euro ECB reference exchange rate,"ECB reference exchange rate, Swiss franc/Euro, 2.15 pm (C.E.T.)",CHF,0
EXR.D.CHF.EUR.SP00.A,D,CHF,EUR,SP00,A,2024-12-09,0.9295,A,F,,,P1D,,A,,,,,,,99Q1=100,,,4,,4F0,,Swiss franc/Euro ECB reference exchange rate,"ECB reference exchange rate, Swiss franc/Euro, 2.15 pm (C.E.T.)",CHF,0
EXR.D.CHF.EUR.SP00.A,D,CHF,EUR,SP00,A,2024-12-10,0.9267,A,F,,,P1D,,A,,,,,,,99Q1=100,,,4,,4F0,,Swiss franc/Euro ECB reference exchange rate,"ECB reference exchange rate, Swiss franc/Euro, 2.15 pm (C.E.T.)",CHF,0
EXR.D.CHF.EUR.SP00.A,D,CHF,EUR,SP00,A,2024-12-11,0.928,A,F,,,P1D,,A,,,,,,,99Q1=100,,,4,,4F0,,Swiss franc/Euro ECB reference exchange rate,"ECB reference exchange rate, Swiss franc/Euro, 2.15 pm (C.E.T.)",CHF,0
EXR.D.CHF.EUR.SP00.A,D,CHF,EUR,SP00,A,2024-12-12,0.9319,A,F,,,P1D,,A,,,,,,,99Q1=100,,,4,,4F0,,Swiss franc/Euro ECB reference exchange rate,"ECB reference exchange rate, Swiss franc/Euro, 2.15 pm (C.E.T.)",CHF,0
EXR.D.CHF.EUR.SP00.A,D,CHF,EUR,SP00,A,2024-12-13,0.9385,A,F,,,P1D,,A,,,,,,,99Q1=100,,,4,,4F0,,Swiss franc/Euro ECB reference exchange rate,"ECB reference exchange rate, Swiss franc/Euro, 2.15 pm (C.E.T.)",CHF,0
EXR.D.CHF.EUR.SP00.A,D,CHF,EUR,SP00,A,2024-12-16,0.9372,A,F,,,P1D,,A,,,,,,,99Q1=100,,,4,,4F0,,Swiss franc/Euro ECB reference exchange rate,"ECB reference exchange rate, Swiss franc/Euro, 2.15 pm (C.E.T.)",CHF,0
EXR.D.CHF.EUR.SP00.A,D,CHF,EUR,SP00,A,2024-12-17,0.9413,A,F,,,P1D,,A,,,,,,,99Q1=100,,,4,,4F0,,Swiss franc/Euro ECB reference exchange rate,"ECB reference exchange rate, Swiss franc/Euro, 2.15 pm (C.E.T.)",CHF,0
EXR.D.CHF.EUR.SP00.A,D,CHF,EUR,SP00,A,2024-12-18,0.9382,A,F,,,P1D,,A,,,,,,,99Q1=100,,,4,,4F0,,Swiss franc/Euro ECB reference exchange rate,"ECB reference exchange rate, Swiss franc/Euro, 2.15 pm (C.E.T.)",CHF,0
EXR.D.CHF.EUR.SP00.A,D,CHF,EUR,SP00,A,2024-12-19,0.9319,A,F,,,P1D,,A,,,,,,,99Q1=100,,,4,,4F0,,Swiss franc/Euro ECB reference exchange rate,"ECB reference exchange rate, Swiss franc/Euro, 2.15 pm (C.E.T.)",CHF,0
EXR.D.CHF.EUR.SP00.A,D,CHF,EUR,SP00,A,2024-12-20,0.9297,A,F,,,P1D,,A,,,,,,,99Q1=100,,,4,,4F0,,Swiss franc/Euro ECB reference exchange rate,"ECB reference exchange rate, Swiss franc/Euro, 2.15 pm (C.E.T.)",CHF,0
EXR.D.CHF.EUR.SP00.A,D,CHF,EUR,SP00,A,2024-12-23,0.9336,A,F,,,P1D,,A,,,,,,,99Q1=100,,,4,,4F0,,Swiss franc/Euro ECB reference exchange rate,"ECB reference exchange rate, Swiss franc/Euro, 2.15 pm (C.E.T.)",CHF,0
EXR.D.CHF.EUR.SP00.A,D,CHF,EUR,SP00,A,2024-12-24,0.9358,A,F,,,P1D,,A,,,,,,,99Q1=100,,,4,,4F0,,Swiss franc/Euro ECB reference exchange rate,"ECB reference exchange rate, Swiss franc/Euro, 2.15 pm (C.E.T.)",CHF,0
EXR.D.CHF.EUR.SP00.A,D,CHF,EUR,SP00,A,2024-12-27,0.9396,A,F,,,P1D,,A,,,,,,,99Q1=100,,,4,,4F0,,Swiss franc/Euro ECB reference exchange rate,"ECB reference exchange rate, Swiss franc/Euro, 2.15 pm (C.E.T.)",CHF,0
EXR.D.CHF.EUR.SP00.A,D,CHF,EUR,SP00,A,2024-12-30,0.9435,A,F,,,P1D,,A,,,,,,,99Q1=100,,,4,,4F0,,Swiss franc/Euro ECB reference exchange rate,"ECB reference exchange rate, Swiss franc/Euro, 2.15 pm (C.E.T.)",CHF,0
EXR.D.CHF.EUR.SP00.A,D,CHF,EUR,SP00,A,2024-12-31,0.9412,A,F,,,P1D,,A,,,,,,,99Q1=100,,,4,,4F0,,Swiss franc/Euro ECB reference exchange rate,"ECB reference exchange rate, Swiss franc/Euro, 2.15 pm (C.E.T.)",CHF,0
EXR.D.CHF.EUR.SP00.A,D,CHF,EUR,SP00,A,2025-01-02,0.9371,A,F,,,P1D,,A,,,,,,,99Q1=100,,,4,,4F0,,Swiss franc/Euro ECB reference exchange rate,"ECB reference exchange rate, Swiss franc/Euro, 2.15 pm (C.E.T.)",CHF,0
EXR.D.CHF.EUR.SP00.A,D,CHF,EUR,SP00,A,2025-01-03,0.9362,A,F,,,P1D,,A,,,,,,,99Q1=100,,,4,,4F0,,Swiss franc/Euro ECB reference exchange rate,"ECB reference exchange rate, Swiss franc/Euro, 2.15 pm (C.E.T.)",CHF,0
EXR.D.CHF.EUR.SP00.A,D,CHF,EUR,SP00,A,2025-01-06,0.9396,A,F,,,P1D,,A,,,,,,,99Q1=100,,,4,,4F0,,Swiss franc/Euro ECB reference exchange rate,"ECB reference exchange rate, Swiss franc/Euro, 2.15 pm (C.E.T.)",CHF,0
EXR.D.CHF.EUR.SP00.A,D,CHF,EUR,SP00,A,2025-01-07,0.9426,A,F,,,P1D,,A,,,,,,,99Q1=100,,,4,,4F0,,Swiss franc/Euro ECB reference exchange rate,"ECB reference exchange rate, Swiss franc/Euro, 2.15 pm (C.E.T.)",CHF,0
EXR.D.CHF.EUR.SP00.A,D,CHF,EUR,SP00,A,2025-01-08,0.9379,A,F,,,P1D,,A,,,,,,,99Q1=100,,,4,,4F0,,Swiss franc/Euro ECB reference exchange rate,"ECB reference exchange rate, Swiss franc/Euro, 2.15 pm (C.E.T.)",CHF,0
EXR.D.CHF.EUR.SP00.A,D,CHF,EUR,SP00,A,2025-01-09,0.9397,A,F,,,P1D,,A,,,,,,,99Q1=100,,,4,,4F0,,Swiss franc/Euro ECB reference exchange rate,"ECB reference exchange rate, Swiss franc/Euro, 2.15 pm (C.E.T.)",CHF,0
EXR.D.CHF.EUR.SP00.A,D,CHF,EUR,SP00,A,2025-01-10,0.9416,A,F,,,P1D,,A,,,,,,,99Q1=100,,,4,,4F0,,Swiss franc/Euro ECB reference exchange rate,"ECB reference exchange rate, Swiss franc/Euro, 2.15 pm (C.E.T.)",CHF,0
EXR.D.CHF.EUR.SP00.A,D,CHF,EUR,SP00,A,2025-01-13,0.9346,A,F,,,P1D,,A,,,,,,,99Q1=100,,,4,,4F0,,Swiss franc/Euro ECB reference exchange rate,"ECB reference exchange rate, Swiss franc/Euro, 2.15 pm (C.E.T.)",CHF,0
EXR.D.CHF.EUR.SP00.A,D,CHF,EUR,SP00,A,2025-01-14,0.9395,A,F,,,P1D,,A,,,,,,,99Q1=100,,,4,,4F0,,Swiss franc/Euro ECB reference exchange rate,"ECB reference exchange rate, Swiss franc/Euro, 2.15 pm (C.E.T.)",CHF,0
EXR.D.CHF.EUR.SP00.A,D,CHF,EUR,SP00,A,2025-01-15,0.9394,A,F,,,P1D,,A,,,,,,,99Q1=100,,,4,,4F0,,Swiss franc/Euro ECB reference exchange rate,"ECB reference exchange rate, Swiss franc/Euro, 2.15 pm (C.E.T.)",CHF,0
EXR.D.CHF.EUR.SP00.A,D,CHF,EUR,SP00,A,2025-01-16,0.9376,A,F,,,P1D,,A,,,,,,,99Q1=100,,,4,,4F0,,Swiss franc/Euro ECB reference exchange rate,"ECB reference exchange rate, Swiss franc/Euro, 2.15 pm (C.E.T.)",CHF,0
EXR.D.CHF.EUR.SP00.A,D,CHF,EUR,SP00,A,2025-01-17,0.9394,A,F,,,P1D,,A,,,,,,,99Q1=100,,,4,,4F0,,Swiss franc/Euro ECB reference exchange rate,"ECB reference exchange rate, Swiss franc/Euro, 2.15 pm (C.E.T.)",CHF,0
EXR.D.CHF.EUR.SP00.A,D,CHF,EUR,SP00,A,2025-01-20,0.9429,A,F,,,P1D,,A,,,,,,,99Q1=100,,,4,,4F0,,Swiss franc/Euro ECB reference exchange rate,"ECB reference exchange rate, Swiss franc/Euro, 2.15 pm (C.E.T.)",CHF,0
EXR.D.CHF.EUR.SP00.A,D,CHF,EUR,SP00,A,2025-01-21,0.9427,A,F,,,P1D,,A,,,,,,,99Q1=100,,,4,,4F0,,Swiss franc/Euro ECB reference exchange rate,"ECB reference exchange rate, Swiss franc/Euro, 2.15 pm (C.E.T.)",CHF,0
EXR.D.CHF.EUR.SP00.A,D,CHF,EUR,SP00,A,2025-01-22,0.9449,A,F,,,P1D,,A,,,,,,,99Q1=100,,,4,,4F0,,Swiss franc/Euro ECB reference exchange rate,"ECB reference exchange rate, Swiss franc/Euro, 2.15 pm (C.E.T.)",CHF,0
EXR.D.CHF.EUR.SP00.A,D,CHF,EUR,SP00,A,2025-01-23,0.9442,A,F,,,P1D,,A,,,,,,,99Q1=100,,,4,,4F0,,Swiss franc/Euro ECB reference exchange rate,"ECB reference exchange rate, Swiss franc/Euro, 2.15 pm (C.E.T.)",CHF,0
EXR.D.CHF.EUR.SP00.A,D,CHF,EUR,SP00,A,2025-01-24,0.9494,A,F,,,P1D,,A,,,,,,,99Q1=100,,,4,,4F0,,Swiss franc/Euro ECB reference exchange rate,"ECB reference exchange rate, Swiss franc/Euro, 2.15 pm (C.E.T.)",CHF,0
EXR.D.CHF.EUR.SP00.A,D,CHF,EUR,SP00,A,2025-01-27,0.9453,A,F,,,P1D,,A,,,,,,,99Q1=100,,,4,,4F0,,Swiss franc/Euro ECB reference exchange rate,"ECB reference exchange rate, Swiss franc/Euro, 2.15 pm (C.E.T.)",CHF,0
EXR.D.CHF.EUR.SP00.A,D,CHF,EUR,SP00,A,2025-01-28,0.9441,A,F,,,P1D,,A,,,,,,,99Q1=100,,,4,,4F0,,Swiss franc/Euro ECB reference exchange rate,"ECB reference exchange rate, Swiss franc/Euro, 2.15 pm (C.E.T.)",CHF,0
EXR.D.CHF.EUR.SP00.A,D,CHF,EUR,SP00,A,2025-01-29,0.943,A,F,,,P1D,,A,,,,,,,99Q1=100,,,4,,4F0,,Swiss franc/Euro ECB reference exchange rate,"ECB reference exchange rate, Swiss franc/Euro, 2.15 pm (C.E.T.)",CHF,0
EXR.D.CHF.EUR.SP00.A,D,CHF,EUR,SP00,A,2025-01-30,0.9441,A,F,,,P1D,,A,,,,,,,99Q1=100,,,4,,4F0,,Swiss franc/Euro ECB reference exchange rate,"ECB reference exchange rate, Swiss franc/Euro, 2.15 pm (C.E.T.)",CHF,0
EXR.D.CHF.EUR.SP00.A,D,CHF,EUR,SP00,A,2025-01-31,0.9449,A,F,,,P1D,,A,,,,,,,99Q1=100,,,4,,4F0,,Swiss franc/Euro ECB reference exchange rate,"ECB reference exchange rate, Swiss franc/Euro, 2.15 pm (C.E.T.)",CHF,0
EXR.D.CHF.EUR.SP00.A,D,CHF,EUR,SP00,A,2025-02-03,0.9393,A,F,,,P1D,,A,,,,,,,99Q1=100,,,4,,4F0,,Swiss franc/Euro ECB reference exchange rate,"ECB reference exchange rate, Swiss franc/Euro, 2.15 pm (C.E.T.)",CHF,0
EXR.D.CHF.EUR.SP00.A,D,CHF,EUR,SP00,A,2025-02-04,0.9396,A,F,,,P1D,,A,,,,,,,99Q1=100,,,4,,4F0,,Swiss franc/Euro ECB reference exchange rate,"ECB reference exchange rate, Swiss franc/Euro, 2.15 pm (C.E.T.)",CHF,0
EXR.D.CHF.EUR.SP00.A,D,CHF,EUR,SP00,A,2025-02-05,0.9395,A,F,,,P1D,,A,,,,,,,99Q1=100,,,4,,4F0,,Swiss franc/Euro ECB reference exchange rate,"ECB reference exchange rate, Swiss franc/Euro, 2.15 pm (C.E.T.)",CHF,0
EXR.D.CHF.EUR.SP00.A,D,CHF,EUR,SP00,A,2025-02-06,0.9385,A,F,,,P1D,,A,,,,,,,99Q1=100,,,4,,4F0,,Swiss franc/Euro ECB reference exchange rate,"ECB reference exchange rate, Swiss franc/Euro, 2.15 pm (C.E.T.)",CHF,0
EXR.D.CHF.EUR.SP00.A,D,CHF,EUR,SP00,A,2025-02-07,0.9418,A,F,,,P1D,,A,,,,,,,99Q1=100,,,4,,4F0,,Swiss franc/Euro ECB reference exchange rate,"ECB reference exchange rate, Swiss franc/Euro, 2.15 pm (C.E.T.)",CHF,0
EXR.D.CHF.EUR.SP00.A,D,CHF,EUR,SP00,A,2025-02-10,0.9396,A,F,,,P1D,,A,,,,,,,99Q1=100,,,4,,4F0,,Swiss franc/Euro ECB reference exchange rate,"ECB reference exchange rate, Swiss franc/Euro, 2.15 pm (C.E.T.)",CHF,0
EXR.D.CHF.EUR.SP00.A,D,CHF,EUR,SP00,A,2025-02-11,0.9429,A,F,,,P1D,,A,,,,,,,99Q1=100,,,4,,4F0,,Swiss franc/Euro ECB reference exchange rate,"ECB reference exchange rate, Swiss franc/Euro, 2.15 pm (C.E.T.)",CHF,0
EXR.D.CHF.EUR.SP00.A,D,CHF,EUR,SP00,A,2025-02-12,0.9457,A,F,,,P1D,,A,,,,,,,99Q1=100,,,4,,4F0,,Swiss franc/Euro ECB reference exchange rate,"ECB reference exchange rate, Swiss franc/Euro, 2.15 pm (C.E.T.)",CHF,0
EXR.D.CHF.EUR.SP00.A,D,CHF,EUR,SP00,A,2025-02-13,0.9421,A,F,,,P1D,,A,,,,,,,99Q1=100,,,4,,4F0,,Swiss franc/Euro ECB reference exchange rate,"ECB reference exchange rate, Swiss franc/Euro, 2.15 pm (C.E.T.)",CHF,0
EXR.D.CHF.EUR.SP00.A,D,CHF,EUR,SP00,A,2025-02-14,0.9442,A,F,,,P1D,,A,,,,,,,99Q1=100,,,4,,4F0,,Swiss franc/Euro ECB reference exchange rate,"ECB reference exchange rate, Swiss franc/Euro, 2.15 pm (C.E.T.)",CHF,0
EXR.D.CHF.EUR.SP00.A,D,CHF,EUR,SP00,A,2025-02-17,0.944,A,F,,,P1D,,A,,,,,,,99Q1=100,,,4,,4F0,,Swiss franc/Euro ECB reference exchange rate,"ECB reference exchange rate, Swiss franc/Euro, 2.15 pm (C.E.T.)",CHF,0
EXR.D.CHF.EUR.SP00.A,D,CHF,EUR,SP00,A,2025-02-18,0.9425,A,F,,,P1D,,A,,,,,,,99Q1=100,,,4,,4F0,,Swiss franc/Euro ECB reference exchange rate,"ECB reference exchange rate, Swiss franc/Euro, 2.15 pm (C.E.T.)",CHF,0
EXR.D.CHF.EUR.SP00.A,D,CHF,EUR,SP00,A,2025-02-19,0.9435,A,F,,,P1D,,A,,,,,,,99Q1=100,,,4,,4F0,,Swiss franc/Euro ECB reference exchange rate,"ECB reference exchange rate, Swiss franc/Euro, 2.15 pm (C.E.T.)",CHF,0
EXR.D.CHF.EUR.SP00.A,D,CHF,EUR,SP00,A,2025-02-20,0.9423,A,F,,,P1D,,A,,,,,,,99Q1=100,,,4,,4F0,,Swiss franc/Euro ECB reference exchange rate,"ECB reference exchange rate, Swiss franc/Euro, 2.15 pm (C.E.T.)",CHF,0
EXR.D.CHF.EUR.SP00.A,D,CHF,EUR,SP00,A,2025-02-21,0.942,A,F,,,P1D,,A,,,,,,,99Q1=100,,,4,,4F0,,Swiss franc/Euro ECB reference exchange rate,"ECB reference exchange rate, Swiss franc/Euro, 2.15 pm (C.E.T.)",CHF,0
EXR.D.CHF.EUR.SP00.A,D,CHF,EUR,SP00,A,2025-02-24,0.9415,A,F,,,P1D,,A,,,,,,,99Q1=100,,,4,,4F0,,Swiss franc/Euro ECB reference exchange rate,"ECB reference exchange rate, Swiss franc/Euro, 2.15 pm (C.E.T.)",CHF,0
EXR.D.CHF.EUR.SP00.A,D,CHF,EUR,SP00,A,2025-02-25,0.9386,A,F,,,P1D,,A,,,,,,,99Q1=100,,,4,,4F0,,Swiss franc/Euro ECB reference exchange rate,"ECB reference exchange rate, Swiss franc/Euro, 2.15 pm (C.E.T.)",CHF,0
EXR.D.CHF.EUR.SP00.A,D,CHF,EUR,SP00,A,2025-02-26,0.9392,A,F,,,P1D,,A,,,,,,,99Q1=100,,,4,,4F0,,Swiss franc/Euro ECB reference exchange rate,"ECB reference exchange rate, Swiss franc/Euro, 2.15 pm (C.E.T.)",CHF,0
EXR.D.CHF.EUR.SP00.A,D,CHF,EUR,SP00,A,2025-02-27,0.9407,A,F,,,P1D,,A,,,,,,,99Q1=100,,,4,,4F0,,Swiss franc/Euro ECB reference exchange rate,"ECB reference exchange rate, Swiss franc/Euro, 2.15 pm (C.E.T.)",CHF,0
EXR.D.CHF.EUR.SP00.A,D,CHF,EUR,SP00,A,2025-02-28,0.9394,A,F,,,P1D,,A,,,,,,,99Q1=100,,,4,,4F0,,Swiss franc/Euro ECB reference exchange rate,"ECB reference exchange rate, Swiss franc/Euro, 2.15 pm (C.E.T.)",CHF,0
EXR.D.CHF.EUR.SP00.A,D,CHF,EUR,SP00,A,2025-03-03,0.9428,A,F,,,P1D,,A,,,,,,,99Q1=100,,,4,,4F0,,Swiss franc/Euro ECB reference exchange rate,"ECB reference exchange rate, Swiss franc/Euro, 2.15 pm (C.E.T.)",CHF,0
EXR.D.CHF.EUR.SP00.A,D,CHF,EUR,SP00,A,2025-03-04,0.9371,A,F,,,P1D,,A,,,,,,,99Q1=100,,,4,,4F0,,Swiss franc/Euro ECB reference exchange rate,"ECB reference exchange rate, Swiss franc/Euro, 2.15 pm (C.E.T.)",CHF,0
EXR.D.CHF.EUR.SP00.A,D,CHF,EUR,SP00,A,2025-03-05,0.9514,A,F,,,P1D,,A,,,,,,,99Q1=100,,,4,,4F0,,Swiss franc/Euro ECB reference exchange rate,"ECB reference exchange rate, Swiss franc/Euro, 2.15 pm (C.E.T.)",CHF,0
EXR.D.CHF.EUR.SP00.A,D,CHF,EUR,SP00,A,2025-03-06,0.9565,A,F,,,P1D,,A,,,,,,,99Q1=100,,,4,,4F0,,Swiss franc/Euro ECB reference exchange rate,"ECB reference exchange rate, Swiss franc/Euro, 2.15 pm (C.E.T.)",CHF,0
EXR.D.CHF.EUR.SP00.A,D,CHF,EUR,SP00,A,2025-03-07,0.9557,A,F,,,P1D,,A,,,,,,,99Q1=100,,,4,,4F0,,Swiss franc/Euro ECB reference exchange rate,"ECB reference exchange rate, Swiss franc/Euro, 2.15 pm (C.E.T.)",CHF,0
EXR.D.CHF.EUR.SP00.A,D,CHF,EUR,SP00,A,2025-03-10,0.9512,A,F,,,P1D,,A,,,,,,,99Q1=100,,,4,,4F0,,Swiss franc/Euro ECB reference exchange rate,"ECB reference exchange rate, Swiss franc/Euro, 2.15 pm (C.E.T.)",CHF,0
EXR.D.CHF.EUR.SP00.A,D,CHF,EUR,SP00,A,2025-03-11,0.9608,A,F,,,P1D,,A,,,,,,,99Q1=100,,,4,,4F0,,Swiss franc/Euro ECB reference exchange rate,"ECB reference exchange rate, Swiss franc/Euro, 2.15 pm (C.E.T.)",CHF,0
EXR.D.CHF.EUR.SP00.A,D,CHF,EUR,SP00,A,2025-03-12,0.9619,A,F,,,P1D,,A,,,,,,,99Q1=100,,,4,,4F0,,Swiss franc/Euro ECB reference exchange rate,"ECB reference exchange rate, Swiss franc/Euro, 2.15 pm (C.E.T.)",CHF,0
EXR.D.CHF.EUR.SP00.A,D,CHF,EUR,SP00,A,2025-03-13,0.9579,A,F,,,P1D,,A,,,,,,,99Q1=100,,,4,,4F0,,Swiss franc/Euro ECB reference exchange rate,"ECB reference exchange rate, Swiss franc/Euro, 2.15 pm (C.E.T.)",CHF,0
EXR.D.CHF.EUR.SP00.A,D,CHF,EUR,SP00,A,2025-03-14,0.9641,A,F,,,P1D,,A,,,,,,,99Q1=100,,,4,,4F0,,Swiss franc/Euro ECB reference exchange rate,"ECB reference exchange rate, Swiss franc/Euro, 2.15 pm (C.E.T.)",CHF,0
EXR.D.CHF.EUR.SP00.A,D,CHF,EUR,SP00,A,2025-03-17,0.9616,A,F,,,P1D,,A,,,,,,,99Q1=100,,,4,,4F0,,Swiss franc/Euro ECB reference exchange rate,"ECB reference exchange rate, Swiss franc/Euro, 2.15 pm (C.E.T.)",CHF,0
EXR.D.CHF.EUR.SP00.A,D,CHF,EUR,SP00,A,2025-03-18,0.9601,A,F,,,P1D,,A,,,,,,,99Q1=100,,,4,,4F0,,Swiss franc/Euro ECB reference exchange rate,"ECB reference exchange rate, Swiss franc/Euro, 2.15 pm (C.E.T.)",CHF,0
EXR.D.CHF.EUR.SP00.A,D,CHF,EUR,SP00,A,2025-03-19,0.9583,A,F,,,P1D,,A,,,,,,,99Q1=100,,,4,,4F0,,Swiss franc/Euro ECB reference exchange rate,"ECB reference exchange rate, Swiss franc/Euro, 2.15 pm (C.E.T.)",CHF,0
EXR.D.CHF.EUR.SP00.A,D,CHF,EUR,SP00,A,2025-03-20,0.9564,A,F,,,P1D,,A,,,,,,,99Q1=100,,,4,,4F0,,Swiss franc/Euro ECB reference exchange rate,"ECB reference exchange rate, Swiss franc/Euro, 2.15 pm (C.E.T.)",CHF,0
EXR.D.CHF.EUR.SP00.A,D,CHF,EUR,SP00,A,2025-03-21,0.9547,A,F,,,P1D,,A,,,,,,,99Q1=100,,,4,,4F0,,Swiss franc/Euro ECB reference exchange rate,"ECB reference exchange rate, Swiss franc/Euro, 2.15 pm (C.E.T.)",CHF,0
EXR.D.CHF.EUR.SP00.A,D,CHF,EUR,SP00,A,2025-03-24,0.9544,A,F,,,P1D,,A,,,,,,,99Q1=100,,,4,,4F0,,Swiss franc/Euro ECB reference exchange rate,"ECB reference exchange rate, Swiss franc/Euro, 2.15 pm (C.E.T.)",CHF,0
EXR.D.CHF.EUR.SP00.A,D,CHF,EUR,SP00,A,2025-03-25,0.9539,A,F,,,P1D,,A,,,,,,,99Q1=100,,,4,,4F0,,Swiss franc/Euro ECB reference exchange rate,"ECB reference exchange rate, Swiss franc/Euro, 2.15 pm (C.E.T.)",CHF,0
EXR.D.CHF.EUR.SP00.A,D,CHF,EUR,SP00,A,2025-03-26,0.9532,A,F,,,P1D,,A,,,,,,,99Q1=100,,,4,,4F0,,Swiss franc/Euro ECB reference exchange rate,"ECB reference exchange rate, Swiss franc/Euro, 2.15 pm (C.E.T.)",CHF,0
EXR.D.CHF.EUR.SP00.A,D,CHF,EUR,SP00,A,2025-03-27,0.9524,A,F,,,P1D,,A,,,,,,,99Q1=100,,,4,,4F0,,Swiss franc/Euro ECB reference exchange rate,"ECB reference exchange rate, Swiss franc/Euro, 2.15 pm (C.E.T.)",CHF,0
EXR.D.CHF.EUR.SP00.A,D,CHF,EUR,SP00,A,2025-03-28,0.9525,A,F,,,P1D,,A,,,,,,,99Q1=100,,,4,,4F0,,Swiss franc/Euro ECB reference exchange rate,"ECB reference exchange rate, Swiss franc/Euro, 2.15 pm (C.E.T.)",CHF,0
EXR.D.CHF.EUR.SP00.A,D,CHF,EUR,SP00,A,2025-03-31,0.9531,A,F,,,P1D,,A,,,,,,,99Q1=100,,,4,,4F0,,Swiss franc/Euro ECB reference exchange rate,"ECB reference exchange rate, Swiss franc/Euro, 2.15 pm (C.E.T.)",CHF,0
EXR.D.CHF.EUR.SP00.A,D,CHF,EUR,SP00,A,2025-04-01,0.952,A,F,,,P1D,,A,,,,,,,99Q1=100,,,4,,4F0,,Swiss franc/Euro ECB reference exchange rate,"ECB reference exchange rate, Swiss franc/Euro, 2.15 pm (C.E.T.)",CHF,0
EXR.D.CHF.EUR.SP00.A,D,CHF,EUR,SP00,A,2025-04-02,0.9543,A,F,,,P1D,,A,,,,,,,99Q1=100,,,4,,4F0,,Swiss franc/Euro ECB reference exchange rate,"ECB reference exchange rate, Swiss franc/Euro, 2.15 pm (C.E.T.)",CHF,0
EXR.D.CHF.EUR.SP00.A,D,CHF,EUR,SP00,A,2025-04-03,0.9538,A,F,,,P1D,,A,,,,,,,99Q1=100,,,4,,4F0,,Swiss franc/Euro ECB reference exchange rate,"ECB reference exchange rate, Swiss franc/Euro, 2.15 pm (C.E.T.)",CHF,0
EXR.D.CHF.EUR.SP00.A,D,CHF,EUR,SP00,A,2025-04-04,0.9407,A,F,,,P1D,,A,,,,,,,99Q1=100,,,4,,4F0,,Swiss franc/Euro ECB reference exchange rate,"ECB reference exchange rate, Swiss franc/Euro, 2.15 pm (C.E.T.)",CHF,0
EXR.D.CHF.EUR.SP00.A,D,CHF,EUR,SP00,A,2025-04-07,0.9377,A,F,,,P1D,,A,,,,,,,99Q1=100,,,4,,4F0,,Swiss franc/Euro ECB reference exchange rate,"ECB reference exchange rate, Swiss franc/Euro, 2.15 pm (C.E.T.)",CHF,0
EXR.D.CHF.EUR.SP00.A,D,CHF,EUR,SP00,A,2025-04-08,0.9349,A,F,,,P1D,,A,,,,,,,99Q1=100,,,4,,4F0,,Swiss franc/Euro ECB reference exchange rate,"ECB reference exchange rate, Swiss franc/Euro, 2.15 pm (C.E.T.)",CHF,0
EXR.D.CHF.EUR.SP00.A,D,CHF,EUR,SP00,A,2025-04-09,0.9278,A,F,,,P1D,,A,,,,,,,99Q1=100,,,4,,4F0,,Swiss franc/Euro ECB reference exchange rate,"ECB reference exchange rate, Swiss franc/Euro, 2.15 pm (C.E.T.)",CHF,0
EXR.D.CHF.EUR.SP00.A,D,CHF,EUR,SP00,A,2025-04-10,0.9299,A,F,,,P1D,,A,,,,,,,99Q1=100,,,4,,4F0,,Swiss franc/Euro ECB reference exchange rate,"ECB reference exchange rate, Swiss franc/Euro, 2.15 pm (C.E.T.)",CHF,0
EXR.D.CHF.EUR.SP00.A,D,CHF,EUR,SP00,A,2025-04-11,0.9252,A,F,,,P1D,,A,,,,,,,99Q1=100,,,4,,4F0,,Swiss franc/Euro ECB reference exchange rate,"ECB reference exchange rate, Swiss franc/Euro, 2.15 pm (C.E.T.)",CHF,0
EXR.D.CHF.EUR.SP00.A,D,CHF,EUR,SP00,A,2025-04-14,0.9329,A,F,,,P1D,,A,,,,,,,99Q1=100,,,4,,4F0,,Swiss franc/Euro ECB reference exchange rate,"ECB reference exchange rate, Swiss franc/Euro, 2.15 pm (C.E.T.)",CHF,0
EXR.D.CHF.EUR.SP00.A,D,CHF,EUR,SP00,A,2025-04-15,0.9242,A,F,,,P1D,,A,,,,,,,99Q1=100,,,4,,4F0,,Swiss franc/Euro ECB reference exchange rate,"ECB reference exchange rate, Swiss franc/Euro, 2.15 pm (C.E.T.)",CHF,0
EXR.D.CHF.EUR.SP00.A,D,CHF,EUR,SP00,A,2025-04-16,0.926,A,F,,,P1D,,A,,,,,,,99Q1=100,,,4,,4F0,,Swiss franc/Euro ECB reference exchange rate,"ECB reference exchange rate, Swiss franc/Euro, 2.15 pm (C.E.T.)",CHF,0
EXR.D.CHF.EUR.SP00.A,D,CHF,EUR,SP00,A,2025-04-17,0.9291,A,F,,,P1D,,A,,,,,,,99Q1=100,,,4,,4F0,,Swiss franc/Euro ECB reference exchange rate,"ECB reference exchange rate, Swiss franc/Euro, 2.15 pm (C.E.T.)",CHF,0
EXR.D.CHF.EUR.SP00.A,D,CHF,EUR,SP00,A,2025-04-22,0.9318,A,F,,,P1D,,A,,,,,,,99Q1=100,,,4,,4F0,,Swiss franc/Euro ECB reference exchange rate,"ECB reference exchange rate, Swiss franc/Euro, 2.15 pm (C.E.T.)",CHF,0
EXR.D.CHF.EUR.SP00.A,D,CHF,EUR,SP00,A,2025-04-23,0.9382,A,F,,,P1D,,A,,,,,,,99Q1=100,,,4,,4F0,,Swiss franc/Euro ECB reference exchange rate,"ECB reference exchange rate, Swiss franc/Euro, 2.15 pm (C.E.T.)",CHF,0
EXR.D.CHF.EUR.SP00.A,D,CHF,EUR,SP00,A,2025-04-24,0.9392,A,F,,,P1D,,A,,,,,,,99Q1=100,,,4,,4F0,,Swiss franc/Euro ECB reference exchange rate,"ECB reference exchange rate, Swiss franc/Euro, 2.15 pm (C.E.T.)",CHF,0
EXR.D.CHF.EUR.SP00.A,D,CHF,EUR,SP00,A,2025-04-25,0.9421,A,F,,,P1D,,A,,,,,,,99Q1=100,,,4,,4F0,,Swiss franc/Euro ECB reference exchange rate,"ECB reference exchange rate, Swiss franc/Euro, 2.15 pm (C.E.T.)",CHF,0
EXR.D.CHF.EUR.SP00.A,D,CHF,EUR,SP00,A,2025-04-28,0.942,A,F,,,P1D,,A,,,,,,,99Q1=100,,,4,,4F0,,Swiss franc/Euro ECB reference exchange rate,"ECB reference exchange rate, Swiss franc/Euro, 2.15 pm (C.E.T.)",CHF,0
EXR.D.CHF.EUR.SP00.A,D,CHF,EUR,SP00,A,2025-04-29,0.9392,A,F,,,P1D,,A,,,,,,,99Q1=100,,,4,,4F0,,Swiss franc/Euro ECB reference exchange rate,"ECB reference exchange rate, Swiss franc/Euro, 2.15 pm (C.E.T.)",CHF,0
EXR.D.CHF.EUR.SP00.A,D,CHF,EUR,SP00,A,2025-04-30,0.9389,A,F,,,P1D,,A,,,,,,,99Q1=100,,,4,,4F0,,Swiss franc/Euro ECB reference exchange rate,"ECB reference exchange rate, Swiss franc/Euro, 2.15 pm (C.E.T.)",CHF,0
EXR.D.CHF.EUR.SP00.A,D,CHF,EUR,SP00,A,2025-05-02,0.9343,A,F,,,P1D,,A,,,,,,,99Q1=100,,,4,,4F0,,Swiss franc/Euro ECB reference exchange rate,"ECB reference exchange rate, Swiss franc/Euro, 2.15 pm (C.E.T.)",CHF,0
EXR.D.CHF.EUR.SP00.A,D,CHF,EUR,SP00,A,2025-05-05,0.9336,A,F,,,P1D,,A,,,,,,,99Q1=100,,,4,,4F0,,Swiss franc/Euro ECB reference exchange rate,"ECB reference exchange rate, Swiss franc/Euro, 2.15 pm (C.E.T.)",CHF,0
EXR.D.CHF.EUR.SP00.A,D,CHF,EUR,SP00,A,2025-05-06,0.9346,A,F,,,P1D,,A,,,,,,,99Q1=100,,,4,,4F0,,Swiss franc/Euro ECB reference exchange rate,"ECB reference exchange rate, Swiss franc/Euro, 2.15 pm (C.E.T.)",CHF,0
EXR.D.CHF.EUR.SP00.A,D,CHF,EUR,SP00,A,2025-05-07,0.9359,A,F,,,P1D,,A,,,,,,,99Q1=100,,,4,,4F0,,Swiss franc/Euro ECB reference exchange rate,"ECB reference exchange rate, Swiss franc/Euro, 2.15 pm (C.E.T.)",CHF,0
EXR.D.CHF.EUR.SP00.A,D,CHF,EUR,SP00,A,2025-05-08,0.9325,A,F,,,P1D,,A,,,,,,,99Q1=100,,,4,,4F0,,Swiss franc/Euro ECB reference exchange rate,"ECB reference exchange rate, Swiss franc/Euro, 2.15 pm (C.E.T.)",CHF,0
EXR.D.CHF.EUR.SP00.A,D,CHF,EUR,SP00,A,2025-05-09,0.9353,A,F,,,P1D,,A,,,,,,,99Q1=100,,,4,,4F0,,Swiss franc/Euro ECB reference exchange rate,"ECB reference exchange rate, Swiss franc/Euro, 2.15 pm (C.E.T.)",CHF,0
EXR.D.CHF.EUR.SP00.A,D,CHF,EUR,SP00,A,2025-05-12,0.9369,A,F,,,P1D,,A,,,,,,,99Q1=100,,,4,,4F0,,Swiss franc/Euro ECB reference exchange rate,"ECB reference exchange rate, Swiss franc/Euro, 2.15 pm (C.E.T.)",CHF,0
EXR.D.CHF.EUR.SP00.A,D,CHF,EUR,SP00,A,2025-05-13,0.9358,A,F,,,P1D,,A,,,,,,,99Q1=100,,,4,,4F0,,Swiss franc/Euro ECB reference exchange rate,"ECB reference exchange rate, Swiss franc/Euro, 2.15 pm (C.E.T.)",CHF,0
EXR.D.CHF.EUR.SP00.A,D,CHF,EUR,SP00,A,2025-05-14,0.939,A,F,,,P1D,,A,,,,,,,99Q1=100,,,4,,4F0,,Swiss franc/Euro ECB reference exchange rate,"ECB reference exchange rate, Swiss franc/Euro, 2.15 pm (C.E.T.)",CHF,0
EXR.D.CHF.EUR.SP00.A,D,CHF,EUR,SP00,A,2025-05-15,0.9377,A,F,,,P1D,,A,,,,,,,99Q1=100,,,4,,4F0,,Swiss franc/Euro ECB reference exchange rate,"ECB reference exchange rate, Swiss franc/Euro, 2.15 pm (C.E.T.)",CHF,0
EXR.D.CHF.EUR.SP00.A,D,CHF,EUR,SP00,A,2025-05-16,0.9381,A,F,,,P1D,,A,,,,,,,99Q1=100,,,4,,4F0,,Swiss franc/Euro ECB reference exchange rate,"ECB reference exchange rate, Swiss franc/Euro, 2.15 pm (C.E.T.)",CHF,0
EXR.D.CHF.EUR.SP00.A,D,CHF,EUR,SP00,A,2025-05-19,0.9394,A,F,,,P1D,,A,,,,,,,99Q1=100,,,4,,4F0,,Swiss franc/Euro ECB reference exchange rate,"ECB reference exchange rate, Swiss franc/Euro, 2.15 pm (C.E.T.)",CHF,0
EXR.D.CHF.EUR.SP00.A,D,CHF,EUR,SP00,A,2025-05-20,0.9366,A,F,,,P1D,,A,,,,,,,99Q1=100,,,4,,4F0,,Swiss franc/Euro ECB reference exchange rate,"ECB reference exchange rate, Swiss franc/Euro, 2.15 pm (C.E.T.)",CHF,0
EXR.D.CHF.EUR.SP00.A,D,CHF,EUR,SP00,A,2025-05-21,0.9352,A,F,,,P1D,,A,,,,,,,99Q1=100,,,4,,4F0,,Swiss franc/Euro ECB reference exchange rate,"ECB reference exchange rate, Swiss franc/Euro, 2.15 pm (C.E.T.)",CHF,0
EXR.D.CHF.EUR.SP00.A,D,CHF,EUR,SP00,A,2025-05-22,0.9343,A,F,,,P1D,,A,,,,,,,99Q1=100,,,4,,4F0,,Swiss franc/Euro ECB reference exchange rate,"ECB reference exchange rate, Swiss franc/Euro, 2.15 pm (C.E.T.)",CHF,0
EXR.D.CHF.EUR.SP00.A,D,CHF,EUR,SP00,A,2025-05-23,0.9299,A,F,,,P1D,,A,,,,,,,99Q1=100,,,4,,4F0,,Swiss franc/Euro ECB reference exchange rate,"ECB reference exchange rate, Swiss franc/Euro, 2.15 pm (C.E.T.)",CHF,0
EXR.D.CHF.EUR.SP00.A,D,CHF,EUR,SP00,A,2025-05-26,0.9356,A,F,,,P1D,,A,,,,,,,99Q1=100,,,4,,4F0,,Swiss franc/Euro ECB reference exchange rate,"ECB reference exchange rate, Swiss franc/Euro, 2.15 pm (C.E.T.)",CHF,0
EXR.D.CHF.EUR.SP00.A,D,CHF,EUR,SP00,A,2025-05-27,0.9386,A,F,,,P1D,,A,,,,,,,99Q1=100,,,4,,4F0,,Swiss franc/Euro ECB reference exchange rate,"ECB reference exchange rate, Swiss franc/Euro, 2.15 pm (C.E.T.)",CHF,0
EXR.D.CHF.EUR.SP00.A,D,CHF,EUR,SP00,A,2025-05-28,0.9364,A,F,,,P1D,,A,,,,,,,99Q1=100,,,4,,4F0,,Swiss franc/Euro ECB reference exchange rate,"ECB reference exchange rate, Swiss franc/Euro, 2.15 pm (C.E.T.)",CHF,0
EXR.D.CHF.EUR.SP00.A,D,CHF,EUR,SP00,A,2025-05-29,0.9339,A,F,,,P1D,,A,,,,,,,99Q1=100,,,4,,4F0,,Swiss franc/Euro ECB reference exchange rate,"ECB reference exchange rate, Swiss franc/Euro, 2.15 pm (C.E.T.)",CHF,0
EXR.D.CHF.EUR.SP00.A,D,CHF,EUR,SP00,A,2025-05-30,0.9341,A,F,,,P1D,,A,,,,,,,99Q1=100,,,4,,4F0,,Swiss franc/Euro ECB reference exchange rate,"ECB reference exchange rate, Swiss franc/Euro, 2.15 pm (C.E.T.)",CHF,0
EXR.D.CHF.EUR.SP00.A,D,CHF,EUR,SP00,A,2025-06-02,0.9336,A,F,,,P1D,,A,,,,,,,99Q1=100,,,4,,4F0,,Swiss franc/Euro ECB reference exchange rate,"ECB reference exchange rate, Swiss franc/Euro, 2.15 pm (C.E.T.)",CHF,0
EXR.D.CHF.EUR.SP00.A,D,CHF,EUR,SP00,A,2025-06-03,0.9358,A,F,,,P1D,,A,,,,,,,99Q1=100,,,4,,4F0,,Swiss franc/Euro ECB reference exchange rate,"ECB reference exchange rate, Swiss franc/Euro, 2.15 pm (C.E.T.)",CHF,0
EXR.D.CHF.EUR.SP00.A,D,CHF,EUR,SP00,A,2025-06-04,0.937,A,F,,,P1D,,A,,,,,,,99Q1=100,,,4,,4F0,,Swiss franc/Euro ECB reference exchange rate,"ECB reference exchange rate, Swiss franc/Euro, 2.15 pm (C.E.T.)",CHF,0
EXR.D.CHF.EUR.SP00.A,D,CHF,EUR,SP00,A,2025-06-05,0.9365,A,F,,,P1D,,A,,,,,,,99Q1=100,,,4,,4F0,,Swiss franc/Euro ECB reference exchange rate,"ECB reference exchange rate, Swiss franc/Euro, 2.15 pm (C.E.T.)",CHF,0
EXR.D.CHF.EUR.SP00.A,D,CHF,EUR,SP00,A,2025-06-06,0.9383,A,F,,,P1D,,A,,,,,,,99Q1=100,,,4,,4F0,,Swiss franc/Euro ECB reference exchange rate,"ECB reference exchange rate, Swiss franc/Euro, 2.15 pm (C.E.T.)",CHF,0
EXR.D.CHF.EUR.SP00.A,D,CHF,EUR,SP00,A,2025-06-09,0.9369,A,F,,,P1D,,A,,,,,,,99Q1=100,,,4,,4F0,,Swiss franc/Euro ECB reference exchange rate,"ECB reference exchange rate, Swiss franc/Euro, 2.15 pm (C.E.T.)",CHF,0
EXR.D.CHF.EUR.SP00.A,D,CHF,EUR,SP00,A,2025-06-10,0.9389,A,F,,,P1D,,A,,,,,,,99Q1=100,,,4,,4F0,,Swiss franc/Euro ECB reference exchange rate,"ECB reference exchange rate, Swiss franc/Euro, 2.15 pm (C.E.T.)",CHF,0
EXR.D.CHF.EUR.SP00.A,D,CHF,EUR,SP00,A,2025-06-11,0.9405,A,F,,,P1D,,A,,,,,,,99Q1=100,,,4,,4F0,,Swiss franc/Euro ECB reference exchange rate,"ECB reference exchange rate, Swiss franc/Euro, 2.15 pm (C.E.T.)",CHF,0
EXR.D.CHF.EUR.SP00.A,D,CHF,EUR,SP00,A,2025-06-12,0.9427,A,F,,,P1D,,A,,,,,,,99Q1=100,,,4,,4F0,,Swiss franc/Euro ECB reference exchange rate,"ECB reference exchange rate, Swiss franc/Euro, 2.15 pm (C.E.T.)",CHF,0
EXR.D.CHF.EUR.SP00.A,D,CHF,EUR,SP00,A,2025-06-13,0.9359,A,F,,,P1D,,A,,,,,,,99Q1=100,,,4,,4F0,,Swiss franc/Euro ECB reference exchange rate,"ECB reference exchange rate, Swiss franc/Euro, 2.15 pm (C.E.T.)",CHF,0
EXR.D.CHF.EUR.SP00.A,D,CHF,EUR,SP00,A,2025-06-16,0.9393,A,F,,,P1D,,A,,,,,,,99Q1=100,,,4,,4F0,,Swiss franc/Euro ECB reference exchange rate,"ECB reference exchange rate, Swiss franc/Euro, 2.15 pm (C.E.T.)",CHF,0
EXR.D.CHF.EUR.SP00.A,D,CHF,EUR,SP00,A,2025-06-17,0.9406,A,F,,,P1D,,A,,,,,,,99Q1=100,,,4,,4F0,,Swiss franc/Euro ECB reference exchange rate,"ECB reference exchange rate, Swiss franc/Euro, 2.15 pm (C.E.T.)",CHF,0
EXR.D.CHF.EUR.SP00.A,D,CHF,EUR,SP00,A,2025-06-18,0.9403,A,F,,,P1D,,A,,,,,,,99Q1=100,,,4,,4F0,,Swiss franc/Euro ECB reference exchange rate,"ECB reference exchange rate, Swiss franc/Euro, 2.15 pm (C.E.T.)",CHF,0
EXR.D.CHF.EUR.SP00.A,D,CHF,EUR,SP00,A,2025-06-19,0.9389,A,F,,,P1D,,A,,,,,,,99Q1=100,,,4,,4F0,,Swiss franc/Euro ECB reference exchange rate,"ECB reference exchange rate, Swiss franc/Euro, 2.15 pm (C.E.T.)",CHF,0
EXR.D.CHF.EUR.SP00.A,D,CHF,EUR,SP00,A,2025-06-20,0.9415,A,F,,,P1D,,A,,,,,,,99Q1=100,,,4,,4F0,,Swiss franc/Euro ECB reference exchange rate,"ECB reference exchange rate, Swiss franc/Euro, 2.15 pm (C.E.T.)",CHF,0
EXR.D.CHF.EUR.SP00.A,D,CHF,EUR,SP00,A,2025-06-23,0.9387,A,F,,,P1D,,A,,,,,,,99Q1=100,,,4,,4F0,,Swiss franc/Euro ECB reference exchange rate,"ECB reference exchange rate, Swiss franc/Euro, 2.15 pm (C.E.T.)",CHF,0
EXR.D.CHF.EUR.SP00.A,D,CHF,EUR,SP00,A,2025-06-24,0.9387,A,F,,,P1D,,A,,,,,,,99Q1=100,,,4,,4F0,,Swiss franc/Euro ECB reference exchange rate,"ECB reference exchange rate, Swiss franc/Euro, 2.15 pm (C.E.T.)",CHF,0
EXR.D.CHF.EUR.SP00.A,D,CHF,EUR,SP00,A,2025-06-25,0.9361,A,F,,,P1D,,A,,,,,,,99Q1=100,,,4,,4F0,,Swiss franc/Euro ECB reference exchange rate,"ECB reference exchange rate, Swiss franc/Euro, 2.15 pm (C.E.T.)",CHF,0
EXR.D.CHF.EUR.SP00.A,D,CHF,EUR,SP00,A,2025-06-26,0.9379,A,F,,,P1D,,A,,,,,,,99Q1=100,,,4,,4F0,,Swiss franc/Euro ECB reference exchange rate,"ECB reference exchange rate, Swiss franc/Euro, 2.15 pm (C.E.T.)",CHF,0
EXR.D.CHF.EUR.SP00.A,D,CHF,EUR,SP00,A,2025-06-27,0.9359,A,F,,,P1D,,A,,,,,,,99Q1=100,,,4,,4F0,,Swiss franc/Euro ECB reference exchange rate,"ECB reference exchange rate, Swiss franc/Euro, 2.15 pm (C.E.T.)",CHF,0
EXR.D.CHF.EUR.SP00.A,D,CHF,EUR,SP00,A,2025-06-30,0.9347,A,F,,,P1D,,A,,,,,,,99Q1=100,,,4,,4F0,,Swiss franc/Euro ECB reference exchange rate,"ECB reference exchange rate, Swiss franc/Euro, 2.15 pm (C.E.T.)",CHF,0
EXR.D.CHF.EUR.SP00.A,D,CHF,EUR,SP00,A,2025-07-01,0.9324,A,F,,,P1D,,A,,,,,,,99Q1=100,,,4,,4F0,,Swiss franc/Euro ECB reference exchange rate,"ECB reference exchange rate, Swiss franc/Euro, 2.15 pm (C.E.T.)",CHF,0
EXR.D.CHF.EUR.SP00.A,D,CHF,EUR,SP00,A,2025-07-02,0.933,A,F,,,P1D,,A,,,,,,,99Q1=100,,,4,,4F0,,Swiss franc/Euro ECB reference exchange rate,"ECB reference exchange rate, Swiss franc/Euro, 2.15 pm (C.E.T.)",CHF,0
EXR.D.CHF.EUR.SP00.A,D,CHF,EUR,SP00,A,2025-07-03,0.9351,A,F,,,P1D,,A,,,,,,,99Q1=100,,,4,,4F0,,Swiss franc/Euro ECB reference exchange rate,"ECB reference exchange rate, Swiss franc/Euro, 2.15 pm (C.E.T.)",CHF,0
EXR.D.CHF.EUR.SP00.A,D,CHF,EUR,SP00,A,2025-07-04,0.9346,A,F,,,P1D,,A,,,,,,,99Q1=100,,,4,,4F0,,Swiss franc/Euro ECB reference exchange rate,"ECB reference exchange rate, Swiss franc/Euro, 2.15 pm (C.E.T.)",CHF,0
EXR.D.CHF.EUR.SP00.A,D,CHF,EUR,SP00,A,2025-07-07,0.9354,A,F,,,P1D,,A,,,,,,,99Q1=100,,,4,,4F0,,Swiss franc/Euro ECB reference exchange rate,"ECB reference exchange rate, Swiss franc/Euro, 2.15 pm (C.E.T.)",CHF,0
EXR.D.CHF.EUR.SP00.A,D,CHF,EUR,SP00,A,2025-07-08,0.9351,A,F,,,P1D,,A,,,,,,,99Q1=100,,,4,,4F0,,Swiss franc/Euro ECB reference exchange rate,"ECB reference exchange rate, Swiss franc/Euro, 2.15 pm (C.E.T.)",CHF,0
EXR.D.CHF.EUR.SP00.A,D,CHF,EUR,SP00,A,2025-07-09,0.9325,A,F,,,P1D,,A,,,,,,,99Q1=100,,,4,,4F0,,Swiss franc/Euro ECB reference exchange rate,"ECB reference exchange rate, Swiss franc/Euro, 2.15 pm (C.E.T.)",CHF,0
EXR.D.CHF.EUR.SP00.A,D,CHF,EUR,SP00,A,2025-07-10,0.932,A,F,,,P1D,,A,,,,,,,99Q1=100,,,4,,4F0,,Swiss franc/Euro ECB reference exchange rate,"ECB reference exchange rate, Swiss franc/Euro, 2.15 pm (C.E.T.)",CHF,0
EXR.D.CHF.EUR.SP00.A,D,CHF,EUR,SP00,A,2025-07-11,0.931,A,F,,,P1D,,A,,,,,,,99Q1=100,,,4,,4F0,,Swiss franc/Euro ECB reference exchange rate,"ECB reference exchange rate, Swiss franc/Euro, 2.15 pm (C.E.T.)",CHF,0
EXR.D.CHF.EUR.SP00.A,D,CHF,EUR,SP00,A,2025-07-14,0.9307,A,F,,,P1D,,A,,,,,,,99Q1=100,,,4,,4F0,,Swiss franc/Euro ECB reference exchange rate,"ECB reference exchange rate, Swiss franc/Euro, 2.15 pm (C.E.T.)",CHF,0
EXR.D.CHF.EUR.SP00.A,D,CHF,EUR,SP00,A,2025-07-15,0.9299,A,F,,,P1D,,A,,,,,,,99Q1=100,,,4,,4F0,,Swiss franc/Euro ECB reference exchange rate,"ECB reference exchange rate, Swiss franc/Euro, 2.15 pm (C.E.T.)",CHF,0
EXR.D.CHF.EUR.SP00.A,D,CHF,EUR,SP00,A,2025-07-16,0.9326,A,F,,,P1D,,A,,,,,,,99Q1=100,,,4,,4F0,,Swiss franc/Euro ECB reference exchange rate,"ECB reference exchange rate, Swiss franc/Euro, 2.15 pm (C.E.T.)",CHF,0
EXR.D.CHF.EUR.SP00.A,D,CHF,EUR,SP00,A,2025-07-17,0.9323,A,F,,,P1D,,A,,,,,,,99Q1=100,,,4,,4F0,,Swiss franc/Euro ECB reference exchange rate,"ECB reference exchange rate, Swiss franc/Euro, 2.15 pm (C.E.T.)",CHF,0
EXR.D.CHF.EUR.SP00.A,D,CHF,EUR,SP00,A,2025-07-18,0.9324,A,F,,,P1D,,A,,,,,,,99Q1=100,,,4,,4F0,,Swiss franc/Euro ECB reference exchange rate,"ECB reference exchange rate, Swiss franc/Euro, 2.15 pm (C.E.T.)",CHF,0
EXR.D.CHF.EUR.SP00.A,D,CHF,EUR,SP00,A,2025-07-21,0.9325,A,F,,,P1D,,A,,,,,,,99Q1=100,,,4,,4F0,,Swiss franc/Euro ECB reference exchange rate,"ECB reference exchange rate, Swiss franc/Euro, 2.15 pm (C.E.T.)",CHF,0
EXR.D.CHF.EUR.SP00.A,D,CHF,EUR,SP00,A,2025-07-22,0.9326,A,F,,,P1D,,A,,,,,,,99Q1=100,,,4,,4F0,,Swiss franc/Euro ECB reference exchange rate,"ECB reference exchange rate, Swiss franc/Euro, 2.15 pm (C.E.T.)",CHF,0
EXR.D.CHF.EUR.SP00.A,D,CHF,EUR,SP00,A,2025-07-23,0.9306,A,F,,,P1D,,A,,,,,,,99Q1=100,,,4,,4F0,,Swiss franc/Euro ECB reference exchange rate,"ECB reference exchange rate, Swiss franc/Euro, 2.15 pm (C.E.T.)",CHF,0
EXR.D.CHF.EUR.SP00.A,D,CHF,EUR,SP00,A,2025-07-24,0.9341,A,F,,,P1D,,A,,,,,,,99Q1=100,,,4,,4F0,,Swiss franc/Euro ECB reference exchange rate,"ECB reference exchange rate, Swiss franc/Euro, 2.15 pm (C.E.T.)",CHF,0
EXR.D.CHF.EUR.SP00.A,D,CHF,EUR,SP00,A,2025-07-25,0.9343,A,F,,,P1D,,A,,,,,,,99Q1=100,,,4,,4F0,,Swiss franc/Euro ECB reference exchange rate,"ECB reference exchange rate, Swiss franc/Euro, 2.15 pm (C.E.T.)",CHF,0
EXR.D.CHF.EUR.SP00.A,D,CHF,EUR,SP00,A,2025-07-28,0.9334,A,F,,,P1D,,A,,,,,,,99Q1=100,,,4,,4F0,,Swiss franc/Euro ECB reference exchange rate,"ECB reference exchange rate, Swiss franc/Euro, 2.15 pm (C.E.T.)",CHF,0
EXR.D.CHF.EUR.SP00.A,D,CHF,EUR,SP00,A,2025-07-29,0.9305,A,F,,,P1D,,A,,,,,,,99Q1=100,,,4,,4F0,,Swiss franc/Euro ECB reference exchange rate,"ECB reference exchange rate, Swiss franc/Euro, 2.15 pm (C.E.T.)",CHF,0
EXR.D.CHF.EUR.SP00.A,D,CHF,EUR,SP00,A,2025-07-30,0.9301,A,F,,,P1D,,A,,,,,,,99Q1=100,,,4,,4F0,,Swiss franc/Euro ECB reference exchange rate,"ECB reference exchange rate, Swiss franc/Euro, 2.15 pm (C.E.T.)",CHF,0
EXR.D.CHF.EUR.SP00.A,D,CHF,EUR,SP00,A,2025-07-31,0.9297,A,F,,,P1D,,A,,,,,,,99Q1=100,,,4,,4F0,,Swiss franc/Euro ECB reference exchange rate,"ECB reference exchange rate, Swiss franc/Euro, 2.15 pm (C.E.T.)",CHF,0
