"CubeId";"rendoblid"
"PublishingDate";"2025-09-01 14:29"

"Date";"D0";"Value"
"2010-01-01";"2J";
"2010-01-01";"10J0";
"2010-01-01";"E";
"2010-01-01";"K";
"2010-01-01";"P";
"2010-01-01";"GK";
"2010-01-01";"IKH";
"2010-01-04";"2J";"0.491"
"2010-01-04";"10J0";"2.049"
"2010-01-04";"E";"1.837"
"2010-01-04";"K";"2.136"
"2010-01-04";"P";"2.162"
"2010-01-04";"GK";"2.187"
"2010-01-04";"IKH";"2.749"
"2010-01-05";"2J";"0.518"
"2010-01-05";"10J0";"2.065"
"2010-01-05";"E";"1.86"
"2010-01-05";"K";"2.122"
"2010-01-05";"P";"2.148"
"2010-01-05";"GK";"2.182"
"2010-01-05";"IKH";"2.712"
"2010-01-06";"2J";"0.543"
"2010-01-06";"10J0";"2.062"
"2010-01-06";"E";"1.858"
"2010-01-06";"K";"2.154"
"2010-01-06";"P";"2.15"
"2010-01-06";"GK";"2.197"
"2010-01-06";"IKH";"2.719"
"2010-01-07";"2J";"0.542"
"2010-01-07";"10J0";"2.07"
"2010-01-07";"E";"1.863"
"2010-01-07";"K";"2.12"
"2010-01-07";"P";"2.145"
"2010-01-07";"GK";"2.188"
"2010-01-07";"IKH";"2.728"
"2010-01-08";"2J";"0.54"
"2010-01-08";"10J0";"2.064"
"2010-01-08";"E";"1.858"
"2010-01-08";"K";"2.146"
"2010-01-08";"P";"2.149"
"2010-01-08";"GK";"2.182"
"2010-01-08";"IKH";"2.709"
"2010-01-11";"2J";"0.547"
"2010-01-11";"10J0";"2.072"
"2010-01-11";"E";"1.865"
"2010-01-11";"K";"2.14"
"2010-01-11";"P";"2.176"
"2010-01-11";"GK";"2.205"
"2010-01-11";"IKH";"2.729"
"2010-01-12";"2J";"0.509"
"2010-01-12";"10J0";"2.054"
"2010-01-12";"E";"1.845"
"2010-01-12";"K";"2.137"
"2010-01-12";"P";"2.136"
"2010-01-12";"GK";"2.173"
"2010-01-12";"IKH";"2.709"
"2010-01-13";"2J";"0.507"
"2010-01-13";"10J0";"2.043"
"2010-01-13";"E";"1.838"
"2010-01-13";"K";"2.136"
"2010-01-13";"P";"2.12"
"2010-01-13";"GK";"2.17"
"2010-01-13";"IKH";"2.676"
"2010-01-14";"2J";"0.529"
"2010-01-14";"10J0";"1.985"
"2010-01-14";"E";"1.788"
"2010-01-14";"K";"2.106"
"2010-01-14";"P";"2.103"
"2010-01-14";"GK";"2.138"
"2010-01-14";"IKH";"2.654"
"2010-01-15";"2J";"0.504"
"2010-01-15";"10J0";"1.977"
"2010-01-15";"E";"1.778"
"2010-01-15";"K";"2.089"
"2010-01-15";"P";"2.09"
"2010-01-15";"GK";"2.134"
"2010-01-15";"IKH";"2.627"
"2010-01-18";"2J";"0.496"
"2010-01-18";"10J0";"1.977"
"2010-01-18";"E";"1.775"
"2010-01-18";"K";"2.102"
"2010-01-18";"P";"2.103"
"2010-01-18";"GK";"2.132"
"2010-01-18";"IKH";"2.62"
"2010-01-19";"2J";"0.484"
"2010-01-19";"10J0";"1.978"
"2010-01-19";"E";"1.777"
"2010-01-19";"K";"2.086"
"2010-01-19";"P";"2.095"
"2010-01-19";"GK";"2.136"
"2010-01-19";"IKH";"2.618"
"2010-01-20";"2J";"0.488"
"2010-01-20";"10J0";"1.973"
"2010-01-20";"E";"1.772"
"2010-01-20";"K";"2.047"
"2010-01-20";"P";"2.085"
"2010-01-20";"GK";"2.116"
"2010-01-20";"IKH";"2.604"
"2010-01-21";"2J";"0.517"
"2010-01-21";"10J0";"2.02"
"2010-01-21";"E";"1.779"
"2010-01-21";"K";"2.043"
"2010-01-21";"P";"2.068"
"2010-01-21";"GK";"2.11"
"2010-01-21";"IKH";"2.606"
"2010-01-22";"2J";"0.507"
"2010-01-22";"10J0";"1.999"
"2010-01-22";"E";"1.758"
"2010-01-22";"K";"2.077"
"2010-01-22";"P";"2.063"
"2010-01-22";"GK";"2.11"
"2010-01-22";"IKH";"2.611"
"2010-01-25";"2J";"0.507"
"2010-01-25";"10J0";"2.018"
"2010-01-25";"E";"1.775"
"2010-01-25";"K";"2.087"
"2010-01-25";"P";"2.085"
"2010-01-25";"GK";"2.126"
"2010-01-25";"IKH";"2.617"
"2010-01-26";"2J";"0.51"
"2010-01-26";"10J0";"2.018"
"2010-01-26";"E";"1.775"
"2010-01-26";"K";"2.09"
"2010-01-26";"P";"2.082"
"2010-01-26";"GK";"2.13"
"2010-01-26";"IKH";"2.614"
"2010-01-27";"2J";"0.505"
"2010-01-27";"10J0";"2.006"
"2010-01-27";"E";"1.763"
"2010-01-27";"K";"2.049"
"2010-01-27";"P";"2.061"
"2010-01-27";"GK";"2.112"
"2010-01-27";"IKH";"2.601"
"2010-01-28";"2J";"0.507"
"2010-01-28";"10J0";"2.03"
"2010-01-28";"E";"1.783"
"2010-01-28";"K";"2.094"
"2010-01-28";"P";"2.077"
"2010-01-28";"GK";"2.122"
"2010-01-28";"IKH";"2.615"
"2010-01-29";"2J";"0.492"
"2010-01-29";"10J0";"2.01"
"2010-01-29";"E";"1.762"
"2010-01-29";"K";"2.067"
"2010-01-29";"P";"2.052"
"2010-01-29";"GK";"2.107"
"2010-01-29";"IKH";"2.597"
"2010-02-01";"2J";"0.499"
"2010-02-01";"10J0";"1.995"
"2010-02-01";"E";"1.753"
"2010-02-01";"K";"2.056"
"2010-02-01";"P";"2.038"
"2010-02-01";"GK";"2.088"
"2010-02-01";"IKH";"2.583"
"2010-02-02";"2J";"0.494"
"2010-02-02";"10J0";"1.993"
"2010-02-02";"E";"1.752"
"2010-02-02";"K";"2.04"
"2010-02-02";"P";"2.031"
"2010-02-02";"GK";"2.084"
"2010-02-02";"IKH";"2.575"
"2010-02-03";"2J";"0.498"
"2010-02-03";"10J0";"1.998"
"2010-02-03";"E";"1.757"
"2010-02-03";"K";"2.052"
"2010-02-03";"P";"2.06"
"2010-02-03";"GK";"2.095"
"2010-02-03";"IKH";"2.596"
"2010-02-04";"2J";"0.503"
"2010-02-04";"10J0";"1.989"
"2010-02-04";"E";"1.745"
"2010-02-04";"K";"2.033"
"2010-02-04";"P";"2.039"
"2010-02-04";"GK";"2.065"
"2010-02-04";"IKH";"2.569"
"2010-02-05";"2J";"0.457"
"2010-02-05";"10J0";"1.936"
"2010-02-05";"E";"1.689"
"2010-02-05";"K";"1.99"
"2010-02-05";"P";"1.983"
"2010-02-05";"GK";"2.027"
"2010-02-05";"IKH";"2.527"
"2010-02-08";"2J";"0.452"
"2010-02-08";"10J0";"1.925"
"2010-02-08";"E";"1.685"
"2010-02-08";"K";"2.002"
"2010-02-08";"P";"2.003"
"2010-02-08";"GK";"2.037"
"2010-02-08";"IKH";"2.522"
"2010-02-09";"2J";"0.463"
"2010-02-09";"10J0";"1.93"
"2010-02-09";"E";"1.69"
"2010-02-09";"K";"1.991"
"2010-02-09";"P";"1.987"
"2010-02-09";"GK";"2.04"
"2010-02-09";"IKH";"2.519"
"2010-02-10";"2J";"0.464"
"2010-02-10";"10J0";"1.976"
"2010-02-10";"E";"1.729"
"2010-02-10";"K";"1.988"
"2010-02-10";"P";"2.003"
"2010-02-10";"GK";"2.058"
"2010-02-10";"IKH";"2.535"
"2010-02-11";"2J";"0.436"
"2010-02-11";"10J0";"1.955"
"2010-02-11";"E";"1.704"
"2010-02-11";"K";"1.986"
"2010-02-11";"P";"2.002"
"2010-02-11";"GK";"2.061"
"2010-02-11";"IKH";"2.529"
"2010-02-12";"2J";"0.44"
"2010-02-12";"10J0";"1.958"
"2010-02-12";"E";"1.707"
"2010-02-12";"K";"2.015"
"2010-02-12";"P";"1.983"
"2010-02-12";"GK";"2.048"
"2010-02-12";"IKH";"2.511"
"2010-02-15";"2J";"0.415"
"2010-02-15";"10J0";"1.939"
"2010-02-15";"E";"1.68"
"2010-02-15";"K";"1.958"
"2010-02-15";"P";"1.964"
"2010-02-15";"GK";"2.019"
"2010-02-15";"IKH";"2.511"
"2010-02-16";"2J";"0.393"
"2010-02-16";"10J0";"1.938"
"2010-02-16";"E";"1.669"
"2010-02-16";"K";"1.946"
"2010-02-16";"P";"1.953"
"2010-02-16";"GK";"2.007"
"2010-02-16";"IKH";"2.5"
"2010-02-17";"2J";"0.393"
"2010-02-17";"10J0";"1.92"
"2010-02-17";"E";"1.654"
"2010-02-17";"K";"1.965"
"2010-02-17";"P";"1.941"
"2010-02-17";"GK";"2.002"
"2010-02-17";"IKH";"2.46"
"2010-02-18";"2J";"0.39"
"2010-02-18";"10J0";"1.931"
"2010-02-18";"E";"1.66"
"2010-02-18";"K";"1.956"
"2010-02-18";"P";"1.934"
"2010-02-18";"GK";"1.98"
"2010-02-18";"IKH";"2.458"
"2010-02-19";"2J";"0.401"
"2010-02-19";"10J0";"1.986"
"2010-02-19";"E";"1.712"
"2010-02-19";"K";"1.974"
"2010-02-19";"P";"1.991"
"2010-02-19";"GK";"2.042"
"2010-02-19";"IKH";"2.514"
"2010-02-22";"2J";"0.401"
"2010-02-22";"10J0";"2.006"
"2010-02-22";"E";"1.73"
"2010-02-22";"K";"1.967"
"2010-02-22";"P";"2.002"
"2010-02-22";"GK";"2.048"
"2010-02-22";"IKH";"2.518"
"2010-02-23";"2J";"0.414"
"2010-02-23";"10J0";"2.001"
"2010-02-23";"E";"1.729"
"2010-02-23";"K";"2.008"
"2010-02-23";"P";"2.005"
"2010-02-23";"GK";"2.054"
"2010-02-23";"IKH";"2.517"
"2010-02-24";"2J";"0.395"
"2010-02-24";"10J0";"1.935"
"2010-02-24";"E";"1.667"
"2010-02-24";"K";"1.925"
"2010-02-24";"P";"1.972"
"2010-02-24";"GK";"1.989"
"2010-02-24";"IKH";"2.473"
"2010-02-25";"2J";"0.39"
"2010-02-25";"10J0";"1.926"
"2010-02-25";"E";"1.657"
"2010-02-25";"K";"1.964"
"2010-02-25";"P";"1.926"
"2010-02-25";"GK";"1.985"
"2010-02-25";"IKH";"2.453"
"2010-02-26";"2J";"0.376"
"2010-02-26";"10J0";"1.931"
"2010-02-26";"E";"1.656"
"2010-02-26";"K";"1.914"
"2010-02-26";"P";"1.936"
"2010-02-26";"GK";"1.984"
"2010-02-26";"IKH";"2.478"
"2010-03-01";"2J";"0.367"
"2010-03-01";"10J0";"1.924"
"2010-03-01";"E";"1.648"
"2010-03-01";"K";"1.915"
"2010-03-01";"P";"1.919"
"2010-03-01";"GK";"1.985"
"2010-03-01";"IKH";"2.491"
"2010-03-02";"2J";"0.365"
"2010-03-02";"10J0";"1.902"
"2010-03-02";"E";"1.63"
"2010-03-02";"K";"1.901"
"2010-03-02";"P";"1.913"
"2010-03-02";"GK";"1.965"
"2010-03-02";"IKH";"2.454"
"2010-03-03";"2J";"0.385"
"2010-03-03";"10J0";"1.899"
"2010-03-03";"E";"1.627"
"2010-03-03";"K";"1.926"
"2010-03-03";"P";"1.938"
"2010-03-03";"GK";"1.997"
"2010-03-03";"IKH";"2.47"
"2010-03-04";"2J";"0.387"
"2010-03-04";"10J0";"1.908"
"2010-03-04";"E";"1.635"
"2010-03-04";"K";"1.968"
"2010-03-04";"P";"1.95"
"2010-03-04";"GK";"2.009"
"2010-03-04";"IKH";"2.496"
"2010-03-05";"2J";"0.395"
"2010-03-05";"10J0";"1.887"
"2010-03-05";"E";"1.622"
"2010-03-05";"K";"1.951"
"2010-03-05";"P";"1.93"
"2010-03-05";"GK";"1.987"
"2010-03-05";"IKH";"2.465"
"2010-03-08";"2J";"0.407"
"2010-03-08";"10J0";"1.892"
"2010-03-08";"E";"1.63"
"2010-03-08";"K";"1.924"
"2010-03-08";"P";"1.932"
"2010-03-08";"GK";"1.983"
"2010-03-08";"IKH";"2.484"
"2010-03-09";"2J";"0.405"
"2010-03-09";"10J0";"1.864"
"2010-03-09";"E";"1.597"
"2010-03-09";"K";"1.904"
"2010-03-09";"P";"1.92"
"2010-03-09";"GK";"1.973"
"2010-03-09";"IKH";"2.454"
"2010-03-10";"2J";"0.459"
"2010-03-10";"10J0";"1.902"
"2010-03-10";"E";"1.645"
"2010-03-10";"K";"1.97"
"2010-03-10";"P";"1.971"
"2010-03-10";"GK";"2.032"
"2010-03-10";"IKH";"2.477"
"2010-03-11";"2J";"0.466"
"2010-03-11";"10J0";"1.924"
"2010-03-11";"E";"1.661"
"2010-03-11";"K";"1.989"
"2010-03-11";"P";"1.98"
"2010-03-11";"GK";"2.03"
"2010-03-11";"IKH";"2.505"
"2010-03-12";"2J";"0.496"
"2010-03-12";"10J0";"1.951"
"2010-03-12";"E";"1.692"
"2010-03-12";"K";"2.011"
"2010-03-12";"P";"2.022"
"2010-03-12";"GK";"2.071"
"2010-03-12";"IKH";"2.529"
"2010-03-15";"2J";"0.49"
"2010-03-15";"10J0";"1.941"
"2010-03-15";"E";"1.684"
"2010-03-15";"K";"2.02"
"2010-03-15";"P";"2.009"
"2010-03-15";"GK";"2.076"
"2010-03-15";"IKH";"2.516"
"2010-03-16";"2J";"0.49"
"2010-03-16";"10J0";"1.959"
"2010-03-16";"E";"1.699"
"2010-03-16";"K";"2.029"
"2010-03-16";"P";"2.018"
"2010-03-16";"GK";"2.069"
"2010-03-16";"IKH";"2.522"
"2010-03-17";"2J";"0.496"
"2010-03-17";"10J0";"1.962"
"2010-03-17";"E";"1.705"
"2010-03-17";"K";"2.027"
"2010-03-17";"P";"2.005"
"2010-03-17";"GK";"2.055"
"2010-03-17";"IKH";"2.51"
"2010-03-18";"2J";"0.48"
"2010-03-18";"10J0";"1.963"
"2010-03-18";"E";"1.702"
"2010-03-18";"K";"1.983"
"2010-03-18";"P";"1.997"
"2010-03-18";"GK";"2.045"
"2010-03-18";"IKH";"2.539"
"2010-03-19";"2J";"0.497"
"2010-03-19";"10J0";"1.98"
"2010-03-19";"E";"1.721"
"2010-03-19";"K";"2.017"
"2010-03-19";"P";"2.008"
"2010-03-19";"GK";"2.047"
"2010-03-19";"IKH";"2.513"
"2010-03-22";"2J";"0.476"
"2010-03-22";"10J0";"1.962"
"2010-03-22";"E";"1.698"
"2010-03-22";"K";"1.951"
"2010-03-22";"P";"2.006"
"2010-03-22";"GK";"2.046"
"2010-03-22";"IKH";"2.492"
"2010-03-23";"2J";"0.483"
"2010-03-23";"10J0";"1.934"
"2010-03-23";"E";"1.677"
"2010-03-23";"K";"1.97"
"2010-03-23";"P";"1.976"
"2010-03-23";"GK";"2.014"
"2010-03-23";"IKH";"2.492"
"2010-03-24";"2J";"0.476"
"2010-03-24";"10J0";"1.954"
"2010-03-24";"E";"1.692"
"2010-03-24";"K";"1.962"
"2010-03-24";"P";"1.985"
"2010-03-24";"GK";"2.025"
"2010-03-24";"IKH";"2.491"
"2010-03-25";"2J";"0.491"
"2010-03-25";"10J0";"1.96"
"2010-03-25";"E";"1.702"
"2010-03-25";"K";"1.982"
"2010-03-25";"P";"1.993"
"2010-03-25";"GK";"2.029"
"2010-03-25";"IKH";"2.499"
"2010-03-26";"2J";"0.484"
"2010-03-26";"10J0";"1.966"
"2010-03-26";"E";"1.705"
"2010-03-26";"K";"1.975"
"2010-03-26";"P";"1.991"
"2010-03-26";"GK";"2.028"
"2010-03-26";"IKH";"2.477"
"2010-03-29";"2J";"0.48"
"2010-03-29";"10J0";"1.962"
"2010-03-29";"E";"1.698"
"2010-03-29";"K";"1.971"
"2010-03-29";"P";"1.983"
"2010-03-29";"GK";"2.021"
"2010-03-29";"IKH";"2.48"
"2010-03-30";"2J";"0.479"
"2010-03-30";"10J0";"1.966"
"2010-03-30";"E";"1.701"
"2010-03-30";"K";"1.986"
"2010-03-30";"P";"1.988"
"2010-03-30";"GK";"2.018"
"2010-03-30";"IKH";"2.484"
"2010-03-31";"2J";"0.472"
"2010-03-31";"10J0";"1.941"
"2010-03-31";"E";"1.676"
"2010-03-31";"K";"1.978"
"2010-03-31";"P";"1.96"
"2010-03-31";"GK";"2.003"
"2010-03-31";"IKH";"2.456"
"2010-04-01";"2J";"0.484"
"2010-04-01";"10J0";"1.943"
"2010-04-01";"E";"1.681"
"2010-04-01";"K";"1.928"
"2010-04-01";"P";"1.971"
"2010-04-01";"GK";"1.989"
"2010-04-01";"IKH";"2.442"
"2010-04-02";"2J";
"2010-04-02";"10J0";
"2010-04-02";"E";
"2010-04-02";"K";
"2010-04-02";"P";
"2010-04-02";"GK";
"2010-04-02";"IKH";
"2010-04-05";"2J";
"2010-04-05";"10J0";
"2010-04-05";"E";
"2010-04-05";"K";
"2010-04-05";"P";
"2010-04-05";"GK";
"2010-04-05";"IKH";
"2010-04-06";"2J";"0.496"
"2010-04-06";"10J0";"1.978"
"2010-04-06";"E";"1.715"
"2010-04-06";"K";"1.981"
"2010-04-06";"P";"2.013"
"2010-04-06";"GK";"2.04"
"2010-04-06";"IKH";"2.467"
"2010-04-07";"2J";"0.526"
"2010-04-07";"10J0";"2.002"
"2010-04-07";"E";"1.741"
"2010-04-07";"K";"2.006"
"2010-04-07";"P";"2.034"
"2010-04-07";"GK";"2.065"
"2010-04-07";"IKH";"2.484"
"2010-04-08";"2J";"0.502"
"2010-04-08";"10J0";"1.957"
"2010-04-08";"E";"1.695"
"2010-04-08";"K";"1.966"
"2010-04-08";"P";"2.013"
"2010-04-08";"GK";"2.038"
"2010-04-08";"IKH";"2.465"
"2010-04-09";"2J";"0.538"
"2010-04-09";"10J0";"1.976"
"2010-04-09";"E";"1.721"
"2010-04-09";"K";"2"
"2010-04-09";"P";"2.01"
"2010-04-09";"GK";"2.057"
"2010-04-09";"IKH";"2.486"
"2010-04-12";"2J";"0.554"
"2010-04-12";"10J0";"2.018"
"2010-04-12";"E";"1.762"
"2010-04-12";"K";"2.027"
"2010-04-12";"P";"2.039"
"2010-04-12";"GK";"2.089"
"2010-04-12";"IKH";"2.485"
"2010-04-13";"2J";"0.542"
"2010-04-13";"10J0";"2.015"
"2010-04-13";"E";"1.757"
"2010-04-13";"K";"2.012"
"2010-04-13";"P";"2.036"
"2010-04-13";"GK";"2.073"
"2010-04-13";"IKH";"2.492"
"2010-04-14";"2J";"0.521"
"2010-04-14";"10J0";"1.992"
"2010-04-14";"E";"1.735"
"2010-04-14";"K";"1.994"
"2010-04-14";"P";"2.002"
"2010-04-14";"GK";"2.053"
"2010-04-14";"IKH";"2.455"
"2010-04-15";"2J";"0.512"
"2010-04-15";"10J0";"1.966"
"2010-04-15";"E";"1.707"
"2010-04-15";"K";"1.978"
"2010-04-15";"P";"1.994"
"2010-04-15";"GK";"2.032"
"2010-04-15";"IKH";"2.462"
"2010-04-16";"2J";"0.509"
"2010-04-16";"10J0";"1.947"
"2010-04-16";"E";"1.689"
"2010-04-16";"K";"1.953"
"2010-04-16";"P";"1.982"
"2010-04-16";"GK";"2.014"
"2010-04-16";"IKH";"2.455"
"2010-04-19";"2J";"0.497"
"2010-04-19";"10J0";"1.935"
"2010-04-19";"E";"1.675"
"2010-04-19";"K";"1.936"
"2010-04-19";"P";"1.959"
"2010-04-19";"GK";"1.999"
"2010-04-19";"IKH";"2.444"
"2010-04-20";"2J";"0.492"
"2010-04-20";"10J0";"1.949"
"2010-04-20";"E";"1.685"
"2010-04-20";"K";"1.965"
"2010-04-20";"P";"1.965"
"2010-04-20";"GK";"2.005"
"2010-04-20";"IKH";"2.437"
"2010-04-21";"2J";"0.498"
"2010-04-21";"10J0";"1.949"
"2010-04-21";"E";"1.688"
"2010-04-21";"K";"1.96"
"2010-04-21";"P";"1.968"
"2010-04-21";"GK";"2.001"
"2010-04-21";"IKH";"2.43"
"2010-04-22";"2J";"0.504"
"2010-04-22";"10J0";"1.937"
"2010-04-22";"E";"1.677"
"2010-04-22";"K";"1.952"
"2010-04-22";"P";"1.962"
"2010-04-22";"GK";"2"
"2010-04-22";"IKH";"2.437"
"2010-04-23";"2J";"0.503"
"2010-04-23";"10J0";"1.909"
"2010-04-23";"E";"1.654"
"2010-04-23";"K";"1.929"
"2010-04-23";"P";"1.94"
"2010-04-23";"GK";"1.98"
"2010-04-23";"IKH";"2.391"
"2010-04-26";"2J";"0.496"
"2010-04-26";"10J0";"1.908"
"2010-04-26";"E";"1.652"
"2010-04-26";"K";"1.932"
"2010-04-26";"P";"1.949"
"2010-04-26";"GK";"1.975"
"2010-04-26";"IKH";"2.409"
"2010-04-27";"2J";"0.501"
"2010-04-27";"10J0";"1.886"
"2010-04-27";"E";"1.635"
"2010-04-27";"K";"1.931"
"2010-04-27";"P";"1.938"
"2010-04-27";"GK";"1.968"
"2010-04-27";"IKH";"2.394"
"2010-04-28";"2J";"0.449"
"2010-04-28";"10J0";"1.826"
"2010-04-28";"E";"1.572"
"2010-04-28";"K";"1.841"
"2010-04-28";"P";"1.863"
"2010-04-28";"GK";"1.895"
"2010-04-28";"IKH";"2.334"
"2010-04-29";"2J";"0.479"
"2010-04-29";"10J0";"1.85"
"2010-04-29";"E";"1.602"
"2010-04-29";"K";"1.884"
"2010-04-29";"P";"1.897"
"2010-04-29";"GK";"1.936"
"2010-04-29";"IKH";"2.404"
"2010-04-30";"2J";"0.478"
"2010-04-30";"10J0";"1.865"
"2010-04-30";"E";"1.612"
"2010-04-30";"K";"1.895"
"2010-04-30";"P";"1.929"
"2010-04-30";"GK";"1.956"
"2010-04-30";"IKH";"2.42"
"2010-05-03";"2J";"0.475"
"2010-05-03";"10J0";"1.854"
"2010-05-03";"E";"1.604"
"2010-05-03";"K";"1.922"
"2010-05-03";"P";"1.929"
"2010-05-03";"GK";"1.964"
"2010-05-03";"IKH";"2.45"
"2010-05-04";"2J";"0.461"
"2010-05-04";"10J0";"1.852"
"2010-05-04";"E";"1.599"
"2010-05-04";"K";"1.921"
"2010-05-04";"P";"1.941"
"2010-05-04";"GK";"1.97"
"2010-05-04";"IKH";"2.428"
"2010-05-05";"2J";"0.429"
"2010-05-05";"10J0";"1.765"
"2010-05-05";"E";"1.515"
"2010-05-05";"K";"1.849"
"2010-05-05";"P";"1.838"
"2010-05-05";"GK";"1.877"
"2010-05-05";"IKH";"2.309"
"2010-05-06";"2J";"0.392"
"2010-05-06";"10J0";"1.715"
"2010-05-06";"E";"1.463"
"2010-05-06";"K";"1.757"
"2010-05-06";"P";"1.775"
"2010-05-06";"GK";"1.835"
"2010-05-06";"IKH";"2.321"
"2010-05-07";"2J";"0.286"
"2010-05-07";"10J0";"1.651"
"2010-05-07";"E";"1.382"
"2010-05-07";"K";"1.713"
"2010-05-07";"P";"1.74"
"2010-05-07";"GK";"1.8"
"2010-05-07";"IKH";"2.282"
"2010-05-10";"2J";"0.366"
"2010-05-10";"10J0";"1.783"
"2010-05-10";"E";"1.51"
"2010-05-10";"K";"1.832"
"2010-05-10";"P";"1.862"
"2010-05-10";"GK";"1.907"
"2010-05-10";"IKH";"2.386"
"2010-05-11";"2J";"0.352"
"2010-05-11";"10J0";"1.766"
"2010-05-11";"E";"1.489"
"2010-05-11";"K";"1.793"
"2010-05-11";"P";"1.826"
"2010-05-11";"GK";"1.872"
"2010-05-11";"IKH";"2.365"
"2010-05-12";"2J";"0.343"
"2010-05-12";"10J0";"1.759"
"2010-05-12";"E";"1.478"
"2010-05-12";"K";"1.785"
"2010-05-12";"P";"1.825"
"2010-05-12";"GK";"1.865"
"2010-05-12";"IKH";"2.373"
"2010-05-13";"2J";
"2010-05-13";"10J0";
"2010-05-13";"E";
"2010-05-13";"K";
"2010-05-13";"P";
"2010-05-13";"GK";
"2010-05-13";"IKH";
"2010-05-14";"2J";"0.304"
"2010-05-14";"10J0";"1.744"
"2010-05-14";"E";"1.465"
"2010-05-14";"K";"1.772"
"2010-05-14";"P";"1.805"
"2010-05-14";"GK";"1.841"
"2010-05-14";"IKH";"2.34"
"2010-05-17";"2J";"0.305"
"2010-05-17";"10J0";"1.719"
"2010-05-17";"E";"1.441"
"2010-05-17";"K";"1.74"
"2010-05-17";"P";"1.78"
"2010-05-17";"GK";"1.818"
"2010-05-17";"IKH";"2.28"
"2010-05-18";"2J";"0.32"
"2010-05-18";"10J0";"1.704"
"2010-05-18";"E";"1.436"
"2010-05-18";"K";"1.74"
"2010-05-18";"P";"1.77"
"2010-05-18";"GK";"1.814"
"2010-05-18";"IKH";"2.275"
"2010-05-19";"2J";"0.282"
"2010-05-19";"10J0";"1.639"
"2010-05-19";"E";"1.368"
"2010-05-19";"K";"1.694"
"2010-05-19";"P";"1.722"
"2010-05-19";"GK";"1.755"
"2010-05-19";"IKH";"2.223"
"2010-05-20";"2J";"0.296"
"2010-05-20";"10J0";"1.641"
"2010-05-20";"E";"1.377"
"2010-05-20";"K";"1.696"
"2010-05-20";"P";"1.71"
"2010-05-20";"GK";"1.752"
"2010-05-20";"IKH";"2.211"
"2010-05-21";"2J";"0.265"
"2010-05-21";"10J0";"1.583"
"2010-05-21";"E";"1.32"
"2010-05-21";"K";"1.628"
"2010-05-21";"P";"1.636"
"2010-05-21";"GK";"1.711"
"2010-05-21";"IKH";"2.143"
"2010-05-24";"2J";
"2010-05-24";"10J0";
"2010-05-24";"E";
"2010-05-24";"K";
"2010-05-24";"P";
"2010-05-24";"GK";
"2010-05-24";"IKH";
"2010-05-25";"2J";"0.23"
"2010-05-25";"10J0";"1.499"
"2010-05-25";"E";"1.237"
"2010-05-25";"K";"1.541"
"2010-05-25";"P";"1.557"
"2010-05-25";"GK";"1.623"
"2010-05-25";"IKH";"2.069"
"2010-05-26";"2J";"0.241"
"2010-05-26";"10J0";"1.501"
"2010-05-26";"E";"1.249"
"2010-05-26";"K";"1.55"
"2010-05-26";"P";"1.568"
"2010-05-26";"GK";"1.639"
"2010-05-26";"IKH";"2.116"
"2010-05-27";"2J";"0.273"
"2010-05-27";"10J0";"1.541"
"2010-05-27";"E";"1.293"
"2010-05-27";"K";"1.597"
"2010-05-27";"P";"1.616"
"2010-05-27";"GK";"1.681"
"2010-05-27";"IKH";"2.171"
"2010-05-28";"2J";"0.284"
"2010-05-28";"10J0";"1.585"
"2010-05-28";"E";"1.331"
"2010-05-28";"K";"1.648"
"2010-05-28";"P";"1.686"
"2010-05-28";"GK";"1.728"
"2010-05-28";"IKH";"2.16"
"2010-05-31";"2J";"0.35"
"2010-05-31";"10J0";"1.573"
"2010-05-31";"E";"1.334"
"2010-05-31";"K";"1.65"
"2010-05-31";"P";"1.688"
"2010-05-31";"GK";"1.74"
"2010-05-31";"IKH";"2.283"
"2010-06-01";"2J";"0.323"
"2010-06-01";"10J0";"1.549"
"2010-06-01";"E";"1.307"
"2010-06-01";"K";"1.619"
"2010-06-01";"P";"1.657"
"2010-06-01";"GK";"1.706"
"2010-06-01";"IKH";"2.242"
"2010-06-02";"2J";"0.352"
"2010-06-02";"10J0";"1.532"
"2010-06-02";"E";"1.308"
"2010-06-02";"K";"1.589"
"2010-06-02";"P";"1.625"
"2010-06-02";"GK";"1.668"
"2010-06-02";"IKH";"2.22"
"2010-06-03";"2J";"0.345"
"2010-06-03";"10J0";"1.546"
"2010-06-03";"E";"1.315"
"2010-06-03";"K";"1.631"
"2010-06-03";"P";"1.671"
"2010-06-03";"GK";"1.702"
"2010-06-03";"IKH";"2.243"
"2010-06-04";"2J";"0.362"
"2010-06-04";"10J0";"1.575"
"2010-06-04";"E";"1.344"
"2010-06-04";"K";"1.664"
"2010-06-04";"P";"1.695"
"2010-06-04";"GK";"1.727"
"2010-06-04";"IKH";"2.263"
"2010-06-07";"2J";"0.321"
"2010-06-07";"10J0";"1.505"
"2010-06-07";"E";"1.273"
"2010-06-07";"K";"1.599"
"2010-06-07";"P";"1.632"
"2010-06-07";"GK";"1.671"
"2010-06-07";"IKH";"2.232"
"2010-06-08";"2J";"0.318"
"2010-06-08";"10J0";"1.496"
"2010-06-08";"E";"1.266"
"2010-06-08";"K";"1.58"
"2010-06-08";"P";"1.625"
"2010-06-08";"GK";"1.653"
"2010-06-08";"IKH";"2.223"
"2010-06-09";"2J";"0.302"
"2010-06-09";"10J0";"1.515"
"2010-06-09";"E";"1.279"
"2010-06-09";"K";"1.587"
"2010-06-09";"P";"1.63"
"2010-06-09";"GK";"1.662"
"2010-06-09";"IKH";"2.211"
"2010-06-10";"2J";"0.341"
"2010-06-10";"10J0";"1.545"
"2010-06-10";"E";"1.316"
"2010-06-10";"K";"1.614"
"2010-06-10";"P";"1.662"
"2010-06-10";"GK";"1.691"
"2010-06-10";"IKH";"2.232"
"2010-06-11";"2J";"0.346"
"2010-06-11";"10J0";"1.578"
"2010-06-11";"E";"1.348"
"2010-06-11";"K";"1.63"
"2010-06-11";"P";"1.674"
"2010-06-11";"GK";"1.708"
"2010-06-11";"IKH";"2.258"
"2010-06-14";"2J";"0.351"
"2010-06-14";"10J0";"1.589"
"2010-06-14";"E";"1.358"
"2010-06-14";"K";"1.653"
"2010-06-14";"P";"1.692"
"2010-06-14";"GK";"1.731"
"2010-06-14";"IKH";"2.269"
"2010-06-15";"2J";"0.342"
"2010-06-15";"10J0";"1.588"
"2010-06-15";"E";"1.355"
"2010-06-15";"K";"1.631"
"2010-06-15";"P";"1.678"
"2010-06-15";"GK";"1.714"
"2010-06-15";"IKH";"2.253"
"2010-06-16";"2J";"0.359"
"2010-06-16";"10J0";"1.59"
"2010-06-16";"E";"1.363"
"2010-06-16";"K";"1.626"
"2010-06-16";"P";"1.679"
"2010-06-16";"GK";"1.705"
"2010-06-16";"IKH";"2.253"
"2010-06-17";"2J";"0.395"
"2010-06-17";"10J0";"1.597"
"2010-06-17";"E";"1.378"
"2010-06-17";"K";"1.658"
"2010-06-17";"P";"1.698"
"2010-06-17";"GK";"1.728"
"2010-06-17";"IKH";"2.275"
"2010-06-18";"2J";"0.393"
"2010-06-18";"10J0";"1.592"
"2010-06-18";"E";"1.379"
"2010-06-18";"K";"1.644"
"2010-06-18";"P";"1.695"
"2010-06-18";"GK";"1.719"
"2010-06-18";"IKH";"2.259"
"2010-06-21";"2J";"0.45"
"2010-06-21";"10J0";"1.637"
"2010-06-21";"E";"1.433"
"2010-06-21";"K";"1.719"
"2010-06-21";"P";"1.738"
"2010-06-21";"GK";"1.763"
"2010-06-21";"IKH";"2.301"
"2010-06-22";"2J";"0.418"
"2010-06-22";"10J0";"1.626"
"2010-06-22";"E";"1.411"
"2010-06-22";"K";"1.7"
"2010-06-22";"P";"1.729"
"2010-06-22";"GK";"1.752"
"2010-06-22";"IKH";"2.286"
"2010-06-23";"2J";"0.402"
"2010-06-23";"10J0";"1.575"
"2010-06-23";"E";"1.366"
"2010-06-23";"K";"1.641"
"2010-06-23";"P";"1.668"
"2010-06-23";"GK";"1.683"
"2010-06-23";"IKH";"2.233"
"2010-06-24";"2J";"0.39"
"2010-06-24";"10J0";"1.567"
"2010-06-24";"E";"1.357"
"2010-06-24";"K";"1.642"
"2010-06-24";"P";"1.668"
"2010-06-24";"GK";"1.677"
"2010-06-24";"IKH";"2.234"
"2010-06-25";"2J";"0.378"
"2010-06-25";"10J0";"1.532"
"2010-06-25";"E";"1.325"
"2010-06-25";"K";"1.633"
"2010-06-25";"P";"1.657"
"2010-06-25";"GK";"1.662"
"2010-06-25";"IKH";"2.215"
"2010-06-28";"2J";"0.397"
"2010-06-28";"10J0";"1.555"
"2010-06-28";"E";"1.347"
"2010-06-28";"K";"1.656"
"2010-06-28";"P";"1.675"
"2010-06-28";"GK";"1.687"
"2010-06-28";"IKH";"2.233"
"2010-06-29";"2J";"0.347"
"2010-06-29";"10J0";"1.504"
"2010-06-29";"E";"1.29"
"2010-06-29";"K";"1.617"
"2010-06-29";"P";"1.637"
"2010-06-29";"GK";"1.651"
"2010-06-29";"IKH";"2.202"
"2010-06-30";"2J";"0.347"
"2010-06-30";"10J0";"1.509"
"2010-06-30";"E";"1.297"
"2010-06-30";"K";"1.627"
"2010-06-30";"P";"1.64"
"2010-06-30";"GK";"1.682"
"2010-06-30";"IKH";"2.203"
"2010-07-01";"2J";"0.361"
"2010-07-01";"10J0";"1.488"
"2010-07-01";"E";"1.283"
"2010-07-01";"K";"1.639"
"2010-07-01";"P";"1.645"
"2010-07-01";"GK";"1.686"
"2010-07-01";"IKH";"2.215"
"2010-07-02";"2J";"0.338"
"2010-07-02";"10J0";"1.447"
"2010-07-02";"E";"1.243"
"2010-07-02";"K";"1.578"
"2010-07-02";"P";"1.595"
"2010-07-02";"GK";"1.64"
"2010-07-02";"IKH";"2.187"
"2010-07-05";"2J";"0.338"
"2010-07-05";"10J0";"1.463"
"2010-07-05";"E";"1.256"
"2010-07-05";"K";"1.6"
"2010-07-05";"P";"1.602"
"2010-07-05";"GK";"1.655"
"2010-07-05";"IKH";"2.187"
"2010-07-06";"2J";"0.343"
"2010-07-06";"10J0";"1.474"
"2010-07-06";"E";"1.268"
"2010-07-06";"K";"1.621"
"2010-07-06";"P";"1.631"
"2010-07-06";"GK";"1.665"
"2010-07-06";"IKH";"2.21"
"2010-07-07";"2J";"0.353"
"2010-07-07";"10J0";"1.448"
"2010-07-07";"E";"1.243"
"2010-07-07";"K";"1.594"
"2010-07-07";"P";"1.602"
"2010-07-07";"GK";"1.638"
"2010-07-07";"IKH";"2.186"
"2010-07-08";"2J";"0.358"
"2010-07-08";"10J0";"1.46"
"2010-07-08";"E";"1.253"
"2010-07-08";"K";"1.607"
"2010-07-08";"P";"1.615"
"2010-07-08";"GK";"1.647"
"2010-07-08";"IKH";"2.193"
"2010-07-09";"2J";"0.357"
"2010-07-09";"10J0";"1.474"
"2010-07-09";"E";"1.264"
"2010-07-09";"K";"1.622"
"2010-07-09";"P";"1.633"
"2010-07-09";"GK";"1.668"
"2010-07-09";"IKH";"2.184"
"2010-07-12";"2J";"0.362"
"2010-07-12";"10J0";"1.447"
"2010-07-12";"E";"1.241"
"2010-07-12";"K";"1.606"
"2010-07-12";"P";"1.607"
"2010-07-12";"GK";"1.648"
"2010-07-12";"IKH";"2.163"
"2010-07-13";"2J";"0.34"
"2010-07-13";"10J0";"1.418"
"2010-07-13";"E";"1.228"
"2010-07-13";"K";"1.567"
"2010-07-13";"P";"1.578"
"2010-07-13";"GK";"1.605"
"2010-07-13";"IKH";"2.136"
"2010-07-14";"2J";"0.378"
"2010-07-14";"10J0";"1.488"
"2010-07-14";"E";"1.298"
"2010-07-14";"K";"1.616"
"2010-07-14";"P";"1.633"
"2010-07-14";"GK";"1.666"
"2010-07-14";"IKH";"2.189"
"2010-07-15";"2J";"0.387"
"2010-07-15";"10J0";"1.462"
"2010-07-15";"E";"1.267"
"2010-07-15";"K";"1.602"
"2010-07-15";"P";"1.613"
"2010-07-15";"GK";"1.644"
"2010-07-15";"IKH";"2.161"
"2010-07-16";"2J";"0.379"
"2010-07-16";"10J0";"1.484"
"2010-07-16";"E";"1.285"
"2010-07-16";"K";"1.616"
"2010-07-16";"P";"1.626"
"2010-07-16";"GK";"1.659"
"2010-07-16";"IKH";"2.182"
"2010-07-19";"2J";"0.362"
"2010-07-19";"10J0";"1.46"
"2010-07-19";"E";"1.261"
"2010-07-19";"K";"1.591"
"2010-07-19";"P";"1.593"
"2010-07-19";"GK";"1.633"
"2010-07-19";"IKH";"2.157"
"2010-07-20";"2J";"0.365"
"2010-07-20";"10J0";"1.462"
"2010-07-20";"E";"1.26"
"2010-07-20";"K";"1.596"
"2010-07-20";"P";"1.6"
"2010-07-20";"GK";"1.637"
"2010-07-20";"IKH";"2.152"
"2010-07-21";"2J";"0.362"
"2010-07-21";"10J0";"1.455"
"2010-07-21";"E";"1.25"
"2010-07-21";"K";"1.576"
"2010-07-21";"P";"1.581"
"2010-07-21";"GK";"1.615"
"2010-07-21";"IKH";"2.142"
"2010-07-22";"2J";"0.354"
"2010-07-22";"10J0";"1.456"
"2010-07-22";"E";"1.249"
"2010-07-22";"K";"1.585"
"2010-07-22";"P";"1.589"
"2010-07-22";"GK";"1.618"
"2010-07-22";"IKH";"2.131"
"2010-07-23";"2J";"0.39"
"2010-07-23";"10J0";"1.485"
"2010-07-23";"E";"1.279"
"2010-07-23";"K";"1.619"
"2010-07-23";"P";"1.633"
"2010-07-23";"GK";"1.664"
"2010-07-23";"IKH";"2.165"
"2010-07-26";"2J";"0.401"
"2010-07-26";"10J0";"1.523"
"2010-07-26";"E";"1.32"
"2010-07-26";"K";"1.627"
"2010-07-26";"P";"1.646"
"2010-07-26";"GK";"1.679"
"2010-07-26";"IKH";"2.176"
"2010-07-27";"2J";"0.433"
"2010-07-27";"10J0";"1.537"
"2010-07-27";"E";"1.335"
"2010-07-27";"K";"1.655"
"2010-07-27";"P";"1.668"
"2010-07-27";"GK";"1.703"
"2010-07-27";"IKH";"2.195"
"2010-07-28";"2J";"0.436"
"2010-07-28";"10J0";"1.503"
"2010-07-28";"E";"1.306"
"2010-07-28";"K";"1.626"
"2010-07-28";"P";"1.64"
"2010-07-28";"GK";"1.681"
"2010-07-28";"IKH";"2.185"
"2010-07-29";"2J";"0.414"
"2010-07-29";"10J0";"1.513"
"2010-07-29";"E";"1.314"
"2010-07-29";"K";"1.634"
"2010-07-29";"P";"1.647"
"2010-07-29";"GK";"1.678"
"2010-07-29";"IKH";"2.186"
"2010-07-30";"2J";"0.407"
"2010-07-30";"10J0";"1.5"
"2010-07-30";"E";"1.306"
"2010-07-30";"K";"1.634"
"2010-07-30";"P";"1.648"
"2010-07-30";"GK";"1.678"
"2010-07-30";"IKH";"2.186"
"2010-08-02";"2J";"0.418"
"2010-08-02";"10J0";"1.519"
"2010-08-02";"E";"1.325"
"2010-08-02";"K";"1.647"
"2010-08-02";"P";"1.657"
"2010-08-02";"GK";"1.688"
"2010-08-02";"IKH";"2.197"
"2010-08-03";"2J";"0.436"
"2010-08-03";"10J0";"1.532"
"2010-08-03";"E";"1.335"
"2010-08-03";"K";"1.683"
"2010-08-03";"P";"1.685"
"2010-08-03";"GK";"1.722"
"2010-08-03";"IKH";"2.229"
"2010-08-04";"2J";"0.403"
"2010-08-04";"10J0";"1.488"
"2010-08-04";"E";"1.295"
"2010-08-04";"K";"1.627"
"2010-08-04";"P";"1.628"
"2010-08-04";"GK";"1.662"
"2010-08-04";"IKH";"2.187"
"2010-08-05";"2J";"0.413"
"2010-08-05";"10J0";"1.488"
"2010-08-05";"E";"1.297"
"2010-08-05";"K";"1.634"
"2010-08-05";"P";"1.634"
"2010-08-05";"GK";"1.669"
"2010-08-05";"IKH";"2.186"
"2010-08-06";"2J";"0.402"
"2010-08-06";"10J0";"1.467"
"2010-08-06";"E";"1.274"
"2010-08-06";"K";"1.616"
"2010-08-06";"P";"1.611"
"2010-08-06";"GK";"1.65"
"2010-08-06";"IKH";"2.161"
"2010-08-09";"2J";"0.388"
"2010-08-09";"10J0";"1.424"
"2010-08-09";"E";"1.239"
"2010-08-09";"K";"1.573"
"2010-08-09";"P";"1.577"
"2010-08-09";"GK";"1.617"
"2010-08-09";"IKH";"2.149"
"2010-08-10";"2J";"0.368"
"2010-08-10";"10J0";"1.404"
"2010-08-10";"E";"1.217"
"2010-08-10";"K";"1.558"
"2010-08-10";"P";"1.552"
"2010-08-10";"GK";"1.592"
"2010-08-10";"IKH";"2.128"
"2010-08-11";"2J";"0.345"
"2010-08-11";"10J0";"1.365"
"2010-08-11";"E";"1.181"
"2010-08-11";"K";"1.525"
"2010-08-11";"P";"1.524"
"2010-08-11";"GK";"1.558"
"2010-08-11";"IKH";"2.096"
"2010-08-12";"2J";"0.348"
"2010-08-12";"10J0";"1.323"
"2010-08-12";"E";"1.136"
"2010-08-12";"K";"1.467"
"2010-08-12";"P";"1.451"
"2010-08-12";"GK";"1.493"
"2010-08-12";"IKH";"2.016"
"2010-08-13";"2J";"0.378"
"2010-08-13";"10J0";"1.311"
"2010-08-13";"E";"1.124"
"2010-08-13";"K";"1.458"
"2010-08-13";"P";"1.448"
"2010-08-13";"GK";"1.488"
"2010-08-13";"IKH";"2.025"
"2010-08-16";"2J";"0.372"
"2010-08-16";"10J0";"1.268"
"2010-08-16";"E";"1.087"
"2010-08-16";"K";"1.41"
"2010-08-16";"P";"1.409"
"2010-08-16";"GK";"1.443"
"2010-08-16";"IKH";"1.997"
"2010-08-17";"2J";"0.361"
"2010-08-17";"10J0";"1.225"
"2010-08-17";"E";"1.051"
"2010-08-17";"K";"1.382"
"2010-08-17";"P";"1.373"
"2010-08-17";"GK";"1.416"
"2010-08-17";"IKH";"1.953"
"2010-08-18";"2J";"0.366"
"2010-08-18";"10J0";"1.203"
"2010-08-18";"E";"1.038"
"2010-08-18";"K";"1.364"
"2010-08-18";"P";"1.358"
"2010-08-18";"GK";"1.407"
"2010-08-18";"IKH";"1.948"
"2010-08-19";"2J";"0.352"
"2010-08-19";"10J0";"1.207"
"2010-08-19";"E";"1.04"
"2010-08-19";"K";"1.365"
"2010-08-19";"P";"1.357"
"2010-08-19";"GK";"1.402"
"2010-08-19";"IKH";"1.949"
"2010-08-20";"2J";"0.367"
"2010-08-20";"10J0";"1.197"
"2010-08-20";"E";"1.032"
"2010-08-20";"K";"1.359"
"2010-08-20";"P";"1.349"
"2010-08-20";"GK";"1.385"
"2010-08-20";"IKH";"1.94"
"2010-08-23";"2J";"0.354"
"2010-08-23";"10J0";"1.185"
"2010-08-23";"E";"1.016"
"2010-08-23";"K";"1.352"
"2010-08-23";"P";"1.343"
"2010-08-23";"GK";"1.385"
"2010-08-23";"IKH";"1.936"
"2010-08-24";"2J";"0.351"
"2010-08-24";"10J0";"1.149"
"2010-08-24";"E";"0.979"
"2010-08-24";"K";"1.318"
"2010-08-24";"P";"1.311"
"2010-08-24";"GK";"1.34"
"2010-08-24";"IKH";"1.918"
"2010-08-25";"2J";"0.329"
"2010-08-25";"10J0";"1.114"
"2010-08-25";"E";"0.945"
"2010-08-25";"K";"1.276"
"2010-08-25";"P";"1.277"
"2010-08-25";"GK";"1.309"
"2010-08-25";"IKH";"1.883"
"2010-08-26";"2J";"0.347"
"2010-08-26";"10J0";"1.158"
"2010-08-26";"E";"0.993"
"2010-08-26";"K";"1.316"
"2010-08-26";"P";"1.336"
"2010-08-26";"GK";"1.359"
"2010-08-26";"IKH";"1.949"
"2010-08-27";"2J";"0.361"
"2010-08-27";"10J0";"1.17"
"2010-08-27";"E";"1.008"
"2010-08-27";"K";"1.334"
"2010-08-27";"P";"1.347"
"2010-08-27";"GK";"1.372"
"2010-08-27";"IKH";"1.959"
"2010-08-30";"2J";"0.375"
"2010-08-30";"10J0";"1.215"
"2010-08-30";"E";"1.045"
"2010-08-30";"K";"1.395"
"2010-08-30";"P";"1.397"
"2010-08-30";"GK";"1.429"
"2010-08-30";"IKH";"2"
"2010-08-31";"2J";"0.416"
"2010-08-31";"10J0";"1.192"
"2010-08-31";"E";"1.024"
"2010-08-31";"K";"1.369"
"2010-08-31";"P";"1.375"
"2010-08-31";"GK";"1.405"
"2010-08-31";"IKH";"1.997"
"2010-09-01";"2J";"0.378"
"2010-09-01";"10J0";"1.2"
"2010-09-01";"E";"1.035"
"2010-09-01";"K";"1.366"
"2010-09-01";"P";"1.379"
"2010-09-01";"GK";"1.406"
"2010-09-01";"IKH";"2.005"
"2010-09-02";"2J";"0.398"
"2010-09-02";"10J0";"1.252"
"2010-09-02";"E";"1.089"
"2010-09-02";"K";"1.41"
"2010-09-02";"P";"1.423"
"2010-09-02";"GK";"1.443"
"2010-09-02";"IKH";"2.043"
"2010-09-03";"2J";"0.407"
"2010-09-03";"10J0";"1.29"
"2010-09-03";"E";"1.119"
"2010-09-03";"K";"1.44"
"2010-09-03";"P";"1.456"
"2010-09-03";"GK";"1.473"
"2010-09-03";"IKH";"2.073"
"2010-09-06";"2J";"0.455"
"2010-09-06";"10J0";"1.342"
"2010-09-06";"E";"1.166"
"2010-09-06";"K";"1.488"
"2010-09-06";"P";"1.496"
"2010-09-06";"GK";"1.524"
"2010-09-06";"IKH";"2.113"
"2010-09-07";"2J";"0.441"
"2010-09-07";"10J0";"1.354"
"2010-09-07";"E";"1.179"
"2010-09-07";"K";"1.496"
"2010-09-07";"P";"1.511"
"2010-09-07";"GK";"1.545"
"2010-09-07";"IKH";"2.142"
"2010-09-08";"2J";"0.39"
"2010-09-08";"10J0";"1.352"
"2010-09-08";"E";"1.185"
"2010-09-08";"K";"1.519"
"2010-09-08";"P";"1.506"
"2010-09-08";"GK";"1.537"
"2010-09-08";"IKH";"2.139"
"2010-09-09";"2J";"0.462"
"2010-09-09";"10J0";"1.403"
"2010-09-09";"E";"1.237"
"2010-09-09";"K";"1.557"
"2010-09-09";"P";"1.567"
"2010-09-09";"GK";"1.602"
"2010-09-09";"IKH";"2.183"
"2010-09-10";"2J";"0.48"
"2010-09-10";"10J0";"1.428"
"2010-09-10";"E";"1.261"
"2010-09-10";"K";"1.578"
"2010-09-10";"P";"1.587"
"2010-09-10";"GK";"1.623"
"2010-09-10";"IKH";"2.212"
"2010-09-13";"2J";"0.511"
"2010-09-13";"10J0";"1.512"
"2010-09-13";"E";"1.345"
"2010-09-13";"K";"1.666"
"2010-09-13";"P";"1.682"
"2010-09-13";"GK";"1.713"
"2010-09-13";"IKH";"2.282"
"2010-09-14";"2J";"0.516"
"2010-09-14";"10J0";"1.483"
"2010-09-14";"E";"1.319"
"2010-09-14";"K";"1.639"
"2010-09-14";"P";"1.652"
"2010-09-14";"GK";"1.685"
"2010-09-14";"IKH";"2.263"
"2010-09-15";"2J";"0.561"
"2010-09-15";"10J0";"1.508"
"2010-09-15";"E";"1.34"
"2010-09-15";"K";"1.666"
"2010-09-15";"P";"1.682"
"2010-09-15";"GK";"1.716"
"2010-09-15";"IKH";"2.282"
"2010-09-16";"2J";"0.559"
"2010-09-16";"10J0";"1.516"
"2010-09-16";"E";"1.351"
"2010-09-16";"K";"1.674"
"2010-09-16";"P";"1.682"
"2010-09-16";"GK";"1.718"
"2010-09-16";"IKH";"2.297"
"2010-09-17";"2J";"0.499"
"2010-09-17";"10J0";"1.479"
"2010-09-17";"E";"1.309"
"2010-09-17";"K";"1.624"
"2010-09-17";"P";"1.625"
"2010-09-17";"GK";"1.668"
"2010-09-17";"IKH";"2.242"
"2010-09-20";"2J";"0.493"
"2010-09-20";"10J0";"1.489"
"2010-09-20";"E";"1.317"
"2010-09-20";"K";"1.65"
"2010-09-20";"P";"1.65"
"2010-09-20";"GK";"1.693"
"2010-09-20";"IKH";"2.264"
"2010-09-21";"2J";"0.479"
"2010-09-21";"10J0";"1.466"
"2010-09-21";"E";"1.287"
"2010-09-21";"K";"1.61"
"2010-09-21";"P";"1.612"
"2010-09-21";"GK";"1.653"
"2010-09-21";"IKH";"2.227"
"2010-09-22";"2J";"0.466"
"2010-09-22";"10J0";"1.395"
"2010-09-22";"E";"1.221"
"2010-09-22";"K";"1.527"
"2010-09-22";"P";"1.541"
"2010-09-22";"GK";"1.58"
"2010-09-22";"IKH";"2.155"
"2010-09-23";"2J";"0.472"
"2010-09-23";"10J0";"1.373"
"2010-09-23";"E";"1.202"
"2010-09-23";"K";"1.502"
"2010-09-23";"P";"1.512"
"2010-09-23";"GK";"1.555"
"2010-09-23";"IKH";"2.137"
"2010-09-24";"2J";"0.477"
"2010-09-24";"10J0";"1.403"
"2010-09-24";"E";"1.232"
"2010-09-24";"K";"1.543"
"2010-09-24";"P";"1.55"
"2010-09-24";"GK";"1.593"
"2010-09-24";"IKH";"2.162"
"2010-09-27";"2J";"0.448"
"2010-09-27";"10J0";"1.402"
"2010-09-27";"E";"1.231"
"2010-09-27";"K";"1.545"
"2010-09-27";"P";"1.548"
"2010-09-27";"GK";"1.591"
"2010-09-27";"IKH";"2.161"
"2010-09-28";"2J";"0.448"
"2010-09-28";"10J0";"1.334"
"2010-09-28";"E";"1.165"
"2010-09-28";"K";"1.478"
"2010-09-28";"P";"1.478"
"2010-09-28";"GK";"1.543"
"2010-09-28";"IKH";"2.096"
"2010-09-29";"2J";"0.445"
"2010-09-29";"10J0";"1.336"
"2010-09-29";"E";"1.169"
"2010-09-29";"K";"1.471"
"2010-09-29";"P";"1.476"
"2010-09-29";"GK";"1.539"
"2010-09-29";"IKH";"2.098"
"2010-09-30";"2J";"0.462"
"2010-09-30";"10J0";"1.372"
"2010-09-30";"E";"1.207"
"2010-09-30";"K";"1.529"
"2010-09-30";"P";"1.522"
"2010-09-30";"GK";"1.589"
"2010-09-30";"IKH";"2.139"
"2010-10-01";"2J";"0.484"
"2010-10-01";"10J0";"1.425"
"2010-10-01";"E";"1.256"
"2010-10-01";"K";"1.583"
"2010-10-01";"P";"1.579"
"2010-10-01";"GK";"1.645"
"2010-10-01";"IKH";"2.193"
"2010-10-04";"2J";"0.456"
"2010-10-04";"10J0";"1.403"
"2010-10-04";"E";"1.237"
"2010-10-04";"K";"1.565"
"2010-10-04";"P";"1.561"
"2010-10-04";"GK";"1.635"
"2010-10-04";"IKH";"2.185"
"2010-10-05";"2J";"0.461"
"2010-10-05";"10J0";"1.396"
"2010-10-05";"E";"1.229"
"2010-10-05";"K";"1.556"
"2010-10-05";"P";"1.547"
"2010-10-05";"GK";"1.613"
"2010-10-05";"IKH";"2.164"
"2010-10-06";"2J";"0.473"
"2010-10-06";"10J0";"1.408"
"2010-10-06";"E";"1.239"
"2010-10-06";"K";"1.573"
"2010-10-06";"P";"1.561"
"2010-10-06";"GK";"1.641"
"2010-10-06";"IKH";"2.188"
"2010-10-07";"2J";"0.469"
"2010-10-07";"10J0";"1.426"
"2010-10-07";"E";"1.257"
"2010-10-07";"K";"1.59"
"2010-10-07";"P";"1.576"
"2010-10-07";"GK";"1.643"
"2010-10-07";"IKH";"2.198"
"2010-10-08";"2J";"0.467"
"2010-10-08";"10J0";"1.45"
"2010-10-08";"E";"1.279"
"2010-10-08";"K";"1.62"
"2010-10-08";"P";"1.606"
"2010-10-08";"GK";"1.677"
"2010-10-08";"IKH";"2.225"
"2010-10-11";"2J";"0.44"
"2010-10-11";"10J0";"1.414"
"2010-10-11";"E";"1.247"
"2010-10-11";"K";"1.585"
"2010-10-11";"P";"1.6"
"2010-10-11";"GK";"1.661"
"2010-10-11";"IKH";"2.234"
"2010-10-12";"2J";"0.465"
"2010-10-12";"10J0";"1.364"
"2010-10-12";"E";"1.197"
"2010-10-12";"K";"1.588"
"2010-10-12";"P";"1.597"
"2010-10-12";"GK";"1.661"
"2010-10-12";"IKH";"2.236"
"2010-10-13";"2J";"0.46"
"2010-10-13";"10J0";"1.405"
"2010-10-13";"E";"1.238"
"2010-10-13";"K";"1.622"
"2010-10-13";"P";"1.604"
"2010-10-13";"GK";"1.675"
"2010-10-13";"IKH";"2.218"
"2010-10-14";"2J";"0.46"
"2010-10-14";"10J0";"1.386"
"2010-10-14";"E";"1.22"
"2010-10-14";"K";"1.622"
"2010-10-14";"P";"1.611"
"2010-10-14";"GK";"1.674"
"2010-10-14";"IKH";"2.218"
"2010-10-15";"2J";"0.463"
"2010-10-15";"10J0";"1.404"
"2010-10-15";"E";"1.238"
"2010-10-15";"K";"1.621"
"2010-10-15";"P";"1.607"
"2010-10-15";"GK";"1.674"
"2010-10-15";"IKH";"2.224"
"2010-10-18";"2J";"0.46"
"2010-10-18";"10J0";"1.441"
"2010-10-18";"E";"1.278"
"2010-10-18";"K";"1.587"
"2010-10-18";"P";"1.569"
"2010-10-18";"GK";"1.638"
"2010-10-18";"IKH";"2.189"
"2010-10-19";"2J";"0.476"
"2010-10-19";"10J0";"1.445"
"2010-10-19";"E";"1.28"
"2010-10-19";"K";"1.599"
"2010-10-19";"P";"1.585"
"2010-10-19";"GK";"1.65"
"2010-10-19";"IKH";"2.195"
"2010-10-20";"2J";"0.481"
"2010-10-20";"10J0";"1.457"
"2010-10-20";"E";"1.297"
"2010-10-20";"K";"1.609"
"2010-10-20";"P";"1.589"
"2010-10-20";"GK";"1.651"
"2010-10-20";"IKH";"2.198"
"2010-10-21";"2J";"0.458"
"2010-10-21";"10J0";"1.457"
"2010-10-21";"E";"1.297"
"2010-10-21";"K";"1.607"
"2010-10-21";"P";"1.587"
"2010-10-21";"GK";"1.654"
"2010-10-21";"IKH";"2.204"
"2010-10-22";"2J";"0.452"
"2010-10-22";"10J0";"1.469"
"2010-10-22";"E";"1.312"
"2010-10-22";"K";"1.622"
"2010-10-22";"P";"1.604"
"2010-10-22";"GK";"1.672"
"2010-10-22";"IKH";"2.214"
"2010-10-25";"2J";"0.492"
"2010-10-25";"10J0";"1.455"
"2010-10-25";"E";"1.299"
"2010-10-25";"K";"1.598"
"2010-10-25";"P";"1.588"
"2010-10-25";"GK";"1.654"
"2010-10-25";"IKH";"2.204"
"2010-10-26";"2J";"0.543"
"2010-10-26";"10J0";"1.483"
"2010-10-26";"E";"1.329"
"2010-10-26";"K";"1.647"
"2010-10-26";"P";"1.632"
"2010-10-26";"GK";"1.699"
"2010-10-26";"IKH";"2.254"
"2010-10-27";"2J";"0.515"
"2010-10-27";"10J0";"1.505"
"2010-10-27";"E";"1.357"
"2010-10-27";"K";"1.67"
"2010-10-27";"P";"1.653"
"2010-10-27";"GK";"1.724"
"2010-10-27";"IKH";"2.296"
"2010-10-28";"2J";"0.516"
"2010-10-28";"10J0";"1.483"
"2010-10-28";"E";"1.333"
"2010-10-28";"K";"1.647"
"2010-10-28";"P";"1.624"
"2010-10-28";"GK";"1.698"
"2010-10-28";"IKH";"2.252"
"2010-10-29";"2J";"0.514"
"2010-10-29";"10J0";"1.458"
"2010-10-29";"E";"1.31"
"2010-10-29";"K";"1.62"
"2010-10-29";"P";"1.601"
"2010-10-29";"GK";"1.677"
"2010-10-29";"IKH";"2.238"
"2010-11-01";"2J";"0.523"
"2010-11-01";"10J0";"1.423"
"2010-11-01";"E";"1.279"
"2010-11-01";"K";"1.58"
"2010-11-01";"P";"1.567"
"2010-11-01";"GK";"1.636"
"2010-11-01";"IKH";"2.213"
"2010-11-02";"2J";"0.503"
"2010-11-02";"10J0";"1.415"
"2010-11-02";"E";"1.268"
"2010-11-02";"K";"1.571"
"2010-11-02";"P";"1.549"
"2010-11-02";"GK";"1.628"
"2010-11-02";"IKH";"2.2"
"2010-11-03";"2J";"0.48"
"2010-11-03";"10J0";"1.427"
"2010-11-03";"E";"1.283"
"2010-11-03";"K";"1.58"
"2010-11-03";"P";"1.572"
"2010-11-03";"GK";"1.637"
"2010-11-03";"IKH";"2.204"
"2010-11-04";"2J";"0.498"
"2010-11-04";"10J0";"1.438"
"2010-11-04";"E";"1.288"
"2010-11-04";"K";"1.596"
"2010-11-04";"P";"1.578"
"2010-11-04";"GK";"1.651"
"2010-11-04";"IKH";"2.211"
"2010-11-05";"2J";"0.475"
"2010-11-05";"10J0";"1.405"
"2010-11-05";"E";"1.249"
"2010-11-05";"K";"1.529"
"2010-11-05";"P";"1.511"
"2010-11-05";"GK";"1.567"
"2010-11-05";"IKH";"2.163"
"2010-11-08";"2J";"0.46"
"2010-11-08";"10J0";"1.396"
"2010-11-08";"E";"1.241"
"2010-11-08";"K";"1.535"
"2010-11-08";"P";"1.515"
"2010-11-08";"GK";"1.587"
"2010-11-08";"IKH";"2.161"
"2010-11-09";"2J";"0.45"
"2010-11-09";"10J0";"1.394"
"2010-11-09";"E";"1.233"
"2010-11-09";"K";"1.525"
"2010-11-09";"P";"1.508"
"2010-11-09";"GK";"1.583"
"2010-11-09";"IKH";"2.153"
"2010-11-10";"2J";"0.465"
"2010-11-10";"10J0";"1.437"
"2010-11-10";"E";"1.276"
"2010-11-10";"K";"1.538"
"2010-11-10";"P";"1.523"
"2010-11-10";"GK";"1.594"
"2010-11-10";"IKH";"2.189"
"2010-11-11";"2J";"0.477"
"2010-11-11";"10J0";"1.439"
"2010-11-11";"E";"1.279"
"2010-11-11";"K";"1.582"
"2010-11-11";"P";"1.566"
"2010-11-11";"GK";"1.633"
"2010-11-11";"IKH";"2.208"
"2010-11-12";"2J";"0.483"
"2010-11-12";"10J0";"1.449"
"2010-11-12";"E";"1.285"
"2010-11-12";"K";"1.589"
"2010-11-12";"P";"1.573"
"2010-11-12";"GK";"1.635"
"2010-11-12";"IKH";"2.211"
"2010-11-15";"2J";"0.465"
"2010-11-15";"10J0";"1.483"
"2010-11-15";"E";"1.315"
"2010-11-15";"K";"1.626"
"2010-11-15";"P";"1.614"
"2010-11-15";"GK";"1.688"
"2010-11-15";"IKH";"2.264"
"2010-11-16";"2J";"0.464"
"2010-11-16";"10J0";"1.469"
"2010-11-16";"E";"1.308"
"2010-11-16";"K";"1.606"
"2010-11-16";"P";"1.592"
"2010-11-16";"GK";"1.656"
"2010-11-16";"IKH";"2.247"
"2010-11-17";"2J";"0.477"
"2010-11-17";"10J0";"1.455"
"2010-11-17";"E";"1.292"
"2010-11-17";"K";"1.589"
"2010-11-17";"P";"1.572"
"2010-11-17";"GK";"1.644"
"2010-11-17";"IKH";"2.223"
"2010-11-18";"2J";"0.489"
"2010-11-18";"10J0";"1.485"
"2010-11-18";"E";"1.324"
"2010-11-18";"K";"1.591"
"2010-11-18";"P";"1.569"
"2010-11-18";"GK";"1.646"
"2010-11-18";"IKH";"2.223"
"2010-11-19";"2J";"0.482"
"2010-11-19";"10J0";"1.5"
"2010-11-19";"E";"1.337"
"2010-11-19";"K";"1.64"
"2010-11-19";"P";"1.62"
"2010-11-19";"GK";"1.701"
"2010-11-19";"IKH";"2.267"
"2010-11-22";"2J";"0.482"
"2010-11-22";"10J0";"1.521"
"2010-11-22";"E";"1.359"
"2010-11-22";"K";"1.66"
"2010-11-22";"P";"1.639"
"2010-11-22";"GK";"1.717"
"2010-11-22";"IKH";"2.269"
"2010-11-23";"2J";"0.45"
"2010-11-23";"10J0";"1.473"
"2010-11-23";"E";"1.306"
"2010-11-23";"K";"1.634"
"2010-11-23";"P";"1.615"
"2010-11-23";"GK";"1.691"
"2010-11-23";"IKH";"2.248"
"2010-11-24";"2J";"0.462"
"2010-11-24";"10J0";"1.476"
"2010-11-24";"E";"1.314"
"2010-11-24";"K";"1.634"
"2010-11-24";"P";"1.608"
"2010-11-24";"GK";"1.68"
"2010-11-24";"IKH";"2.238"
"2010-11-25";"2J";"0.479"
"2010-11-25";"10J0";"1.547"
"2010-11-25";"E";"1.386"
"2010-11-25";"K";"1.686"
"2010-11-25";"P";"1.708"
"2010-11-25";"GK";"1.777"
"2010-11-25";"IKH";"2.332"
"2010-11-26";"2J";"0.461"
"2010-11-26";"10J0";"1.562"
"2010-11-26";"E";"1.399"
"2010-11-26";"K";"1.726"
"2010-11-26";"P";"1.7"
"2010-11-26";"GK";"1.769"
"2010-11-26";"IKH";"2.327"
"2010-11-29";"2J";"0.441"
"2010-11-29";"10J0";"1.609"
"2010-11-29";"E";"1.436"
"2010-11-29";"K";"1.766"
"2010-11-29";"P";"1.748"
"2010-11-29";"GK";"1.822"
"2010-11-29";"IKH";"2.377"
"2010-11-30";"2J";"0.463"
"2010-11-30";"10J0";"1.558"
"2010-11-30";"E";"1.387"
"2010-11-30";"K";"1.711"
"2010-11-30";"P";"1.693"
"2010-11-30";"GK";"1.764"
"2010-11-30";"IKH";"2.331"
"2010-12-01";"2J";"0.458"
"2010-12-01";"10J0";"1.575"
"2010-12-01";"E";"1.409"
"2010-12-01";"K";"1.714"
"2010-12-01";"P";"1.698"
"2010-12-01";"GK";"1.768"
"2010-12-01";"IKH";"2.329"
"2010-12-02";"2J";"0.467"
"2010-12-02";"10J0";"1.596"
"2010-12-02";"E";"1.425"
"2010-12-02";"K";"1.789"
"2010-12-02";"P";"1.762"
"2010-12-02";"GK";"1.827"
"2010-12-02";"IKH";"2.38"
"2010-12-03";"2J";"0.463"
"2010-12-03";"10J0";"1.613"
"2010-12-03";"E";"1.441"
"2010-12-03";"K";"1.781"
"2010-12-03";"P";"1.756"
"2010-12-03";"GK";"1.824"
"2010-12-03";"IKH";"2.382"
"2010-12-06";"2J";"0.468"
"2010-12-06";"10J0";"1.605"
"2010-12-06";"E";"1.432"
"2010-12-06";"K";"1.762"
"2010-12-06";"P";"1.735"
"2010-12-06";"GK";"1.799"
"2010-12-06";"IKH";"2.363"
"2010-12-07";"2J";"0.431"
"2010-12-07";"10J0";"1.599"
"2010-12-07";"E";"1.422"
"2010-12-07";"K";"1.756"
"2010-12-07";"P";"1.734"
"2010-12-07";"GK";"1.798"
"2010-12-07";"IKH";"2.35"
"2010-12-08";"2J";"0.461"
"2010-12-08";"10J0";"1.649"
"2010-12-08";"E";"1.472"
"2010-12-08";"K";"1.739"
"2010-12-08";"P";"1.781"
"2010-12-08";"GK";"1.841"
"2010-12-08";"IKH";"2.393"
"2010-12-09";"2J";"0.495"
"2010-12-09";"10J0";"1.64"
"2010-12-09";"E";"1.468"
"2010-12-09";"K";"1.732"
"2010-12-09";"P";"1.77"
"2010-12-09";"GK";"1.828"
"2010-12-09";"IKH";"2.382"
"2010-12-10";"2J";"0.464"
"2010-12-10";"10J0";"1.652"
"2010-12-10";"E";"1.479"
"2010-12-10";"K";"1.811"
"2010-12-10";"P";"1.755"
"2010-12-10";"GK";"1.862"
"2010-12-10";"IKH";"2.406"
"2010-12-13";"2J";"0.497"
"2010-12-13";"10J0";"1.686"
"2010-12-13";"E";"1.517"
"2010-12-13";"K";"1.842"
"2010-12-13";"P";"1.824"
"2010-12-13";"GK";"1.888"
"2010-12-13";"IKH";"2.442"
"2010-12-14";"2J";"0.485"
"2010-12-14";"10J0";"1.703"
"2010-12-14";"E";"1.532"
"2010-12-14";"K";"1.857"
"2010-12-14";"P";"1.843"
"2010-12-14";"GK";"1.902"
"2010-12-14";"IKH";"2.45"
"2010-12-15";"2J";"0.543"
"2010-12-15";"10J0";"1.826"
"2010-12-15";"E";"1.654"
"2010-12-15";"K";"1.982"
"2010-12-15";"P";"1.967"
"2010-12-15";"GK";"2.029"
"2010-12-15";"IKH";"2.572"
"2010-12-16";"2J";"0.519"
"2010-12-16";"10J0";"1.819"
"2010-12-16";"E";"1.647"
"2010-12-16";"K";"1.997"
"2010-12-16";"P";"1.917"
"2010-12-16";"GK";"2.02"
"2010-12-16";"IKH";"2.565"
"2010-12-17";"2J";"0.576"
"2010-12-17";"10J0";"1.853"
"2010-12-17";"E";"1.694"
"2010-12-17";"K";"2.006"
"2010-12-17";"P";"1.983"
"2010-12-17";"GK";"2.081"
"2010-12-17";"IKH";"2.613"
"2010-12-20";"2J";"0.511"
"2010-12-20";"10J0";"1.766"
"2010-12-20";"E";"1.607"
"2010-12-20";"K";"1.881"
"2010-12-20";"P";"1.908"
"2010-12-20";"GK";"1.963"
"2010-12-20";"IKH";"2.497"
"2010-12-21";"2J";"0.502"
"2010-12-21";"10J0";"1.749"
"2010-12-21";"E";"1.586"
"2010-12-21";"K";"1.921"
"2010-12-21";"P";"1.852"
"2010-12-21";"GK";"1.949"
"2010-12-21";"IKH";"2.489"
"2010-12-22";"2J";"0.482"
"2010-12-22";"10J0";"1.714"
"2010-12-22";"E";"1.556"
"2010-12-22";"K";"1.878"
"2010-12-22";"P";"1.808"
"2010-12-22";"GK";"1.91"
"2010-12-22";"IKH";"2.44"
"2010-12-23";"2J";"0.488"
"2010-12-23";"10J0";"1.656"
"2010-12-23";"E";"1.502"
"2010-12-23";"K";"1.768"
"2010-12-23";"P";"1.785"
"2010-12-23";"GK";"1.847"
"2010-12-23";"IKH";"2.392"
"2010-12-24";"2J";
"2010-12-24";"10J0";
"2010-12-24";"E";
"2010-12-24";"K";
"2010-12-24";"P";
"2010-12-24";"GK";
"2010-12-24";"IKH";
"2010-12-27";"2J";"0.505"
"2010-12-27";"10J0";"1.703"
"2010-12-27";"E";"1.545"
"2010-12-27";"K";"1.88"
"2010-12-27";"P";"1.819"
"2010-12-27";"GK";"1.903"
"2010-12-27";"IKH";"2.437"
"2010-12-28";"2J";"0.484"
"2010-12-28";"10J0";"1.662"
"2010-12-28";"E";"1.508"
"2010-12-28";"K";"1.82"
"2010-12-28";"P";"1.762"
"2010-12-28";"GK";"1.841"
"2010-12-28";"IKH";"2.404"
"2010-12-29";"2J";"0.488"
"2010-12-29";"10J0";"1.692"
"2010-12-29";"E";"1.539"
"2010-12-29";"K";"1.87"
"2010-12-29";"P";"1.845"
"2010-12-29";"GK";"1.885"
"2010-12-29";"IKH";"2.433"
"2010-12-30";"2J";"0.448"
"2010-12-30";"10J0";"1.674"
"2010-12-30";"E";"1.516"
"2010-12-30";"K";"1.86"
"2010-12-30";"P";"1.801"
"2010-12-30";"GK";"1.884"
"2010-12-30";"IKH";"2.438"
"2010-12-31";"2J";
"2010-12-31";"10J0";
"2010-12-31";"E";
"2010-12-31";"K";
"2010-12-31";"P";
"2010-12-31";"GK";
"2010-12-31";"IKH";
"2011-01-03";"2J";"0.47"
"2011-01-03";"10J0";"1.653"
"2011-01-03";"E";"1.491"
"2011-01-03";"K";"1.841"
"2011-01-03";"P";"1.812"
"2011-01-03";"GK";"1.859"
"2011-01-03";"IKH";"2.422"
"2011-01-04";"2J";"0.487"
"2011-01-04";"10J0";"1.632"
"2011-01-04";"E";"1.471"
"2011-01-04";"K";"1.819"
"2011-01-04";"P";"1.746"
"2011-01-04";"GK";"1.833"
"2011-01-04";"IKH";"2.403"
"2011-01-05";"2J";"0.492"
"2011-01-05";"10J0";"1.609"
"2011-01-05";"E";"1.451"
"2011-01-05";"K";"1.74"
"2011-01-05";"P";"1.755"
"2011-01-05";"GK";"1.812"
"2011-01-05";"IKH";"2.365"
"2011-01-06";"2J";"0.52"
"2011-01-06";"10J0";"1.686"
"2011-01-06";"E";"1.528"
"2011-01-06";"K";"1.871"
"2011-01-06";"P";"1.842"
"2011-01-06";"GK";"1.893"
"2011-01-06";"IKH";"2.434"
"2011-01-07";"2J";"0.518"
"2011-01-07";"10J0";"1.712"
"2011-01-07";"E";"1.553"
"2011-01-07";"K";"1.833"
"2011-01-07";"P";"1.861"
"2011-01-07";"GK";"1.929"
"2011-01-07";"IKH";"2.449"
"2011-01-10";"2J";"0.499"
"2011-01-10";"10J0";"1.687"
"2011-01-10";"E";"1.522"
"2011-01-10";"K";"1.783"
"2011-01-10";"P";"1.812"
"2011-01-10";"GK";"1.846"
"2011-01-10";"IKH";"2.419"
"2011-01-11";"2J";"0.507"
"2011-01-11";"10J0";"1.666"
"2011-01-11";"E";"1.505"
"2011-01-11";"K";"1.818"
"2011-01-11";"P";"1.796"
"2011-01-11";"GK";"1.849"
"2011-01-11";"IKH";"2.392"
"2011-01-12";"2J";"0.518"
"2011-01-12";"10J0";"1.703"
"2011-01-12";"E";"1.541"
"2011-01-12";"K";"1.852"
"2011-01-12";"P";"1.828"
"2011-01-12";"GK";"1.882"
"2011-01-12";"IKH";"2.427"
"2011-01-13";"2J";"0.533"
"2011-01-13";"10J0";"1.739"
"2011-01-13";"E";"1.566"
"2011-01-13";"K";"1.858"
"2011-01-13";"P";"1.887"
"2011-01-13";"GK";"1.936"
"2011-01-13";"IKH";"2.466"
"2011-01-14";"2J";"0.573"
"2011-01-14";"10J0";"1.795"
"2011-01-14";"E";"1.634"
"2011-01-14";"K";"1.94"
"2011-01-14";"P";"1.957"
"2011-01-14";"GK";"2.011"
"2011-01-14";"IKH";"2.54"
"2011-01-17";"2J";"0.572"
"2011-01-17";"10J0";"1.831"
"2011-01-17";"E";"1.664"
"2011-01-17";"K";"1.99"
"2011-01-17";"P";"1.962"
"2011-01-17";"GK";"2.029"
"2011-01-17";"IKH";"2.546"
"2011-01-18";"2J";"0.588"
"2011-01-18";"10J0";"1.868"
"2011-01-18";"E";"1.699"
"2011-01-18";"K";"1.997"
"2011-01-18";"P";"2.014"
"2011-01-18";"GK";"2.072"
"2011-01-18";"IKH";"2.59"
"2011-01-19";"2J";"0.572"
"2011-01-19";"10J0";"1.834"
"2011-01-19";"E";"1.664"
"2011-01-19";"K";"1.975"
"2011-01-19";"P";"1.956"
"2011-01-19";"GK";"1.995"
"2011-01-19";"IKH";"2.55"
"2011-01-20";"2J";"0.554"
"2011-01-20";"10J0";"1.835"
"2011-01-20";"E";"1.663"
"2011-01-20";"K";"1.966"
"2011-01-20";"P";"1.96"
"2011-01-20";"GK";"2.022"
"2011-01-20";"IKH";"2.541"
"2011-01-21";"2J";"0.583"
"2011-01-21";"10J0";"1.847"
"2011-01-21";"E";"1.678"
"2011-01-21";"K";"1.941"
"2011-01-21";"P";"1.97"
"2011-01-21";"GK";"2.031"
"2011-01-21";"IKH";"2.55"
"2011-01-24";"2J";"0.617"
"2011-01-24";"10J0";"1.848"
"2011-01-24";"E";"1.682"
"2011-01-24";"K";"1.987"
"2011-01-24";"P";"1.972"
"2011-01-24";"GK";"2.022"
"2011-01-24";"IKH";"2.553"
"2011-01-25";"2J";"0.583"
"2011-01-25";"10J0";"1.815"
"2011-01-25";"E";"1.648"
"2011-01-25";"K";"1.904"
"2011-01-25";"P";"1.924"
"2011-01-25";"GK";"1.99"
"2011-01-25";"IKH";"2.498"
"2011-01-26";"2J";"0.593"
"2011-01-26";"10J0";"1.825"
"2011-01-26";"E";"1.66"
"2011-01-26";"K";"1.979"
"2011-01-26";"P";"1.956"
"2011-01-26";"GK";"2.001"
"2011-01-26";"IKH";"2.523"
"2011-01-27";"2J";"0.595"
"2011-01-27";"10J0";"1.834"
"2011-01-27";"E";"1.667"
"2011-01-27";"K";"1.94"
"2011-01-27";"P";"1.953"
"2011-01-27";"GK";"2.02"
"2011-01-27";"IKH";"2.521"
"2011-01-28";"2J";"0.613"
"2011-01-28";"10J0";"1.847"
"2011-01-28";"E";"1.683"
"2011-01-28";"K";"1.968"
"2011-01-28";"P";"1.934"
"2011-01-28";"GK";"2.026"
"2011-01-28";"IKH";"2.524"
"2011-01-31";"2J";"0.605"
"2011-01-31";"10J0";"1.818"
"2011-01-31";"E";"1.651"
"2011-01-31";"K";"1.953"
"2011-01-31";"P";"1.945"
"2011-01-31";"GK";"2.008"
"2011-01-31";"IKH";"2.502"
"2011-02-01";"2J";"0.633"
"2011-02-01";"10J0";"1.831"
"2011-02-01";"E";"1.67"
"2011-02-01";"K";"1.972"
"2011-02-01";"P";"1.94"
"2011-02-01";"GK";"2.029"
"2011-02-01";"IKH";"2.52"
"2011-02-02";"2J";"0.647"
"2011-02-02";"10J0";"1.861"
"2011-02-02";"E";"1.7"
"2011-02-02";"K";"1.999"
"2011-02-02";"P";"1.998"
"2011-02-02";"GK";"2.061"
"2011-02-02";"IKH";"2.549"
"2011-02-03";"2J";"0.626"
"2011-02-03";"10J0";"1.849"
"2011-02-03";"E";"1.685"
"2011-02-03";"K";"1.971"
"2011-02-03";"P";"1.966"
"2011-02-03";"GK";"2.016"
"2011-02-03";"IKH";"2.523"
"2011-02-04";"2J";"0.616"
"2011-02-04";"10J0";"1.89"
"2011-02-04";"E";"1.687"
"2011-02-04";"K";"1.974"
"2011-02-04";"P";"1.97"
"2011-02-04";"GK";"2.031"
"2011-02-04";"IKH";"2.534"
"2011-02-07";"2J";"0.611"
"2011-02-07";"10J0";"1.922"
"2011-02-07";"E";"1.713"
"2011-02-07";"K";"1.966"
"2011-02-07";"P";"1.99"
"2011-02-07";"GK";"2.051"
"2011-02-07";"IKH";"2.539"
"2011-02-08";"2J";"0.611"
"2011-02-08";"10J0";"1.91"
"2011-02-08";"E";"1.7"
"2011-02-08";"K";"1.992"
"2011-02-08";"P";"1.959"
"2011-02-08";"GK";"2.059"
"2011-02-08";"IKH";"2.544"
"2011-02-09";"2J";"0.631"
"2011-02-09";"10J0";"1.941"
"2011-02-09";"E";"1.73"
"2011-02-09";"K";"1.989"
"2011-02-09";"P";"1.987"
"2011-02-09";"GK";"2.077"
"2011-02-09";"IKH";"2.57"
"2011-02-10";"2J";"0.618"
"2011-02-10";"10J0";"1.952"
"2011-02-10";"E";"1.735"
"2011-02-10";"K";"2.027"
"2011-02-10";"P";"2.011"
"2011-02-10";"GK";"2.079"
"2011-02-10";"IKH";"2.564"
"2011-02-11";"2J";"0.601"
"2011-02-11";"10J0";"1.946"
"2011-02-11";"E";"1.729"
"2011-02-11";"K";"1.976"
"2011-02-11";"P";"1.969"
"2011-02-11";"GK";"2.064"
"2011-02-11";"IKH";"2.544"
"2011-02-14";"2J";"0.584"
"2011-02-14";"10J0";"1.886"
"2011-02-14";"E";"1.716"
"2011-02-14";"K";"1.973"
"2011-02-14";"P";"1.964"
"2011-02-14";"GK";"2.06"
"2011-02-14";"IKH";"2.538"
"2011-02-15";"2J";"0.62"
"2011-02-15";"10J0";"1.922"
"2011-02-15";"E";"1.712"
"2011-02-15";"K";"1.962"
"2011-02-15";"P";"1.977"
"2011-02-15";"GK";"2.041"
"2011-02-15";"IKH";"2.529"
"2011-02-16";"2J";"0.627"
"2011-02-16";"10J0";"1.925"
"2011-02-16";"E";"1.718"
"2011-02-16";"K";"2.003"
"2011-02-16";"P";"1.966"
"2011-02-16";"GK";"2.057"
"2011-02-16";"IKH";"2.543"
"2011-02-17";"2J";"0.624"
"2011-02-17";"10J0";"1.913"
"2011-02-17";"E";"1.708"
"2011-02-17";"K";"1.974"
"2011-02-17";"P";"1.966"
"2011-02-17";"GK";"2.053"
"2011-02-17";"IKH";"2.543"
"2011-02-18";"2J";"0.605"
"2011-02-18";"10J0";"1.903"
"2011-02-18";"E";"1.696"
"2011-02-18";"K";"1.985"
"2011-02-18";"P";"1.949"
"2011-02-18";"GK";"2.04"
"2011-02-18";"IKH";"2.513"
"2011-02-21";"2J";"0.617"
"2011-02-21";"10J0";"1.907"
"2011-02-21";"E";"1.702"
"2011-02-21";"K";"2"
"2011-02-21";"P";"1.966"
"2011-02-21";"GK";"2.05"
"2011-02-21";"IKH";"2.522"
"2011-02-22";"2J";"0.594"
"2011-02-22";"10J0";"1.86"
"2011-02-22";"E";"1.656"
"2011-02-22";"K";"1.94"
"2011-02-22";"P";"1.963"
"2011-02-22";"GK";"2.022"
"2011-02-22";"IKH";"2.503"
"2011-02-23";"2J";"0.613"
"2011-02-23";"10J0";"1.891"
"2011-02-23";"E";"1.688"
"2011-02-23";"K";"1.986"
"2011-02-23";"P";"1.957"
"2011-02-23";"GK";"2.043"
"2011-02-23";"IKH";"2.508"
"2011-02-24";"2J";"0.631"
"2011-02-24";"10J0";"1.852"
"2011-02-24";"E";"1.66"
"2011-02-24";"K";"1.973"
"2011-02-24";"P";"1.96"
"2011-02-24";"GK";"2.03"
"2011-02-24";"IKH";"2.493"
"2011-02-25";"2J";"0.63"
"2011-02-25";"10J0";"1.895"
"2011-02-25";"E";"1.695"
"2011-02-25";"K";"1.996"
"2011-02-25";"P";"1.985"
"2011-02-25";"GK";"2.056"
"2011-02-25";"IKH";"2.51"
"2011-02-28";"2J";"0.621"
"2011-02-28";"10J0";"1.897"
"2011-02-28";"E";"1.694"
"2011-02-28";"K";"2.009"
"2011-02-28";"P";"1.994"
"2011-02-28";"GK";"2.05"
"2011-02-28";"IKH";"2.517"
"2011-03-01";"2J";"0.625"
"2011-03-01";"10J0";"1.9"
"2011-03-01";"E";"1.697"
"2011-03-01";"K";"2.025"
"2011-03-01";"P";"2.014"
"2011-03-01";"GK";"2.077"
"2011-03-01";"IKH";"2.534"
"2011-03-02";"2J";"0.61"
"2011-03-02";"10J0";"1.877"
"2011-03-02";"E";"1.675"
"2011-03-02";"K";"1.997"
"2011-03-02";"P";"1.984"
"2011-03-02";"GK";"2.055"
"2011-03-02";"IKH";"2.512"
"2011-03-03";"2J";"0.634"
"2011-03-03";"10J0";"1.876"
"2011-03-03";"E";"1.683"
"2011-03-03";"K";"1.99"
"2011-03-03";"P";"1.961"
"2011-03-03";"GK";"2.048"
"2011-03-03";"IKH";"2.508"
"2011-03-04";"2J";"0.659"
"2011-03-04";"10J0";"1.896"
"2011-03-04";"E";"1.71"
"2011-03-04";"K";"2.011"
"2011-03-04";"P";"1.989"
"2011-03-04";"GK";"2.07"
"2011-03-04";"IKH";"2.517"
"2011-03-07";"2J";"0.668"
"2011-03-07";"10J0";"1.912"
"2011-03-07";"E";"1.723"
"2011-03-07";"K";"2.003"
"2011-03-07";"P";"1.992"
"2011-03-07";"GK";"2.065"
"2011-03-07";"IKH";"2.514"
"2011-03-08";"2J";"0.66"
"2011-03-08";"10J0";"1.927"
"2011-03-08";"E";"1.733"
"2011-03-08";"K";"2.027"
"2011-03-08";"P";"2.019"
"2011-03-08";"GK";"2.097"
"2011-03-08";"IKH";"2.526"
"2011-03-09";"2J";"0.698"
"2011-03-09";"10J0";"1.916"
"2011-03-09";"E";"1.725"
"2011-03-09";"K";"2.01"
"2011-03-09";"P";"2.006"
"2011-03-09";"GK";"2.068"
"2011-03-09";"IKH";"2.528"
"2011-03-10";"2J";"0.693"
"2011-03-10";"10J0";"1.892"
"2011-03-10";"E";"1.7"
"2011-03-10";"K";"1.972"
"2011-03-10";"P";"1.963"
"2011-03-10";"GK";"2.03"
"2011-03-10";"IKH";"2.475"
"2011-03-11";"2J";"0.652"
"2011-03-11";"10J0";"1.828"
"2011-03-11";"E";"1.631"
"2011-03-11";"K";"1.937"
"2011-03-11";"P";"1.924"
"2011-03-11";"GK";"1.994"
"2011-03-11";"IKH";"2.447"
"2011-03-14";"2J";"0.669"
"2011-03-14";"10J0";"1.861"
"2011-03-14";"E";"1.666"
"2011-03-14";"K";"1.96"
"2011-03-14";"P";"1.957"
"2011-03-14";"GK";"2.015"
"2011-03-14";"IKH";"2.48"
"2011-03-15";"2J";"0.57"
"2011-03-15";"10J0";"1.804"
"2011-03-15";"E";"1.602"
"2011-03-15";"K";"1.883"
"2011-03-15";"P";"1.881"
"2011-03-15";"GK";"1.941"
"2011-03-15";"IKH";"2.466"
"2011-03-16";"2J";"0.58"
"2011-03-16";"10J0";"1.813"
"2011-03-16";"E";"1.612"
"2011-03-16";"K";"1.922"
"2011-03-16";"P";"1.915"
"2011-03-16";"GK";"1.973"
"2011-03-16";"IKH";"2.483"
"2011-03-17";"2J";"0.56"
"2011-03-17";"10J0";"1.779"
"2011-03-17";"E";"1.578"
"2011-03-17";"K";"1.895"
"2011-03-17";"P";"1.889"
"2011-03-17";"GK";"1.952"
"2011-03-17";"IKH";"2.469"
"2011-03-18";"2J";"0.565"
"2011-03-18";"10J0";"1.785"
"2011-03-18";"E";"1.585"
"2011-03-18";"K";"1.907"
"2011-03-18";"P";"1.893"
"2011-03-18";"GK";"1.957"
"2011-03-18";"IKH";"2.474"
"2011-03-21";"2J";"0.623"
"2011-03-21";"10J0";"1.826"
"2011-03-21";"E";"1.638"
"2011-03-21";"K";"1.953"
"2011-03-21";"P";"1.946"
"2011-03-21";"GK";"2.006"
"2011-03-21";"IKH";"2.515"
"2011-03-22";"2J";"0.643"
"2011-03-22";"10J0";"1.871"
"2011-03-22";"E";"1.684"
"2011-03-22";"K";"1.992"
"2011-03-22";"P";"1.987"
"2011-03-22";"GK";"2.041"
"2011-03-22";"IKH";"2.547"
"2011-03-23";"2J";"0.687"
"2011-03-23";"10J0";"1.849"
"2011-03-23";"E";"1.662"
"2011-03-23";"K";"1.982"
"2011-03-23";"P";"1.974"
"2011-03-23";"GK";"2.023"
"2011-03-23";"IKH";"2.541"
"2011-03-24";"2J";"0.685"
"2011-03-24";"10J0";"1.856"
"2011-03-24";"E";"1.666"
"2011-03-24";"K";"1.986"
"2011-03-24";"P";"1.967"
"2011-03-24";"GK";"2.043"
"2011-03-24";"IKH";"2.553"
"2011-03-25";"2J";"0.681"
"2011-03-25";"10J0";"1.868"
"2011-03-25";"E";"1.676"
"2011-03-25";"K";"2.002"
"2011-03-25";"P";"1.996"
"2011-03-25";"GK";"2.052"
"2011-03-25";"IKH";"2.563"
"2011-03-28";"2J";"0.715"
"2011-03-28";"10J0";"1.902"
"2011-03-28";"E";"1.707"
"2011-03-28";"K";"2.045"
"2011-03-28";"P";"2.032"
"2011-03-28";"GK";"2.088"
"2011-03-28";"IKH";"2.588"
"2011-03-29";"2J";"0.722"
"2011-03-29";"10J0";"1.904"
"2011-03-29";"E";"1.719"
"2011-03-29";"K";"2.038"
"2011-03-29";"P";"2.019"
"2011-03-29";"GK";"2.079"
"2011-03-29";"IKH";"2.577"
"2011-03-30";"2J";"0.706"
"2011-03-30";"10J0";"1.935"
"2011-03-30";"E";"1.762"
"2011-03-30";"K";"2.061"
"2011-03-30";"P";"2.059"
"2011-03-30";"GK";"2.111"
"2011-03-30";"IKH";"2.606"
"2011-03-31";"2J";"0.702"
"2011-03-31";"10J0";"1.931"
"2011-03-31";"E";"1.751"
"2011-03-31";"K";"2.062"
"2011-03-31";"P";"2.055"
"2011-03-31";"GK";"2.109"
"2011-03-31";"IKH";"2.588"
"2011-04-01";"2J";"0.732"
"2011-04-01";"10J0";"1.949"
"2011-04-01";"E";"1.798"
"2011-04-01";"K";"2.098"
"2011-04-01";"P";"2.095"
"2011-04-01";"GK";"2.151"
"2011-04-01";"IKH";"2.637"
"2011-04-04";"2J";"0.74"
"2011-04-04";"10J0";"2.029"
"2011-04-04";"E";"1.845"
"2011-04-04";"K";"2.122"
"2011-04-04";"P";"2.117"
"2011-04-04";"GK";"2.172"
"2011-04-04";"IKH";"2.648"
"2011-04-05";"2J";"0.78"
"2011-04-05";"10J0";"2.02"
"2011-04-05";"E";"1.826"
"2011-04-05";"K";"2.12"
"2011-04-05";"P";"2.111"
"2011-04-05";"GK";"2.167"
"2011-04-05";"IKH";"2.661"
"2011-04-06";"2J";"0.814"
"2011-04-06";"10J0";"2.06"
"2011-04-06";"E";"1.873"
"2011-04-06";"K";"2.138"
"2011-04-06";"P";"2.139"
"2011-04-06";"GK";"2.194"
"2011-04-06";"IKH";"2.697"
"2011-04-07";"2J";"0.818"
"2011-04-07";"10J0";"2.102"
"2011-04-07";"E";"1.911"
"2011-04-07";"K";"2.158"
"2011-04-07";"P";"2.151"
"2011-04-07";"GK";"2.211"
"2011-04-07";"IKH";"2.703"
"2011-04-08";"2J";"0.801"
"2011-04-08";"10J0";"2.068"
"2011-04-08";"E";"1.914"
"2011-04-08";"K";"2.178"
"2011-04-08";"P";"2.182"
"2011-04-08";"GK";"2.235"
"2011-04-08";"IKH";"2.728"
"2011-04-11";"2J";"0.849"
"2011-04-11";"10J0";"2.107"
"2011-04-11";"E";"1.955"
"2011-04-11";"K";"2.21"
"2011-04-11";"P";"2.219"
"2011-04-11";"GK";"2.294"
"2011-04-11";"IKH";"2.775"
"2011-04-12";"2J";"0.842"
"2011-04-12";"10J0";"2.137"
"2011-04-12";"E";"1.947"
"2011-04-12";"K";"2.173"
"2011-04-12";"P";"2.202"
"2011-04-12";"GK";"2.273"
"2011-04-12";"IKH";"2.741"
"2011-04-13";"2J";"0.829"
"2011-04-13";"10J0";"2.117"
"2011-04-13";"E";"1.962"
"2011-04-13";"K";"2.199"
"2011-04-13";"P";"2.208"
"2011-04-13";"GK";"2.28"
"2011-04-13";"IKH";"2.751"
"2011-04-14";"2J";"0.819"
"2011-04-14";"10J0";"2.116"
"2011-04-14";"E";"1.923"
"2011-04-14";"K";"2.183"
"2011-04-14";"P";"2.197"
"2011-04-14";"GK";"2.247"
"2011-04-14";"IKH";"2.741"
"2011-04-15";"2J";"0.829"
"2011-04-15";"10J0";"2.127"
"2011-04-15";"E";"1.93"
"2011-04-15";"K";"2.177"
"2011-04-15";"P";"2.188"
"2011-04-15";"GK";"2.236"
"2011-04-15";"IKH";"2.731"
"2011-04-18";"2J";"0.792"
"2011-04-18";"10J0";"2.097"
"2011-04-18";"E";"1.893"
"2011-04-18";"K";"2.155"
"2011-04-18";"P";"2.17"
"2011-04-18";"GK";"2.233"
"2011-04-18";"IKH";"2.703"
"2011-04-19";"2J";"0.77"
"2011-04-19";"10J0";"2.09"
"2011-04-19";"E";"1.881"
"2011-04-19";"K";"2.111"
"2011-04-19";"P";"2.13"
"2011-04-19";"GK";"2.176"
"2011-04-19";"IKH";"2.664"
"2011-04-20";"2J";"0.778"
"2011-04-20";"10J0";"2.103"
"2011-04-20";"E";"1.897"
"2011-04-20";"K";"2.125"
"2011-04-20";"P";"2.135"
"2011-04-20";"GK";"2.183"
"2011-04-20";"IKH";"2.684"
"2011-04-21";"2J";"0.755"
"2011-04-21";"10J0";"2.05"
"2011-04-21";"E";"1.88"
"2011-04-21";"K";"2.114"
"2011-04-21";"P";"2.122"
"2011-04-21";"GK";"2.172"
"2011-04-21";"IKH";"2.671"
"2011-04-22";"2J";
"2011-04-22";"10J0";
"2011-04-22";"E";
"2011-04-22";"K";
"2011-04-22";"P";
"2011-04-22";"GK";
"2011-04-22";"IKH";
"2011-04-25";"2J";
"2011-04-25";"10J0";
"2011-04-25";"E";
"2011-04-25";"K";
"2011-04-25";"P";
"2011-04-25";"GK";
"2011-04-25";"IKH";
"2011-04-26";"2J";"0.752"
"2011-04-26";"10J0";"2.034"
"2011-04-26";"E";"1.867"
"2011-04-26";"K";"2.118"
"2011-04-26";"P";"2.125"
"2011-04-26";"GK";"2.178"
"2011-04-26";"IKH";"2.669"
"2011-04-27";"2J";"0.764"
"2011-04-27";"10J0";"2.066"
"2011-04-27";"E";"1.858"
"2011-04-27";"K";"2.121"
"2011-04-27";"P";"2.129"
"2011-04-27";"GK";"2.177"
"2011-04-27";"IKH";"2.672"
"2011-04-28";"2J";"0.756"
"2011-04-28";"10J0";"2.094"
"2011-04-28";"E";"1.879"
"2011-04-28";"K";"2.137"
"2011-04-28";"P";"2.141"
"2011-04-28";"GK";"2.195"
"2011-04-28";"IKH";"2.686"
"2011-04-29";"2J";"0.758"
"2011-04-29";"10J0";"2.083"
"2011-04-29";"E";"1.873"
"2011-04-29";"K";"2.13"
"2011-04-29";"P";"2.122"
"2011-04-29";"GK";"2.196"
"2011-04-29";"IKH";"2.675"
"2011-05-02";"2J";"0.779"
"2011-05-02";"10J0";"2.081"
"2011-05-02";"E";"1.876"
"2011-05-02";"K";"2.135"
"2011-05-02";"P";"2.149"
"2011-05-02";"GK";"2.192"
"2011-05-02";"IKH";"2.696"
"2011-05-03";"2J";"0.739"
"2011-05-03";"10J0";"2.049"
"2011-05-03";"E";"1.88"
"2011-05-03";"K";"2.139"
"2011-05-03";"P";"2.155"
"2011-05-03";"GK";"2.201"
"2011-05-03";"IKH";"2.689"
"2011-05-04";"2J";"0.738"
"2011-05-04";"10J0";"2.038"
"2011-05-04";"E";"1.866"
"2011-05-04";"K";"2.127"
"2011-05-04";"P";"2.137"
"2011-05-04";"GK";"2.184"
"2011-05-04";"IKH";"2.686"
"2011-05-05";"2J";"0.737"
"2011-05-05";"10J0";"2.035"
"2011-05-05";"E";"1.865"
"2011-05-05";"K";"2.124"
"2011-05-05";"P";"2.139"
"2011-05-05";"GK";"2.186"
"2011-05-05";"IKH";"2.67"
"2011-05-06";"2J";"0.697"
"2011-05-06";"10J0";"2.009"
"2011-05-06";"E";"1.808"
"2011-05-06";"K";"2.049"
"2011-05-06";"P";"2.057"
"2011-05-06";"GK";"2.111"
"2011-05-06";"IKH";"2.594"
"2011-05-09";"2J";"0.667"
"2011-05-09";"10J0";"1.935"
"2011-05-09";"E";"1.768"
"2011-05-09";"K";"1.999"
"2011-05-09";"P";"2.012"
"2011-05-09";"GK";"2.062"
"2011-05-09";"IKH";"2.552"
"2011-05-10";"2J";"0.653"
"2011-05-10";"10J0";"1.925"
"2011-05-10";"E";"1.754"
"2011-05-10";"K";"1.968"
"2011-05-10";"P";"2.003"
"2011-05-10";"GK";"2.057"
"2011-05-10";"IKH";"2.542"
"2011-05-11";"2J";"0.639"
"2011-05-11";"10J0";"1.9"
"2011-05-11";"E";"1.728"
"2011-05-11";"K";"1.965"
"2011-05-11";"P";"1.959"
"2011-05-11";"GK";"2.022"
"2011-05-11";"IKH";"2.505"
"2011-05-12";"2J";"0.592"
"2011-05-12";"10J0";"1.887"
"2011-05-12";"E";"1.676"
"2011-05-12";"K";"1.922"
"2011-05-12";"P";"1.92"
"2011-05-12";"GK";"1.976"
"2011-05-12";"IKH";"2.467"
"2011-05-13";"2J";"0.605"
"2011-05-13";"10J0";"1.881"
"2011-05-13";"E";"1.704"
"2011-05-13";"K";"1.972"
"2011-05-13";"P";"1.97"
"2011-05-13";"GK";"2.026"
"2011-05-13";"IKH";"2.52"
"2011-05-16";"2J";"0.623"
"2011-05-16";"10J0";"1.935"
"2011-05-16";"E";"1.73"
"2011-05-16";"K";"1.984"
"2011-05-16";"P";"1.991"
"2011-05-16";"GK";"2.041"
"2011-05-16";"IKH";"2.54"
"2011-05-17";"2J";"0.635"
"2011-05-17";"10J0";"1.92"
"2011-05-17";"E";"1.716"
"2011-05-17";"K";"1.982"
"2011-05-17";"P";"1.988"
"2011-05-17";"GK";"2.043"
"2011-05-17";"IKH";"2.531"
"2011-05-18";"2J";"0.624"
"2011-05-18";"10J0";"1.894"
"2011-05-18";"E";"1.691"
"2011-05-18";"K";"1.962"
"2011-05-18";"P";"1.968"
"2011-05-18";"GK";"2.016"
"2011-05-18";"IKH";"2.522"
"2011-05-19";"2J";"0.642"
"2011-05-19";"10J0";"1.916"
"2011-05-19";"E";"1.715"
"2011-05-19";"K";"1.992"
"2011-05-19";"P";"2.003"
"2011-05-19";"GK";"2.055"
"2011-05-19";"IKH";"2.55"
"2011-05-20";"2J";"0.648"
"2011-05-20";"10J0";"1.922"
"2011-05-20";"E";"1.723"
"2011-05-20";"K";"1.963"
"2011-05-20";"P";"1.97"
"2011-05-20";"GK";"2.051"
"2011-05-20";"IKH";"2.552"
"2011-05-23";"2J";"0.588"
"2011-05-23";"10J0";"1.841"
"2011-05-23";"E";"1.633"
"2011-05-23";"K";"1.93"
"2011-05-23";"P";"1.932"
"2011-05-23";"GK";"1.985"
"2011-05-23";"IKH";"2.495"
"2011-05-24";"2J";"0.608"
"2011-05-24";"10J0";"1.866"
"2011-05-24";"E";"1.662"
"2011-05-24";"K";"1.953"
"2011-05-24";"P";"1.955"
"2011-05-24";"GK";"2.007"
"2011-05-24";"IKH";"2.518"
"2011-05-25";"2J";"0.604"
"2011-05-25";"10J0";"1.887"
"2011-05-25";"E";"1.677"
"2011-05-25";"K";"1.975"
"2011-05-25";"P";"1.987"
"2011-05-25";"GK";"2.008"
"2011-05-25";"IKH";"2.541"
"2011-05-26";"2J";"0.594"
"2011-05-26";"10J0";"1.896"
"2011-05-26";"E";"1.683"
"2011-05-26";"K";"1.963"
"2011-05-26";"P";"1.962"
"2011-05-26";"GK";"2.018"
"2011-05-26";"IKH";"2.527"
"2011-05-27";"2J";"0.587"
"2011-05-27";"10J0";"1.849"
"2011-05-27";"E";"1.641"
"2011-05-27";"K";"1.881"
"2011-05-27";"P";"1.911"
"2011-05-27";"GK";"1.942"
"2011-05-27";"IKH";"2.483"
"2011-05-30";"2J";"0.574"
"2011-05-30";"10J0";"1.839"
"2011-05-30";"E";"1.628"
"2011-05-30";"K";"1.919"
"2011-05-30";"P";"1.918"
"2011-05-30";"GK";"1.954"
"2011-05-30";"IKH";"2.482"
"2011-05-31";"2J";"0.588"
"2011-05-31";"10J0";"1.849"
"2011-05-31";"E";"1.642"
"2011-05-31";"K";"1.932"
"2011-05-31";"P";"1.928"
"2011-05-31";"GK";"1.995"
"2011-05-31";"IKH";"2.501"
"2011-06-01";"2J";"0.595"
"2011-06-01";"10J0";"1.842"
"2011-06-01";"E";"1.639"
"2011-06-01";"K";"1.932"
"2011-06-01";"P";"1.927"
"2011-06-01";"GK";"1.99"
"2011-06-01";"IKH";"2.498"
"2011-06-02";"2J";
"2011-06-02";"10J0";
"2011-06-02";"E";
"2011-06-02";"K";
"2011-06-02";"P";
"2011-06-02";"GK";
"2011-06-02";"IKH";
"2011-06-03";"2J";"0.563"
"2011-06-03";"10J0";"1.782"
"2011-06-03";"E";"1.578"
"2011-06-03";"K";"1.859"
"2011-06-03";"P";"1.891"
"2011-06-03";"GK";"1.952"
"2011-06-03";"IKH";"2.463"
"2011-06-06";"2J";"0.544"
"2011-06-06";"10J0";"1.78"
"2011-06-06";"E";"1.571"
"2011-06-06";"K";"1.892"
"2011-06-06";"P";"1.887"
"2011-06-06";"GK";"1.946"
"2011-06-06";"IKH";"2.46"
"2011-06-07";"2J";"0.543"
"2011-06-07";"10J0";"1.789"
"2011-06-07";"E";"1.577"
"2011-06-07";"K";"1.892"
"2011-06-07";"P";"1.893"
"2011-06-07";"GK";"1.96"
"2011-06-07";"IKH";"2.461"
"2011-06-08";"2J";"0.535"
"2011-06-08";"10J0";"1.798"
"2011-06-08";"E";"1.581"
"2011-06-08";"K";"1.891"
"2011-06-08";"P";"1.893"
"2011-06-08";"GK";"1.948"
"2011-06-08";"IKH";"2.458"
"2011-06-09";"2J";"0.519"
"2011-06-09";"10J0";"1.749"
"2011-06-09";"E";"1.539"
"2011-06-09";"K";"1.843"
"2011-06-09";"P";"1.843"
"2011-06-09";"GK";"1.902"
"2011-06-09";"IKH";"2.419"
"2011-06-10";"2J";"0.472"
"2011-06-10";"10J0";"1.676"
"2011-06-10";"E";"1.465"
"2011-06-10";"K";"1.777"
"2011-06-10";"P";"1.766"
"2011-06-10";"GK";"1.826"
"2011-06-10";"IKH";"2.351"
"2011-06-13";"2J";
"2011-06-13";"10J0";
"2011-06-13";"E";
"2011-06-13";"K";
"2011-06-13";"P";
"2011-06-13";"GK";
"2011-06-13";"IKH";
"2011-06-14";"2J";"0.461"
"2011-06-14";"10J0";"1.699"
"2011-06-14";"E";"1.482"
"2011-06-14";"K";"1.801"
"2011-06-14";"P";"1.8"
"2011-06-14";"GK";"1.861"
"2011-06-14";"IKH";"2.371"
"2011-06-15";"2J";"0.461"
"2011-06-15";"10J0";"1.708"
"2011-06-15";"E";"1.487"
"2011-06-15";"K";"1.812"
"2011-06-15";"P";"1.806"
"2011-06-15";"GK";"1.87"
"2011-06-15";"IKH";"2.377"
"2011-06-16";"2J";"0.433"
"2011-06-16";"10J0";"1.704"
"2011-06-16";"E";"1.469"
"2011-06-16";"K";"1.816"
"2011-06-16";"P";"1.817"
"2011-06-16";"GK";"1.868"
"2011-06-16";"IKH";"2.382"
"2011-06-17";"2J";"0.411"
"2011-06-17";"10J0";"1.679"
"2011-06-17";"E";"1.441"
"2011-06-17";"K";"1.781"
"2011-06-17";"P";"1.79"
"2011-06-17";"GK";"1.837"
"2011-06-17";"IKH";"2.376"
"2011-06-20";"2J";"0.404"
"2011-06-20";"10J0";"1.683"
"2011-06-20";"E";"1.443"
"2011-06-20";"K";"1.723"
"2011-06-20";"P";"1.777"
"2011-06-20";"GK";"1.835"
"2011-06-20";"IKH";"2.36"
"2011-06-21";"2J";"0.424"
"2011-06-21";"10J0";"1.725"
"2011-06-21";"E";"1.488"
"2011-06-21";"K";"1.813"
"2011-06-21";"P";"1.819"
"2011-06-21";"GK";"1.87"
"2011-06-21";"IKH";"2.4"
"2011-06-22";"2J";"0.423"
"2011-06-22";"10J0";"1.717"
"2011-06-22";"E";"1.484"
"2011-06-22";"K";"1.818"
"2011-06-22";"P";"1.832"
"2011-06-22";"GK";"1.884"
"2011-06-22";"IKH";"2.396"
"2011-06-23";"2J";"0.409"
"2011-06-23";"10J0";"1.703"
"2011-06-23";"E";"1.467"
"2011-06-23";"K";"1.802"
"2011-06-23";"P";"1.812"
"2011-06-23";"GK";"1.863"
"2011-06-23";"IKH";"2.392"
"2011-06-24";"2J";"0.398"
"2011-06-24";"10J0";"1.686"
"2011-06-24";"E";"1.45"
"2011-06-24";"K";"1.722"
"2011-06-24";"P";"1.79"
"2011-06-24";"GK";"1.841"
"2011-06-24";"IKH";"2.38"
"2011-06-27";"2J";"0.374"
"2011-06-27";"10J0";"1.668"
"2011-06-27";"E";"1.425"
"2011-06-27";"K";"1.718"
"2011-06-27";"P";"1.737"
"2011-06-27";"GK";"1.831"
"2011-06-27";"IKH";"2.364"
"2011-06-28";"2J";"0.392"
"2011-06-28";"10J0";"1.684"
"2011-06-28";"E";"1.444"
"2011-06-28";"K";"1.726"
"2011-06-28";"P";"1.746"
"2011-06-28";"GK";"1.854"
"2011-06-28";"IKH";"2.388"
"2011-06-29";"2J";"0.349"
"2011-06-29";"10J0";"1.721"
"2011-06-29";"E";"1.513"
"2011-06-29";"K";"1.796"
"2011-06-29";"P";"1.778"
"2011-06-29";"GK";"1.883"
"2011-06-29";"IKH";"2.409"
"2011-06-30";"2J";"0.347"
"2011-06-30";"10J0";"1.739"
"2011-06-30";"E";"1.529"
"2011-06-30";"K";"1.825"
"2011-06-30";"P";"1.791"
"2011-06-30";"GK";"1.894"
"2011-06-30";"IKH";"2.422"
"2011-07-01";"2J";"0.421"
"2011-07-01";"10J0";"1.735"
"2011-07-01";"E";"1.496"
"2011-07-01";"K";"1.812"
"2011-07-01";"P";"1.83"
"2011-07-01";"GK";"1.868"
"2011-07-01";"IKH";"2.413"
"2011-07-04";"2J";"0.423"
"2011-07-04";"10J0";"1.701"
"2011-07-04";"E";"1.472"
"2011-07-04";"K";"1.798"
"2011-07-04";"P";"1.808"
"2011-07-04";"GK";"1.876"
"2011-07-04";"IKH";"2.399"
"2011-07-05";"2J";"0.348"
"2011-07-05";"10J0";"1.732"
"2011-07-05";"E";"1.524"
"2011-07-05";"K";"1.765"
"2011-07-05";"P";"1.82"
"2011-07-05";"GK";"1.893"
"2011-07-05";"IKH";"2.412"
"2011-07-06";"2J";"0.336"
"2011-07-06";"10J0";"1.708"
"2011-07-06";"E";"1.504"
"2011-07-06";"K";"1.746"
"2011-07-06";"P";"1.765"
"2011-07-06";"GK";"1.873"
"2011-07-06";"IKH";"2.391"
"2011-07-07";"2J";"0.346"
"2011-07-07";"10J0";"1.696"
"2011-07-07";"E";"1.488"
"2011-07-07";"K";"1.783"
"2011-07-07";"P";"1.753"
"2011-07-07";"GK";"1.857"
"2011-07-07";"IKH";"2.378"
"2011-07-08";"2J";"0.341"
"2011-07-08";"10J0";"1.72"
"2011-07-08";"E";"1.514"
"2011-07-08";"K";"1.817"
"2011-07-08";"P";"1.834"
"2011-07-08";"GK";"1.892"
"2011-07-08";"IKH";"2.409"
"2011-07-11";"2J";"0.293"
"2011-07-11";"10J0";"1.658"
"2011-07-11";"E";"1.446"
"2011-07-11";"K";"1.727"
"2011-07-11";"P";"1.742"
"2011-07-11";"GK";"1.809"
"2011-07-11";"IKH";"2.343"
"2011-07-12";"2J";"0.243"
"2011-07-12";"10J0";"1.541"
"2011-07-12";"E";"1.329"
"2011-07-12";"K";"1.646"
"2011-07-12";"P";"1.657"
"2011-07-12";"GK";"1.713"
"2011-07-12";"IKH";"2.243"
"2011-07-13";"2J";"0.214"
"2011-07-13";"10J0";"1.534"
"2011-07-13";"E";"1.335"
"2011-07-13";"K";"1.587"
"2011-07-13";"P";"1.66"
"2011-07-13";"GK";"1.721"
"2011-07-13";"IKH";"2.257"
"2011-07-14";"2J";"0.225"
"2011-07-14";"10J0";"1.535"
"2011-07-14";"E";"1.334"
"2011-07-14";"K";"1.646"
"2011-07-14";"P";"1.612"
"2011-07-14";"GK";"1.716"
"2011-07-14";"IKH";"2.255"
"2011-07-15";"2J";"0.234"
"2011-07-15";"10J0";"1.509"
"2011-07-15";"E";"1.315"
"2011-07-15";"K";"1.567"
"2011-07-15";"P";"1.63"
"2011-07-15";"GK";"1.692"
"2011-07-15";"IKH";"2.225"
"2011-07-18";"2J";"0.2"
"2011-07-18";"10J0";"1.484"
"2011-07-18";"E";"1.294"
"2011-07-18";"K";"1.559"
"2011-07-18";"P";"1.616"
"2011-07-18";"GK";"1.678"
"2011-07-18";"IKH";"2.21"
"2011-07-19";"2J";"0.238"
"2011-07-19";"10J0";"1.532"
"2011-07-19";"E";"1.339"
"2011-07-19";"K";"1.613"
"2011-07-19";"P";"1.672"
"2011-07-19";"GK";"1.731"
"2011-07-19";"IKH";"2.267"
"2011-07-20";"2J";"0.245"
"2011-07-20";"10J0";"1.555"
"2011-07-20";"E";"1.358"
"2011-07-20";"K";"1.619"
"2011-07-20";"P";"1.687"
"2011-07-20";"GK";"1.75"
"2011-07-20";"IKH";"2.282"
"2011-07-21";"2J";"0.251"
"2011-07-21";"10J0";"1.59"
"2011-07-21";"E";"1.389"
"2011-07-21";"K";"1.718"
"2011-07-21";"P";"1.732"
"2011-07-21";"GK";"1.788"
"2011-07-21";"IKH";"2.328"
"2011-07-22";"2J";"0.292"
"2011-07-22";"10J0";"1.601"
"2011-07-22";"E";"1.397"
"2011-07-22";"K";"1.75"
"2011-07-22";"P";"1.715"
"2011-07-22";"GK";"1.815"
"2011-07-22";"IKH";"2.346"
"2011-07-25";"2J";"0.264"
"2011-07-25";"10J0";"1.565"
"2011-07-25";"E";"1.364"
"2011-07-25";"K";"1.717"
"2011-07-25";"P";"1.681"
"2011-07-25";"GK";"1.782"
"2011-07-25";"IKH";"2.306"
"2011-07-26";"2J";"0.286"
"2011-07-26";"10J0";"1.543"
"2011-07-26";"E";"1.338"
"2011-07-26";"K";"1.694"
"2011-07-26";"P";"1.675"
"2011-07-26";"GK";"1.779"
"2011-07-26";"IKH";"2.301"
"2011-07-27";"2J";"0.236"
"2011-07-27";"10J0";"1.475"
"2011-07-27";"E";"1.275"
"2011-07-27";"K";"1.648"
"2011-07-27";"P";"1.663"
"2011-07-27";"GK";"1.716"
"2011-07-27";"IKH";"2.243"
"2011-07-28";"2J";"0.234"
"2011-07-28";"10J0";"1.436"
"2011-07-28";"E";"1.232"
"2011-07-28";"K";"1.611"
"2011-07-28";"P";"1.64"
"2011-07-28";"GK";"1.694"
"2011-07-28";"IKH";"2.225"
"2011-07-29";"2J";"0.218"
"2011-07-29";"10J0";"1.436"
"2011-07-29";"E";"1.236"
"2011-07-29";"K";"1.619"
"2011-07-29";"P";"1.585"
"2011-07-29";"GK";"1.701"
"2011-07-29";"IKH";"2.223"
"2011-08-01";"2J";
"2011-08-01";"10J0";
"2011-08-01";"E";
"2011-08-01";"K";
"2011-08-01";"P";
"2011-08-01";"GK";
"2011-08-01";"IKH";
"2011-08-02";"2J";"0.166"
"2011-08-02";"10J0";"1.341"
"2011-08-02";"E";"1.144"
"2011-08-02";"K";"1.557"
"2011-08-02";"P";"1.58"
"2011-08-02";"GK";"1.639"
"2011-08-02";"IKH";"2.174"
"2011-08-03";"2J";"0.124"
"2011-08-03";"10J0";"1.327"
"2011-08-03";"E";"1.131"
"2011-08-03";"K";"1.481"
"2011-08-03";"P";"1.512"
"2011-08-03";"GK";"1.569"
"2011-08-03";"IKH";"2.115"
"2011-08-04";"2J";"0.118"
"2011-08-04";"10J0";"1.322"
"2011-08-04";"E";"1.118"
"2011-08-04";"K";"1.496"
"2011-08-04";"P";"1.524"
"2011-08-04";"GK";"1.582"
"2011-08-04";"IKH";"2.125"
"2011-08-05";"2J";"0.095"
"2011-08-05";"10J0";"1.26"
"2011-08-05";"E";"1.056"
"2011-08-05";"K";"1.427"
"2011-08-05";"P";"1.398"
"2011-08-05";"GK";"1.515"
"2011-08-05";"IKH";"2.063"
"2011-08-08";"2J";"0.057"
"2011-08-08";"10J0";"1.282"
"2011-08-08";"E";"1.07"
"2011-08-08";"K";"1.436"
"2011-08-08";"P";"1.473"
"2011-08-08";"GK";"1.53"
"2011-08-08";"IKH";"2.087"
"2011-08-09";"2J";"0.129"
"2011-08-09";"10J0";"1.202"
"2011-08-09";"E";"0.98"
"2011-08-09";"K";"1.37"
"2011-08-09";"P";"1.405"
"2011-08-09";"GK";"1.468"
"2011-08-09";"IKH";"2.042"
"2011-08-10";"2J";"0.042"
"2011-08-10";"10J0";"1.23"
"2011-08-10";"E";"1.021"
"2011-08-10";"K";"1.36"
"2011-08-10";"P";"1.387"
"2011-08-10";"GK";"1.459"
"2011-08-10";"IKH";"2.042"
"2011-08-11";"2J";"0.075"
"2011-08-11";"10J0";"1.145"
"2011-08-11";"E";"0.93"
"2011-08-11";"K";"1.204"
"2011-08-11";"P";"1.232"
"2011-08-11";"GK";"1.302"
"2011-08-11";"IKH";"1.932"
"2011-08-12";"2J";"0.052"
"2011-08-12";"10J0";"1.182"
"2011-08-12";"E";"0.957"
"2011-08-12";"K";"1.247"
"2011-08-12";"P";"1.269"
"2011-08-12";"GK";"1.348"
"2011-08-12";"IKH";"1.97"
"2011-08-15";"2J";"0.115"
"2011-08-15";"10J0";"1.245"
"2011-08-15";"E";"1.027"
"2011-08-15";"K";"1.308"
"2011-08-15";"P";"1.34"
"2011-08-15";"GK";"1.409"
"2011-08-15";"IKH";"2.029"
"2011-08-16";"2J";"0.075"
"2011-08-16";"10J0";"1.195"
"2011-08-16";"E";"0.985"
"2011-08-16";"K";"1.274"
"2011-08-16";"P";"1.299"
"2011-08-16";"GK";"1.364"
"2011-08-16";"IKH";"1.983"
"2011-08-17";"2J";"0.07"
"2011-08-17";"10J0";"1.153"
"2011-08-17";"E";"0.955"
"2011-08-17";"K";"1.227"
"2011-08-17";"P";"1.248"
"2011-08-17";"GK";"1.325"
"2011-08-17";"IKH";"1.955"
"2011-08-18";"2J";"0.075"
"2011-08-18";"10J0";"0.991"
"2011-08-18";"E";"0.774"
"2011-08-18";"K";"1.127"
"2011-08-18";"P";"1.122"
"2011-08-18";"GK";"1.218"
"2011-08-18";"IKH";"1.86"
"2011-08-19";"2J";"0.066"
"2011-08-19";"10J0";"0.927"
"2011-08-19";"E";"0.73"
"2011-08-19";"K";"1.059"
"2011-08-19";"P";"1.086"
"2011-08-19";"GK";"1.16"
"2011-08-19";"IKH";"1.82"
"2011-08-22";"2J";"0.091"
"2011-08-22";"10J0";"0.956"
"2011-08-22";"E";"0.781"
"2011-08-22";"K";"1.111"
"2011-08-22";"P";"1.137"
"2011-08-22";"GK";"1.218"
"2011-08-22";"IKH";"1.865"
"2011-08-23";"2J";"0.107"
"2011-08-23";"10J0";"1.029"
"2011-08-23";"E";"0.843"
"2011-08-23";"K";"1.214"
"2011-08-23";"P";"1.233"
"2011-08-23";"GK";"1.307"
"2011-08-23";"IKH";"1.988"
"2011-08-24";"2J";"0.081"
"2011-08-24";"10J0";"1.021"
"2011-08-24";"E";"0.849"
"2011-08-24";"K";"1.212"
"2011-08-24";"P";"1.231"
"2011-08-24";"GK";"1.306"
"2011-08-24";"IKH";"1.999"
"2011-08-25";"2J";"0.082"
"2011-08-25";"10J0";"1.076"
"2011-08-25";"E";"0.894"
"2011-08-25";"K";"1.281"
"2011-08-25";"P";"1.304"
"2011-08-25";"GK";"1.378"
"2011-08-25";"IKH";"2.074"
"2011-08-26";"2J";"0.057"
"2011-08-26";"10J0";"1.068"
"2011-08-26";"E";"0.885"
"2011-08-26";"K";"1.291"
"2011-08-26";"P";"1.315"
"2011-08-26";"GK";"1.385"
"2011-08-26";"IKH";"2.083"
"2011-08-29";"2J";"0.112"
"2011-08-29";"10J0";"1.061"
"2011-08-29";"E";"0.875"
"2011-08-29";"K";"1.288"
"2011-08-29";"P";"1.311"
"2011-08-29";"GK";"1.39"
"2011-08-29";"IKH";"2.083"
"2011-08-30";"2J";"0.044"
"2011-08-30";"10J0";"1.116"
"2011-08-30";"E";"0.932"
"2011-08-30";"K";"1.323"
"2011-08-30";"P";"1.336"
"2011-08-30";"GK";"1.413"
"2011-08-30";"IKH";"2.096"
"2011-08-31";"2J";"0.155"
"2011-08-31";"10J0";"1.133"
"2011-08-31";"E";"0.944"
"2011-08-31";"K";"1.365"
"2011-08-31";"P";"1.387"
"2011-08-31";"GK";"1.468"
"2011-08-31";"IKH";"2.143"
"2011-09-01";"2J";"0.061"
"2011-09-01";"10J0";"1.168"
"2011-09-01";"E";"0.988"
"2011-09-01";"K";"1.387"
"2011-09-01";"P";"1.414"
"2011-09-01";"GK";"1.488"
"2011-09-01";"IKH";"2.192"
"2011-09-02";"2J";"0.094"
"2011-09-02";"10J0";"1.091"
"2011-09-02";"E";"0.903"
"2011-09-02";"K";"1.315"
"2011-09-02";"P";"1.339"
"2011-09-02";"GK";"1.416"
"2011-09-02";"IKH";"2.099"
"2011-09-05";"2J";"0.083"
"2011-09-05";"10J0";"1.002"
"2011-09-05";"E";"0.811"
"2011-09-05";"K";"1.228"
"2011-09-05";"P";"1.261"
"2011-09-05";"GK";"1.323"
"2011-09-05";"IKH";"2.035"
"2011-09-06";"2J";"0.145"
"2011-09-06";"10J0";"0.994"
"2011-09-06";"E";"0.804"
"2011-09-06";"K";"1.219"
"2011-09-06";"P";"1.255"
"2011-09-06";"GK";"1.327"
"2011-09-06";"IKH";"2.033"
"2011-09-07";"2J";"0.096"
"2011-09-07";"10J0";"1.075"
"2011-09-07";"E";"0.888"
"2011-09-07";"K";"1.331"
"2011-09-07";"P";"1.355"
"2011-09-07";"GK";"1.43"
"2011-09-07";"IKH";"2.13"
"2011-09-08";"2J";"0.056"
"2011-09-08";"10J0";"1.082"
"2011-09-08";"E";"0.902"
"2011-09-08";"K";"1.303"
"2011-09-08";"P";"1.338"
"2011-09-08";"GK";"1.412"
"2011-09-08";"IKH";"2.111"
"2011-09-09";"2J";"0.085"
"2011-09-09";"10J0";"1.08"
"2011-09-09";"E";"0.892"
"2011-09-09";"K";"1.291"
"2011-09-09";"P";"1.322"
"2011-09-09";"GK";"1.392"
"2011-09-09";"IKH";"2.075"
"2011-09-12";"2J";"0.068"
"2011-09-12";"10J0";"1.04"
"2011-09-12";"E";"0.855"
"2011-09-12";"K";"1.25"
"2011-09-12";"P";"1.285"
"2011-09-12";"GK";"1.358"
"2011-09-12";"IKH";"2.035"
"2011-09-13";"2J";"0.061"
"2011-09-13";"10J0";"1.037"
"2011-09-13";"E";"0.846"
"2011-09-13";"K";"1.239"
"2011-09-13";"P";"1.265"
"2011-09-13";"GK";"1.341"
"2011-09-13";"IKH";"2.055"
"2011-09-14";"2J";"0.073"
"2011-09-14";"10J0";"1.059"
"2011-09-14";"E";"0.875"
"2011-09-14";"K";"1.248"
"2011-09-14";"P";"1.283"
"2011-09-14";"GK";"1.355"
"2011-09-14";"IKH";"2.074"
"2011-09-15";"2J";"0.058"
"2011-09-15";"10J0";"1.073"
"2011-09-15";"E";"0.884"
"2011-09-15";"K";"1.255"
"2011-09-15";"P";"1.292"
"2011-09-15";"GK";"1.362"
"2011-09-15";"IKH";"2.067"
"2011-09-16";"2J";"0.071"
"2011-09-16";"10J0";"1.069"
"2011-09-16";"E";"0.881"
"2011-09-16";"K";"1.248"
"2011-09-16";"P";"1.277"
"2011-09-16";"GK";"1.356"
"2011-09-16";"IKH";"2.034"
"2011-09-19";"2J";"0.061"
"2011-09-19";"10J0";"1.037"
"2011-09-19";"E";"0.847"
"2011-09-19";"K";"1.225"
"2011-09-19";"P";"1.256"
"2011-09-19";"GK";"1.324"
"2011-09-19";"IKH";"2.024"
"2011-09-20";"2J";"0.042"
"2011-09-20";"10J0";"1.036"
"2011-09-20";"E";"0.847"
"2011-09-20";"K";"1.23"
"2011-09-20";"P";"1.257"
"2011-09-20";"GK";"1.335"
"2011-09-20";"IKH";"2.029"
"2011-09-21";"2J";"0.046"
"2011-09-21";"10J0";"1.01"
"2011-09-21";"E";"0.824"
"2011-09-21";"K";"1.192"
"2011-09-21";"P";"1.224"
"2011-09-21";"GK";"1.299"
"2011-09-21";"IKH";"1.987"
"2011-09-22";"2J";"0.099"
"2011-09-22";"10J0";"0.934"
"2011-09-22";"E";"0.758"
"2011-09-22";"K";"1.131"
"2011-09-22";"P";"1.157"
"2011-09-22";"GK";"1.238"
"2011-09-22";"IKH";"1.928"
"2011-09-23";"2J";"0.088"
"2011-09-23";"10J0";"0.919"
"2011-09-23";"E";"0.743"
"2011-09-23";"K";"1.12"
"2011-09-23";"P";"1.149"
"2011-09-23";"GK";"1.221"
"2011-09-23";"IKH";"1.956"
"2011-09-26";"2J";"0.069"
"2011-09-26";"10J0";"0.947"
"2011-09-26";"E";"0.768"
"2011-09-26";"K";"1.13"
"2011-09-26";"P";"1.172"
"2011-09-26";"GK";"1.249"
"2011-09-26";"IKH";"1.97"
"2011-09-27";"2J";"0.084"
"2011-09-27";"10J0";"0.944"
"2011-09-27";"E";"0.767"
"2011-09-27";"K";"1.121"
"2011-09-27";"P";"1.154"
"2011-09-27";"GK";"1.227"
"2011-09-27";"IKH";"1.967"
"2011-09-28";"2J";"0.072"
"2011-09-28";"10J0";"0.954"
"2011-09-28";"E";"0.773"
"2011-09-28";"K";"1.123"
"2011-09-28";"P";"1.164"
"2011-09-28";"GK";"1.235"
"2011-09-28";"IKH";"1.958"
"2011-09-29";"2J";"0.094"
"2011-09-29";"10J0";"0.961"
"2011-09-29";"E";"0.785"
"2011-09-29";"K";"1.156"
"2011-09-29";"P";"1.193"
"2011-09-29";"GK";"1.265"
"2011-09-29";"IKH";"1.937"
"2011-09-30";"2J";"0.055"
"2011-09-30";"10J0";"1.003"
"2011-09-30";"E";"0.818"
"2011-09-30";"K";"1.201"
"2011-09-30";"P";"1.232"
"2011-09-30";"GK";"1.311"
"2011-09-30";"IKH";"2.033"
"2011-10-03";"2J";"0.012"
"2011-10-03";"10J0";"0.962"
"2011-10-03";"E";"0.769"
"2011-10-03";"K";"1.299"
"2011-10-03";"P";"1.236"
"2011-10-03";"GK";"1.507"
"2011-10-03";"IKH";"2.006"
"2011-10-04";"2J";"0.024"
"2011-10-04";"10J0";"0.925"
"2011-10-04";"E";"0.746"
"2011-10-04";"K";"1.126"
"2011-10-04";"P";"1.159"
"2011-10-04";"GK";"1.235"
"2011-10-04";"IKH";"1.975"
"2011-10-05";"2J";"0.055"
"2011-10-05";"10J0";"0.954"
"2011-10-05";"E";"0.774"
"2011-10-05";"K";"1.139"
"2011-10-05";"P";"1.18"
"2011-10-05";"GK";"1.244"
"2011-10-05";"IKH";"1.966"
"2011-10-06";"2J";"0.047"
"2011-10-06";"10J0";"0.985"
"2011-10-06";"E";"0.806"
"2011-10-06";"K";"1.165"
"2011-10-06";"P";"1.191"
"2011-10-06";"GK";"1.268"
"2011-10-06";"IKH";"1.922"
"2011-10-07";"2J";"0.049"
"2011-10-07";"10J0";"1.014"
"2011-10-07";"E";"0.832"
"2011-10-07";"K";"1.193"
"2011-10-07";"P";"1.226"
"2011-10-07";"GK";"1.296"
"2011-10-07";"IKH";"2.023"
"2011-10-10";"2J";"0.054"
"2011-10-10";"10J0";"0.999"
"2011-10-10";"E";"0.813"
"2011-10-10";"K";"1.239"
"2011-10-10";"P";"1.223"
"2011-10-10";"GK";"1.3"
"2011-10-10";"IKH";"1.909"
"2011-10-11";"2J";"0.067"
"2011-10-11";"10J0";"1.038"
"2011-10-11";"E";"0.856"
"2011-10-11";"K";"1.217"
"2011-10-11";"P";"1.237"
"2011-10-11";"GK";"1.312"
"2011-10-11";"IKH";"2.037"
"2011-10-12";"2J";"0.028"
"2011-10-12";"10J0";"1.044"
"2011-10-12";"E";"0.861"
"2011-10-12";"K";"1.211"
"2011-10-12";"P";"1.242"
"2011-10-12";"GK";"1.312"
"2011-10-12";"IKH";"2.026"
"2011-10-13";"2J";"0.037"
"2011-10-13";"10J0";"1.085"
"2011-10-13";"E";"0.891"
"2011-10-13";"K";"1.238"
"2011-10-13";"P";"1.267"
"2011-10-13";"GK";"1.344"
"2011-10-13";"IKH";"2.046"
"2011-10-14";"2J";"0.053"
"2011-10-14";"10J0";"1.065"
"2011-10-14";"E";"0.875"
"2011-10-14";"K";"1.215"
"2011-10-14";"P";"1.25"
"2011-10-14";"GK";"1.324"
"2011-10-14";"IKH";"2.052"
"2011-10-17";"2J";"0.045"
"2011-10-17";"10J0";"1.101"
"2011-10-17";"E";"0.907"
"2011-10-17";"K";"1.26"
"2011-10-17";"P";"1.29"
"2011-10-17";"GK";"1.367"
"2011-10-17";"IKH";"2.078"
"2011-10-18";"2J";"0.075"
"2011-10-18";"10J0";"1.039"
"2011-10-18";"E";"0.857"
"2011-10-18";"K";"1.198"
"2011-10-18";"P";"1.226"
"2011-10-18";"GK";"1.299"
"2011-10-18";"IKH";"2.008"
"2011-10-19";"2J";"0.039"
"2011-10-19";"10J0";"1.082"
"2011-10-19";"E";"0.893"
"2011-10-19";"K";"1.23"
"2011-10-19";"P";"1.258"
"2011-10-19";"GK";"1.338"
"2011-10-19";"IKH";"2.013"
"2011-10-20";"2J";"0.01"
"2011-10-20";"10J0";"1.059"
"2011-10-20";"E";"0.867"
"2011-10-20";"K";"1.202"
"2011-10-20";"P";"1.235"
"2011-10-20";"GK";"1.307"
"2011-10-20";"IKH";"2.019"
"2011-10-21";"2J";"0.109"
"2011-10-21";"10J0";"1.04"
"2011-10-21";"E";"0.846"
"2011-10-21";"K";"1.196"
"2011-10-21";"P";"1.243"
"2011-10-21";"GK";"1.316"
"2011-10-21";"IKH";"2.026"
"2011-10-24";"2J";"0.105"
"2011-10-24";"10J0";"1.044"
"2011-10-24";"E";"0.855"
"2011-10-24";"K";"1.202"
"2011-10-24";"P";"1.239"
"2011-10-24";"GK";"1.308"
"2011-10-24";"IKH";"1.985"
"2011-10-25";"2J";"0.077"
"2011-10-25";"10J0";"1.08"
"2011-10-25";"E";"0.887"
"2011-10-25";"K";"1.245"
"2011-10-25";"P";"1.279"
"2011-10-25";"GK";"1.358"
"2011-10-25";"IKH";"2.026"
"2011-10-26";"2J";"0.013"
"2011-10-26";"10J0";"1.071"
"2011-10-26";"E";"0.885"
"2011-10-26";"K";"1.215"
"2011-10-26";"P";"1.256"
"2011-10-26";"GK";"1.332"
"2011-10-26";"IKH";"1.999"
"2011-10-27";"2J";"0.036"
"2011-10-27";"10J0";"1.082"
"2011-10-27";"E";"0.89"
"2011-10-27";"K";"1.23"
"2011-10-27";"P";"1.269"
"2011-10-27";"GK";"1.352"
"2011-10-27";"IKH";"2.048"
"2011-10-28";"2J";"0.024"
"2011-10-28";"10J0";"1.13"
"2011-10-28";"E";"0.934"
"2011-10-28";"K";"1.278"
"2011-10-28";"P";"1.318"
"2011-10-28";"GK";"1.395"
"2011-10-28";"IKH";"2.042"
"2011-10-31";"2J";"0.016"
"2011-10-31";"10J0";"1.082"
"2011-10-31";"E";"0.888"
"2011-10-31";"K";"1.226"
"2011-10-31";"P";"1.264"
"2011-10-31";"GK";"1.343"
"2011-10-31";"IKH";"2.006"
"2011-11-01";"2J";"0.055"
"2011-11-01";"10J0";"1.009"
"2011-11-01";"E";"0.818"
"2011-11-01";"K";"1.163"
"2011-11-01";"P";"1.2"
"2011-11-01";"GK";"1.289"
"2011-11-01";"IKH";"1.95"
"2011-11-02";"2J";"0.021"
"2011-11-02";"10J0";"0.993"
"2011-11-02";"E";"0.801"
"2011-11-02";"K";"1.147"
"2011-11-02";"P";"1.191"
"2011-11-02";"GK";"1.274"
"2011-11-02";"IKH";"1.964"
"2011-11-03";"2J";"-0.027"
"2011-11-03";"10J0";"0.974"
"2011-11-03";"E";"0.784"
"2011-11-03";"K";"1.131"
"2011-11-03";"P";"1.164"
"2011-11-03";"GK";"1.25"
"2011-11-03";"IKH";"1.936"
"2011-11-04";"2J";"0.021"
"2011-11-04";"10J0";"0.967"
"2011-11-04";"E";"0.773"
"2011-11-04";"K";"1.126"
"2011-11-04";"P";"1.165"
"2011-11-04";"GK";"1.242"
"2011-11-04";"IKH";"1.908"
"2011-11-07";"2J";"0.039"
"2011-11-07";"10J0";"0.891"
"2011-11-07";"E";"0.7"
"2011-11-07";"K";"1.064"
"2011-11-07";"P";"1.104"
"2011-11-07";"GK";"1.192"
"2011-11-07";"IKH";"1.884"
"2011-11-08";"2J";"0.006"
"2011-11-08";"10J0";"0.927"
"2011-11-08";"E";"0.733"
"2011-11-08";"K";"1.077"
"2011-11-08";"P";"1.114"
"2011-11-08";"GK";"1.189"
"2011-11-08";"IKH";"1.886"
"2011-11-09";"2J";"0.008"
"2011-11-09";"10J0";"0.92"
"2011-11-09";"E";"0.73"
"2011-11-09";"K";"1.081"
"2011-11-09";"P";"1.117"
"2011-11-09";"GK";"1.197"
"2011-11-09";"IKH";"1.897"
"2011-11-10";"2J";"0.012"
"2011-11-10";"10J0";"0.929"
"2011-11-10";"E";"0.74"
"2011-11-10";"K";"1.091"
"2011-11-10";"P";"1.126"
"2011-11-10";"GK";"1.209"
"2011-11-10";"IKH";"1.919"
"2011-11-11";"2J";"0.037"
"2011-11-11";"10J0";"0.934"
"2011-11-11";"E";"0.744"
"2011-11-11";"K";"1.09"
"2011-11-11";"P";"1.128"
"2011-11-11";"GK";"1.209"
"2011-11-11";"IKH";"1.921"
"2011-11-14";"2J";"0.005"
"2011-11-14";"10J0";"0.94"
"2011-11-14";"E";"0.749"
"2011-11-14";"K";"1.105"
"2011-11-14";"P";"1.144"
"2011-11-14";"GK";"1.229"
"2011-11-14";"IKH";"1.988"
"2011-11-15";"2J";"0.024"
"2011-11-15";"10J0";"0.902"
"2011-11-15";"E";"0.71"
"2011-11-15";"K";"1.066"
"2011-11-15";"P";"1.103"
"2011-11-15";"GK";"1.197"
"2011-11-15";"IKH";"1.954"
"2011-11-16";"2J";"0.038"
"2011-11-16";"10J0";"0.926"
"2011-11-16";"E";"0.734"
"2011-11-16";"K";"1.083"
"2011-11-16";"P";"1.116"
"2011-11-16";"GK";"1.211"
"2011-11-16";"IKH";"1.955"
"2011-11-17";"2J";"0.035"
"2011-11-17";"10J0";"0.888"
"2011-11-17";"E";"0.697"
"2011-11-17";"K";"1.047"
"2011-11-17";"P";"1.082"
"2011-11-17";"GK";"1.176"
"2011-11-17";"IKH";"1.893"
"2011-11-18";"2J";"0.037"
"2011-11-18";"10J0";"0.898"
"2011-11-18";"E";"0.7"
"2011-11-18";"K";"1.038"
"2011-11-18";"P";"1.083"
"2011-11-18";"GK";"1.171"
"2011-11-18";"IKH";"1.893"
"2011-11-21";"2J";"0.032"
"2011-11-21";"10J0";"0.898"
"2011-11-21";"E";"0.714"
"2011-11-21";"K";"1.064"
"2011-11-21";"P";"1.094"
"2011-11-21";"GK";"1.192"
"2011-11-21";"IKH";"1.906"
"2011-11-22";"2J";"0.019"
"2011-11-22";"10J0";"0.905"
"2011-11-22";"E";"0.717"
"2011-11-22";"K";"1.066"
"2011-11-22";"P";"1.098"
"2011-11-22";"GK";"1.202"
"2011-11-22";"IKH";"1.922"
"2011-11-23";"2J";"0.013"
"2011-11-23";"10J0";"0.9"
"2011-11-23";"E";"0.714"
"2011-11-23";"K";"1.09"
"2011-11-23";"P";"1.121"
"2011-11-23";"GK";"1.227"
"2011-11-23";"IKH";"1.965"
"2011-11-24";"2J";"0.033"
"2011-11-24";"10J0";"0.938"
"2011-11-24";"E";"0.748"
"2011-11-24";"K";"1.113"
"2011-11-24";"P";"1.135"
"2011-11-24";"GK";"1.244"
"2011-11-24";"IKH";"2.014"
"2011-11-25";"2J";"0.007"
"2011-11-25";"10J0";"0.913"
"2011-11-25";"E";"0.725"
"2011-11-25";"K";"1.077"
"2011-11-25";"P";"1.113"
"2011-11-25";"GK";"1.222"
"2011-11-25";"IKH";"1.992"
"2011-11-28";"2J";"-0.008"
"2011-11-28";"10J0";"0.954"
"2011-11-28";"E";"0.766"
"2011-11-28";"K";"1.11"
"2011-11-28";"P";"1.162"
"2011-11-28";"GK";"1.287"
"2011-11-28";"IKH";"2.08"
"2011-11-29";"2J";"0.012"
"2011-11-29";"10J0";"0.95"
"2011-11-29";"E";"0.767"
"2011-11-29";"K";"1.131"
"2011-11-29";"P";"1.169"
"2011-11-29";"GK";"1.285"
"2011-11-29";"IKH";"2.09"
"2011-11-30";"2J";"0.003"
"2011-11-30";"10J0";"0.945"
"2011-11-30";"E";"0.76"
"2011-11-30";"K";"1.131"
"2011-11-30";"P";"1.172"
"2011-11-30";"GK";"1.287"
"2011-11-30";"IKH";"2.066"
"2011-12-01";"2J";"0.009"
"2011-12-01";"10J0";"0.932"
"2011-12-01";"E";"0.743"
"2011-12-01";"K";"1.104"
"2011-12-01";"P";"1.157"
"2011-12-01";"GK";"1.269"
"2011-12-01";"IKH";"2.051"
"2011-12-02";"2J";"0.01"
"2011-12-02";"10J0";"0.91"
"2011-12-02";"E";"0.715"
"2011-12-02";"K";"1.098"
"2011-12-02";"P";"1.142"
"2011-12-02";"GK";"1.255"
"2011-12-02";"IKH";"2.06"
"2011-12-05";"2J";"0.013"
"2011-12-05";"10J0";"0.89"
"2011-12-05";"E";"0.694"
"2011-12-05";"K";"1.124"
"2011-12-05";"P";"1.17"
"2011-12-05";"GK";"1.277"
"2011-12-05";"IKH";"2.063"
"2011-12-06";"2J";"0.005"
"2011-12-06";"10J0";"0.905"
"2011-12-06";"E";"0.712"
"2011-12-06";"K";"1.136"
"2011-12-06";"P";"1.183"
"2011-12-06";"GK";"1.29"
"2011-12-06";"IKH";"2.084"
"2011-12-07";"2J";"0.003"
"2011-12-07";"10J0";"0.873"
"2011-12-07";"E";"0.677"
"2011-12-07";"K";"1.11"
"2011-12-07";"P";"1.149"
"2011-12-07";"GK";"1.285"
"2011-12-07";"IKH";"2.034"
"2011-12-08";"2J";"0.001"
"2011-12-08";"10J0";"0.835"
"2011-12-08";"E";"0.641"
"2011-12-08";"K";"1.073"
"2011-12-08";"P";"1.111"
"2011-12-08";"GK";"1.252"
"2011-12-08";"IKH";"2.029"
"2011-12-09";"2J";"-0.036"
"2011-12-09";"10J0";"0.806"
"2011-12-09";"E";"0.613"
"2011-12-09";"K";"1.055"
"2011-12-09";"P";"1.069"
"2011-12-09";"GK";"1.227"
"2011-12-09";"IKH";"2.003"
"2011-12-12";"2J";"-0.013"
"2011-12-12";"10J0";"0.811"
"2011-12-12";"E";"0.623"
"2011-12-12";"K";"1.042"
"2011-12-12";"P";"1.072"
"2011-12-12";"GK";"1.216"
"2011-12-12";"IKH";"1.998"
"2011-12-13";"2J";"-0.006"
"2011-12-13";"10J0";"0.767"
"2011-12-13";"E";"0.585"
"2011-12-13";"K";"0.975"
"2011-12-13";"P";"1.015"
"2011-12-13";"GK";"1.153"
"2011-12-13";"IKH";"1.941"
"2011-12-14";"2J";"-0.009"
"2011-12-14";"10J0";"0.776"
"2011-12-14";"E";"0.593"
"2011-12-14";"K";"0.983"
"2011-12-14";"P";"1.024"
"2011-12-14";"GK";"1.169"
"2011-12-14";"IKH";"1.971"
"2011-12-15";"2J";"-0.001"
"2011-12-15";"10J0";"0.782"
"2011-12-15";"E";"0.597"
"2011-12-15";"K";"0.997"
"2011-12-15";"P";"1.045"
"2011-12-15";"GK";"1.181"
"2011-12-15";"IKH";"1.969"
"2011-12-16";"2J";"0.027"
"2011-12-16";"10J0";"0.777"
"2011-12-16";"E";"0.595"
"2011-12-16";"K";"0.994"
"2011-12-16";"P";"1.037"
"2011-12-16";"GK";"1.177"
"2011-12-16";"IKH";"1.963"
"2011-12-19";"2J";"-0.051"
"2011-12-19";"10J0";"0.78"
"2011-12-19";"E";"0.602"
"2011-12-19";"K";"1.001"
"2011-12-19";"P";"1.042"
"2011-12-19";"GK";"1.183"
"2011-12-19";"IKH";"1.977"
"2011-12-20";"2J";"0.012"
"2011-12-20";"10J0";"0.791"
"2011-12-20";"E";"0.617"
"2011-12-20";"K";"1.02"
"2011-12-20";"P";"1.075"
"2011-12-20";"GK";"1.204"
"2011-12-20";"IKH";"1.99"
"2011-12-21";"2J";"0.038"
"2011-12-21";"10J0";"0.804"
"2011-12-21";"E";"0.625"
"2011-12-21";"K";"1.032"
"2011-12-21";"P";"1.081"
"2011-12-21";"GK";"1.216"
"2011-12-21";"IKH";"2.016"
"2011-12-22";"2J";"0.035"
"2011-12-22";"10J0";"0.801"
"2011-12-22";"E";"0.624"
"2011-12-22";"K";"1.037"
"2011-12-22";"P";"1.089"
"2011-12-22";"GK";"1.225"
"2011-12-22";"IKH";"2.008"
"2011-12-23";"2J";"0.013"
"2011-12-23";"10J0";"0.776"
"2011-12-23";"E";"0.607"
"2011-12-23";"K";"1.009"
"2011-12-23";"P";"1.06"
"2011-12-23";"GK";"1.191"
"2011-12-23";"IKH";"1.996"
"2011-12-26";"2J";
"2011-12-26";"10J0";
"2011-12-26";"E";
"2011-12-26";"K";
"2011-12-26";"P";
"2011-12-26";"GK";
"2011-12-26";"IKH";
"2011-12-27";"2J";"0.031"
"2011-12-27";"10J0";"0.774"
"2011-12-27";"E";"0.6"
"2011-12-27";"K";"1.023"
"2011-12-27";"P";"1.066"
"2011-12-27";"GK";"1.202"
"2011-12-27";"IKH";"1.978"
"2011-12-28";"2J";"-0.001"
"2011-12-28";"10J0";"0.793"
"2011-12-28";"E";"0.626"
"2011-12-28";"K";"1.019"
"2011-12-28";"P";"1.076"
"2011-12-28";"GK";"1.203"
"2011-12-28";"IKH";"1.998"
"2011-12-29";"2J";"0.016"
"2011-12-29";"10J0";"0.776"
"2011-12-29";"E";"0.607"
"2011-12-29";"K";"1.015"
"2011-12-29";"P";"1.062"
"2011-12-29";"GK";"1.199"
"2011-12-29";"IKH";"1.974"
"2011-12-30";"2J";"0.013"
"2011-12-30";"10J0";"0.74"
"2011-12-30";"E";"0.57"
"2011-12-30";"K";"0.986"
"2011-12-30";"P";"1.033"
"2011-12-30";"GK";"1.163"
"2011-12-30";"IKH";"1.951"
"2012-01-02";"2J";
"2012-01-02";"10J0";
"2012-01-02";"E";
"2012-01-02";"K";
"2012-01-02";"P";
"2012-01-02";"GK";
"2012-01-02";"IKH";
"2012-01-03";"2J";"0.015"
"2012-01-03";"10J0";"0.749"
"2012-01-03";"E";"0.577"
"2012-01-03";"K";"0.989"
"2012-01-03";"P";"1.039"
"2012-01-03";"GK";"1.167"
"2012-01-03";"IKH";"1.936"
"2012-01-04";"2J";"0.024"
"2012-01-04";"10J0";"0.734"
"2012-01-04";"E";"0.566"
"2012-01-04";"K";"0.981"
"2012-01-04";"P";"1.041"
"2012-01-04";"GK";"1.173"
"2012-01-04";"IKH";"1.932"
"2012-01-05";"2J";"0.007"
"2012-01-05";"10J0";"0.701"
"2012-01-05";"E";"0.535"
"2012-01-05";"K";"0.916"
"2012-01-05";"P";"0.964"
"2012-01-05";"GK";"1.089"
"2012-01-05";"IKH";"1.875"
"2012-01-06";"2J";"0.031"
"2012-01-06";"10J0";"0.719"
"2012-01-06";"E";"0.552"
"2012-01-06";"K";"0.899"
"2012-01-06";"P";"0.958"
"2012-01-06";"GK";"1.079"
"2012-01-06";"IKH";"1.871"
"2012-01-09";"2J";"-0.012"
"2012-01-09";"10J0";"0.764"
"2012-01-09";"E";"0.597"
"2012-01-09";"K";"0.949"
"2012-01-09";"P";"1.009"
"2012-01-09";"GK";"1.122"
"2012-01-09";"IKH";"1.933"
"2012-01-10";"2J";"0.033"
"2012-01-10";"10J0";"0.77"
"2012-01-10";"E";"0.6"
"2012-01-10";"K";"0.958"
"2012-01-10";"P";"1.024"
"2012-01-10";"GK";"1.143"
"2012-01-10";"IKH";"1.926"
"2012-01-11";"2J";"0.05"
"2012-01-11";"10J0";"0.792"
"2012-01-11";"E";"0.624"
"2012-01-11";"K";"0.96"
"2012-01-11";"P";"1.031"
"2012-01-11";"GK";"1.145"
"2012-01-11";"IKH";"1.935"
"2012-01-12";"2J";"0.035"
"2012-01-12";"10J0";"0.756"
"2012-01-12";"E";"0.585"
"2012-01-12";"K";"0.89"
"2012-01-12";"P";"0.952"
"2012-01-12";"GK";"1.15"
"2012-01-12";"IKH";"1.889"
"2012-01-13";"2J";"0.038"
"2012-01-13";"10J0";"0.768"
"2012-01-13";"E";"0.596"
"2012-01-13";"K";"0.902"
"2012-01-13";"P";"0.972"
"2012-01-13";"GK";"1.175"
"2012-01-13";"IKH";"1.918"
"2012-01-16";"2J";"0.042"
"2012-01-16";"10J0";"0.756"
"2012-01-16";"E";"0.585"
"2012-01-16";"K";"0.87"
"2012-01-16";"P";"0.944"
"2012-01-16";"GK";"1.145"
"2012-01-16";"IKH";"1.845"
"2012-01-17";"2J";"0.025"
"2012-01-17";"10J0";"0.759"
"2012-01-17";"E";"0.592"
"2012-01-17";"K";"0.863"
"2012-01-17";"P";"0.931"
"2012-01-17";"GK";"1.134"
"2012-01-17";"IKH";"1.828"
"2012-01-18";"2J";"0.069"
"2012-01-18";"10J0";"0.723"
"2012-01-18";"E";"0.557"
"2012-01-18";"K";"0.837"
"2012-01-18";"P";"0.908"
"2012-01-18";"GK";"1.119"
"2012-01-18";"IKH";"1.836"
"2012-01-19";"2J";"0.096"
"2012-01-19";"10J0";"0.743"
"2012-01-19";"E";"0.577"
"2012-01-19";"K";"0.885"
"2012-01-19";"P";"0.948"
"2012-01-19";"GK";"1.148"
"2012-01-19";"IKH";"1.859"
"2012-01-20";"2J";"0.106"
"2012-01-20";"10J0";"0.733"
"2012-01-20";"E";"0.571"
"2012-01-20";"K";"0.889"
"2012-01-20";"P";"0.957"
"2012-01-20";"GK";"1.153"
"2012-01-20";"IKH";"1.894"
"2012-01-23";"2J";"0.113"
"2012-01-23";"10J0";"0.78"
"2012-01-23";"E";"0.614"
"2012-01-23";"K";"0.925"
"2012-01-23";"P";"0.994"
"2012-01-23";"GK";"1.189"
"2012-01-23";"IKH";"1.945"
"2012-01-24";"2J";"0.103"
"2012-01-24";"10J0";"0.813"
"2012-01-24";"E";"0.644"
"2012-01-24";"K";"0.948"
"2012-01-24";"P";"1.015"
"2012-01-24";"GK";"1.21"
"2012-01-24";"IKH";"1.918"
"2012-01-25";"2J";"0.128"
"2012-01-25";"10J0";"0.797"
"2012-01-25";"E";"0.63"
"2012-01-25";"K";"0.925"
"2012-01-25";"P";"1.002"
"2012-01-25";"GK";"1.198"
"2012-01-25";"IKH";"1.94"
"2012-01-26";"2J";"0.127"
"2012-01-26";"10J0";"0.786"
"2012-01-26";"E";"0.622"
"2012-01-26";"K";"0.913"
"2012-01-26";"P";"0.989"
"2012-01-26";"GK";"1.176"
"2012-01-26";"IKH";"1.965"
"2012-01-27";"2J";"0.115"
"2012-01-27";"10J0";"0.765"
"2012-01-27";"E";"0.6"
"2012-01-27";"K";"0.892"
"2012-01-27";"P";"0.957"
"2012-01-27";"GK";"1.155"
"2012-01-27";"IKH";"1.892"
"2012-01-30";"2J";"0.109"
"2012-01-30";"10J0";"0.758"
"2012-01-30";"E";"0.598"
"2012-01-30";"K";"0.886"
"2012-01-30";"P";"0.949"
"2012-01-30";"GK";"1.146"
"2012-01-30";"IKH";"1.909"
"2012-01-31";"2J";"0.102"
"2012-01-31";"10J0";"0.735"
"2012-01-31";"E";"0.573"
"2012-01-31";"K";"0.861"
"2012-01-31";"P";"0.937"
"2012-01-31";"GK";"1.126"
"2012-01-31";"IKH";"1.893"
"2012-02-01";"2J";"0.083"
"2012-02-01";"10J0";"0.706"
"2012-02-01";"E";"0.543"
"2012-02-01";"K";"0.842"
"2012-02-01";"P";"0.919"
"2012-02-01";"GK";"1.108"
"2012-02-01";"IKH";"1.875"
"2012-02-02";"2J";"0.085"
"2012-02-02";"10J0";"0.681"
"2012-02-02";"E";"0.517"
"2012-02-02";"K";"0.828"
"2012-02-02";"P";"0.899"
"2012-02-02";"GK";"1.086"
"2012-02-02";"IKH";"1.846"
"2012-02-03";"2J";"0.08"
"2012-02-03";"10J0";"0.689"
"2012-02-03";"E";"0.523"
"2012-02-03";"K";"0.827"
"2012-02-03";"P";"0.903"
"2012-02-03";"GK";"1.101"
"2012-02-03";"IKH";"1.818"
"2012-02-06";"2J";"0.081"
"2012-02-06";"10J0";"0.724"
"2012-02-06";"E";"0.554"
"2012-02-06";"K";"0.856"
"2012-02-06";"P";"0.936"
"2012-02-06";"GK";"1.125"
"2012-02-06";"IKH";"1.887"
"2012-02-07";"2J";"0.074"
"2012-02-07";"10J0";"0.75"
"2012-02-07";"E";"0.581"
"2012-02-07";"K";"0.867"
"2012-02-07";"P";"0.951"
"2012-02-07";"GK";"1.134"
"2012-02-07";"IKH";"1.857"
"2012-02-08";"2J";"0.085"
"2012-02-08";"10J0";"0.791"
"2012-02-08";"E";"0.609"
"2012-02-08";"K";"0.884"
"2012-02-08";"P";"0.964"
"2012-02-08";"GK";"1.154"
"2012-02-08";"IKH";"1.874"
"2012-02-09";"2J";"0.077"
"2012-02-09";"10J0";"0.817"
"2012-02-09";"E";"0.637"
"2012-02-09";"K";"0.886"
"2012-02-09";"P";"0.981"
"2012-02-09";"GK";"1.167"
"2012-02-09";"IKH";"1.865"
"2012-02-10";"2J";"0.079"
"2012-02-10";"10J0";"0.826"
"2012-02-10";"E";"0.651"
"2012-02-10";"K";"0.911"
"2012-02-10";"P";"0.995"
"2012-02-10";"GK";"1.184"
"2012-02-10";"IKH";"1.869"
"2012-02-13";"2J";"0.087"
"2012-02-13";"10J0";"0.81"
"2012-02-13";"E";"0.623"
"2012-02-13";"K";"0.873"
"2012-02-13";"P";"0.961"
"2012-02-13";"GK";"1.154"
"2012-02-13";"IKH";"1.833"
"2012-02-14";"2J";"0.086"
"2012-02-14";"10J0";"0.792"
"2012-02-14";"E";"0.61"
"2012-02-14";"K";"0.864"
"2012-02-14";"P";"0.949"
"2012-02-14";"GK";"1.142"
"2012-02-14";"IKH";"1.833"
"2012-02-15";"2J";"0.085"
"2012-02-15";"10J0";"0.799"
"2012-02-15";"E";"0.62"
"2012-02-15";"K";"0.856"
"2012-02-15";"P";"0.945"
"2012-02-15";"GK";"1.141"
"2012-02-15";"IKH";"1.86"
"2012-02-16";"2J";"0.082"
"2012-02-16";"10J0";"0.744"
"2012-02-16";"E";"0.563"
"2012-02-16";"K";"0.822"
"2012-02-16";"P";"0.903"
"2012-02-16";"GK";"1.107"
"2012-02-16";"IKH";"1.833"
"2012-02-17";"2J";"0.091"
"2012-02-17";"10J0";"0.788"
"2012-02-17";"E";"0.603"
"2012-02-17";"K";"0.864"
"2012-02-17";"P";"0.952"
"2012-02-17";"GK";"1.151"
"2012-02-17";"IKH";"1.875"
"2012-02-20";"2J";"0.075"
"2012-02-20";"10J0";"0.805"
"2012-02-20";"E";"0.615"
"2012-02-20";"K";"0.884"
"2012-02-20";"P";"0.963"
"2012-02-20";"GK";"1.169"
"2012-02-20";"IKH";"1.844"
"2012-02-21";"2J";"0.075"
"2012-02-21";"10J0";"0.821"
"2012-02-21";"E";"0.632"
"2012-02-21";"K";"0.902"
"2012-02-21";"P";"0.993"
"2012-02-21";"GK";"1.198"
"2012-02-21";"IKH";"1.868"
"2012-02-22";"2J";"0.065"
"2012-02-22";"10J0";"0.793"
"2012-02-22";"E";"0.606"
"2012-02-22";"K";"0.87"
"2012-02-22";"P";"0.96"
"2012-02-22";"GK";"1.167"
"2012-02-22";"IKH";"1.862"
"2012-02-23";"2J";"0.075"
"2012-02-23";"10J0";"0.789"
"2012-02-23";"E";"0.603"
"2012-02-23";"K";"0.858"
"2012-02-23";"P";"0.957"
"2012-02-23";"GK";"1.158"
"2012-02-23";"IKH";"1.839"
"2012-02-24";"2J";"0.074"
"2012-02-24";"10J0";"0.769"
"2012-02-24";"E";"0.587"
"2012-02-24";"K";"0.847"
"2012-02-24";"P";"0.934"
"2012-02-24";"GK";"1.135"
"2012-02-24";"IKH";"1.824"
"2012-02-27";"2J";"0.053"
"2012-02-27";"10J0";"0.769"
"2012-02-27";"E";"0.587"
"2012-02-27";"K";"0.841"
"2012-02-27";"P";"0.925"
"2012-02-27";"GK";"1.123"
"2012-02-27";"IKH";"1.821"
"2012-02-28";"2J";"0.042"
"2012-02-28";"10J0";"0.73"
"2012-02-28";"E";"0.549"
"2012-02-28";"K";"0.796"
"2012-02-28";"P";"0.888"
"2012-02-28";"GK";"1.088"
"2012-02-28";"IKH";"1.783"
"2012-02-29";"2J";"0.056"
"2012-02-29";"10J0";"0.72"
"2012-02-29";"E";"0.542"
"2012-02-29";"K";"0.787"
"2012-02-29";"P";"0.885"
"2012-02-29";"GK";"1.083"
"2012-02-29";"IKH";"1.79"
"2012-03-01";"2J";"0.076"
"2012-03-01";"10J0";"0.711"
"2012-03-01";"E";"0.53"
"2012-03-01";"K";"0.792"
"2012-03-01";"P";"0.882"
"2012-03-01";"GK";"1.079"
"2012-03-01";"IKH";"1.782"
"2012-03-02";"2J";"0.095"
"2012-03-02";"10J0";"0.71"
"2012-03-02";"E";"0.536"
"2012-03-02";"K";"0.808"
"2012-03-02";"P";"0.883"
"2012-03-02";"GK";"1.083"
"2012-03-02";"IKH";"1.78"
"2012-03-05";"2J";"0.065"
"2012-03-05";"10J0";"0.681"
"2012-03-05";"E";"0.507"
"2012-03-05";"K";"0.775"
"2012-03-05";"P";"0.867"
"2012-03-05";"GK";"1.063"
"2012-03-05";"IKH";"1.775"
"2012-03-06";"2J";"0.083"
"2012-03-06";"10J0";"0.686"
"2012-03-06";"E";"0.514"
"2012-03-06";"K";"0.79"
"2012-03-06";"P";"0.885"
"2012-03-06";"GK";"1.065"
"2012-03-06";"IKH";"1.789"
"2012-03-07";"2J";"0.077"
"2012-03-07";"10J0";"0.708"
"2012-03-07";"E";"0.533"
"2012-03-07";"K";"0.817"
"2012-03-07";"P";"0.911"
"2012-03-07";"GK";"1.098"
"2012-03-07";"IKH";"1.846"
"2012-03-08";"2J";"0.094"
"2012-03-08";"10J0";"0.724"
"2012-03-08";"E";"0.55"
"2012-03-08";"K";"0.84"
"2012-03-08";"P";"0.928"
"2012-03-08";"GK";"1.116"
"2012-03-08";"IKH";"1.893"
"2012-03-09";"2J";"0.097"
"2012-03-09";"10J0";"0.727"
"2012-03-09";"E";"0.556"
"2012-03-09";"K";"0.834"
"2012-03-09";"P";"0.926"
"2012-03-09";"GK";"1.112"
"2012-03-09";"IKH";"1.891"
"2012-03-12";"2J";"0.095"
"2012-03-12";"10J0";"0.724"
"2012-03-12";"E";"0.553"
"2012-03-12";"K";"0.829"
"2012-03-12";"P";"0.925"
"2012-03-12";"GK";"1.108"
"2012-03-12";"IKH";"1.905"
"2012-03-13";"2J";"0.091"
"2012-03-13";"10J0";"0.738"
"2012-03-13";"E";"0.565"
"2012-03-13";"K";"0.819"
"2012-03-13";"P";"0.915"
"2012-03-13";"GK";"1.097"
"2012-03-13";"IKH";"1.886"
"2012-03-14";"2J";"0.093"
"2012-03-14";"10J0";"0.812"
"2012-03-14";"E";"0.638"
"2012-03-14";"K";"0.872"
"2012-03-14";"P";"0.971"
"2012-03-14";"GK";"1.136"
"2012-03-14";"IKH";"1.963"
"2012-03-15";"2J";"0.095"
"2012-03-15";"10J0";"0.905"
"2012-03-15";"E";"0.736"
"2012-03-15";"K";"0.928"
"2012-03-15";"P";"1.023"
"2012-03-15";"GK";"1.188"
"2012-03-15";"IKH";"2.048"
"2012-03-16";"2J";"0.135"
"2012-03-16";"10J0";"0.931"
"2012-03-16";"E";"0.762"
"2012-03-16";"K";"0.967"
"2012-03-16";"P";"1.056"
"2012-03-16";"GK";"1.218"
"2012-03-16";"IKH";"2.034"
"2012-03-19";"2J";"0.128"
"2012-03-19";"10J0";"0.928"
"2012-03-19";"E";"0.755"
"2012-03-19";"K";"0.972"
"2012-03-19";"P";"1.069"
"2012-03-19";"GK";"1.229"
"2012-03-19";"IKH";"2.016"
"2012-03-20";"2J";"0.115"
"2012-03-20";"10J0";"0.934"
"2012-03-20";"E";"0.756"
"2012-03-20";"K";"0.99"
"2012-03-20";"P";"1.082"
"2012-03-20";"GK";"1.241"
"2012-03-20";"IKH";"2.028"
"2012-03-21";"2J";"0.131"
"2012-03-21";"10J0";"0.964"
"2012-03-21";"E";"0.79"
"2012-03-21";"K";"1.046"
"2012-03-21";"P";"1.147"
"2012-03-21";"GK";"1.291"
"2012-03-21";"IKH";"2.063"
"2012-03-22";"2J";"0.111"
"2012-03-22";"10J0";"0.919"
"2012-03-22";"E";"0.751"
"2012-03-22";"K";"0.97"
"2012-03-22";"P";"1.071"
"2012-03-22";"GK";"1.227"
"2012-03-22";"IKH";"2.02"
"2012-03-23";"2J";"0.111"
"2012-03-23";"10J0";"0.897"
"2012-03-23";"E";"0.735"
"2012-03-23";"K";"0.946"
"2012-03-23";"P";"1.037"
"2012-03-23";"GK";"1.201"
"2012-03-23";"IKH";"1.986"
"2012-03-26";"2J";"0.107"
"2012-03-26";"10J0";"0.896"
"2012-03-26";"E";"0.733"
"2012-03-26";"K";"0.929"
"2012-03-26";"P";"1.028"
"2012-03-26";"GK";"1.181"
"2012-03-26";"IKH";"2.001"
"2012-03-27";"2J";"0.111"
"2012-03-27";"10J0";"0.903"
"2012-03-27";"E";"0.735"
"2012-03-27";"K";"0.951"
"2012-03-27";"P";"1.044"
"2012-03-27";"GK";"1.199"
"2012-03-27";"IKH";"2.054"
"2012-03-28";"2J";"0.113"
"2012-03-28";"10J0";"0.907"
"2012-03-28";"E";"0.741"
"2012-03-28";"K";"0.944"
"2012-03-28";"P";"1.037"
"2012-03-28";"GK";"1.195"
"2012-03-28";"IKH";"1.981"
"2012-03-29";"2J";"0.112"
"2012-03-29";"10J0";"0.883"
"2012-03-29";"E";"0.713"
"2012-03-29";"K";"0.935"
"2012-03-29";"P";"1.034"
"2012-03-29";"GK";"1.182"
"2012-03-29";"IKH";"1.977"
"2012-03-30";"2J";"0.094"
"2012-03-30";"10J0";"0.854"
"2012-03-30";"E";"0.687"
"2012-03-30";"K";"0.906"
"2012-03-30";"P";"0.993"
"2012-03-30";"GK";"1.154"
"2012-03-30";"IKH";"1.952"
"2012-04-02";"2J";"0.097"
"2012-04-02";"10J0";"0.882"
"2012-04-02";"E";"0.716"
"2012-04-02";"K";"0.942"
"2012-04-02";"P";"1.029"
"2012-04-02";"GK";"1.186"
"2012-04-02";"IKH";"2.029"
"2012-04-03";"2J";"0.125"
"2012-04-03";"10J0";"0.872"
"2012-04-03";"E";"0.703"
"2012-04-03";"K";"0.931"
"2012-04-03";"P";"1.026"
"2012-04-03";"GK";"1.18"
"2012-04-03";"IKH";"1.992"
"2012-04-04";"2J";"0.123"
"2012-04-04";"10J0";"0.882"
"2012-04-04";"E";"0.712"
"2012-04-04";"K";"0.966"
"2012-04-04";"P";"1.06"
"2012-04-04";"GK";"1.214"
"2012-04-04";"IKH";"2.007"
"2012-04-05";"2J";"0.1"
"2012-04-05";"10J0";"0.852"
"2012-04-05";"E";"0.681"
"2012-04-05";"K";"0.943"
"2012-04-05";"P";"1.04"
"2012-04-05";"GK";"1.198"
"2012-04-05";"IKH";"1.99"
"2012-04-06";"2J";
"2012-04-06";"10J0";
"2012-04-06";"E";
"2012-04-06";"K";
"2012-04-06";"P";
"2012-04-06";"GK";
"2012-04-06";"IKH";
"2012-04-09";"2J";
"2012-04-09";"10J0";
"2012-04-09";"E";
"2012-04-09";"K";
"2012-04-09";"P";
"2012-04-09";"GK";
"2012-04-09";"IKH";
"2012-04-10";"2J";"0.037"
"2012-04-10";"10J0";"0.765"
"2012-04-10";"E";"0.588"
"2012-04-10";"K";"0.853"
"2012-04-10";"P";"0.95"
"2012-04-10";"GK";"1.113"
"2012-04-10";"IKH";"1.925"
"2012-04-11";"2J";"0.042"
"2012-04-11";"10J0";"0.778"
"2012-04-11";"E";"0.605"
"2012-04-11";"K";"0.853"
"2012-04-11";"P";"0.954"
"2012-04-11";"GK";"1.114"
"2012-04-11";"IKH";"1.926"
"2012-04-12";"2J";"0.046"
"2012-04-12";"10J0";"0.78"
"2012-04-12";"E";"0.604"
"2012-04-12";"K";"0.866"
"2012-04-12";"P";"0.969"
"2012-04-12";"GK";"1.124"
"2012-04-12";"IKH";"1.946"
"2012-04-13";"2J";"0.063"
"2012-04-13";"10J0";"0.759"
"2012-04-13";"E";"0.584"
"2012-04-13";"K";"0.852"
"2012-04-13";"P";"0.952"
"2012-04-13";"GK";"1.117"
"2012-04-13";"IKH";"1.96"
"2012-04-16";"2J";"0.027"
"2012-04-16";"10J0";"0.741"
"2012-04-16";"E";"0.567"
"2012-04-16";"K";"0.849"
"2012-04-16";"P";"0.952"
"2012-04-16";"GK";"1.111"
"2012-04-16";"IKH";"1.989"
"2012-04-17";"2J";"0.047"
"2012-04-17";"10J0";"0.762"
"2012-04-17";"E";"0.588"
"2012-04-17";"K";"0.863"
"2012-04-17";"P";"0.963"
"2012-04-17";"GK";"1.127"
"2012-04-17";"IKH";"1.983"
"2012-04-18";"2J";"0.062"
"2012-04-18";"10J0";"0.779"
"2012-04-18";"E";"0.604"
"2012-04-18";"K";"0.896"
"2012-04-18";"P";"0.984"
"2012-04-18";"GK";"1.151"
"2012-04-18";"IKH";"2.02"
"2012-04-19";"2J";"0.064"
"2012-04-19";"10J0";"0.763"
"2012-04-19";"E";"0.593"
"2012-04-19";"K";"0.875"
"2012-04-19";"P";"0.98"
"2012-04-19";"GK";"1.142"
"2012-04-19";"IKH";"1.981"
"2012-04-20";"2J";"0.076"
"2012-04-20";"10J0";"0.759"
"2012-04-20";"E";"0.586"
"2012-04-20";"K";"0.882"
"2012-04-20";"P";"0.98"
"2012-04-20";"GK";"1.143"
"2012-04-20";"IKH";"1.966"
"2012-04-23";"2J";"0.068"
"2012-04-23";"10J0";"0.776"
"2012-04-23";"E";"0.605"
"2012-04-23";"K";"0.897"
"2012-04-23";"P";"0.997"
"2012-04-23";"GK";"1.153"
"2012-04-23";"IKH";"1.994"
"2012-04-24";"2J";"0.051"
"2012-04-24";"10J0";"0.76"
"2012-04-24";"E";"0.591"
"2012-04-24";"K";"0.881"
"2012-04-24";"P";"0.976"
"2012-04-24";"GK";"1.139"
"2012-04-24";"IKH";"1.949"
"2012-04-25";"2J";"0.05"
"2012-04-25";"10J0";"0.782"
"2012-04-25";"E";"0.613"
"2012-04-25";"K";"0.905"
"2012-04-25";"P";"0.991"
"2012-04-25";"GK";"1.159"
"2012-04-25";"IKH";"1.956"
"2012-04-26";"2J";"0.047"
"2012-04-26";"10J0";"0.773"
"2012-04-26";"E";"0.603"
"2012-04-26";"K";"0.908"
"2012-04-26";"P";"0.993"
"2012-04-26";"GK";"1.157"
"2012-04-26";"IKH";"1.962"
"2012-04-27";"2J";"0.055"
"2012-04-27";"10J0";"0.723"
"2012-04-27";"E";"0.559"
"2012-04-27";"K";"0.877"
"2012-04-27";"P";"0.951"
"2012-04-27";"GK";"1.109"
"2012-04-27";"IKH";"1.94"
"2012-04-30";"2J";"0.039"
"2012-04-30";"10J0";"0.735"
"2012-04-30";"E";"0.568"
"2012-04-30";"K";"0.877"
"2012-04-30";"P";"0.954"
"2012-04-30";"GK";"1.113"
"2012-04-30";"IKH";"1.923"
"2012-05-01";"2J";
"2012-05-01";"10J0";
"2012-05-01";"E";
"2012-05-01";"K";
"2012-05-01";"P";
"2012-05-01";"GK";
"2012-05-01";"IKH";
"2012-05-02";"2J";"0.043"
"2012-05-02";"10J0";"0.739"
"2012-05-02";"E";"0.574"
"2012-05-02";"K";"0.884"
"2012-05-02";"P";"0.963"
"2012-05-02";"GK";"1.12"
"2012-05-02";"IKH";"1.936"
"2012-05-03";"2J";"0.054"
"2012-05-03";"10J0";"0.706"
"2012-05-03";"E";"0.54"
"2012-05-03";"K";"0.849"
"2012-05-03";"P";"0.926"
"2012-05-03";"GK";"1.083"
"2012-05-03";"IKH";"1.881"
"2012-05-04";"2J";"0.041"
"2012-05-04";"10J0";"0.693"
"2012-05-04";"E";"0.527"
"2012-05-04";"K";"0.837"
"2012-05-04";"P";"0.916"
"2012-05-04";"GK";"1.074"
"2012-05-04";"IKH";"1.858"
"2012-05-07";"2J";"0.015"
"2012-05-07";"10J0";"0.679"
"2012-05-07";"E";"0.513"
"2012-05-07";"K";"0.83"
"2012-05-07";"P";"0.893"
"2012-05-07";"GK";"1.069"
"2012-05-07";"IKH";"1.829"
"2012-05-08";"2J";"0.016"
"2012-05-08";"10J0";"0.683"
"2012-05-08";"E";"0.522"
"2012-05-08";"K";"0.822"
"2012-05-08";"P";"0.899"
"2012-05-08";"GK";"1.06"
"2012-05-08";"IKH";"1.817"
"2012-05-09";"2J";"0.017"
"2012-05-09";"10J0";"0.672"
"2012-05-09";"E";"0.506"
"2012-05-09";"K";"0.795"
"2012-05-09";"P";"0.874"
"2012-05-09";"GK";"1.035"
"2012-05-09";"IKH";"1.78"
"2012-05-10";"2J";"0.018"
"2012-05-10";"10J0";"0.655"
"2012-05-10";"E";"0.483"
"2012-05-10";"K";"0.776"
"2012-05-10";"P";"0.85"
"2012-05-10";"GK";"1.017"
"2012-05-10";"IKH";"1.774"
"2012-05-11";"2J";"0.026"
"2012-05-11";"10J0";"0.666"
"2012-05-11";"E";"0.495"
"2012-05-11";"K";"0.795"
"2012-05-11";"P";"0.868"
"2012-05-11";"GK";"1.036"
"2012-05-11";"IKH";"1.787"
"2012-05-14";"2J";"-0.003"
"2012-05-14";"10J0";"0.65"
"2012-05-14";"E";"0.482"
"2012-05-14";"K";"0.766"
"2012-05-14";"P";"0.843"
"2012-05-14";"GK";"1.014"
"2012-05-14";"IKH";"1.775"
"2012-05-15";"2J";"0.026"
"2012-05-15";"10J0";"0.638"
"2012-05-15";"E";"0.477"
"2012-05-15";"K";"0.762"
"2012-05-15";"P";"0.836"
"2012-05-15";"GK";"1.014"
"2012-05-15";"IKH";"1.753"
"2012-05-16";"2J";"0.026"
"2012-05-16";"10J0";"0.65"
"2012-05-16";"E";"0.489"
"2012-05-16";"K";"0.772"
"2012-05-16";"P";"0.848"
"2012-05-16";"GK";"1.029"
"2012-05-16";"IKH";"1.781"
"2012-05-17";"2J";
"2012-05-17";"10J0";
"2012-05-17";"E";
"2012-05-17";"K";
"2012-05-17";"P";
"2012-05-17";"GK";
"2012-05-17";"IKH";
"2012-05-18";"2J";"-0.01"
"2012-05-18";"10J0";"0.626"
"2012-05-18";"E";"0.463"
"2012-05-18";"K";"0.744"
"2012-05-18";"P";"0.813"
"2012-05-18";"GK";"1.009"
"2012-05-18";"IKH";"1.815"
"2012-05-21";"2J";"-0.019"
"2012-05-21";"10J0";"0.662"
"2012-05-21";"E";"0.5"
"2012-05-21";"K";"0.776"
"2012-05-21";"P";"0.851"
"2012-05-21";"GK";"1.041"
"2012-05-21";"IKH";"1.839"
"2012-05-22";"2J";"-0.029"
"2012-05-22";"10J0";"0.699"
"2012-05-22";"E";"0.538"
"2012-05-22";"K";"0.805"
"2012-05-22";"P";"0.877"
"2012-05-22";"GK";"1.062"
"2012-05-22";"IKH";"1.797"
"2012-05-23";"2J";"-0.031"
"2012-05-23";"10J0";"0.678"
"2012-05-23";"E";"0.513"
"2012-05-23";"K";"0.779"
"2012-05-23";"P";"0.848"
"2012-05-23";"GK";"1.04"
"2012-05-23";"IKH";"1.786"
"2012-05-24";"2J";"-0.048"
"2012-05-24";"10J0";"0.65"
"2012-05-24";"E";"0.484"
"2012-05-24";"K";"0.744"
"2012-05-24";"P";"0.811"
"2012-05-24";"GK";"1.01"
"2012-05-24";"IKH";"1.818"
"2012-05-25";"2J";"-0.054"
"2012-05-25";"10J0";"0.672"
"2012-05-25";"E";"0.509"
"2012-05-25";"K";"0.766"
"2012-05-25";"P";"0.831"
"2012-05-25";"GK";"1.027"
"2012-05-25";"IKH";"1.774"
"2012-05-28";"2J";
"2012-05-28";"10J0";
"2012-05-28";"E";
"2012-05-28";"K";
"2012-05-28";"P";
"2012-05-28";"GK";
"2012-05-28";"IKH";
"2012-05-29";"2J";"-0.084"
"2012-05-29";"10J0";"0.672"
"2012-05-29";"E";"0.503"
"2012-05-29";"K";"0.765"
"2012-05-29";"P";"0.829"
"2012-05-29";"GK";"1.023"
"2012-05-29";"IKH";"1.822"
"2012-05-30";"2J";"-0.09"
"2012-05-30";"10J0";"0.632"
"2012-05-30";"E";"0.464"
"2012-05-30";"K";"0.729"
"2012-05-30";"P";"0.799"
"2012-05-30";"GK";"0.994"
"2012-05-30";"IKH";"1.739"
"2012-05-31";"2J";"-0.164"
"2012-05-31";"10J0";"0.61"
"2012-05-31";"E";"0.45"
"2012-05-31";"K";"0.726"
"2012-05-31";"P";"0.789"
"2012-05-31";"GK";"0.993"
"2012-05-31";"IKH";"1.737"
"2012-06-01";"2J";"-0.138"
"2012-06-01";"10J0";"0.538"
"2012-06-01";"E";"0.379"
"2012-06-01";"K";"0.682"
"2012-06-01";"P";"0.742"
"2012-06-01";"GK";"0.943"
"2012-06-01";"IKH";"1.676"
"2012-06-04";"2J";"-0.281"
"2012-06-04";"10J0";"0.537"
"2012-06-04";"E";"0.371"
"2012-06-04";"K";"0.68"
"2012-06-04";"P";"0.745"
"2012-06-04";"GK";"0.951"
"2012-06-04";"IKH";"1.684"
"2012-06-05";"2J";"-0.258"
"2012-06-05";"10J0";"0.573"
"2012-06-05";"E";"0.415"
"2012-06-05";"K";"0.711"
"2012-06-05";"P";"0.77"
"2012-06-05";"GK";"0.967"
"2012-06-05";"IKH";"1.759"
"2012-06-06";"2J";"-0.26"
"2012-06-06";"10J0";"0.605"
"2012-06-06";"E";"0.437"
"2012-06-06";"K";"0.748"
"2012-06-06";"P";"0.802"
"2012-06-06";"GK";"0.995"
"2012-06-06";"IKH";"1.765"
"2012-06-07";"2J";"-0.238"
"2012-06-07";"10J0";"0.662"
"2012-06-07";"E";"0.51"
"2012-06-07";"K";"0.782"
"2012-06-07";"P";"0.843"
"2012-06-07";"GK";"1.039"
"2012-06-07";"IKH";"1.776"
"2012-06-08";"2J";"-0.235"
"2012-06-08";"10J0";"0.622"
"2012-06-08";"E";"0.453"
"2012-06-08";"K";"0.747"
"2012-06-08";"P";"0.801"
"2012-06-08";"GK";"1.001"
"2012-06-08";"IKH";"1.74"
"2012-06-11";"2J";"-0.286"
"2012-06-11";"10J0";"0.654"
"2012-06-11";"E";"0.492"
"2012-06-11";"K";"0.766"
"2012-06-11";"P";"0.827"
"2012-06-11";"GK";"1.015"
"2012-06-11";"IKH";"1.746"
"2012-06-12";"2J";"-0.33"
"2012-06-12";"10J0";"0.582"
"2012-06-12";"E";"0.421"
"2012-06-12";"K";"0.703"
"2012-06-12";"P";"0.754"
"2012-06-12";"GK";"0.961"
"2012-06-12";"IKH";"1.687"
"2012-06-13";"2J";"-0.34"
"2012-06-13";"10J0";"0.584"
"2012-06-13";"E";"0.411"
"2012-06-13";"K";"0.713"
"2012-06-13";"P";"0.766"
"2012-06-13";"GK";"0.955"
"2012-06-13";"IKH";"1.77"
"2012-06-14";"2J";"-0.331"
"2012-06-14";"10J0";"0.596"
"2012-06-14";"E";"0.418"
"2012-06-14";"K";"0.717"
"2012-06-14";"P";"0.778"
"2012-06-14";"GK";"0.973"
"2012-06-14";"IKH";"1.775"
"2012-06-15";"2J";"-0.225"
"2012-06-15";"10J0";"0.523"
"2012-06-15";"E";"0.317"
"2012-06-15";"K";"0.711"
"2012-06-15";"P";"0.763"
"2012-06-15";"GK";"0.954"
"2012-06-15";"IKH";"1.771"
"2012-06-18";"2J";"-0.208"
"2012-06-18";"10J0";"0.567"
"2012-06-18";"E";"0.354"
"2012-06-18";"K";"0.754"
"2012-06-18";"P";"0.805"
"2012-06-18";"GK";"0.997"
"2012-06-18";"IKH";"1.829"
"2012-06-19";"2J";"-0.192"
"2012-06-19";"10J0";"0.498"
"2012-06-19";"E";"0.3"
"2012-06-19";"K";"0.7"
"2012-06-19";"P";"0.746"
"2012-06-19";"GK";"0.946"
"2012-06-19";"IKH";"1.761"
"2012-06-20";"2J";"-0.274"
"2012-06-20";"10J0";"0.615"
"2012-06-20";"E";"0.435"
"2012-06-20";"K";"0.757"
"2012-06-20";"P";"0.809"
"2012-06-20";"GK";"1.004"
"2012-06-20";"IKH";"1.785"
"2012-06-21";"2J";"-0.31"
"2012-06-21";"10J0";"0.632"
"2012-06-21";"E";"0.457"
"2012-06-21";"K";"0.754"
"2012-06-21";"P";"0.801"
"2012-06-21";"GK";"0.997"
"2012-06-21";"IKH";"1.826"
"2012-06-22";"2J";"-0.345"
"2012-06-22";"10J0";"0.58"
"2012-06-22";"E";"0.406"
"2012-06-22";"K";"0.707"
"2012-06-22";"P";"0.757"
"2012-06-22";"GK";"0.955"
"2012-06-22";"IKH";"1.784"
"2012-06-25";"2J";"-0.277"
"2012-06-25";"10J0";"0.587"
"2012-06-25";"E";"0.413"
"2012-06-25";"K";"0.723"
"2012-06-25";"P";"0.772"
"2012-06-25";"GK";"0.973"
"2012-06-25";"IKH";"1.744"
"2012-06-26";"2J";"-0.292"
"2012-06-26";"10J0";"0.619"
"2012-06-26";"E";"0.438"
"2012-06-26";"K";"0.762"
"2012-06-26";"P";"0.81"
"2012-06-26";"GK";"1.011"
"2012-06-26";"IKH";"1.768"
"2012-06-27";"2J";"-0.262"
"2012-06-27";"10J0";"0.657"
"2012-06-27";"E";"0.482"
"2012-06-27";"K";"0.797"
"2012-06-27";"P";"0.838"
"2012-06-27";"GK";"1.033"
"2012-06-27";"IKH";"1.79"
"2012-06-28";"2J";"-0.304"
"2012-06-28";"10J0";"0.658"
"2012-06-28";"E";"0.48"
"2012-06-28";"K";"0.794"
"2012-06-28";"P";"0.838"
"2012-06-28";"GK";"1.038"
"2012-06-28";"IKH";"1.793"
"2012-06-29";"2J";"-0.344"
"2012-06-29";"10J0";"0.678"
"2012-06-29";"E";"0.507"
"2012-06-29";"K";"0.797"
"2012-06-29";"P";"0.839"
"2012-06-29";"GK";"1.036"
"2012-06-29";"IKH";"1.848"
"2012-07-02";"2J";"-0.253"
"2012-07-02";"10J0";"0.676"
"2012-07-02";"E";"0.505"
"2012-07-02";"K";"0.821"
"2012-07-02";"P";"0.864"
"2012-07-02";"GK";"1.067"
"2012-07-02";"IKH";"1.869"
"2012-07-03";"2J";"-0.223"
"2012-07-03";"10J0";"0.649"
"2012-07-03";"E";"0.475"
"2012-07-03";"K";"0.787"
"2012-07-03";"P";"0.835"
"2012-07-03";"GK";"1.031"
"2012-07-03";"IKH";"1.817"
"2012-07-04";"2J";"-0.275"
"2012-07-04";"10J0";"0.675"
"2012-07-04";"E";"0.503"
"2012-07-04";"K";"0.804"
"2012-07-04";"P";"0.848"
"2012-07-04";"GK";"1.046"
"2012-07-04";"IKH";"1.844"
"2012-07-05";"2J";"-0.222"
"2012-07-05";"10J0";"0.649"
"2012-07-05";"E";"0.476"
"2012-07-05";"K";"0.776"
"2012-07-05";"P";"0.82"
"2012-07-05";"GK";"1.027"
"2012-07-05";"IKH";"1.808"
"2012-07-06";"2J";"-0.245"
"2012-07-06";"10J0";"0.595"
"2012-07-06";"E";"0.426"
"2012-07-06";"K";"0.722"
"2012-07-06";"P";"0.766"
"2012-07-06";"GK";"0.974"
"2012-07-06";"IKH";"1.777"
"2012-07-09";"2J";"-0.226"
"2012-07-09";"10J0";"0.59"
"2012-07-09";"E";"0.424"
"2012-07-09";"K";"0.701"
"2012-07-09";"P";"0.747"
"2012-07-09";"GK";"0.963"
"2012-07-09";"IKH";"1.754"
"2012-07-10";"2J";"-0.267"
"2012-07-10";"10J0";"0.586"
"2012-07-10";"E";"0.416"
"2012-07-10";"K";"0.701"
"2012-07-10";"P";"0.741"
"2012-07-10";"GK";"0.956"
"2012-07-10";"IKH";"1.742"
"2012-07-11";"2J";"-0.269"
"2012-07-11";"10J0";"0.597"
"2012-07-11";"E";"0.428"
"2012-07-11";"K";"0.706"
"2012-07-11";"P";"0.759"
"2012-07-11";"GK";"0.96"
"2012-07-11";"IKH";"1.763"
"2012-07-12";"2J";"-0.261"
"2012-07-12";"10J0";"0.579"
"2012-07-12";"E";"0.401"
"2012-07-12";"K";"0.712"
"2012-07-12";"P";"0.76"
"2012-07-12";"GK";"0.961"
"2012-07-12";"IKH";"1.764"
"2012-07-13";"2J";"-0.295"
"2012-07-13";"10J0";"0.564"
"2012-07-13";"E";"0.387"
"2012-07-13";"K";"0.678"
"2012-07-13";"P";"0.72"
"2012-07-13";"GK";"0.928"
"2012-07-13";"IKH";"1.732"
"2012-07-16";"2J";"-0.306"
"2012-07-16";"10J0";"0.579"
"2012-07-16";"E";"0.399"
"2012-07-16";"K";"0.697"
"2012-07-16";"P";"0.742"
"2012-07-16";"GK";"0.948"
"2012-07-16";"IKH";"1.741"
"2012-07-17";"2J";"-0.306"
"2012-07-17";"10J0";"0.603"
"2012-07-17";"E";"0.422"
"2012-07-17";"K";"0.717"
"2012-07-17";"P";"0.779"
"2012-07-17";"GK";"0.965"
"2012-07-17";"IKH";"1.766"
"2012-07-18";"2J";"-0.235"
"2012-07-18";"10J0";"0.579"
"2012-07-18";"E";"0.388"
"2012-07-18";"K";"0.728"
"2012-07-18";"P";"0.788"
"2012-07-18";"GK";"0.98"
"2012-07-18";"IKH";"1.776"
"2012-07-19";"2J";"-0.274"
"2012-07-19";"10J0";"0.584"
"2012-07-19";"E";"0.402"
"2012-07-19";"K";"0.724"
"2012-07-19";"P";"0.778"
"2012-07-19";"GK";"0.969"
"2012-07-19";"IKH";"1.758"
"2012-07-20";"2J";"-0.265"
"2012-07-20";"10J0";"0.582"
"2012-07-20";"E";"0.395"
"2012-07-20";"K";"0.724"
"2012-07-20";"P";"0.774"
"2012-07-20";"GK";"0.971"
"2012-07-20";"IKH";"1.763"
"2012-07-23";"2J";"-0.302"
"2012-07-23";"10J0";"0.538"
"2012-07-23";"E";"0.357"
"2012-07-23";"K";"0.678"
"2012-07-23";"P";"0.725"
"2012-07-23";"GK";"0.925"
"2012-07-23";"IKH";"1.722"
"2012-07-24";"2J";"-0.319"
"2012-07-24";"10J0";"0.595"
"2012-07-24";"E";"0.41"
"2012-07-24";"K";"0.744"
"2012-07-24";"P";"0.791"
"2012-07-24";"GK";"0.982"
"2012-07-24";"IKH";"1.768"
"2012-07-25";"2J";"-0.338"
"2012-07-25";"10J0";"0.595"
"2012-07-25";"E";"0.418"
"2012-07-25";"K";"0.737"
"2012-07-25";"P";"0.787"
"2012-07-25";"GK";"0.979"
"2012-07-25";"IKH";"1.765"
"2012-07-26";"2J";"-0.257"
"2012-07-26";"10J0";"0.575"
"2012-07-26";"E";"0.394"
"2012-07-26";"K";"0.728"
"2012-07-26";"P";"0.775"
"2012-07-26";"GK";"0.973"
"2012-07-26";"IKH";"1.764"
"2012-07-27";"2J";"-0.303"
"2012-07-27";"10J0";"0.596"
"2012-07-27";"E";"0.417"
"2012-07-27";"K";"0.747"
"2012-07-27";"P";"0.792"
"2012-07-27";"GK";"0.991"
"2012-07-27";"IKH";"1.734"
"2012-07-30";"2J";"-0.325"
"2012-07-30";"10J0";"0.589"
"2012-07-30";"E";"0.411"
"2012-07-30";"K";"0.741"
"2012-07-30";"P";"0.793"
"2012-07-30";"GK";"0.99"
"2012-07-30";"IKH";"1.766"
"2012-07-31";"2J";"-0.315"
"2012-07-31";"10J0";"0.561"
"2012-07-31";"E";"0.384"
"2012-07-31";"K";"0.715"
"2012-07-31";"P";"0.761"
"2012-07-31";"GK";"0.958"
"2012-07-31";"IKH";"1.724"
"2012-08-01";"2J";
"2012-08-01";"10J0";
"2012-08-01";"E";
"2012-08-01";"K";
"2012-08-01";"P";
"2012-08-01";"GK";
"2012-08-01";"IKH";
"2012-08-02";"2J";"-0.328"
"2012-08-02";"10J0";"0.542"
"2012-08-02";"E";"0.365"
"2012-08-02";"K";"0.698"
"2012-08-02";"P";"0.743"
"2012-08-02";"GK";"0.948"
"2012-08-02";"IKH";"1.699"
"2012-08-03";"2J";"-0.346"
"2012-08-03";"10J0";"0.535"
"2012-08-03";"E";"0.366"
"2012-08-03";"K";"0.687"
"2012-08-03";"P";"0.73"
"2012-08-03";"GK";"0.935"
"2012-08-03";"IKH";"1.677"
"2012-08-06";"2J";"-0.294"
"2012-08-06";"10J0";"0.564"
"2012-08-06";"E";"0.388"
"2012-08-06";"K";"0.72"
"2012-08-06";"P";"0.771"
"2012-08-06";"GK";"0.963"
"2012-08-06";"IKH";"1.71"
"2012-08-07";"2J";"-0.293"
"2012-08-07";"10J0";"0.6"
"2012-08-07";"E";"0.431"
"2012-08-07";"K";"0.73"
"2012-08-07";"P";"0.776"
"2012-08-07";"GK";"0.968"
"2012-08-07";"IKH";"1.702"
"2012-08-08";"2J";"-0.251"
"2012-08-08";"10J0";"0.627"
"2012-08-08";"E";"0.454"
"2012-08-08";"K";"0.745"
"2012-08-08";"P";"0.789"
"2012-08-08";"GK";"0.985"
"2012-08-08";"IKH";"1.708"
"2012-08-09";"2J";"-0.284"
"2012-08-09";"10J0";"0.647"
"2012-08-09";"E";"0.47"
"2012-08-09";"K";"0.745"
"2012-08-09";"P";"0.787"
"2012-08-09";"GK";"0.973"
"2012-08-09";"IKH";"1.701"
"2012-08-10";"2J";"-0.274"
"2012-08-10";"10J0";"0.636"
"2012-08-10";"E";"0.461"
"2012-08-10";"K";"0.739"
"2012-08-10";"P";"0.783"
"2012-08-10";"GK";"0.963"
"2012-08-10";"IKH";"1.692"
"2012-08-13";"2J";"-0.272"
"2012-08-13";"10J0";"0.615"
"2012-08-13";"E";"0.435"
"2012-08-13";"K";"0.723"
"2012-08-13";"P";"0.765"
"2012-08-13";"GK";"0.958"
"2012-08-13";"IKH";"1.675"
"2012-08-14";"2J";"-0.276"
"2012-08-14";"10J0";"0.628"
"2012-08-14";"E";"0.449"
"2012-08-14";"K";"0.727"
"2012-08-14";"P";"0.766"
"2012-08-14";"GK";"0.949"
"2012-08-14";"IKH";"1.674"
"2012-08-15";"2J";"-0.248"
"2012-08-15";"10J0";"0.652"
"2012-08-15";"E";"0.474"
"2012-08-15";"K";"0.758"
"2012-08-15";"P";"0.798"
"2012-08-15";"GK";"0.991"
"2012-08-15";"IKH";"1.659"
"2012-08-16";"2J";"-0.22"
"2012-08-16";"10J0";"0.632"
"2012-08-16";"E";"0.457"
"2012-08-16";"K";"0.746"
"2012-08-16";"P";"0.793"
"2012-08-16";"GK";"0.978"
"2012-08-16";"IKH";"1.653"
"2012-08-17";"2J";"-0.201"
"2012-08-17";"10J0";"0.631"
"2012-08-17";"E";"0.457"
"2012-08-17";"K";"0.744"
"2012-08-17";"P";"0.79"
"2012-08-17";"GK";"0.972"
"2012-08-17";"IKH";"1.571"
"2012-08-20";"2J";"-0.21"
"2012-08-20";"10J0";"0.634"
"2012-08-20";"E";"0.457"
"2012-08-20";"K";"0.752"
"2012-08-20";"P";"0.806"
"2012-08-20";"GK";"0.981"
"2012-08-20";"IKH";"1.645"
"2012-08-21";"2J";"-0.206"
"2012-08-21";"10J0";"0.625"
"2012-08-21";"E";"0.449"
"2012-08-21";"K";"0.746"
"2012-08-21";"P";"0.788"
"2012-08-21";"GK";"0.964"
"2012-08-21";"IKH";"1.616"
"2012-08-22";"2J";"-0.216"
"2012-08-22";"10J0";"0.622"
"2012-08-22";"E";"0.444"
"2012-08-22";"K";"0.746"
"2012-08-22";"P";"0.797"
"2012-08-22";"GK";"0.968"
"2012-08-22";"IKH";"1.594"
"2012-08-23";"2J";"-0.24"
"2012-08-23";"10J0";"0.61"
"2012-08-23";"E";"0.431"
"2012-08-23";"K";"0.719"
"2012-08-23";"P";"0.772"
"2012-08-23";"GK";"0.938"
"2012-08-23";"IKH";"1.577"
"2012-08-24";"2J";"-0.253"
"2012-08-24";"10J0";"0.587"
"2012-08-24";"E";"0.408"
"2012-08-24";"K";"0.704"
"2012-08-24";"P";"0.753"
"2012-08-24";"GK";"0.921"
"2012-08-24";"IKH";"1.56"
"2012-08-27";"2J";"-0.362"
"2012-08-27";"10J0";"0.609"
"2012-08-27";"E";"0.438"
"2012-08-27";"K";"0.718"
"2012-08-27";"P";"0.763"
"2012-08-27";"GK";"0.939"
"2012-08-27";"IKH";"1.571"
"2012-08-28";"2J";"-0.304"
"2012-08-28";"10J0";"0.595"
"2012-08-28";"E";"0.417"
"2012-08-28";"K";"0.72"
"2012-08-28";"P";"0.768"
"2012-08-28";"GK";"0.938"
"2012-08-28";"IKH";"1.573"
"2012-08-29";"2J";"-0.323"
"2012-08-29";"10J0";"0.572"
"2012-08-29";"E";"0.389"
"2012-08-29";"K";"0.697"
"2012-08-29";"P";"0.743"
"2012-08-29";"GK";"0.912"
"2012-08-29";"IKH";"1.502"
"2012-08-30";"2J";"-0.333"
"2012-08-30";"10J0";"0.581"
"2012-08-30";"E";"0.403"
"2012-08-30";"K";"0.692"
"2012-08-30";"P";"0.741"
"2012-08-30";"GK";"0.913"
"2012-08-30";"IKH";"1.55"
"2012-08-31";"2J";"-0.327"
"2012-08-31";"10J0";"0.569"
"2012-08-31";"E";"0.387"
"2012-08-31";"K";"0.696"
"2012-08-31";"P";"0.747"
"2012-08-31";"GK";"0.904"
"2012-08-31";"IKH";"1.551"
"2012-09-03";"2J";"-0.328"
"2012-09-03";"10J0";"0.578"
"2012-09-03";"E";"0.402"
"2012-09-03";"K";"0.696"
"2012-09-03";"P";"0.746"
"2012-09-03";"GK";"0.912"
"2012-09-03";"IKH";"1.553"
"2012-09-04";"2J";"-0.308"
"2012-09-04";"10J0";"0.593"
"2012-09-04";"E";"0.409"
"2012-09-04";"K";"0.714"
"2012-09-04";"P";"0.767"
"2012-09-04";"GK";"0.926"
"2012-09-04";"IKH";"1.57"
"2012-09-05";"2J";"-0.317"
"2012-09-05";"10J0";"0.563"
"2012-09-05";"E";"0.381"
"2012-09-05";"K";"0.684"
"2012-09-05";"P";"0.733"
"2012-09-05";"GK";"0.895"
"2012-09-05";"IKH";"1.487"
"2012-09-06";"2J";"-0.244"
"2012-09-06";"10J0";"0.604"
"2012-09-06";"E";"0.422"
"2012-09-06";"K";"0.716"
"2012-09-06";"P";"0.77"
"2012-09-06";"GK";"0.932"
"2012-09-06";"IKH";"1.586"
"2012-09-07";"2J";"-0.153"
"2012-09-07";"10J0";"0.624"
"2012-09-07";"E";"0.445"
"2012-09-07";"K";"0.738"
"2012-09-07";"P";"0.782"
"2012-09-07";"GK";"0.945"
"2012-09-07";"IKH";"1.604"
"2012-09-10";"2J";"-0.146"
"2012-09-10";"10J0";"0.651"
"2012-09-10";"E";"0.474"
"2012-09-10";"K";"0.758"
"2012-09-10";"P";"0.815"
"2012-09-10";"GK";"0.977"
"2012-09-10";"IKH";"1.624"
"2012-09-11";"2J";"-0.105"
"2012-09-11";"10J0";"0.646"
"2012-09-11";"E";"0.467"
"2012-09-11";"K";"0.742"
"2012-09-11";"P";"0.794"
"2012-09-11";"GK";"0.962"
"2012-09-11";"IKH";"1.609"
"2012-09-12";"2J";"-0.099"
"2012-09-12";"10J0";"0.67"
"2012-09-12";"E";"0.489"
"2012-09-12";"K";"0.76"
"2012-09-12";"P";"0.814"
"2012-09-12";"GK";"0.974"
"2012-09-12";"IKH";"1.636"
"2012-09-13";"2J";"-0.136"
"2012-09-13";"10J0";"0.645"
"2012-09-13";"E";"0.474"
"2012-09-13";"K";"0.727"
"2012-09-13";"P";"0.777"
"2012-09-13";"GK";"0.937"
"2012-09-13";"IKH";"1.608"
"2012-09-14";"2J";"-0.101"
"2012-09-14";"10J0";"0.654"
"2012-09-14";"E";"0.477"
"2012-09-14";"K";"0.733"
"2012-09-14";"P";"0.786"
"2012-09-14";"GK";"0.952"
"2012-09-14";"IKH";"1.619"
"2012-09-17";"2J";"-0.123"
"2012-09-17";"10J0";"0.681"
"2012-09-17";"E";"0.501"
"2012-09-17";"K";"0.763"
"2012-09-17";"P";"0.82"
"2012-09-17";"GK";"0.989"
"2012-09-17";"IKH";"1.648"
"2012-09-18";"2J";"-0.116"
"2012-09-18";"10J0";"0.661"
"2012-09-18";"E";"0.485"
"2012-09-18";"K";"0.726"
"2012-09-18";"P";"0.78"
"2012-09-18";"GK";"0.952"
"2012-09-18";"IKH";"1.617"
"2012-09-19";"2J";"-0.054"
"2012-09-19";"10J0";"0.663"
"2012-09-19";"E";"0.492"
"2012-09-19";"K";"0.725"
"2012-09-19";"P";"0.782"
"2012-09-19";"GK";"0.954"
"2012-09-19";"IKH";"1.612"
"2012-09-20";"2J";"-0.083"
"2012-09-20";"10J0";"0.647"
"2012-09-20";"E";"0.472"
"2012-09-20";"K";"0.709"
"2012-09-20";"P";"0.766"
"2012-09-20";"GK";"0.92"
"2012-09-20";"IKH";"1.604"
"2012-09-21";"2J";"-0.1"
"2012-09-21";"10J0";"0.653"
"2012-09-21";"E";"0.477"
"2012-09-21";"K";"0.701"
"2012-09-21";"P";"0.766"
"2012-09-21";"GK";"0.922"
"2012-09-21";"IKH";"1.6"
"2012-09-24";"2J";"-0.115"
"2012-09-24";"10J0";"0.645"
"2012-09-24";"E";"0.467"
"2012-09-24";"K";"0.695"
"2012-09-24";"P";"0.76"
"2012-09-24";"GK";"0.926"
"2012-09-24";"IKH";"1.602"
"2012-09-25";"2J";"-0.122"
"2012-09-25";"10J0";"0.633"
"2012-09-25";"E";"0.456"
"2012-09-25";"K";"0.688"
"2012-09-25";"P";"0.75"
"2012-09-25";"GK";"0.916"
"2012-09-25";"IKH";"1.586"
"2012-09-26";"2J";"-0.098"
"2012-09-26";"10J0";"0.627"
"2012-09-26";"E";"0.449"
"2012-09-26";"K";"0.706"
"2012-09-26";"P";"0.759"
"2012-09-26";"GK";"0.925"
"2012-09-26";"IKH";"1.603"
"2012-09-27";"2J";"-0.077"
"2012-09-27";"10J0";"0.623"
"2012-09-27";"E";"0.447"
"2012-09-27";"K";"0.705"
"2012-09-27";"P";"0.759"
"2012-09-27";"GK";"0.921"
"2012-09-27";"IKH";"1.595"
"2012-09-28";"2J";"-0.095"
"2012-09-28";"10J0";"0.599"
"2012-09-28";"E";"0.421"
"2012-09-28";"K";"0.698"
"2012-09-28";"P";"0.748"
"2012-09-28";"GK";"0.905"
"2012-09-28";"IKH";"1.597"
"2012-10-01";"2J";"-0.114"
"2012-10-01";"10J0";"0.593"
"2012-10-01";"E";"0.419"
"2012-10-01";"K";"0.698"
"2012-10-01";"P";"0.744"
"2012-10-01";"GK";"0.909"
"2012-10-01";"IKH";"1.585"
"2012-10-02";"2J";"-0.097"
"2012-10-02";"10J0";"0.592"
"2012-10-02";"E";"0.416"
"2012-10-02";"K";"0.702"
"2012-10-02";"P";"0.751"
"2012-10-02";"GK";"0.92"
"2012-10-02";"IKH";"1.59"
"2012-10-03";"2J";"-0.101"
"2012-10-03";"10J0";"0.587"
"2012-10-03";"E";"0.411"
"2012-10-03";"K";"0.702"
"2012-10-03";"P";"0.751"
"2012-10-03";"GK";"0.911"
"2012-10-03";"IKH";"1.588"
"2012-10-04";"2J";"-0.113"
"2012-10-04";"10J0";"0.569"
"2012-10-04";"E";"0.39"
"2012-10-04";"K";"0.681"
"2012-10-04";"P";"0.726"
"2012-10-04";"GK";"0.896"
"2012-10-04";"IKH";"1.496"
"2012-10-05";"2J";"-0.127"
"2012-10-05";"10J0";"0.582"
"2012-10-05";"E";"0.401"
"2012-10-05";"K";"0.686"
"2012-10-05";"P";"0.732"
"2012-10-05";"GK";"0.899"
"2012-10-05";"IKH";"1.501"
"2012-10-08";"2J";"-0.059"
"2012-10-08";"10J0";"0.594"
"2012-10-08";"E";"0.41"
"2012-10-08";"K";"0.691"
"2012-10-08";"P";"0.744"
"2012-10-08";"GK";"0.912"
"2012-10-08";"IKH";"1.508"
"2012-10-09";"2J";"-0.051"
"2012-10-09";"10J0";"0.578"
"2012-10-09";"E";"0.389"
"2012-10-09";"K";"0.686"
"2012-10-09";"P";"0.738"
"2012-10-09";"GK";"0.906"
"2012-10-09";"IKH";"1.503"
"2012-10-10";"2J";"-0.052"
"2012-10-10";"10J0";"0.577"
"2012-10-10";"E";"0.386"
"2012-10-10";"K";"0.687"
"2012-10-10";"P";"0.734"
"2012-10-10";"GK";"0.902"
"2012-10-10";"IKH";"1.489"
"2012-10-11";"2J";"-0.062"
"2012-10-11";"10J0";"0.56"
"2012-10-11";"E";"0.368"
"2012-10-11";"K";"0.66"
"2012-10-11";"P";"0.714"
"2012-10-11";"GK";"0.886"
"2012-10-11";"IKH";"1.472"
"2012-10-12";"2J";"-0.046"
"2012-10-12";"10J0";"0.573"
"2012-10-12";"E";"0.381"
"2012-10-12";"K";"0.674"
"2012-10-12";"P";"0.726"
"2012-10-12";"GK";"0.897"
"2012-10-12";"IKH";"1.474"
"2012-10-15";"2J";"-0.077"
"2012-10-15";"10J0";"0.562"
"2012-10-15";"E";"0.368"
"2012-10-15";"K";"0.661"
"2012-10-15";"P";"0.711"
"2012-10-15";"GK";"0.883"
"2012-10-15";"IKH";"1.47"
"2012-10-16";"2J";"-0.09"
"2012-10-16";"10J0";"0.577"
"2012-10-16";"E";"0.383"
"2012-10-16";"K";"0.662"
"2012-10-16";"P";"0.715"
"2012-10-16";"GK";"0.882"
"2012-10-16";"IKH";"1.526"
"2012-10-17";"2J";"-0.079"
"2012-10-17";"10J0";"0.594"
"2012-10-17";"E";"0.403"
"2012-10-17";"K";"0.694"
"2012-10-17";"P";"0.745"
"2012-10-17";"GK";"0.905"
"2012-10-17";"IKH";"1.54"
"2012-10-18";"2J";"-0.058"
"2012-10-18";"10J0";"0.618"
"2012-10-18";"E";"0.423"
"2012-10-18";"K";"0.719"
"2012-10-18";"P";"0.758"
"2012-10-18";"GK";"0.912"
"2012-10-18";"IKH";"1.544"
"2012-10-19";"2J";"-0.066"
"2012-10-19";"10J0";"0.613"
"2012-10-19";"E";"0.419"
"2012-10-19";"K";"0.712"
"2012-10-19";"P";"0.751"
"2012-10-19";"GK";"0.912"
"2012-10-19";"IKH";"1.549"
"2012-10-22";"2J";"-0.083"
"2012-10-22";"10J0";"0.597"
"2012-10-22";"E";"0.402"
"2012-10-22";"K";"0.694"
"2012-10-22";"P";"0.735"
"2012-10-22";"GK";"0.894"
"2012-10-22";"IKH";"1.531"
"2012-10-23";"2J";"-0.086"
"2012-10-23";"10J0";"0.587"
"2012-10-23";"E";"0.39"
"2012-10-23";"K";"0.677"
"2012-10-23";"P";"0.723"
"2012-10-23";"GK";"0.884"
"2012-10-23";"IKH";"1.504"
"2012-10-24";"2J";"-0.089"
"2012-10-24";"10J0";"0.567"
"2012-10-24";"E";"0.374"
"2012-10-24";"K";"0.67"
"2012-10-24";"P";"0.708"
"2012-10-24";"GK";"0.876"
"2012-10-24";"IKH";"1.505"
"2012-10-25";"2J";"-0.078"
"2012-10-25";"10J0";"0.589"
"2012-10-25";"E";"0.403"
"2012-10-25";"K";"0.694"
"2012-10-25";"P";"0.739"
"2012-10-25";"GK";"0.898"
"2012-10-25";"IKH";"1.516"
"2012-10-26";"2J";"-0.083"
"2012-10-26";"10J0";"0.573"
"2012-10-26";"E";"0.386"
"2012-10-26";"K";"0.686"
"2012-10-26";"P";"0.727"
"2012-10-26";"GK";"0.879"
"2012-10-26";"IKH";"1.519"
"2012-10-29";"2J";"-0.077"
"2012-10-29";"10J0";"0.57"
"2012-10-29";"E";"0.385"
"2012-10-29";"K";"0.681"
"2012-10-29";"P";"0.72"
"2012-10-29";"GK";"0.877"
"2012-10-29";"IKH";"1.522"
"2012-10-30";"2J";"-0.081"
"2012-10-30";"10J0";"0.578"
"2012-10-30";"E";"0.395"
"2012-10-30";"K";"0.692"
"2012-10-30";"P";"0.732"
"2012-10-30";"GK";"0.887"
"2012-10-30";"IKH";"1.626"
"2012-10-31";"2J";"-0.063"
"2012-10-31";"10J0";"0.597"
"2012-10-31";"E";"0.412"
"2012-10-31";"K";"0.717"
"2012-10-31";"P";"0.759"
"2012-10-31";"GK";"0.914"
"2012-10-31";"IKH";"1.543"
"2012-11-01";"2J";"-0.074"
"2012-11-01";"10J0";"0.57"
"2012-11-01";"E";"0.388"
"2012-11-01";"K";"0.702"
"2012-11-01";"P";"0.745"
"2012-11-01";"GK";"0.905"
"2012-11-01";"IKH";"1.523"
"2012-11-02";"2J";"-0.07"
"2012-11-02";"10J0";"0.564"
"2012-11-02";"E";"0.377"
"2012-11-02";"K";"0.687"
"2012-11-02";"P";"0.734"
"2012-11-02";"GK";"0.884"
"2012-11-02";"IKH";"1.512"
"2012-11-05";"2J";"-0.037"
"2012-11-05";"10J0";"0.559"
"2012-11-05";"E";"0.371"
"2012-11-05";"K";"0.683"
"2012-11-05";"P";"0.735"
"2012-11-05";"GK";"0.885"
"2012-11-05";"IKH";"1.505"
"2012-11-06";"2J";"-0.098"
"2012-11-06";"10J0";"0.567"
"2012-11-06";"E";"0.382"
"2012-11-06";"K";"0.687"
"2012-11-06";"P";"0.732"
"2012-11-06";"GK";"0.889"
"2012-11-06";"IKH";"1.508"
"2012-11-07";"2J";"-0.09"
"2012-11-07";"10J0";"0.564"
"2012-11-07";"E";"0.376"
"2012-11-07";"K";"0.692"
"2012-11-07";"P";"0.739"
"2012-11-07";"GK";"0.869"
"2012-11-07";"IKH";"1.505"
"2012-11-08";"2J";"-0.092"
"2012-11-08";"10J0";"0.539"
"2012-11-08";"E";"0.356"
"2012-11-08";"K";"0.671"
"2012-11-08";"P";"0.714"
"2012-11-08";"GK";"0.881"
"2012-11-08";"IKH";"1.488"
"2012-11-09";"2J";"-0.097"
"2012-11-09";"10J0";"0.52"
"2012-11-09";"E";"0.339"
"2012-11-09";"K";"0.65"
"2012-11-09";"P";"0.695"
"2012-11-09";"GK";"0.86"
"2012-11-09";"IKH";"1.471"
"2012-11-12";"2J";"-0.106"
"2012-11-12";"10J0";"0.52"
"2012-11-12";"E";"0.337"
"2012-11-12";"K";"0.645"
"2012-11-12";"P";"0.69"
"2012-11-12";"GK";"0.856"
"2012-11-12";"IKH";"1.488"
"2012-11-13";"2J";"-0.108"
"2012-11-13";"10J0";"0.506"
"2012-11-13";"E";"0.323"
"2012-11-13";"K";"0.639"
"2012-11-13";"P";"0.684"
"2012-11-13";"GK";"0.845"
"2012-11-13";"IKH";"1.48"
"2012-11-14";"2J";"-0.101"
"2012-11-14";"10J0";"0.516"
"2012-11-14";"E";"0.328"
"2012-11-14";"K";"0.65"
"2012-11-14";"P";"0.697"
"2012-11-14";"GK";"0.86"
"2012-11-14";"IKH";"1.49"
"2012-11-15";"2J";"-0.104"
"2012-11-15";"10J0";"0.504"
"2012-11-15";"E";"0.32"
"2012-11-15";"K";"0.647"
"2012-11-15";"P";"0.691"
"2012-11-15";"GK";"0.852"
"2012-11-15";"IKH";"1.497"
"2012-11-16";"2J";"-0.107"
"2012-11-16";"10J0";"0.52"
"2012-11-16";"E";"0.335"
"2012-11-16";"K";"0.673"
"2012-11-16";"P";"0.712"
"2012-11-16";"GK";"0.874"
"2012-11-16";"IKH";"1.513"
"2012-11-19";"2J";"-0.1"
"2012-11-19";"10J0";"0.528"
"2012-11-19";"E";"0.342"
"2012-11-19";"K";"0.678"
"2012-11-19";"P";"0.722"
"2012-11-19";"GK";"0.88"
"2012-11-19";"IKH";"1.523"
"2012-11-20";"2J";"-0.129"
"2012-11-20";"10J0";"0.529"
"2012-11-20";"E";"0.345"
"2012-11-20";"K";"0.674"
"2012-11-20";"P";"0.717"
"2012-11-20";"GK";"0.875"
"2012-11-20";"IKH";"1.517"
"2012-11-21";"2J";"-0.103"
"2012-11-21";"10J0";"0.573"
"2012-11-21";"E";"0.387"
"2012-11-21";"K";"0.72"
"2012-11-21";"P";"0.763"
"2012-11-21";"GK";"0.927"
"2012-11-21";"IKH";"1.552"
"2012-11-22";"2J";"-0.082"
"2012-11-22";"10J0";"0.575"
"2012-11-22";"E";"0.384"
"2012-11-22";"K";"0.728"
"2012-11-22";"P";"0.773"
"2012-11-22";"GK";"0.919"
"2012-11-22";"IKH";"1.615"
"2012-11-23";"2J";"-0.094"
"2012-11-23";"10J0";"0.569"
"2012-11-23";"E";"0.383"
"2012-11-23";"K";"0.718"
"2012-11-23";"P";"0.758"
"2012-11-23";"GK";"0.915"
"2012-11-23";"IKH";"1.604"
"2012-11-26";"2J";"-0.083"
"2012-11-26";"10J0";"0.561"
"2012-11-26";"E";"0.374"
"2012-11-26";"K";"0.718"
"2012-11-26";"P";"0.758"
"2012-11-26";"GK";"0.915"
"2012-11-26";"IKH";"1.684"
"2012-11-27";"2J";"-0.093"
"2012-11-27";"10J0";"0.559"
"2012-11-27";"E";"0.374"
"2012-11-27";"K";"0.708"
"2012-11-27";"P";"0.753"
"2012-11-27";"GK";"0.909"
"2012-11-27";"IKH";"1.588"
"2012-11-28";"2J";"-0.104"
"2012-11-28";"10J0";"0.558"
"2012-11-28";"E";"0.372"
"2012-11-28";"K";"0.704"
"2012-11-28";"P";"0.753"
"2012-11-28";"GK";"0.91"
"2012-11-28";"IKH";"1.584"
"2012-11-29";"2J";"-0.096"
"2012-11-29";"10J0";"0.544"
"2012-11-29";"E";"0.36"
"2012-11-29";"K";"0.702"
"2012-11-29";"P";"0.748"
"2012-11-29";"GK";"0.901"
"2012-11-29";"IKH";"1.564"
"2012-11-30";"2J";"-0.1"
"2012-11-30";"10J0";"0.53"
"2012-11-30";"E";"0.347"
"2012-11-30";"K";"0.69"
"2012-11-30";"P";"0.731"
"2012-11-30";"GK";"0.889"
"2012-11-30";"IKH";"1.554"
"2012-12-03";"2J";"-0.106"
"2012-12-03";"10J0";"0.52"
"2012-12-03";"E";"0.338"
"2012-12-03";"K";"0.681"
"2012-12-03";"P";"0.727"
"2012-12-03";"GK";"0.884"
"2012-12-03";"IKH";"1.534"
"2012-12-04";"2J";"-0.136"
"2012-12-04";"10J0";"0.535"
"2012-12-04";"E";"0.35"
"2012-12-04";"K";"0.669"
"2012-12-04";"P";"0.714"
"2012-12-04";"GK";"0.87"
"2012-12-04";"IKH";"1.531"
"2012-12-05";"2J";"-0.153"
"2012-12-05";"10J0";"0.52"
"2012-12-05";"E";"0.335"
"2012-12-05";"K";"0.667"
"2012-12-05";"P";"0.705"
"2012-12-05";"GK";"0.866"
"2012-12-05";"IKH";"1.521"
"2012-12-06";"2J";"-0.142"
"2012-12-06";"10J0";"0.504"
"2012-12-06";"E";"0.322"
"2012-12-06";"K";"0.658"
"2012-12-06";"P";"0.699"
"2012-12-06";"GK";"0.863"
"2012-12-06";"IKH";"1.518"
"2012-12-07";"2J";"-0.165"
"2012-12-07";"10J0";"0.48"
"2012-12-07";"E";"0.3"
"2012-12-07";"K";"0.63"
"2012-12-07";"P";"0.682"
"2012-12-07";"GK";"0.835"
"2012-12-07";"IKH";"1.487"
"2012-12-10";"2J";"-0.164"
"2012-12-10";"10J0";"0.452"
"2012-12-10";"E";"0.276"
"2012-12-10";"K";"0.611"
"2012-12-10";"P";"0.66"
"2012-12-10";"GK";"0.824"
"2012-12-10";"IKH";"1.481"
"2012-12-11";"2J";"-0.173"
"2012-12-11";"10J0";"0.459"
"2012-12-11";"E";"0.281"
"2012-12-11";"K";"0.606"
"2012-12-11";"P";"0.655"
"2012-12-11";"GK";"0.821"
"2012-12-11";"IKH";"1.477"
"2012-12-12";"2J";"-0.14"
"2012-12-12";"10J0";"0.498"
"2012-12-12";"E";"0.315"
"2012-12-12";"K";"0.646"
"2012-12-12";"P";"0.692"
"2012-12-12";"GK";"0.853"
"2012-12-12";"IKH";"1.517"
"2012-12-13";"2J";"-0.138"
"2012-12-13";"10J0";"0.495"
"2012-12-13";"E";"0.311"
"2012-12-13";"K";"0.655"
"2012-12-13";"P";"0.694"
"2012-12-13";"GK";"0.864"
"2012-12-13";"IKH";"1.529"
"2012-12-14";"2J";"-0.116"
"2012-12-14";"10J0";"0.526"
"2012-12-14";"E";"0.335"
"2012-12-14";"K";"0.668"
"2012-12-14";"P";"0.712"
"2012-12-14";"GK";"0.886"
"2012-12-14";"IKH";"1.53"
"2012-12-17";"2J";"-0.129"
"2012-12-17";"10J0";"0.559"
"2012-12-17";"E";"0.37"
"2012-12-17";"K";"0.695"
"2012-12-17";"P";"0.744"
"2012-12-17";"GK";"0.906"
"2012-12-17";"IKH";"1.569"
"2012-12-18";"2J";"-0.135"
"2012-12-18";"10J0";"0.553"
"2012-12-18";"E";"0.366"
"2012-12-18";"K";"0.692"
"2012-12-18";"P";"0.743"
"2012-12-18";"GK";"0.911"
"2012-12-18";"IKH";"1.566"
"2012-12-19";"2J";"-0.121"
"2012-12-19";"10J0";"0.569"
"2012-12-19";"E";"0.383"
"2012-12-19";"K";"0.712"
"2012-12-19";"P";"0.763"
"2012-12-19";"GK";"0.924"
"2012-12-19";"IKH";"1.59"
"2012-12-20";"2J";"-0.124"
"2012-12-20";"10J0";"0.575"
"2012-12-20";"E";"0.387"
"2012-12-20";"K";"0.716"
"2012-12-20";"P";"0.767"
"2012-12-20";"GK";"0.928"
"2012-12-20";"IKH";"1.594"
"2012-12-21";"2J";"-0.117"
"2012-12-21";"10J0";"0.587"
"2012-12-21";"E";"0.4"
"2012-12-21";"K";"0.73"
"2012-12-21";"P";"0.778"
"2012-12-21";"GK";"0.93"
"2012-12-21";"IKH";"1.592"
"2012-12-24";"2J";
"2012-12-24";"10J0";
"2012-12-24";"E";
"2012-12-24";"K";
"2012-12-24";"P";
"2012-12-24";"GK";
"2012-12-24";"IKH";
"2012-12-25";"2J";
"2012-12-25";"10J0";
"2012-12-25";"E";
"2012-12-25";"K";
"2012-12-25";"P";
"2012-12-25";"GK";
"2012-12-25";"IKH";
"2012-12-26";"2J";
"2012-12-26";"10J0";
"2012-12-26";"E";
"2012-12-26";"K";
"2012-12-26";"P";
"2012-12-26";"GK";
"2012-12-26";"IKH";
"2012-12-27";"2J";"-0.109"
"2012-12-27";"10J0";"0.578"
"2012-12-27";"E";"0.393"
"2012-12-27";"K";"0.725"
"2012-12-27";"P";"0.772"
"2012-12-27";"GK";"0.924"
"2012-12-27";"IKH";"1.589"
"2012-12-28";"2J";"-0.116"
"2012-12-28";"10J0";"0.557"
"2012-12-28";"E";"0.372"
"2012-12-28";"K";"0.717"
"2012-12-28";"P";"0.759"
"2012-12-28";"GK";"0.914"
"2012-12-28";"IKH";"1.576"
"2012-12-31";"2J";
"2012-12-31";"10J0";
"2012-12-31";"E";
"2012-12-31";"K";
"2012-12-31";"P";
"2012-12-31";"GK";
"2012-12-31";"IKH";
"2013-01-01";"2J";
"2013-01-01";"10J0";
"2013-01-01";"E";
"2013-01-01";"K";
"2013-01-01";"P";
"2013-01-01";"GK";
"2013-01-01";"IKH";
"2013-01-02";"2J";
"2013-01-02";"10J0";
"2013-01-02";"E";
"2013-01-02";"K";
"2013-01-02";"P";
"2013-01-02";"GK";
"2013-01-02";"IKH";
"2013-01-03";"2J";"-0.121"
"2013-01-03";"10J0";"0.595"
"2013-01-03";"E";"0.409"
"2013-01-03";"K";"0.743"
"2013-01-03";"P";"0.784"
"2013-01-03";"GK";"0.94"
"2013-01-03";"IKH";"1.613"
"2013-01-04";"2J";"-0.106"
"2013-01-04";"10J0";"0.607"
"2013-01-04";"E";"0.422"
"2013-01-04";"K";"0.784"
"2013-01-04";"P";"0.823"
"2013-01-04";"GK";"0.973"
"2013-01-04";"IKH";"1.624"
"2013-01-07";"2J";"-0.111"
"2013-01-07";"10J0";"0.597"
"2013-01-07";"E";"0.409"
"2013-01-07";"K";"0.776"
"2013-01-07";"P";"0.814"
"2013-01-07";"GK";"0.958"
"2013-01-07";"IKH";"1.615"
"2013-01-08";"2J";"-0.1"
"2013-01-08";"10J0";"0.603"
"2013-01-08";"E";"0.417"
"2013-01-08";"K";"0.761"
"2013-01-08";"P";"0.8"
"2013-01-08";"GK";"0.95"
"2013-01-08";"IKH";"1.602"
"2013-01-09";"2J";"-0.095"
"2013-01-09";"10J0";"0.603"
"2013-01-09";"E";"0.414"
"2013-01-09";"K";"0.747"
"2013-01-09";"P";"0.8"
"2013-01-09";"GK";"0.946"
"2013-01-09";"IKH";"1.599"
"2013-01-10";"2J";"-0.07"
"2013-01-10";"10J0";"0.599"
"2013-01-10";"E";"0.41"
"2013-01-10";"K";"0.747"
"2013-01-10";"P";"0.8"
"2013-01-10";"GK";"0.94"
"2013-01-10";"IKH";"1.596"
"2013-01-11";"2J";"-0.063"
"2013-01-11";"10J0";"0.655"
"2013-01-11";"E";"0.459"
"2013-01-11";"K";"0.793"
"2013-01-11";"P";"0.849"
"2013-01-11";"GK";"0.98"
"2013-01-11";"IKH";"1.641"
"2013-01-14";"2J";"-0.065"
"2013-01-14";"10J0";"0.673"
"2013-01-14";"E";"0.482"
"2013-01-14";"K";"0.798"
"2013-01-14";"P";"0.853"
"2013-01-14";"GK";"0.992"
"2013-01-14";"IKH";"1.658"
"2013-01-15";"2J";"-0.07"
"2013-01-15";"10J0";"0.658"
"2013-01-15";"E";"0.467"
"2013-01-15";"K";"0.783"
"2013-01-15";"P";"0.834"
"2013-01-15";"GK";"0.973"
"2013-01-15";"IKH";"1.665"
"2013-01-16";"2J";"-0.031"
"2013-01-16";"10J0";"0.666"
"2013-01-16";"E";"0.474"
"2013-01-16";"K";"0.772"
"2013-01-16";"P";"0.829"
"2013-01-16";"GK";"0.966"
"2013-01-16";"IKH";"1.646"
"2013-01-17";"2J";"-0.011"
"2013-01-17";"10J0";"0.711"
"2013-01-17";"E";"0.515"
"2013-01-17";"K";"0.809"
"2013-01-17";"P";"0.868"
"2013-01-17";"GK";"1"
"2013-01-17";"IKH";"1.695"
"2013-01-18";"2J";"0.074"
"2013-01-18";"10J0";"0.718"
"2013-01-18";"E";"0.534"
"2013-01-18";"K";"0.83"
"2013-01-18";"P";"0.885"
"2013-01-18";"GK";"1.013"
"2013-01-18";"IKH";"1.714"
"2013-01-21";"2J";"0.049"
"2013-01-21";"10J0";"0.701"
"2013-01-21";"E";"0.513"
"2013-01-21";"K";"0.817"
"2013-01-21";"P";"0.869"
"2013-01-21";"GK";"1.004"
"2013-01-21";"IKH";"1.687"
"2013-01-22";"2J";"0.045"
"2013-01-22";"10J0";"0.709"
"2013-01-22";"E";"0.521"
"2013-01-22";"K";"0.825"
"2013-01-22";"P";"0.881"
"2013-01-22";"GK";"1.013"
"2013-01-22";"IKH";"1.698"
"2013-01-23";"2J";"0.033"
"2013-01-23";"10J0";"0.696"
"2013-01-23";"E";"0.512"
"2013-01-23";"K";"0.797"
"2013-01-23";"P";"0.868"
"2013-01-23";"GK";"1.001"
"2013-01-23";"IKH";"1.705"
"2013-01-24";"2J";"0.036"
"2013-01-24";"10J0";"0.693"
"2013-01-24";"E";"0.505"
"2013-01-24";"K";"0.79"
"2013-01-24";"P";"0.852"
"2013-01-24";"GK";"0.989"
"2013-01-24";"IKH";"1.695"
"2013-01-25";"2J";"0.05"
"2013-01-25";"10J0";"0.711"
"2013-01-25";"E";"0.525"
"2013-01-25";"K";"0.806"
"2013-01-25";"P";"0.885"
"2013-01-25";"GK";"1.014"
"2013-01-25";"IKH";"1.715"
"2013-01-28";"2J";"0.049"
"2013-01-28";"10J0";"0.754"
"2013-01-28";"E";"0.572"
"2013-01-28";"K";"0.855"
"2013-01-28";"P";"0.943"
"2013-01-28";"GK";"1.064"
"2013-01-28";"IKH";"1.765"
"2013-01-29";"2J";"0.053"
"2013-01-29";"10J0";"0.784"
"2013-01-29";"E";"0.602"
"2013-01-29";"K";"0.887"
"2013-01-29";"P";"0.969"
"2013-01-29";"GK";"1.1"
"2013-01-29";"IKH";"1.799"
"2013-01-30";"2J";"0.078"
"2013-01-30";"10J0";"0.805"
"2013-01-30";"E";"0.623"
"2013-01-30";"K";"0.913"
"2013-01-30";"P";"0.999"
"2013-01-30";"GK";"1.128"
"2013-01-30";"IKH";"1.793"
"2013-01-31";"2J";"0.093"
"2013-01-31";"10J0";"0.789"
"2013-01-31";"E";"0.614"
"2013-01-31";"K";"0.916"
"2013-01-31";"P";"0.997"
"2013-01-31";"GK";"1.122"
"2013-01-31";"IKH";"1.792"
"2013-02-01";"2J";"0.073"
"2013-02-01";"10J0";"0.781"
"2013-02-01";"E";"0.603"
"2013-02-01";"K";"0.931"
"2013-02-01";"P";"1.009"
"2013-02-01";"GK";"1.132"
"2013-02-01";"IKH";"1.82"
"2013-02-04";"2J";"0.06"
"2013-02-04";"10J0";"0.794"
"2013-02-04";"E";"0.616"
"2013-02-04";"K";"0.935"
"2013-02-04";"P";"1.011"
"2013-02-04";"GK";"1.138"
"2013-02-04";"IKH";"1.819"
"2013-02-05";"2J";"0.053"
"2013-02-05";"10J0";"0.762"
"2013-02-05";"E";"0.584"
"2013-02-05";"K";"0.92"
"2013-02-05";"P";"0.981"
"2013-02-05";"GK";"1.116"
"2013-02-05";"IKH";"1.796"
"2013-02-06";"2J";"0.071"
"2013-02-06";"10J0";"0.76"
"2013-02-06";"E";"0.575"
"2013-02-06";"K";"0.903"
"2013-02-06";"P";"0.984"
"2013-02-06";"GK";"1.112"
"2013-02-06";"IKH";"1.784"
"2013-02-07";"2J";"0.051"
"2013-02-07";"10J0";"0.771"
"2013-02-07";"E";"0.586"
"2013-02-07";"K";"0.917"
"2013-02-07";"P";"0.989"
"2013-02-07";"GK";"1.123"
"2013-02-07";"IKH";"1.774"
"2013-02-08";"2J";"0.056"
"2013-02-08";"10J0";"0.756"
"2013-02-08";"E";"0.569"
"2013-02-08";"K";"0.906"
"2013-02-08";"P";"0.974"
"2013-02-08";"GK";"1.111"
"2013-02-08";"IKH";"1.751"
"2013-02-11";"2J";"0.03"
"2013-02-11";"10J0";"0.739"
"2013-02-11";"E";"0.554"
"2013-02-11";"K";"0.882"
"2013-02-11";"P";"0.945"
"2013-02-11";"GK";"1.09"
"2013-02-11";"IKH";"1.729"
"2013-02-12";"2J";"0.037"
"2013-02-12";"10J0";"0.748"
"2013-02-12";"E";"0.561"
"2013-02-12";"K";"0.886"
"2013-02-12";"P";"0.954"
"2013-02-12";"GK";"1.097"
"2013-02-12";"IKH";"1.728"
"2013-02-13";"2J";"0.045"
"2013-02-13";"10J0";"0.781"
"2013-02-13";"E";"0.589"
"2013-02-13";"K";"0.913"
"2013-02-13";"P";"0.981"
"2013-02-13";"GK";"1.121"
"2013-02-13";"IKH";"1.758"
"2013-02-14";"2J";"0.037"
"2013-02-14";"10J0";"0.786"
"2013-02-14";"E";"0.597"
"2013-02-14";"K";"0.911"
"2013-02-14";"P";"0.966"
"2013-02-14";"GK";"1.116"
"2013-02-14";"IKH";"1.758"
"2013-02-15";"2J";"0.034"
"2013-02-15";"10J0";"0.775"
"2013-02-15";"E";"0.584"
"2013-02-15";"K";"0.903"
"2013-02-15";"P";"0.973"
"2013-02-15";"GK";"1.109"
"2013-02-15";"IKH";"1.745"
"2013-02-18";"2J";"0.041"
"2013-02-18";"10J0";"0.777"
"2013-02-18";"E";"0.587"
"2013-02-18";"K";"0.902"
"2013-02-18";"P";"0.97"
"2013-02-18";"GK";"1.108"
"2013-02-18";"IKH";"1.752"
"2013-02-19";"2J";"0.02"
"2013-02-19";"10J0";"0.782"
"2013-02-19";"E";"0.593"
"2013-02-19";"K";"0.9"
"2013-02-19";"P";"0.98"
"2013-02-19";"GK";"1.116"
"2013-02-19";"IKH";"1.752"
"2013-02-20";"2J";"0.052"
"2013-02-20";"10J0";"0.799"
"2013-02-20";"E";"0.61"
"2013-02-20";"K";"0.934"
"2013-02-20";"P";"1.001"
"2013-02-20";"GK";"1.143"
"2013-02-20";"IKH";"1.774"
"2013-02-21";"2J";"0.052"
"2013-02-21";"10J0";"0.784"
"2013-02-21";"E";"0.595"
"2013-02-21";"K";"0.916"
"2013-02-21";"P";"0.982"
"2013-02-21";"GK";"1.127"
"2013-02-21";"IKH";"1.749"
"2013-02-22";"2J";"0.034"
"2013-02-22";"10J0";"0.784"
"2013-02-22";"E";"0.597"
"2013-02-22";"K";"0.91"
"2013-02-22";"P";"0.979"
"2013-02-22";"GK";"1.121"
"2013-02-22";"IKH";"1.75"
"2013-02-25";"2J";"0.026"
"2013-02-25";"10J0";"0.787"
"2013-02-25";"E";"0.596"
"2013-02-25";"K";"0.907"
"2013-02-25";"P";"0.98"
"2013-02-25";"GK";"1.124"
"2013-02-25";"IKH";"1.736"
"2013-02-26";"2J";"0.019"
"2013-02-26";"10J0";"0.752"
"2013-02-26";"E";"0.562"
"2013-02-26";"K";"0.893"
"2013-02-26";"P";"0.956"
"2013-02-26";"GK";"1.102"
"2013-02-26";"IKH";"1.717"
"2013-02-27";"2J";"0.01"
"2013-02-27";"10J0";"0.736"
"2013-02-27";"E";"0.546"
"2013-02-27";"K";"0.878"
"2013-02-27";"P";"0.94"
"2013-02-27";"GK";"1.088"
"2013-02-27";"IKH";"1.696"
"2013-02-28";"2J";"0.029"
"2013-02-28";"10J0";"0.721"
"2013-02-28";"E";"0.535"
"2013-02-28";"K";"0.862"
"2013-02-28";"P";"0.924"
"2013-02-28";"GK";"1.075"
"2013-02-28";"IKH";"1.683"
"2013-03-01";"2J";"0.005"
"2013-03-01";"10J0";"0.708"
"2013-03-01";"E";"0.522"
"2013-03-01";"K";"0.853"
"2013-03-01";"P";"0.913"
"2013-03-01";"GK";"1.069"
"2013-03-01";"IKH";"1.673"
"2013-03-04";"2J";"0.005"
"2013-03-04";"10J0";"0.691"
"2013-03-04";"E";"0.504"
"2013-03-04";"K";"0.842"
"2013-03-04";"P";"0.889"
"2013-03-04";"GK";"1.048"
"2013-03-04";"IKH";"1.65"
"2013-03-05";"2J";"0.01"
"2013-03-05";"10J0";"0.71"
"2013-03-05";"E";"0.524"
"2013-03-05";"K";"0.853"
"2013-03-05";"P";"0.906"
"2013-03-05";"GK";"1.064"
"2013-03-05";"IKH";"1.661"
"2013-03-06";"2J";"0.028"
"2013-03-06";"10J0";"0.73"
"2013-03-06";"E";"0.548"
"2013-03-06";"K";"0.869"
"2013-03-06";"P";"0.916"
"2013-03-06";"GK";"1.081"
"2013-03-06";"IKH";"1.657"
"2013-03-07";"2J";"0.031"
"2013-03-07";"10J0";"0.729"
"2013-03-07";"E";"0.549"
"2013-03-07";"K";"0.862"
"2013-03-07";"P";"0.914"
"2013-03-07";"GK";"1.074"
"2013-03-07";"IKH";"1.659"
"2013-03-08";"2J";"0.049"
"2013-03-08";"10J0";"0.736"
"2013-03-08";"E";"0.553"
"2013-03-08";"K";"0.874"
"2013-03-08";"P";"0.93"
"2013-03-08";"GK";"1.082"
"2013-03-08";"IKH";"1.665"
"2013-03-11";"2J";"0.036"
"2013-03-11";"10J0";"0.767"
"2013-03-11";"E";"0.58"
"2013-03-11";"K";"0.885"
"2013-03-11";"P";"0.932"
"2013-03-11";"GK";"1.088"
"2013-03-11";"IKH";"1.672"
"2013-03-12";"2J";"0.043"
"2013-03-12";"10J0";"0.781"
"2013-03-12";"E";"0.594"
"2013-03-12";"K";"0.887"
"2013-03-12";"P";"0.937"
"2013-03-12";"GK";"1.098"
"2013-03-12";"IKH";"1.678"
"2013-03-13";"2J";"0.04"
"2013-03-13";"10J0";"0.787"
"2013-03-13";"E";"0.597"
"2013-03-13";"K";"0.887"
"2013-03-13";"P";"0.934"
"2013-03-13";"GK";"1.102"
"2013-03-13";"IKH";"1.664"
"2013-03-14";"2J";"0.046"
"2013-03-14";"10J0";"0.821"
"2013-03-14";"E";"0.628"
"2013-03-14";"K";"0.921"
"2013-03-14";"P";"0.968"
"2013-03-14";"GK";"1.125"
"2013-03-14";"IKH";"1.685"
"2013-03-15";"2J";"0.054"
"2013-03-15";"10J0";"0.818"
"2013-03-15";"E";"0.627"
"2013-03-15";"K";"0.914"
"2013-03-15";"P";"0.959"
"2013-03-15";"GK";"1.115"
"2013-03-15";"IKH";"1.696"
"2013-03-18";"2J";"0.021"
"2013-03-18";"10J0";"0.759"
"2013-03-18";"E";"0.561"
"2013-03-18";"K";"0.875"
"2013-03-18";"P";"0.914"
"2013-03-18";"GK";"1.086"
"2013-03-18";"IKH";"1.665"
"2013-03-19";"2J";"0.015"
"2013-03-19";"10J0";"0.765"
"2013-03-19";"E";"0.572"
"2013-03-19";"K";"0.87"
"2013-03-19";"P";"0.904"
"2013-03-19";"GK";"1.07"
"2013-03-19";"IKH";"1.642"
"2013-03-20";"2J";"0.008"
"2013-03-20";"10J0";"0.746"
"2013-03-20";"E";"0.552"
"2013-03-20";"K";"0.849"
"2013-03-20";"P";"0.888"
"2013-03-20";"GK";"1.058"
"2013-03-20";"IKH";"1.625"
"2013-03-21";"2J";"-0.007"
"2013-03-21";"10J0";"0.752"
"2013-03-21";"E";"0.56"
"2013-03-21";"K";"0.861"
"2013-03-21";"P";"0.9"
"2013-03-21";"GK";"1.066"
"2013-03-21";"IKH";"1.629"
"2013-03-22";"2J";"0.009"
"2013-03-22";"10J0";"0.74"
"2013-03-22";"E";"0.548"
"2013-03-22";"K";"0.852"
"2013-03-22";"P";"0.894"
"2013-03-22";"GK";"1.054"
"2013-03-22";"IKH";"1.626"
"2013-03-25";"2J";"0.011"
"2013-03-25";"10J0";"0.768"
"2013-03-25";"E";"0.575"
"2013-03-25";"K";"0.877"
"2013-03-25";"P";"0.912"
"2013-03-25";"GK";"1.069"
"2013-03-25";"IKH";"1.639"
"2013-03-26";"2J";"0.019"
"2013-03-26";"10J0";"0.764"
"2013-03-26";"E";"0.567"
"2013-03-26";"K";"0.867"
"2013-03-26";"P";"0.906"
"2013-03-26";"GK";"1.062"
"2013-03-26";"IKH";"1.622"
"2013-03-27";"2J";"0.005"
"2013-03-27";"10J0";"0.768"
"2013-03-27";"E";"0.568"
"2013-03-27";"K";"0.871"
"2013-03-27";"P";"0.906"
"2013-03-27";"GK";"1.06"
"2013-03-27";"IKH";"1.637"
"2013-03-28";"2J";"-0.012"
"2013-03-28";"10J0";"0.747"
"2013-03-28";"E";"0.547"
"2013-03-28";"K";"0.86"
"2013-03-28";"P";"0.906"
"2013-03-28";"GK";"1.06"
"2013-03-28";"IKH";"1.627"
"2013-03-29";"2J";
"2013-03-29";"10J0";
"2013-03-29";"E";
"2013-03-29";"K";
"2013-03-29";"P";
"2013-03-29";"GK";
"2013-03-29";"IKH";
"2013-04-01";"2J";
"2013-04-01";"10J0";
"2013-04-01";"E";
"2013-04-01";"K";
"2013-04-01";"P";
"2013-04-01";"GK";
"2013-04-01";"IKH";
"2013-04-02";"2J";"-0.029"
"2013-04-02";"10J0";"0.733"
"2013-04-02";"E";"0.531"
"2013-04-02";"K";"0.865"
"2013-04-02";"P";"0.896"
"2013-04-02";"GK";"1.059"
"2013-04-02";"IKH";"1.626"
"2013-04-03";"2J";"-0.031"
"2013-04-03";"10J0";"0.715"
"2013-04-03";"E";"0.521"
"2013-04-03";"K";"0.85"
"2013-04-03";"P";"0.888"
"2013-04-03";"GK";"1.055"
"2013-04-03";"IKH";"1.616"
"2013-04-04";"2J";"-0.043"
"2013-04-04";"10J0";"0.701"
"2013-04-04";"E";"0.503"
"2013-04-04";"K";"0.843"
"2013-04-04";"P";"0.877"
"2013-04-04";"GK";"1.037"
"2013-04-04";"IKH";"1.605"
"2013-04-05";"2J";"-0.04"
"2013-04-05";"10J0";"0.703"
"2013-04-05";"E";"0.507"
"2013-04-05";"K";"0.839"
"2013-04-05";"P";"0.883"
"2013-04-05";"GK";"1.042"
"2013-04-05";"IKH";"1.614"
"2013-04-08";"2J";"-0.08"
"2013-04-08";"10J0";"0.691"
"2013-04-08";"E";"0.501"
"2013-04-08";"K";"0.835"
"2013-04-08";"P";"0.871"
"2013-04-08";"GK";"1.029"
"2013-04-08";"IKH";"1.605"
"2013-04-09";"2J";"-0.037"
"2013-04-09";"10J0";"0.722"
"2013-04-09";"E";"0.527"
"2013-04-09";"K";"0.875"
"2013-04-09";"P";"0.91"
"2013-04-09";"GK";"1.065"
"2013-04-09";"IKH";"1.637"
"2013-04-10";"2J";"-0.032"
"2013-04-10";"10J0";"0.734"
"2013-04-10";"E";"0.54"
"2013-04-10";"K";"0.879"
"2013-04-10";"P";"0.913"
"2013-04-10";"GK";"1.064"
"2013-04-10";"IKH";"1.621"
"2013-04-11";"2J";"-0.021"
"2013-04-11";"10J0";"0.727"
"2013-04-11";"E";"0.532"
"2013-04-11";"K";"0.879"
"2013-04-11";"P";"0.917"
"2013-04-11";"GK";"1.064"
"2013-04-11";"IKH";"1.626"
"2013-04-12";"2J";"-0.031"
"2013-04-12";"10J0";"0.726"
"2013-04-12";"E";"0.526"
"2013-04-12";"K";"0.873"
"2013-04-12";"P";"0.906"
"2013-04-12";"GK";"1.059"
"2013-04-12";"IKH";"1.626"
"2013-04-15";"2J";"-0.047"
"2013-04-15";"10J0";"0.699"
"2013-04-15";"E";"0.507"
"2013-04-15";"K";"0.848"
"2013-04-15";"P";"0.872"
"2013-04-15";"GK";"1.03"
"2013-04-15";"IKH";"1.612"
"2013-04-16";"2J";"-0.054"
"2013-04-16";"10J0";"0.68"
"2013-04-16";"E";"0.486"
"2013-04-16";"K";"0.83"
"2013-04-16";"P";"0.865"
"2013-04-16";"GK";"1.024"
"2013-04-16";"IKH";"1.593"
"2013-04-17";"2J";"-0.059"
"2013-04-17";"10J0";"0.683"
"2013-04-17";"E";"0.49"
"2013-04-17";"K";"0.836"
"2013-04-17";"P";"0.87"
"2013-04-17";"GK";"1.023"
"2013-04-17";"IKH";"1.593"
"2013-04-18";"2J";"-0.074"
"2013-04-18";"10J0";"0.675"
"2013-04-18";"E";"0.482"
"2013-04-18";"K";"0.814"
"2013-04-18";"P";"0.854"
"2013-04-18";"GK";"1.013"
"2013-04-18";"IKH";"1.573"
"2013-04-19";"2J";"-0.071"
"2013-04-19";"10J0";"0.668"
"2013-04-19";"E";"0.475"
"2013-04-19";"K";"0.813"
"2013-04-19";"P";"0.853"
"2013-04-19";"GK";"1.004"
"2013-04-19";"IKH";"1.567"
"2013-04-22";"2J";"-0.069"
"2013-04-22";"10J0";"0.664"
"2013-04-22";"E";"0.473"
"2013-04-22";"K";"0.808"
"2013-04-22";"P";"0.853"
"2013-04-22";"GK";"0.986"
"2013-04-22";"IKH";"1.562"
"2013-04-23";"2J";"-0.099"
"2013-04-23";"10J0";"0.631"
"2013-04-23";"E";"0.441"
"2013-04-23";"K";"0.769"
"2013-04-23";"P";"0.811"
"2013-04-23";"GK";"0.964"
"2013-04-23";"IKH";"1.528"
"2013-04-24";"2J";"-0.072"
"2013-04-24";"10J0";"0.658"
"2013-04-24";"E";"0.465"
"2013-04-24";"K";"0.805"
"2013-04-24";"P";"0.846"
"2013-04-24";"GK";"0.987"
"2013-04-24";"IKH";"1.543"
"2013-04-25";"2J";"-0.055"
"2013-04-25";"10J0";"0.642"
"2013-04-25";"E";"0.447"
"2013-04-25";"K";"0.79"
"2013-04-25";"P";"0.83"
"2013-04-25";"GK";"0.979"
"2013-04-25";"IKH";"1.535"
"2013-04-26";"2J";"-0.075"
"2013-04-26";"10J0";"0.641"
"2013-04-26";"E";"0.447"
"2013-04-26";"K";"0.784"
"2013-04-26";"P";"0.827"
"2013-04-26";"GK";"0.974"
"2013-04-26";"IKH";"1.538"
"2013-04-29";"2J";"-0.085"
"2013-04-29";"10J0";"0.63"
"2013-04-29";"E";"0.435"
"2013-04-29";"K";"0.772"
"2013-04-29";"P";"0.813"
"2013-04-29";"GK";"0.96"
"2013-04-29";"IKH";"1.524"
"2013-04-30";"2J";"-0.079"
"2013-04-30";"10J0";"0.612"
"2013-04-30";"E";"0.421"
"2013-04-30";"K";"0.761"
"2013-04-30";"P";"0.801"
"2013-04-30";"GK";"0.953"
"2013-04-30";"IKH";"1.495"
"2013-05-01";"2J";
"2013-05-01";"10J0";
"2013-05-01";"E";
"2013-05-01";"K";
"2013-05-01";"P";
"2013-05-01";"GK";
"2013-05-01";"IKH";
"2013-05-02";"2J";"-0.074"
"2013-05-02";"10J0";"0.634"
"2013-05-02";"E";"0.445"
"2013-05-02";"K";"0.773"
"2013-05-02";"P";"0.817"
"2013-05-02";"GK";"0.966"
"2013-05-02";"IKH";"1.509"
"2013-05-03";"2J";"-0.068"
"2013-05-03";"10J0";"0.611"
"2013-05-03";"E";"0.421"
"2013-05-03";"K";"0.759"
"2013-05-03";"P";"0.798"
"2013-05-03";"GK";"0.951"
"2013-05-03";"IKH";"1.495"
"2013-05-06";"2J";"-0.085"
"2013-05-06";"10J0";"0.625"
"2013-05-06";"E";"0.436"
"2013-05-06";"K";"0.788"
"2013-05-06";"P";"0.831"
"2013-05-06";"GK";"0.976"
"2013-05-06";"IKH";"1.512"
"2013-05-07";"2J";"-0.065"
"2013-05-07";"10J0";"0.614"
"2013-05-07";"E";"0.422"
"2013-05-07";"K";"0.773"
"2013-05-07";"P";"0.799"
"2013-05-07";"GK";"0.943"
"2013-05-07";"IKH";"1.512"
"2013-05-08";"2J";"-0.057"
"2013-05-08";"10J0";"0.628"
"2013-05-08";"E";"0.445"
"2013-05-08";"K";"0.793"
"2013-05-08";"P";"0.834"
"2013-05-08";"GK";"0.976"
"2013-05-08";"IKH";"1.523"
"2013-05-09";"2J";
"2013-05-09";"10J0";
"2013-05-09";"E";
"2013-05-09";"K";
"2013-05-09";"P";
"2013-05-09";"GK";
"2013-05-09";"IKH";
"2013-05-10";"2J";"-0.057"
"2013-05-10";"10J0";"0.637"
"2013-05-10";"E";"0.453"
"2013-05-10";"K";"0.79"
"2013-05-10";"P";"0.831"
"2013-05-10";"GK";"0.979"
"2013-05-10";"IKH";"1.525"
"2013-05-13";"2J";"-0.067"
"2013-05-13";"10J0";"0.653"
"2013-05-13";"E";"0.468"
"2013-05-13";"K";"0.809"
"2013-05-13";"P";"0.84"
"2013-05-13";"GK";"0.985"
"2013-05-13";"IKH";"1.531"
"2013-05-14";"2J";"-0.062"
"2013-05-14";"10J0";"0.664"
"2013-05-14";"E";"0.478"
"2013-05-14";"K";"0.818"
"2013-05-14";"P";"0.852"
"2013-05-14";"GK";"0.998"
"2013-05-14";"IKH";"1.549"
"2013-05-15";"2J";"-0.038"
"2013-05-15";"10J0";"0.69"
"2013-05-15";"E";"0.507"
"2013-05-15";"K";"0.846"
"2013-05-15";"P";"0.882"
"2013-05-15";"GK";"1.021"
"2013-05-15";"IKH";"1.57"
"2013-05-16";"2J";"-0.04"
"2013-05-16";"10J0";"0.675"
"2013-05-16";"E";"0.494"
"2013-05-16";"K";"0.839"
"2013-05-16";"P";"0.869"
"2013-05-16";"GK";"1.021"
"2013-05-16";"IKH";"1.559"
"2013-05-17";"2J";"-0.075"
"2013-05-17";"10J0";"0.675"
"2013-05-17";"E";"0.491"
"2013-05-17";"K";"0.837"
"2013-05-17";"P";"0.871"
"2013-05-17";"GK";"1.02"
"2013-05-17";"IKH";"1.549"
"2013-05-20";"2J";
"2013-05-20";"10J0";
"2013-05-20";"E";
"2013-05-20";"K";
"2013-05-20";"P";
"2013-05-20";"GK";
"2013-05-20";"IKH";
"2013-05-21";"2J";"-0.071"
"2013-05-21";"10J0";"0.694"
"2013-05-21";"E";"0.507"
"2013-05-21";"K";"0.843"
"2013-05-21";"P";"0.877"
"2013-05-21";"GK";"1.026"
"2013-05-21";"IKH";"1.55"
"2013-05-22";"2J";"-0.069"
"2013-05-22";"10J0";"0.687"
"2013-05-22";"E";"0.507"
"2013-05-22";"K";"0.838"
"2013-05-22";"P";"0.872"
"2013-05-22";"GK";"1.024"
"2013-05-22";"IKH";"1.541"
"2013-05-23";"2J";"-0.062"
"2013-05-23";"10J0";"0.688"
"2013-05-23";"E";"0.502"
"2013-05-23";"K";"0.831"
"2013-05-23";"P";"0.863"
"2013-05-23";"GK";"1.019"
"2013-05-23";"IKH";"1.535"
"2013-05-24";"2J";"-0.055"
"2013-05-24";"10J0";"0.703"
"2013-05-24";"E";"0.519"
"2013-05-24";"K";"0.848"
"2013-05-24";"P";"0.882"
"2013-05-24";"GK";"1.028"
"2013-05-24";"IKH";"1.546"
"2013-05-27";"2J";"-0.072"
"2013-05-27";"10J0";"0.701"
"2013-05-27";"E";"0.516"
"2013-05-27";"K";"0.849"
"2013-05-27";"P";"0.883"
"2013-05-27";"GK";"1.028"
"2013-05-27";"IKH";"1.543"
"2013-05-28";"2J";"-0.074"
"2013-05-28";"10J0";"0.704"
"2013-05-28";"E";"0.521"
"2013-05-28";"K";"0.857"
"2013-05-28";"P";"0.894"
"2013-05-28";"GK";"1.039"
"2013-05-28";"IKH";"1.549"
"2013-05-29";"2J";"-0.067"
"2013-05-29";"10J0";"0.772"
"2013-05-29";"E";"0.582"
"2013-05-29";"K";"0.915"
"2013-05-29";"P";"0.96"
"2013-05-29";"GK";"1.097"
"2013-05-29";"IKH";"1.594"
"2013-05-30";"2J";"-0.003"
"2013-05-30";"10J0";"0.771"
"2013-05-30";"E";"0.579"
"2013-05-30";"K";"0.938"
"2013-05-30";"P";"0.969"
"2013-05-30";"GK";"1.109"
"2013-05-30";"IKH";"1.618"
"2013-05-31";"2J";"-0.06"
"2013-05-31";"10J0";"0.76"
"2013-05-31";"E";"0.574"
"2013-05-31";"K";"0.92"
"2013-05-31";"P";"0.95"
"2013-05-31";"GK";"1.095"
"2013-05-31";"IKH";"1.6"
"2013-06-03";"2J";"-0.037"
"2013-06-03";"10J0";"0.78"
"2013-06-03";"E";"0.592"
"2013-06-03";"K";"0.934"
"2013-06-03";"P";"0.967"
"2013-06-03";"GK";"1.113"
"2013-06-03";"IKH";"1.619"
"2013-06-04";"2J";"-0.049"
"2013-06-04";"10J0";"0.818"
"2013-06-04";"E";"0.635"
"2013-06-04";"K";"0.962"
"2013-06-04";"P";"0.988"
"2013-06-04";"GK";"1.15"
"2013-06-04";"IKH";"1.645"
"2013-06-05";"2J";"-0.016"
"2013-06-05";"10J0";"0.838"
"2013-06-05";"E";"0.644"
"2013-06-05";"K";"0.977"
"2013-06-05";"P";"1.013"
"2013-06-05";"GK";"1.17"
"2013-06-05";"IKH";"1.65"
"2013-06-06";"2J";"-0.013"
"2013-06-06";"10J0";"0.826"
"2013-06-06";"E";"0.63"
"2013-06-06";"K";"0.96"
"2013-06-06";"P";"0.988"
"2013-06-06";"GK";"1.168"
"2013-06-06";"IKH";"1.646"
"2013-06-07";"2J";"-0.033"
"2013-06-07";"10J0";"0.835"
"2013-06-07";"E";"0.651"
"2013-06-07";"K";"0.966"
"2013-06-07";"P";"1.001"
"2013-06-07";"GK";"1.19"
"2013-06-07";"IKH";"1.652"
"2013-06-10";"2J";"0.055"
"2013-06-10";"10J0";"0.815"
"2013-06-10";"E";"0.629"
"2013-06-10";"K";"0.971"
"2013-06-10";"P";"1.014"
"2013-06-10";"GK";"1.2"
"2013-06-10";"IKH";"1.673"
"2013-06-11";"2J";"-0.005"
"2013-06-11";"10J0";"0.904"
"2013-06-11";"E";"0.708"
"2013-06-11";"K";"1.031"
"2013-06-11";"P";"1.07"
"2013-06-11";"GK";"1.258"
"2013-06-11";"IKH";"1.723"
"2013-06-12";"2J";"0.021"
"2013-06-12";"10J0";"0.954"
"2013-06-12";"E";"0.766"
"2013-06-12";"K";"1.072"
"2013-06-12";"P";"1.106"
"2013-06-12";"GK";"1.297"
"2013-06-12";"IKH";"1.77"
"2013-06-13";"2J";"-0.03"
"2013-06-13";"10J0";"0.902"
"2013-06-13";"E";"0.713"
"2013-06-13";"K";"1.035"
"2013-06-13";"P";"1.055"
"2013-06-13";"GK";"1.254"
"2013-06-13";"IKH";"1.737"
"2013-06-14";"2J";"-0.044"
"2013-06-14";"10J0";"0.902"
"2013-06-14";"E";"0.708"
"2013-06-14";"K";"1.026"
"2013-06-14";"P";"1.047"
"2013-06-14";"GK";"1.246"
"2013-06-14";"IKH";"1.719"
"2013-06-17";"2J";"-0.029"
"2013-06-17";"10J0";"0.889"
"2013-06-17";"E";"0.694"
"2013-06-17";"K";"1.018"
"2013-06-17";"P";"1.041"
"2013-06-17";"GK";"1.242"
"2013-06-17";"IKH";"1.713"
"2013-06-18";"2J";"-0.051"
"2013-06-18";"10J0";"0.898"
"2013-06-18";"E";"0.705"
"2013-06-18";"K";"1.018"
"2013-06-18";"P";"1.039"
"2013-06-18";"GK";"1.231"
"2013-06-18";"IKH";"1.704"
"2013-06-19";"2J";"-0.038"
"2013-06-19";"10J0";"0.886"
"2013-06-19";"E";"0.692"
"2013-06-19";"K";"1.006"
"2013-06-19";"P";"1.037"
"2013-06-19";"GK";"1.225"
"2013-06-19";"IKH";"1.687"
"2013-06-20";"2J";"-0.013"
"2013-06-20";"10J0";"0.947"
"2013-06-20";"E";"0.75"
"2013-06-20";"K";"1.06"
"2013-06-20";"P";"1.097"
"2013-06-20";"GK";"1.281"
"2013-06-20";"IKH";"1.752"
"2013-06-21";"2J";"0.023"
"2013-06-21";"10J0";"0.988"
"2013-06-21";"E";"0.795"
"2013-06-21";"K";"1.115"
"2013-06-21";"P";"1.157"
"2013-06-21";"GK";"1.327"
"2013-06-21";"IKH";"1.821"
"2013-06-24";"2J";"0.035"
"2013-06-24";"10J0";"1.061"
"2013-06-24";"E";"0.868"
"2013-06-24";"K";"1.19"
"2013-06-24";"P";"1.226"
"2013-06-24";"GK";"1.405"
"2013-06-24";"IKH";"1.894"
"2013-06-25";"2J";"0.04"
"2013-06-25";"10J0";"1.125"
"2013-06-25";"E";"0.927"
"2013-06-25";"K";"1.252"
"2013-06-25";"P";"1.296"
"2013-06-25";"GK";"1.463"
"2013-06-25";"IKH";"1.975"
"2013-06-26";"2J";"0.026"
"2013-06-26";"10J0";"1.112"
"2013-06-26";"E";"0.917"
"2013-06-26";"K";"1.245"
"2013-06-26";"P";"1.291"
"2013-06-26";"GK";"1.463"
"2013-06-26";"IKH";"1.954"
"2013-06-27";"2J";"-0.01"
"2013-06-27";"10J0";"1.089"
"2013-06-27";"E";"0.891"
"2013-06-27";"K";"1.229"
"2013-06-27";"P";"1.276"
"2013-06-27";"GK";"1.448"
"2013-06-27";"IKH";"1.934"
"2013-06-28";"2J";"-0.006"
"2013-06-28";"10J0";"1.06"
"2013-06-28";"E";"0.864"
"2013-06-28";"K";"1.201"
"2013-06-28";"P";"1.242"
"2013-06-28";"GK";"1.427"
"2013-06-28";"IKH";"1.898"
"2013-07-01";"2J";"-0.001"
"2013-07-01";"10J0";"1.075"
"2013-07-01";"E";"0.879"
"2013-07-01";"K";"1.212"
"2013-07-01";"P";"1.254"
"2013-07-01";"GK";"1.435"
"2013-07-01";"IKH";"1.897"
"2013-07-02";"2J";"-0.014"
"2013-07-02";"10J0";"1.078"
"2013-07-02";"E";"0.881"
"2013-07-02";"K";"1.214"
"2013-07-02";"P";"1.255"
"2013-07-02";"GK";"1.442"
"2013-07-02";"IKH";"1.887"
"2013-07-03";"2J";"-0.023"
"2013-07-03";"10J0";"1.04"
"2013-07-03";"E";"0.842"
"2013-07-03";"K";"1.181"
"2013-07-03";"P";"1.218"
"2013-07-03";"GK";"1.408"
"2013-07-03";"IKH";"1.857"
"2013-07-04";"2J";"-0.029"
"2013-07-04";"10J0";"1.057"
"2013-07-04";"E";"0.855"
"2013-07-04";"K";"1.189"
"2013-07-04";"P";"1.228"
"2013-07-04";"GK";"1.42"
"2013-07-04";"IKH";"1.873"
"2013-07-05";"2J";"-0.055"
"2013-07-05";"10J0";"1.038"
"2013-07-05";"E";"0.833"
"2013-07-05";"K";"1.168"
"2013-07-05";"P";"1.202"
"2013-07-05";"GK";"1.393"
"2013-07-05";"IKH";"1.852"
"2013-07-08";"2J";"-0.047"
"2013-07-08";"10J0";"1.111"
"2013-07-08";"E";"0.899"
"2013-07-08";"K";"1.199"
"2013-07-08";"P";"1.236"
"2013-07-08";"GK";"1.42"
"2013-07-08";"IKH";"1.882"
"2013-07-09";"2J";"-0.034"
"2013-07-09";"10J0";"1.109"
"2013-07-09";"E";"0.897"
"2013-07-09";"K";"1.211"
"2013-07-09";"P";"1.234"
"2013-07-09";"GK";"1.426"
"2013-07-09";"IKH";"1.871"
"2013-07-10";"2J";"-0.019"
"2013-07-10";"10J0";"1.093"
"2013-07-10";"E";"0.876"
"2013-07-10";"K";"1.195"
"2013-07-10";"P";"1.223"
"2013-07-10";"GK";"1.408"
"2013-07-10";"IKH";"1.861"
"2013-07-11";"2J";"-0.031"
"2013-07-11";"10J0";"1.1"
"2013-07-11";"E";"0.888"
"2013-07-11";"K";"1.214"
"2013-07-11";"P";"1.235"
"2013-07-11";"GK";"1.423"
"2013-07-11";"IKH";"1.866"
"2013-07-12";"2J";"-0.034"
"2013-07-12";"10J0";"1.065"
"2013-07-12";"E";"0.853"
"2013-07-12";"K";"1.164"
"2013-07-12";"P";"1.195"
"2013-07-12";"GK";"1.387"
"2013-07-12";"IKH";"1.834"
"2013-07-15";"2J";"-0.029"
"2013-07-15";"10J0";"1.066"
"2013-07-15";"E";"0.859"
"2013-07-15";"K";"1.152"
"2013-07-15";"P";"1.193"
"2013-07-15";"GK";"1.386"
"2013-07-15";"IKH";"1.827"
"2013-07-16";"2J";"-0.017"
"2013-07-16";"10J0";"1.072"
"2013-07-16";"E";"0.866"
"2013-07-16";"K";"1.168"
"2013-07-16";"P";"1.205"
"2013-07-16";"GK";"1.391"
"2013-07-16";"IKH";"1.832"
"2013-07-17";"2J";"-0.008"
"2013-07-17";"10J0";"1.08"
"2013-07-17";"E";"0.878"
"2013-07-17";"K";"1.173"
"2013-07-17";"P";"1.21"
"2013-07-17";"GK";"1.394"
"2013-07-17";"IKH";"1.843"
"2013-07-18";"2J";"-0.035"
"2013-07-18";"10J0";"1.059"
"2013-07-18";"E";"0.854"
"2013-07-18";"K";"1.164"
"2013-07-18";"P";"1.182"
"2013-07-18";"GK";"1.376"
"2013-07-18";"IKH";"1.82"
"2013-07-19";"2J";"-0.02"
"2013-07-19";"10J0";"1.03"
"2013-07-19";"E";"0.824"
"2013-07-19";"K";"1.139"
"2013-07-19";"P";"1.163"
"2013-07-19";"GK";"1.353"
"2013-07-19";"IKH";"1.787"
"2013-07-22";"2J";"-0.03"
"2013-07-22";"10J0";"1.033"
"2013-07-22";"E";"0.83"
"2013-07-22";"K";"1.134"
"2013-07-22";"P";"1.168"
"2013-07-22";"GK";"1.354"
"2013-07-22";"IKH";"1.805"
"2013-07-23";"2J";"-0.027"
"2013-07-23";"10J0";"1.034"
"2013-07-23";"E";"0.833"
"2013-07-23";"K";"1.131"
"2013-07-23";"P";"1.162"
"2013-07-23";"GK";"1.35"
"2013-07-23";"IKH";"1.786"
"2013-07-24";"2J";"-0.02"
"2013-07-24";"10J0";"1.071"
"2013-07-24";"E";"0.868"
"2013-07-24";"K";"1.178"
"2013-07-24";"P";"1.206"
"2013-07-24";"GK";"1.388"
"2013-07-24";"IKH";"1.819"
"2013-07-25";"2J";"-0.004"
"2013-07-25";"10J0";"1.106"
"2013-07-25";"E";"0.889"
"2013-07-25";"K";"1.197"
"2013-07-25";"P";"1.225"
"2013-07-25";"GK";"1.4"
"2013-07-25";"IKH";"1.829"
"2013-07-26";"2J";"-0.029"
"2013-07-26";"10J0";"1.094"
"2013-07-26";"E";"0.883"
"2013-07-26";"K";"1.184"
"2013-07-26";"P";"1.211"
"2013-07-26";"GK";"1.397"
"2013-07-26";"IKH";"1.812"
"2013-07-29";"2J";"-0.028"
"2013-07-29";"10J0";"1.09"
"2013-07-29";"E";"0.877"
"2013-07-29";"K";"1.183"
"2013-07-29";"P";"1.21"
"2013-07-29";"GK";"1.394"
"2013-07-29";"IKH";"1.803"
"2013-07-30";"2J";"-0.033"
"2013-07-30";"10J0";"1.081"
"2013-07-30";"E";"0.868"
"2013-07-30";"K";"1.175"
"2013-07-30";"P";"1.201"
"2013-07-30";"GK";"1.385"
"2013-07-30";"IKH";"1.798"
"2013-07-31";"2J";"-0.013"
"2013-07-31";"10J0";"1.097"
"2013-07-31";"E";"0.887"
"2013-07-31";"K";"1.195"
"2013-07-31";"P";"1.215"
"2013-07-31";"GK";"1.404"
"2013-07-31";"IKH";"1.818"
"2013-08-01";"2J";
"2013-08-01";"10J0";
"2013-08-01";"E";
"2013-08-01";"K";
"2013-08-01";"P";
"2013-08-01";"GK";
"2013-08-01";"IKH";
"2013-08-02";"2J";"0.001"
"2013-08-02";"10J0";"1.104"
"2013-08-02";"E";"0.894"
"2013-08-02";"K";"1.22"
"2013-08-02";"P";"1.236"
"2013-08-02";"GK";"1.43"
"2013-08-02";"IKH";"1.839"
"2013-08-05";"2J";"-0.006"
"2013-08-05";"10J0";"1.078"
"2013-08-05";"E";"0.87"
"2013-08-05";"K";"1.197"
"2013-08-05";"P";"1.215"
"2013-08-05";"GK";"1.403"
"2013-08-05";"IKH";"1.815"
"2013-08-06";"2J";"0.008"
"2013-08-06";"10J0";"1.116"
"2013-08-06";"E";"0.907"
"2013-08-06";"K";"1.225"
"2013-08-06";"P";"1.242"
"2013-08-06";"GK";"1.433"
"2013-08-06";"IKH";"1.838"
"2013-08-07";"2J";"0.005"
"2013-08-07";"10J0";"1.082"
"2013-08-07";"E";"0.869"
"2013-08-07";"K";"1.215"
"2013-08-07";"P";"1.24"
"2013-08-07";"GK";"1.416"
"2013-08-07";"IKH";"1.801"
"2013-08-08";"2J";"0.006"
"2013-08-08";"10J0";"1.053"
"2013-08-08";"E";"0.838"
"2013-08-08";"K";"1.186"
"2013-08-08";"P";"1.208"
"2013-08-08";"GK";"1.397"
"2013-08-08";"IKH";"1.793"
"2013-08-09";"2J";"0.028"
"2013-08-09";"10J0";"1.051"
"2013-08-09";"E";"0.831"
"2013-08-09";"K";"1.202"
"2013-08-09";"P";"1.213"
"2013-08-09";"GK";"1.408"
"2013-08-09";"IKH";"1.812"
"2013-08-12";"2J";"0.014"
"2013-08-12";"10J0";"1.052"
"2013-08-12";"E";"0.836"
"2013-08-12";"K";"1.208"
"2013-08-12";"P";"1.231"
"2013-08-12";"GK";"1.412"
"2013-08-12";"IKH";"1.806"
"2013-08-13";"2J";"0.011"
"2013-08-13";"10J0";"1.042"
"2013-08-13";"E";"0.825"
"2013-08-13";"K";"1.206"
"2013-08-13";"P";"1.217"
"2013-08-13";"GK";"1.403"
"2013-08-13";"IKH";"1.815"
"2013-08-14";"2J";"0.047"
"2013-08-14";"10J0";"1.096"
"2013-08-14";"E";"0.877"
"2013-08-14";"K";"1.271"
"2013-08-14";"P";"1.287"
"2013-08-14";"GK";"1.461"
"2013-08-14";"IKH";"1.868"
"2013-08-15";"2J";"0.039"
"2013-08-15";"10J0";"1.084"
"2013-08-15";"E";"0.859"
"2013-08-15";"K";"1.262"
"2013-08-15";"P";"1.273"
"2013-08-15";"GK";"1.442"
"2013-08-15";"IKH";"1.866"
"2013-08-16";"2J";"0.033"
"2013-08-16";"10J0";"1.113"
"2013-08-16";"E";"0.892"
"2013-08-16";"K";"1.287"
"2013-08-16";"P";"1.306"
"2013-08-16";"GK";"1.473"
"2013-08-16";"IKH";"1.881"
"2013-08-19";"2J";"0.047"
"2013-08-19";"10J0";"1.127"
"2013-08-19";"E";"0.902"
"2013-08-19";"K";"1.303"
"2013-08-19";"P";"1.314"
"2013-08-19";"GK";"1.482"
"2013-08-19";"IKH";"1.896"
"2013-08-20";"2J";"0.032"
"2013-08-20";"10J0";"1.116"
"2013-08-20";"E";"0.888"
"2013-08-20";"K";"1.298"
"2013-08-20";"P";"1.3"
"2013-08-20";"GK";"1.49"
"2013-08-20";"IKH";"1.889"
"2013-08-21";"2J";"0.027"
"2013-08-21";"10J0";"1.112"
"2013-08-21";"E";"0.89"
"2013-08-21";"K";"1.291"
"2013-08-21";"P";"1.296"
"2013-08-21";"GK";"1.48"
"2013-08-21";"IKH";"1.885"
"2013-08-22";"2J";"0.035"
"2013-08-22";"10J0";"1.155"
"2013-08-22";"E";"0.932"
"2013-08-22";"K";"1.331"
"2013-08-22";"P";"1.337"
"2013-08-22";"GK";"1.527"
"2013-08-22";"IKH";"1.922"
"2013-08-23";"2J";"0.047"
"2013-08-23";"10J0";"1.181"
"2013-08-23";"E";"0.96"
"2013-08-23";"K";"1.366"
"2013-08-23";"P";"1.359"
"2013-08-23";"GK";"1.545"
"2013-08-23";"IKH";"1.929"
"2013-08-26";"2J";"0.041"
"2013-08-26";"10J0";"1.212"
"2013-08-26";"E";"0.992"
"2013-08-26";"K";"1.369"
"2013-08-26";"P";"1.35"
"2013-08-26";"GK";"1.535"
"2013-08-26";"IKH";"1.946"
"2013-08-27";"2J";"0.014"
"2013-08-27";"10J0";"1.175"
"2013-08-27";"E";"0.96"
"2013-08-27";"K";"1.339"
"2013-08-27";"P";"1.329"
"2013-08-27";"GK";"1.512"
"2013-08-27";"IKH";"1.932"
"2013-08-28";"2J";"0.03"
"2013-08-28";"10J0";"1.163"
"2013-08-28";"E";"0.943"
"2013-08-28";"K";"1.334"
"2013-08-28";"P";"1.32"
"2013-08-28";"GK";"1.503"
"2013-08-28";"IKH";"1.901"
"2013-08-29";"2J";"0.023"
"2013-08-29";"10J0";"1.182"
"2013-08-29";"E";"0.966"
"2013-08-29";"K";"1.339"
"2013-08-29";"P";"1.329"
"2013-08-29";"GK";"1.504"
"2013-08-29";"IKH";"1.932"
"2013-08-30";"2J";"-0.008"
"2013-08-30";"10J0";"1.142"
"2013-08-30";"E";"0.926"
"2013-08-30";"K";"1.299"
"2013-08-30";"P";"1.29"
"2013-08-30";"GK";"1.468"
"2013-08-30";"IKH";"1.897"
"2013-09-02";"2J";"0.012"
"2013-09-02";"10J0";"1.171"
"2013-09-02";"E";"0.956"
"2013-09-02";"K";"1.327"
"2013-09-02";"P";"1.317"
"2013-09-02";"GK";"1.494"
"2013-09-02";"IKH";"1.908"
"2013-09-03";"2J";"0.007"
"2013-09-03";"10J0";"1.135"
"2013-09-03";"E";"0.919"
"2013-09-03";"K";"1.285"
"2013-09-03";"P";"1.284"
"2013-09-03";"GK";"1.464"
"2013-09-03";"IKH";"1.885"
"2013-09-04";"2J";"0.011"
"2013-09-04";"10J0";"1.184"
"2013-09-04";"E";"0.968"
"2013-09-04";"K";"1.323"
"2013-09-04";"P";"1.32"
"2013-09-04";"GK";"1.494"
"2013-09-04";"IKH";"1.895"
"2013-09-05";"2J";"0.021"
"2013-09-05";"10J0";"1.201"
"2013-09-05";"E";"0.985"
"2013-09-05";"K";"1.346"
"2013-09-05";"P";"1.335"
"2013-09-05";"GK";"1.512"
"2013-09-05";"IKH";"1.936"
"2013-09-06";"2J";"-0.007"
"2013-09-06";"10J0";"1.216"
"2013-09-06";"E";"1.002"
"2013-09-06";"K";"1.378"
"2013-09-06";"P";"1.368"
"2013-09-06";"GK";"1.532"
"2013-09-06";"IKH";"1.934"
"2013-09-09";"2J";"0.005"
"2013-09-09";"10J0";"1.198"
"2013-09-09";"E";"0.978"
"2013-09-09";"K";"1.358"
"2013-09-09";"P";"1.347"
"2013-09-09";"GK";"1.516"
"2013-09-09";"IKH";"1.92"
"2013-09-10";"2J";"0.013"
"2013-09-10";"10J0";"1.238"
"2013-09-10";"E";"1.017"
"2013-09-10";"K";"1.393"
"2013-09-10";"P";"1.381"
"2013-09-10";"GK";"1.547"
"2013-09-10";"IKH";"1.954"
"2013-09-11";"2J";"0.022"
"2013-09-11";"10J0";"1.256"
"2013-09-11";"E";"1.034"
"2013-09-11";"K";"1.364"
"2013-09-11";"P";"1.376"
"2013-09-11";"GK";"1.532"
"2013-09-11";"IKH";"1.957"
"2013-09-12";"2J";"0.016"
"2013-09-12";"10J0";"1.233"
"2013-09-12";"E";"1.01"
"2013-09-12";"K";"1.356"
"2013-09-12";"P";"1.358"
"2013-09-12";"GK";"1.517"
"2013-09-12";"IKH";"1.946"
"2013-09-13";"2J";"0.008"
"2013-09-13";"10J0";"1.231"
"2013-09-13";"E";"1.007"
"2013-09-13";"K";"1.36"
"2013-09-13";"P";"1.358"
"2013-09-13";"GK";"1.514"
"2013-09-13";"IKH";"1.937"
"2013-09-16";"2J";"-0.005"
"2013-09-16";"10J0";"1.199"
"2013-09-16";"E";"0.974"
"2013-09-16";"K";"1.32"
"2013-09-16";"P";"1.32"
"2013-09-16";"GK";"1.477"
"2013-09-16";"IKH";"1.911"
"2013-09-17";"2J";"-0.008"
"2013-09-17";"10J0";"1.194"
"2013-09-17";"E";"0.972"
"2013-09-17";"K";"1.32"
"2013-09-17";"P";"1.319"
"2013-09-17";"GK";"1.457"
"2013-09-17";"IKH";"1.894"
"2013-09-18";"2J";"-0.006"
"2013-09-18";"10J0";"1.192"
"2013-09-18";"E";"0.97"
"2013-09-18";"K";"1.311"
"2013-09-18";"P";"1.313"
"2013-09-18";"GK";"1.46"
"2013-09-18";"IKH";"1.88"
"2013-09-19";"2J";"0.003"
"2013-09-19";"10J0";"1.144"
"2013-09-19";"E";"0.919"
"2013-09-19";"K";"1.272"
"2013-09-19";"P";"1.277"
"2013-09-19";"GK";"1.425"
"2013-09-19";"IKH";"1.851"
"2013-09-20";"2J";"0.003"
"2013-09-20";"10J0";"1.174"
"2013-09-20";"E";"0.946"
"2013-09-20";"K";"1.291"
"2013-09-20";"P";"1.295"
"2013-09-20";"GK";"1.437"
"2013-09-20";"IKH";"1.858"
"2013-09-23";"2J";"0.011"
"2013-09-23";"10J0";"1.18"
"2013-09-23";"E";"0.951"
"2013-09-23";"K";"1.299"
"2013-09-23";"P";"1.3"
"2013-09-23";"GK";"1.44"
"2013-09-23";"IKH";"1.871"
"2013-09-24";"2J";"-0.008"
"2013-09-24";"10J0";"1.169"
"2013-09-24";"E";"0.943"
"2013-09-24";"K";"1.284"
"2013-09-24";"P";"1.285"
"2013-09-24";"GK";"1.429"
"2013-09-24";"IKH";"1.849"
"2013-09-25";"2J";"0.002"
"2013-09-25";"10J0";"1.14"
"2013-09-25";"E";"0.914"
"2013-09-25";"K";"1.255"
"2013-09-25";"P";"1.26"
"2013-09-25";"GK";"1.402"
"2013-09-25";"IKH";"1.816"
"2013-09-26";"2J";"0.021"
"2013-09-26";"10J0";"1.149"
"2013-09-26";"E";"0.92"
"2013-09-26";"K";"1.261"
"2013-09-26";"P";"1.259"
"2013-09-26";"GK";"1.395"
"2013-09-26";"IKH";"1.829"
"2013-09-27";"2J";"0.008"
"2013-09-27";"10J0";"1.148"
"2013-09-27";"E";"0.922"
"2013-09-27";"K";"1.256"
"2013-09-27";"P";"1.266"
"2013-09-27";"GK";"1.399"
"2013-09-27";"IKH";"1.838"
"2013-09-30";"2J";"-0.024"
"2013-09-30";"10J0";"1.11"
"2013-09-30";"E";"0.88"
"2013-09-30";"K";"1.229"
"2013-09-30";"P";"1.222"
"2013-09-30";"GK";"1.36"
"2013-09-30";"IKH";"1.792"
"2013-10-01";"2J";"-0.019"
"2013-10-01";"10J0";"1.112"
"2013-10-01";"E";"0.884"
"2013-10-01";"K";"1.23"
"2013-10-01";"P";"1.231"
"2013-10-01";"GK";"1.348"
"2013-10-01";"IKH";"1.793"
"2013-10-02";"2J";"-0.007"
"2013-10-02";"10J0";"1.106"
"2013-10-02";"E";"0.877"
"2013-10-02";"K";"1.24"
"2013-10-02";"P";"1.235"
"2013-10-02";"GK";"1.363"
"2013-10-02";"IKH";"1.789"
"2013-10-03";"2J";"-0.007"
"2013-10-03";"10J0";"1.129"
"2013-10-03";"E";"0.899"
"2013-10-03";"K";"1.256"
"2013-10-03";"P";"1.254"
"2013-10-03";"GK";"1.394"
"2013-10-03";"IKH";"1.819"
"2013-10-04";"2J";"-0.018"
"2013-10-04";"10J0";"1.133"
"2013-10-04";"E";"0.901"
"2013-10-04";"K";"1.257"
"2013-10-04";"P";"1.257"
"2013-10-04";"GK";"1.391"
"2013-10-04";"IKH";"1.821"
"2013-10-07";"2J";"-0.044"
"2013-10-07";"10J0";"1.129"
"2013-10-07";"E";"0.896"
"2013-10-07";"K";"1.256"
"2013-10-07";"P";"1.26"
"2013-10-07";"GK";"1.384"
"2013-10-07";"IKH";"1.81"
"2013-10-08";"2J";"-0.034"
"2013-10-08";"10J0";"1.125"
"2013-10-08";"E";"0.893"
"2013-10-08";"K";"1.257"
"2013-10-08";"P";"1.252"
"2013-10-08";"GK";"1.375"
"2013-10-08";"IKH";"1.807"
"2013-10-09";"2J";"-0.026"
"2013-10-09";"10J0";"1.105"
"2013-10-09";"E";"0.865"
"2013-10-09";"K";"1.237"
"2013-10-09";"P";"1.245"
"2013-10-09";"GK";"1.372"
"2013-10-09";"IKH";"1.794"
"2013-10-10";"2J";"-0.06"
"2013-10-10";"10J0";"1.12"
"2013-10-10";"E";"0.885"
"2013-10-10";"K";"1.244"
"2013-10-10";"P";"1.254"
"2013-10-10";"GK";"1.387"
"2013-10-10";"IKH";"1.818"
"2013-10-11";"2J";"-0.065"
"2013-10-11";"10J0";"1.127"
"2013-10-11";"E";"0.892"
"2013-10-11";"K";"1.245"
"2013-10-11";"P";"1.256"
"2013-10-11";"GK";"1.384"
"2013-10-11";"IKH";"1.815"
"2013-10-14";"2J";"-0.058"
"2013-10-14";"10J0";"1.139"
"2013-10-14";"E";"0.897"
"2013-10-14";"K";"1.245"
"2013-10-14";"P";"1.261"
"2013-10-14";"GK";"1.393"
"2013-10-14";"IKH";"1.812"
"2013-10-15";"2J";"-0.039"
"2013-10-15";"10J0";"1.174"
"2013-10-15";"E";"0.935"
"2013-10-15";"K";"1.272"
"2013-10-15";"P";"1.29"
"2013-10-15";"GK";"1.422"
"2013-10-15";"IKH";"1.852"
"2013-10-16";"2J";"-0.027"
"2013-10-16";"10J0";"1.183"
"2013-10-16";"E";"0.943"
"2013-10-16";"K";"1.288"
"2013-10-16";"P";"1.31"
"2013-10-16";"GK";"1.434"
"2013-10-16";"IKH";"1.863"
"2013-10-17";"2J";"-0.02"
"2013-10-17";"10J0";"1.172"
"2013-10-17";"E";"0.934"
"2013-10-17";"K";"1.284"
"2013-10-17";"P";"1.299"
"2013-10-17";"GK";"1.428"
"2013-10-17";"IKH";"1.858"
"2013-10-18";"2J";"-0.032"
"2013-10-18";"10J0";"1.155"
"2013-10-18";"E";"0.915"
"2013-10-18";"K";"1.259"
"2013-10-18";"P";"1.286"
"2013-10-18";"GK";"1.402"
"2013-10-18";"IKH";"1.847"
"2013-10-21";"2J";"-0.034"
"2013-10-21";"10J0";"1.144"
"2013-10-21";"E";"0.908"
"2013-10-21";"K";"1.251"
"2013-10-21";"P";"1.271"
"2013-10-21";"GK";"1.395"
"2013-10-21";"IKH";"1.832"
"2013-10-22";"2J";"-0.032"
"2013-10-22";"10J0";"1.122"
"2013-10-22";"E";"0.887"
"2013-10-22";"K";"1.235"
"2013-10-22";"P";"1.257"
"2013-10-22";"GK";"1.378"
"2013-10-22";"IKH";"1.819"
"2013-10-23";"2J";"-0.042"
"2013-10-23";"10J0";"1.105"
"2013-10-23";"E";"0.872"
"2013-10-23";"K";"1.216"
"2013-10-23";"P";"1.236"
"2013-10-23";"GK";"1.359"
"2013-10-23";"IKH";"1.802"
"2013-10-24";"2J";"-0.042"
"2013-10-24";"10J0";"1.096"
"2013-10-24";"E";"0.859"
"2013-10-24";"K";"1.206"
"2013-10-24";"P";"1.229"
"2013-10-24";"GK";"1.337"
"2013-10-24";"IKH";"1.798"
"2013-10-25";"2J";"-0.045"
"2013-10-25";"10J0";"1.102"
"2013-10-25";"E";"0.862"
"2013-10-25";"K";"1.205"
"2013-10-25";"P";"1.226"
"2013-10-25";"GK";"1.339"
"2013-10-25";"IKH";"1.793"
"2013-10-28";"2J";"-0.024"
"2013-10-28";"10J0";"1.097"
"2013-10-28";"E";"0.857"
"2013-10-28";"K";"1.196"
"2013-10-28";"P";"1.221"
"2013-10-28";"GK";"1.331"
"2013-10-28";"IKH";"1.797"
"2013-10-29";"2J";"-0.029"
"2013-10-29";"10J0";"1.096"
"2013-10-29";"E";"0.856"
"2013-10-29";"K";"1.2"
"2013-10-29";"P";"1.221"
"2013-10-29";"GK";"1.331"
"2013-10-29";"IKH";"1.795"
"2013-10-30";"2J";"-0.021"
"2013-10-30";"10J0";"1.086"
"2013-10-30";"E";"0.848"
"2013-10-30";"K";"1.189"
"2013-10-30";"P";"1.21"
"2013-10-30";"GK";"1.322"
"2013-10-30";"IKH";"1.785"
"2013-10-31";"2J";"0"
"2013-10-31";"10J0";"1.07"
"2013-10-31";"E";"0.834"
"2013-10-31";"K";"1.183"
"2013-10-31";"P";"1.202"
"2013-10-31";"GK";"1.311"
"2013-10-31";"IKH";"1.771"
"2013-11-01";"2J";"-0.012"
"2013-11-01";"10J0";"1.057"
"2013-11-01";"E";"0.821"
"2013-11-01";"K";"1.176"
"2013-11-01";"P";"1.186"
"2013-11-01";"GK";"1.299"
"2013-11-01";"IKH";"1.746"
"2013-11-04";"2J";"-0.018"
"2013-11-04";"10J0";"1.064"
"2013-11-04";"E";"0.826"
"2013-11-04";"K";"1.189"
"2013-11-04";"P";"1.201"
"2013-11-04";"GK";"1.306"
"2013-11-04";"IKH";"1.751"
"2013-11-05";"2J";"-0.028"
"2013-11-05";"10J0";"1.076"
"2013-11-05";"E";"0.836"
"2013-11-05";"K";"1.203"
"2013-11-05";"P";"1.213"
"2013-11-05";"GK";"1.324"
"2013-11-05";"IKH";"1.765"
"2013-11-06";"2J";"-0.015"
"2013-11-06";"10J0";"1.093"
"2013-11-06";"E";"0.853"
"2013-11-06";"K";"1.209"
"2013-11-06";"P";"1.218"
"2013-11-06";"GK";"1.328"
"2013-11-06";"IKH";"1.771"
"2013-11-07";"2J";"-0.026"
"2013-11-07";"10J0";"1.096"
"2013-11-07";"E";"0.855"
"2013-11-07";"K";"1.208"
"2013-11-07";"P";"1.223"
"2013-11-07";"GK";"1.329"
"2013-11-07";"IKH";"1.768"
"2013-11-08";"2J";"-0.049"
"2013-11-08";"10J0";"1.057"
"2013-11-08";"E";"0.814"
"2013-11-08";"K";"1.164"
"2013-11-08";"P";"1.184"
"2013-11-08";"GK";"1.292"
"2013-11-08";"IKH";"1.737"
"2013-11-11";"2J";"-0.048"
"2013-11-11";"10J0";"1.077"
"2013-11-11";"E";"0.836"
"2013-11-11";"K";"1.195"
"2013-11-11";"P";"1.207"
"2013-11-11";"GK";"1.318"
"2013-11-11";"IKH";"1.749"
"2013-11-12";"2J";"-0.038"
"2013-11-12";"10J0";"1.128"
"2013-11-12";"E";"0.885"
"2013-11-12";"K";"1.239"
"2013-11-12";"P";"1.253"
"2013-11-12";"GK";"1.358"
"2013-11-12";"IKH";"1.801"
"2013-11-13";"2J";"-0.033"
"2013-11-13";"10J0";"1.125"
"2013-11-13";"E";"0.878"
"2013-11-13";"K";"1.23"
"2013-11-13";"P";"1.247"
"2013-11-13";"GK";"1.346"
"2013-11-13";"IKH";"1.797"
"2013-11-14";"2J";"-0.048"
"2013-11-14";"10J0";"1.101"
"2013-11-14";"E";"0.854"
"2013-11-14";"K";"1.214"
"2013-11-14";"P";"1.228"
"2013-11-14";"GK";"1.331"
"2013-11-14";"IKH";"1.776"
"2013-11-15";"2J";"-0.036"
"2013-11-15";"10J0";"1.088"
"2013-11-15";"E";"0.847"
"2013-11-15";"K";"1.199"
"2013-11-15";"P";"1.214"
"2013-11-15";"GK";"1.321"
"2013-11-15";"IKH";"1.764"
"2013-11-18";"2J";"-0.051"
"2013-11-18";"10J0";"1.089"
"2013-11-18";"E";"0.849"
"2013-11-18";"K";"1.199"
"2013-11-18";"P";"1.213"
"2013-11-18";"GK";"1.322"
"2013-11-18";"IKH";"1.766"
"2013-11-19";"2J";"-0.045"
"2013-11-19";"10J0";"1.077"
"2013-11-19";"E";"0.836"
"2013-11-19";"K";"1.184"
"2013-11-19";"P";"1.202"
"2013-11-19";"GK";"1.308"
"2013-11-19";"IKH";"1.746"
"2013-11-20";"2J";"-0.036"
"2013-11-20";"10J0";"1.088"
"2013-11-20";"E";"0.846"
"2013-11-20";"K";"1.214"
"2013-11-20";"P";"1.234"
"2013-11-20";"GK";"1.336"
"2013-11-20";"IKH";"1.764"
"2013-11-21";"2J";"-0.055"
"2013-11-21";"10J0";"1.084"
"2013-11-21";"E";"0.844"
"2013-11-21";"K";"1.203"
"2013-11-21";"P";"1.226"
"2013-11-21";"GK";"1.33"
"2013-11-21";"IKH";"1.749"
"2013-11-22";"2J";"-0.061"
"2013-11-22";"10J0";"1.085"
"2013-11-22";"E";"0.841"
"2013-11-22";"K";"1.21"
"2013-11-22";"P";"1.235"
"2013-11-22";"GK";"1.334"
"2013-11-22";"IKH";"1.755"
"2013-11-25";"2J";"-0.084"
"2013-11-25";"10J0";"1.056"
"2013-11-25";"E";"0.817"
"2013-11-25";"K";"1.184"
"2013-11-25";"P";"1.202"
"2013-11-25";"GK";"1.307"
"2013-11-25";"IKH";"1.735"
"2013-11-26";"2J";"-0.076"
"2013-11-26";"10J0";"1.035"
"2013-11-26";"E";"0.796"
"2013-11-26";"K";"1.164"
"2013-11-26";"P";"1.183"
"2013-11-26";"GK";"1.29"
"2013-11-26";"IKH";"1.721"
"2013-11-27";"2J";"-0.08"
"2013-11-27";"10J0";"1.007"
"2013-11-27";"E";"0.769"
"2013-11-27";"K";"1.14"
"2013-11-27";"P";"1.154"
"2013-11-27";"GK";"1.252"
"2013-11-27";"IKH";"1.694"
"2013-11-28";"2J";"-0.068"
"2013-11-28";"10J0";"1.015"
"2013-11-28";"E";"0.777"
"2013-11-28";"K";"1.168"
"2013-11-28";"P";"1.186"
"2013-11-28";"GK";"1.289"
"2013-11-28";"IKH";"1.735"
"2013-11-29";"2J";"-0.076"
"2013-11-29";"10J0";"1.031"
"2013-11-29";"E";"0.791"
"2013-11-29";"K";"1.164"
"2013-11-29";"P";"1.183"
"2013-11-29";"GK";"1.287"
"2013-11-29";"IKH";"1.739"
"2013-12-02";"2J";"-0.077"
"2013-12-02";"10J0";"1.043"
"2013-12-02";"E";"0.804"
"2013-12-02";"K";"1.175"
"2013-12-02";"P";"1.198"
"2013-12-02";"GK";"1.301"
"2013-12-02";"IKH";"1.738"
"2013-12-03";"2J";"-0.087"
"2013-12-03";"10J0";"1.08"
"2013-12-03";"E";"0.837"
"2013-12-03";"K";"1.208"
"2013-12-03";"P";"1.233"
"2013-12-03";"GK";"1.34"
"2013-12-03";"IKH";"1.775"
"2013-12-04";"2J";"-0.076"
"2013-12-04";"10J0";"1.078"
"2013-12-04";"E";"0.833"
"2013-12-04";"K";"1.219"
"2013-12-04";"P";"1.242"
"2013-12-04";"GK";"1.343"
"2013-12-04";"IKH";"1.777"
"2013-12-05";"2J";"-0.09"
"2013-12-05";"10J0";"1.103"
"2013-12-05";"E";"0.858"
"2013-12-05";"K";"1.241"
"2013-12-05";"P";"1.259"
"2013-12-05";"GK";"1.356"
"2013-12-05";"IKH";"1.796"
"2013-12-06";"2J";"-0.065"
"2013-12-06";"10J0";"1.126"
"2013-12-06";"E";"0.876"
"2013-12-06";"K";"1.258"
"2013-12-06";"P";"1.283"
"2013-12-06";"GK";"1.373"
"2013-12-06";"IKH";"1.818"
"2013-12-09";"2J";"-0.076"
"2013-12-09";"10J0";"1.136"
"2013-12-09";"E";"0.89"
"2013-12-09";"K";"1.275"
"2013-12-09";"P";"1.298"
"2013-12-09";"GK";"1.39"
"2013-12-09";"IKH";"1.834"
"2013-12-10";"2J";"-0.08"
"2013-12-10";"10J0";"1.135"
"2013-12-10";"E";"0.884"
"2013-12-10";"K";"1.262"
"2013-12-10";"P";"1.284"
"2013-12-10";"GK";"1.382"
"2013-12-10";"IKH";"1.818"
"2013-12-11";"2J";"-0.082"
"2013-12-11";"10J0";"1.134"
"2013-12-11";"E";"0.886"
"2013-12-11";"K";"1.263"
"2013-12-11";"P";"1.278"
"2013-12-11";"GK";"1.379"
"2013-12-11";"IKH";"1.798"
"2013-12-12";"2J";"-0.087"
"2013-12-12";"10J0";"1.131"
"2013-12-12";"E";"0.881"
"2013-12-12";"K";"1.26"
"2013-12-12";"P";"1.275"
"2013-12-12";"GK";"1.379"
"2013-12-12";"IKH";"1.797"
"2013-12-13";"2J";"-0.091"
"2013-12-13";"10J0";"1.149"
"2013-12-13";"E";"0.892"
"2013-12-13";"K";"1.268"
"2013-12-13";"P";"1.282"
"2013-12-13";"GK";"1.387"
"2013-12-13";"IKH";"1.808"
"2013-12-16";"2J";"-0.097"
"2013-12-16";"10J0";"1.137"
"2013-12-16";"E";"0.887"
"2013-12-16";"K";"1.26"
"2013-12-16";"P";"1.263"
"2013-12-16";"GK";"1.381"
"2013-12-16";"IKH";"1.803"
"2013-12-17";"2J";"-0.102"
"2013-12-17";"10J0";"1.177"
"2013-12-17";"E";"0.93"
"2013-12-17";"K";"1.295"
"2013-12-17";"P";"1.317"
"2013-12-17";"GK";"1.413"
"2013-12-17";"IKH";"1.828"
"2013-12-18";"2J";"-0.083"
"2013-12-18";"10J0";"1.168"
"2013-12-18";"E";"0.916"
"2013-12-18";"K";"1.288"
"2013-12-18";"P";"1.305"
"2013-12-18";"GK";"1.403"
"2013-12-18";"IKH";"1.829"
"2013-12-19";"2J";"-0.085"
"2013-12-19";"10J0";"1.195"
"2013-12-19";"E";"0.942"
"2013-12-19";"K";"1.314"
"2013-12-19";"P";"1.329"
"2013-12-19";"GK";"1.435"
"2013-12-19";"IKH";"1.838"
"2013-12-20";"2J";"-0.089"
"2013-12-20";"10J0";"1.217"
"2013-12-20";"E";"0.966"
"2013-12-20";"K";"1.327"
"2013-12-20";"P";"1.348"
"2013-12-20";"GK";"1.455"
"2013-12-20";"IKH";"1.843"
"2013-12-23";"2J";"-0.084"
"2013-12-23";"10J0";"1.22"
"2013-12-23";"E";"0.97"
"2013-12-23";"K";"1.334"
"2013-12-23";"P";"1.357"
"2013-12-23";"GK";"1.457"
"2013-12-23";"IKH";"1.849"
"2013-12-24";"2J";
"2013-12-24";"10J0";
"2013-12-24";"E";
"2013-12-24";"K";
"2013-12-24";"P";
"2013-12-24";"GK";
"2013-12-24";"IKH";
"2013-12-25";"2J";
"2013-12-25";"10J0";
"2013-12-25";"E";
"2013-12-25";"K";
"2013-12-25";"P";
"2013-12-25";"GK";
"2013-12-25";"IKH";
"2013-12-26";"2J";
"2013-12-26";"10J0";
"2013-12-26";"E";
"2013-12-26";"K";
"2013-12-26";"P";
"2013-12-26";"GK";
"2013-12-26";"IKH";
"2013-12-27";"2J";"-0.071"
"2013-12-27";"10J0";"1.245"
"2013-12-27";"E";"0.993"
"2013-12-27";"K";"1.357"
"2013-12-27";"P";"1.377"
"2013-12-27";"GK";"1.477"
"2013-12-27";"IKH";"1.87"
"2013-12-30";"2J";"-0.071"
"2013-12-30";"10J0";"1.253"
"2013-12-30";"E";"1.001"
"2013-12-30";"K";"1.361"
"2013-12-30";"P";"1.387"
"2013-12-30";"GK";"1.484"
"2013-12-30";"IKH";"1.875"
"2013-12-31";"2J";
"2013-12-31";"10J0";
"2013-12-31";"E";
"2013-12-31";"K";
"2013-12-31";"P";
"2013-12-31";"GK";
"2013-12-31";"IKH";
"2014-01-01";"2J";
"2014-01-01";"10J0";
"2014-01-01";"E";
"2014-01-01";"K";
"2014-01-01";"P";
"2014-01-01";"GK";
"2014-01-01";"IKH";
"2014-01-02";"2J";
"2014-01-02";"10J0";
"2014-01-02";"E";
"2014-01-02";"K";
"2014-01-02";"P";
"2014-01-02";"GK";
"2014-01-02";"IKH";
"2014-01-03";"2J";"-0.066"
"2014-01-03";"10J0";"1.229"
"2014-01-03";"E";"0.98"
"2014-01-03";"K";"1.353"
"2014-01-03";"P";"1.369"
"2014-01-03";"GK";"1.471"
"2014-01-03";"IKH";"1.861"
"2014-01-06";"2J";"-0.082"
"2014-01-06";"10J0";"1.18"
"2014-01-06";"E";"0.934"
"2014-01-06";"K";"1.309"
"2014-01-06";"P";"1.322"
"2014-01-06";"GK";"1.423"
"2014-01-06";"IKH";"1.824"
"2014-01-07";"2J";"-0.083"
"2014-01-07";"10J0";"1.172"
"2014-01-07";"E";"0.919"
"2014-01-07";"K";"1.277"
"2014-01-07";"P";"1.3"
"2014-01-07";"GK";"1.402"
"2014-01-07";"IKH";"1.792"
"2014-01-08";"2J";"-0.09"
"2014-01-08";"10J0";"1.178"
"2014-01-08";"E";"0.924"
"2014-01-08";"K";"1.275"
"2014-01-08";"P";"1.301"
"2014-01-08";"GK";"1.401"
"2014-01-08";"IKH";"1.792"
"2014-01-09";"2J";"-0.089"
"2014-01-09";"10J0";"1.208"
"2014-01-09";"E";"0.958"
"2014-01-09";"K";"1.293"
"2014-01-09";"P";"1.323"
"2014-01-09";"GK";"1.419"
"2014-01-09";"IKH";"1.812"
"2014-01-10";"2J";"-0.088"
"2014-01-10";"10J0";"1.207"
"2014-01-10";"E";"0.954"
"2014-01-10";"K";"1.29"
"2014-01-10";"P";"1.32"
"2014-01-10";"GK";"1.42"
"2014-01-10";"IKH";"1.802"
"2014-01-13";"2J";"-0.116"
"2014-01-13";"10J0";"1.187"
"2014-01-13";"E";"0.936"
"2014-01-13";"K";"1.269"
"2014-01-13";"P";"1.296"
"2014-01-13";"GK";"1.395"
"2014-01-13";"IKH";"1.779"
"2014-01-14";"2J";"-0.092"
"2014-01-14";"10J0";"1.166"
"2014-01-14";"E";"0.916"
"2014-01-14";"K";"1.249"
"2014-01-14";"P";"1.277"
"2014-01-14";"GK";"1.377"
"2014-01-14";"IKH";"1.771"
"2014-01-15";"2J";"-0.074"
"2014-01-15";"10J0";"1.166"
"2014-01-15";"E";"0.912"
"2014-01-15";"K";"1.248"
"2014-01-15";"P";"1.279"
"2014-01-15";"GK";"1.377"
"2014-01-15";"IKH";"1.762"
"2014-01-16";"2J";"-0.064"
"2014-01-16";"10J0";"1.135"
"2014-01-16";"E";"0.878"
"2014-01-16";"K";"1.243"
"2014-01-16";"P";"1.269"
"2014-01-16";"GK";"1.365"
"2014-01-16";"IKH";"1.761"
"2014-01-17";"2J";"-0.075"
"2014-01-17";"10J0";"1.122"
"2014-01-17";"E";"0.87"
"2014-01-17";"K";"1.231"
"2014-01-17";"P";"1.256"
"2014-01-17";"GK";"1.352"
"2014-01-17";"IKH";"1.745"
"2014-01-20";"2J";"-0.082"
"2014-01-20";"10J0";"1.116"
"2014-01-20";"E";"0.86"
"2014-01-20";"K";"1.213"
"2014-01-20";"P";"1.245"
"2014-01-20";"GK";"1.347"
"2014-01-20";"IKH";"1.729"
"2014-01-21";"2J";"-0.085"
"2014-01-21";"10J0";"1.111"
"2014-01-21";"E";"0.855"
"2014-01-21";"K";"1.222"
"2014-01-21";"P";"1.247"
"2014-01-21";"GK";"1.344"
"2014-01-21";"IKH";"1.723"
"2014-01-22";"2J";"-0.088"
"2014-01-22";"10J0";"1.061"
"2014-01-22";"E";"0.81"
"2014-01-22";"K";"1.175"
"2014-01-22";"P";"1.199"
"2014-01-22";"GK";"1.298"
"2014-01-22";"IKH";"1.684"
"2014-01-23";"2J";"-0.085"
"2014-01-23";"10J0";"1.073"
"2014-01-23";"E";"0.82"
"2014-01-23";"K";"1.171"
"2014-01-23";"P";"1.202"
"2014-01-23";"GK";"1.299"
"2014-01-23";"IKH";"1.68"
"2014-01-24";"2J";"-0.109"
"2014-01-24";"10J0";"1.022"
"2014-01-24";"E";"0.773"
"2014-01-24";"K";"1.135"
"2014-01-24";"P";"1.157"
"2014-01-24";"GK";"1.259"
"2014-01-24";"IKH";"1.646"
"2014-01-27";"2J";"-0.093"
"2014-01-27";"10J0";"1.022"
"2014-01-27";"E";"0.769"
"2014-01-27";"K";"1.134"
"2014-01-27";"P";"1.164"
"2014-01-27";"GK";"1.265"
"2014-01-27";"IKH";"1.651"
"2014-01-28";"2J";"-0.094"
"2014-01-28";"10J0";"1.04"
"2014-01-28";"E";"0.788"
"2014-01-28";"K";"1.158"
"2014-01-28";"P";"1.181"
"2014-01-28";"GK";"1.284"
"2014-01-28";"IKH";"1.658"
"2014-01-29";"2J";"-0.094"
"2014-01-29";"10J0";"1.039"
"2014-01-29";"E";"0.785"
"2014-01-29";"K";"1.15"
"2014-01-29";"P";"1.178"
"2014-01-29";"GK";"1.28"
"2014-01-29";"IKH";"1.657"
"2014-01-30";"2J";"-0.113"
"2014-01-30";"10J0";"0.994"
"2014-01-30";"E";"0.74"
"2014-01-30";"K";"1.11"
"2014-01-30";"P";"1.127"
"2014-01-30";"GK";"1.237"
"2014-01-30";"IKH";"1.608"
"2014-01-31";"2J";"-0.109"
"2014-01-31";"10J0";"0.983"
"2014-01-31";"E";"0.727"
"2014-01-31";"K";"1.099"
"2014-01-31";"P";"1.116"
"2014-01-31";"GK";"1.222"
"2014-01-31";"IKH";"1.602"
"2014-02-03";"2J";"-0.122"
"2014-02-03";"10J0";"0.964"
"2014-02-03";"E";"0.71"
"2014-02-03";"K";"1.08"
"2014-02-03";"P";"1.095"
"2014-02-03";"GK";"1.191"
"2014-02-03";"IKH";"1.572"
"2014-02-04";"2J";"-0.119"
"2014-02-04";"10J0";"0.954"
"2014-02-04";"E";"0.703"
"2014-02-04";"K";"1.083"
"2014-02-04";"P";"1.085"
"2014-02-04";"GK";"1.178"
"2014-02-04";"IKH";"1.567"
"2014-02-05";"2J";"-0.095"
"2014-02-05";"10J0";"0.958"
"2014-02-05";"E";"0.704"
"2014-02-05";"K";"1.07"
"2014-02-05";"P";"1.074"
"2014-02-05";"GK";"1.165"
"2014-02-05";"IKH";"1.558"
"2014-02-06";"2J";"-0.081"
"2014-02-06";"10J0";"0.981"
"2014-02-06";"E";"0.729"
"2014-02-06";"K";"1.071"
"2014-02-06";"P";"1.074"
"2014-02-06";"GK";"1.165"
"2014-02-06";"IKH";"1.558"
"2014-02-07";"2J";"-0.071"
"2014-02-07";"10J0";"0.993"
"2014-02-07";"E";"0.746"
"2014-02-07";"K";"1.078"
"2014-02-07";"P";"1.085"
"2014-02-07";"GK";"1.167"
"2014-02-07";"IKH";"1.566"
"2014-02-10";"2J";"-0.077"
"2014-02-10";"10J0";"0.999"
"2014-02-10";"E";"0.747"
"2014-02-10";"K";"1.082"
"2014-02-10";"P";"1.087"
"2014-02-10";"GK";"1.168"
"2014-02-10";"IKH";"1.568"
"2014-02-11";"2J";"-0.071"
"2014-02-11";"10J0";"1.021"
"2014-02-11";"E";"0.769"
"2014-02-11";"K";"1.094"
"2014-02-11";"P";"1.104"
"2014-02-11";"GK";"1.181"
"2014-02-11";"IKH";"1.583"
"2014-02-12";"2J";"-0.065"
"2014-02-12";"10J0";"1.036"
"2014-02-12";"E";"0.785"
"2014-02-12";"K";"1.097"
"2014-02-12";"P";"1.106"
"2014-02-12";"GK";"1.187"
"2014-02-12";"IKH";"1.589"
"2014-02-13";"2J";"-0.064"
"2014-02-13";"10J0";"1.028"
"2014-02-13";"E";"0.777"
"2014-02-13";"K";"1.093"
"2014-02-13";"P";"1.1"
"2014-02-13";"GK";"1.179"
"2014-02-13";"IKH";"1.585"
"2014-02-14";"2J";"-0.079"
"2014-02-14";"10J0";"1.019"
"2014-02-14";"E";"0.771"
"2014-02-14";"K";"1.087"
"2014-02-14";"P";"1.097"
"2014-02-14";"GK";"1.174"
"2014-02-14";"IKH";"1.58"
"2014-02-17";"2J";"-0.087"
"2014-02-17";"10J0";"1.029"
"2014-02-17";"E";"0.779"
"2014-02-17";"K";"1.092"
"2014-02-17";"P";"1.104"
"2014-02-17";"GK";"1.177"
"2014-02-17";"IKH";"1.587"
"2014-02-18";"2J";"-0.07"
"2014-02-18";"10J0";"1.007"
"2014-02-18";"E";"0.757"
"2014-02-18";"K";"1.078"
"2014-02-18";"P";"1.092"
"2014-02-18";"GK";"1.169"
"2014-02-18";"IKH";"1.577"
"2014-02-19";"2J";"-0.08"
"2014-02-19";"10J0";"1.001"
"2014-02-19";"E";"0.753"
"2014-02-19";"K";"1.07"
"2014-02-19";"P";"1.086"
"2014-02-19";"GK";"1.16"
"2014-02-19";"IKH";"1.568"
"2014-02-20";"2J";"-0.073"
"2014-02-20";"10J0";"0.974"
"2014-02-20";"E";"0.727"
"2014-02-20";"K";"1.047"
"2014-02-20";"P";"1.064"
"2014-02-20";"GK";"1.145"
"2014-02-20";"IKH";"1.549"
"2014-02-21";"2J";"-0.079"
"2014-02-21";"10J0";"0.997"
"2014-02-21";"E";"0.752"
"2014-02-21";"K";"1.063"
"2014-02-21";"P";"1.081"
"2014-02-21";"GK";"1.16"
"2014-02-21";"IKH";"1.566"
"2014-02-24";"2J";"-0.073"
"2014-02-24";"10J0";"0.997"
"2014-02-24";"E";"0.748"
"2014-02-24";"K";"1.065"
"2014-02-24";"P";"1.083"
"2014-02-24";"GK";"1.161"
"2014-02-24";"IKH";"1.569"
"2014-02-25";"2J";"-0.067"
"2014-02-25";"10J0";"0.993"
"2014-02-25";"E";"0.745"
"2014-02-25";"K";"1.06"
"2014-02-25";"P";"1.077"
"2014-02-25";"GK";"1.159"
"2014-02-25";"IKH";"1.569"
"2014-02-26";"2J";"-0.058"
"2014-02-26";"10J0";"0.996"
"2014-02-26";"E";"0.749"
"2014-02-26";"K";"1.065"
"2014-02-26";"P";"1.081"
"2014-02-26";"GK";"1.16"
"2014-02-26";"IKH";"1.561"
"2014-02-27";"2J";"-0.06"
"2014-02-27";"10J0";"0.955"
"2014-02-27";"E";"0.708"
"2014-02-27";"K";"1.024"
"2014-02-27";"P";"1.041"
"2014-02-27";"GK";"1.126"
"2014-02-27";"IKH";"1.527"
"2014-02-28";"2J";"-0.074"
"2014-02-28";"10J0";"0.951"
"2014-02-28";"E";"0.706"
"2014-02-28";"K";"1.027"
"2014-02-28";"P";"1.042"
"2014-02-28";"GK";"1.126"
"2014-02-28";"IKH";"1.519"
"2014-03-03";"2J";"-0.075"
"2014-03-03";"10J0";"0.955"
"2014-03-03";"E";"0.712"
"2014-03-03";"K";"1.033"
"2014-03-03";"P";"1.045"
"2014-03-03";"GK";"1.126"
"2014-03-03";"IKH";"1.529"
"2014-03-04";"2J";"-0.077"
"2014-03-04";"10J0";"0.919"
"2014-03-04";"E";"0.681"
"2014-03-04";"K";"1.018"
"2014-03-04";"P";"1.035"
"2014-03-04";"GK";"1.066"
"2014-03-04";"IKH";"1.522"
"2014-03-05";"2J";"-0.05"
"2014-03-05";"10J0";"0.963"
"2014-03-05";"E";"0.722"
"2014-03-05";"K";"1.048"
"2014-03-05";"P";"1.061"
"2014-03-05";"GK";"1.089"
"2014-03-05";"IKH";"1.538"
"2014-03-06";"2J";"-0.051"
"2014-03-06";"10J0";"0.976"
"2014-03-06";"E";"0.738"
"2014-03-06";"K";"1.05"
"2014-03-06";"P";"1.067"
"2014-03-06";"GK";"1.095"
"2014-03-06";"IKH";"1.539"
"2014-03-07";"2J";"-0.038"
"2014-03-07";"10J0";"1.006"
"2014-03-07";"E";"0.767"
"2014-03-07";"K";"1.076"
"2014-03-07";"P";"1.094"
"2014-03-07";"GK";"1.119"
"2014-03-07";"IKH";"1.564"
"2014-03-10";"2J";"0.005"
"2014-03-10";"10J0";"1.002"
"2014-03-10";"E";"0.759"
"2014-03-10";"K";"1.09"
"2014-03-10";"P";"1.095"
"2014-03-10";"GK";"1.125"
"2014-03-10";"IKH";"1.566"
"2014-03-11";"2J";"-0.006"
"2014-03-11";"10J0";"0.995"
"2014-03-11";"E";"0.755"
"2014-03-11";"K";"1.079"
"2014-03-11";"P";"1.086"
"2014-03-11";"GK";"1.113"
"2014-03-11";"IKH";"1.554"
"2014-03-12";"2J";"-0.021"
"2014-03-12";"10J0";"0.987"
"2014-03-12";"E";"0.748"
"2014-03-12";"K";"1.056"
"2014-03-12";"P";"1.064"
"2014-03-12";"GK";"1.094"
"2014-03-12";"IKH";"1.53"
"2014-03-13";"2J";"-0.024"
"2014-03-13";"10J0";"0.953"
"2014-03-13";"E";"0.719"
"2014-03-13";"K";"1.042"
"2014-03-13";"P";"1.054"
"2014-03-13";"GK";"1.088"
"2014-03-13";"IKH";"1.513"
"2014-03-14";"2J";"-0.021"
"2014-03-14";"10J0";"0.942"
"2014-03-14";"E";"0.702"
"2014-03-14";"K";"1.022"
"2014-03-14";"P";"1.035"
"2014-03-14";"GK";"1.069"
"2014-03-14";"IKH";"1.498"
"2014-03-17";"2J";"-0.028"
"2014-03-17";"10J0";"0.961"
"2014-03-17";"E";"0.72"
"2014-03-17";"K";"1.03"
"2014-03-17";"P";"1.051"
"2014-03-17";"GK";"1.085"
"2014-03-17";"IKH";"1.506"
"2014-03-18";"2J";"-0.026"
"2014-03-18";"10J0";"0.964"
"2014-03-18";"E";"0.721"
"2014-03-18";"K";"1.042"
"2014-03-18";"P";"1.05"
"2014-03-18";"GK";"1.088"
"2014-03-18";"IKH";"1.508"
"2014-03-19";"2J";"-0.042"
"2014-03-19";"10J0";"0.959"
"2014-03-19";"E";"0.721"
"2014-03-19";"K";"1.04"
"2014-03-19";"P";"1.056"
"2014-03-19";"GK";"1.086"
"2014-03-19";"IKH";"1.515"
"2014-03-20";"2J";"-0.019"
"2014-03-20";"10J0";"1.004"
"2014-03-20";"E";"0.766"
"2014-03-20";"K";"1.058"
"2014-03-20";"P";"1.101"
"2014-03-20";"GK";"1.125"
"2014-03-20";"IKH";"1.549"
"2014-03-21";"2J";"-0.024"
"2014-03-21";"10J0";"1"
"2014-03-21";"E";"0.758"
"2014-03-21";"K";"1.079"
"2014-03-21";"P";"1.095"
"2014-03-21";"GK";"1.116"
"2014-03-21";"IKH";"1.543"
"2014-03-24";"2J";"-0.024"
"2014-03-24";"10J0";"1.004"
"2014-03-24";"E";"0.761"
"2014-03-24";"K";"1.085"
"2014-03-24";"P";"1.097"
"2014-03-24";"GK";"1.109"
"2014-03-24";"IKH";"1.561"
"2014-03-25";"2J";"-0.034"
"2014-03-25";"10J0";"0.956"
"2014-03-25";"E";"0.715"
"2014-03-25";"K";"1.036"
"2014-03-25";"P";"1.045"
"2014-03-25";"GK";"1.076"
"2014-03-25";"IKH";"1.515"
"2014-03-26";"2J";"-0.024"
"2014-03-26";"10J0";"0.936"
"2014-03-26";"E";"0.695"
"2014-03-26";"K";"1.031"
"2014-03-26";"P";"1.041"
"2014-03-26";"GK";"1.069"
"2014-03-26";"IKH";"1.505"
"2014-03-27";"2J";"-0.03"
"2014-03-27";"10J0";"0.943"
"2014-03-27";"E";"0.702"
"2014-03-27";"K";"1.023"
"2014-03-27";"P";"1.039"
"2014-03-27";"GK";"1.074"
"2014-03-27";"IKH";"1.496"
"2014-03-28";"2J";"-0.043"
"2014-03-28";"10J0";"0.923"
"2014-03-28";"E";"0.684"
"2014-03-28";"K";"1.005"
"2014-03-28";"P";"1.02"
"2014-03-28";"GK";"1.053"
"2014-03-28";"IKH";"1.485"
"2014-03-31";"2J";"-0.031"
"2014-03-31";"10J0";"0.955"
"2014-03-31";"E";"0.715"
"2014-03-31";"K";"1.036"
"2014-03-31";"P";"1.056"
"2014-03-31";"GK";"1.077"
"2014-03-31";"IKH";"1.511"
"2014-04-01";"2J";"-0.033"
"2014-04-01";"10J0";"0.948"
"2014-04-01";"E";"0.706"
"2014-04-01";"K";"1.028"
"2014-04-01";"P";"1.05"
"2014-04-01";"GK";"1.072"
"2014-04-01";"IKH";"1.508"
"2014-04-02";"2J";"-0.025"
"2014-04-02";"10J0";"0.95"
"2014-04-02";"E";"0.708"
"2014-04-02";"K";"1.036"
"2014-04-02";"P";"1.037"
"2014-04-02";"GK";"1.068"
"2014-04-02";"IKH";"1.496"
"2014-04-03";"2J";"-0.02"
"2014-04-03";"10J0";"0.968"
"2014-04-03";"E";"0.724"
"2014-04-03";"K";"1.045"
"2014-04-03";"P";"1.064"
"2014-04-03";"GK";"1.083"
"2014-04-03";"IKH";"1.501"
"2014-04-04";"2J";"-0.024"
"2014-04-04";"10J0";"0.942"
"2014-04-04";"E";"0.703"
"2014-04-04";"K";"1.016"
"2014-04-04";"P";"1.04"
"2014-04-04";"GK";"1.058"
"2014-04-04";"IKH";"1.483"
"2014-04-07";"2J";"-0.036"
"2014-04-07";"10J0";"0.914"
"2014-04-07";"E";"0.675"
"2014-04-07";"K";"0.991"
"2014-04-07";"P";"1.018"
"2014-04-07";"GK";"1.014"
"2014-04-07";"IKH";"1.472"
"2014-04-08";"2J";"-0.041"
"2014-04-08";"10J0";"0.902"
"2014-04-08";"E";"0.664"
"2014-04-08";"K";"0.972"
"2014-04-08";"P";"0.99"
"2014-04-08";"GK";"1.001"
"2014-04-08";"IKH";"1.45"
"2014-04-09";"2J";"-0.033"
"2014-04-09";"10J0";"0.908"
"2014-04-09";"E";"0.67"
"2014-04-09";"K";"0.973"
"2014-04-09";"P";"0.992"
"2014-04-09";"GK";"1.005"
"2014-04-09";"IKH";"1.446"
"2014-04-10";"2J";"-0.04"
"2014-04-10";"10J0";"0.906"
"2014-04-10";"E";"0.661"
"2014-04-10";"K";"0.961"
"2014-04-10";"P";"0.987"
"2014-04-10";"GK";"0.994"
"2014-04-10";"IKH";"1.436"
"2014-04-11";"2J";"-0.024"
"2014-04-11";"10J0";"0.896"
"2014-04-11";"E";"0.651"
"2014-04-11";"K";"0.953"
"2014-04-11";"P";"0.978"
"2014-04-11";"GK";"0.977"
"2014-04-11";"IKH";"1.432"
"2014-04-14";"2J";"-0.048"
"2014-04-14";"10J0";"0.871"
"2014-04-14";"E";"0.627"
"2014-04-14";"K";"0.931"
"2014-04-14";"P";"0.953"
"2014-04-14";"GK";"0.966"
"2014-04-14";"IKH";"1.412"
"2014-04-15";"2J";"-0.023"
"2014-04-15";"10J0";"0.876"
"2014-04-15";"E";"0.633"
"2014-04-15";"K";"0.925"
"2014-04-15";"P";"0.95"
"2014-04-15";"GK";"0.96"
"2014-04-15";"IKH";"1.411"
"2014-04-16";"2J";"-0.023"
"2014-04-16";"10J0";"0.861"
"2014-04-16";"E";"0.621"
"2014-04-16";"K";"0.915"
"2014-04-16";"P";"0.933"
"2014-04-16";"GK";"0.953"
"2014-04-16";"IKH";"1.391"
"2014-04-17";"2J";"-0.019"
"2014-04-17";"10J0";"0.862"
"2014-04-17";"E";"0.622"
"2014-04-17";"K";"0.913"
"2014-04-17";"P";"0.936"
"2014-04-17";"GK";"0.949"
"2014-04-17";"IKH";"1.384"
"2014-04-18";"2J";
"2014-04-18";"10J0";
"2014-04-18";"E";
"2014-04-18";"K";
"2014-04-18";"P";
"2014-04-18";"GK";
"2014-04-18";"IKH";
"2014-04-21";"2J";
"2014-04-21";"10J0";
"2014-04-21";"E";
"2014-04-21";"K";
"2014-04-21";"P";
"2014-04-21";"GK";
"2014-04-21";"IKH";
"2014-04-22";"2J";"-0.024"
"2014-04-22";"10J0";"0.891"
"2014-04-22";"E";"0.648"
"2014-04-22";"K";"0.934"
"2014-04-22";"P";"0.96"
"2014-04-22";"GK";"0.957"
"2014-04-22";"IKH";"1.389"
"2014-04-23";"2J";"-0.006"
"2014-04-23";"10J0";"0.897"
"2014-04-23";"E";"0.656"
"2014-04-23";"K";"0.948"
"2014-04-23";"P";"0.97"
"2014-04-23";"GK";"0.967"
"2014-04-23";"IKH";"1.398"
"2014-04-24";"2J";"-0.005"
"2014-04-24";"10J0";"0.882"
"2014-04-24";"E";"0.644"
"2014-04-24";"K";"0.93"
"2014-04-24";"P";"0.956"
"2014-04-24";"GK";"0.954"
"2014-04-24";"IKH";"1.384"
"2014-04-25";"2J";"-0.004"
"2014-04-25";"10J0";"0.868"
"2014-04-25";"E";"0.631"
"2014-04-25";"K";"0.916"
"2014-04-25";"P";"0.946"
"2014-04-25";"GK";"0.943"
"2014-04-25";"IKH";"1.365"
"2014-04-28";"2J";"-0.017"
"2014-04-28";"10J0";"0.859"
"2014-04-28";"E";"0.622"
"2014-04-28";"K";"0.907"
"2014-04-28";"P";"0.93"
"2014-04-28";"GK";"0.926"
"2014-04-28";"IKH";"1.351"
"2014-04-29";"2J";"0.021"
"2014-04-29";"10J0";"0.886"
"2014-04-29";"E";"0.649"
"2014-04-29";"K";"0.929"
"2014-04-29";"P";"0.959"
"2014-04-29";"GK";"0.951"
"2014-04-29";"IKH";"1.385"
"2014-04-30";"2J";"0.005"
"2014-04-30";"10J0";"0.86"
"2014-04-30";"E";"0.621"
"2014-04-30";"K";"0.911"
"2014-04-30";"P";"0.939"
"2014-04-30";"GK";"0.93"
"2014-04-30";"IKH";"1.363"
"2014-05-01";"2J";
"2014-05-01";"10J0";
"2014-05-01";"E";
"2014-05-01";"K";
"2014-05-01";"P";
"2014-05-01";"GK";
"2014-05-01";"IKH";
"2014-05-02";"2J";"0.017"
"2014-05-02";"10J0";"0.851"
"2014-05-02";"E";"0.612"
"2014-05-02";"K";"0.891"
"2014-05-02";"P";"0.929"
"2014-05-02";"GK";"0.949"
"2014-05-02";"IKH";"1.355"
"2014-05-05";"2J";"0.007"
"2014-05-05";"10J0";"0.853"
"2014-05-05";"E";"0.615"
"2014-05-05";"K";"0.888"
"2014-05-05";"P";"0.929"
"2014-05-05";"GK";"0.929"
"2014-05-05";"IKH";"1.37"
"2014-05-06";"2J";"0.022"
"2014-05-06";"10J0";"0.858"
"2014-05-06";"E";"0.622"
"2014-05-06";"K";"0.902"
"2014-05-06";"P";"0.935"
"2014-05-06";"GK";"0.939"
"2014-05-06";"IKH";"1.345"
"2014-05-07";"2J";"0.026"
"2014-05-07";"10J0";"0.857"
"2014-05-07";"E";"0.623"
"2014-05-07";"K";"0.905"
"2014-05-07";"P";"0.933"
"2014-05-07";"GK";"0.927"
"2014-05-07";"IKH";"1.337"
"2014-05-08";"2J";"0.023"
"2014-05-08";"10J0";"0.857"
"2014-05-08";"E";"0.619"
"2014-05-08";"K";"0.905"
"2014-05-08";"P";"0.932"
"2014-05-08";"GK";"0.927"
"2014-05-08";"IKH";"1.34"
"2014-05-09";"2J";"0.007"
"2014-05-09";"10J0";"0.831"
"2014-05-09";"E";"0.598"
"2014-05-09";"K";"0.88"
"2014-05-09";"P";"0.91"
"2014-05-09";"GK";"0.907"
"2014-05-09";"IKH";"1.327"
"2014-05-12";"2J";"-0.002"
"2014-05-12";"10J0";"0.832"
"2014-05-12";"E";"0.596"
"2014-05-12";"K";"0.877"
"2014-05-12";"P";"0.911"
"2014-05-12";"GK";"0.914"
"2014-05-12";"IKH";"1.332"
"2014-05-13";"2J";"-0.003"
"2014-05-13";"10J0";"0.821"
"2014-05-13";"E";"0.587"
"2014-05-13";"K";"0.865"
"2014-05-13";"P";"0.892"
"2014-05-13";"GK";"0.903"
"2014-05-13";"IKH";"1.316"
"2014-05-14";"2J";"-0.012"
"2014-05-14";"10J0";"0.764"
"2014-05-14";"E";"0.527"
"2014-05-14";"K";"0.8"
"2014-05-14";"P";"0.834"
"2014-05-14";"GK";"0.848"
"2014-05-14";"IKH";"1.264"
"2014-05-15";"2J";"-0.013"
"2014-05-15";"10J0";"0.729"
"2014-05-15";"E";"0.498"
"2014-05-15";"K";"0.756"
"2014-05-15";"P";"0.791"
"2014-05-15";"GK";"0.805"
"2014-05-15";"IKH";"1.219"
"2014-05-16";"2J";"0.008"
"2014-05-16";"10J0";"0.733"
"2014-05-16";"E";"0.503"
"2014-05-16";"K";"0.764"
"2014-05-16";"P";"0.796"
"2014-05-16";"GK";"0.808"
"2014-05-16";"IKH";"1.222"
"2014-05-19";"2J";"-0.005"
"2014-05-19";"10J0";"0.759"
"2014-05-19";"E";"0.529"
"2014-05-19";"K";"0.781"
"2014-05-19";"P";"0.81"
"2014-05-19";"GK";"0.82"
"2014-05-19";"IKH";"1.225"
"2014-05-20";"2J";"-0.001"
"2014-05-20";"10J0";"0.797"
"2014-05-20";"E";"0.564"
"2014-05-20";"K";"0.808"
"2014-05-20";"P";"0.837"
"2014-05-20";"GK";"0.852"
"2014-05-20";"IKH";"1.238"
"2014-05-21";"2J";"0.002"
"2014-05-21";"10J0";"0.817"
"2014-05-21";"E";"0.582"
"2014-05-21";"K";"0.832"
"2014-05-21";"P";"0.859"
"2014-05-21";"GK";"0.917"
"2014-05-21";"IKH";"1.257"
"2014-05-22";"2J";"0.002"
"2014-05-22";"10J0";"0.834"
"2014-05-22";"E";"0.594"
"2014-05-22";"K";"0.847"
"2014-05-22";"P";"0.876"
"2014-05-22";"GK";"0.935"
"2014-05-22";"IKH";"1.279"
"2014-05-23";"2J";"0"
"2014-05-23";"10J0";"0.825"
"2014-05-23";"E";"0.586"
"2014-05-23";"K";"0.835"
"2014-05-23";"P";"0.862"
"2014-05-23";"GK";"0.92"
"2014-05-23";"IKH";"1.277"
"2014-05-26";"2J";"-0.004"
"2014-05-26";"10J0";"0.823"
"2014-05-26";"E";"0.582"
"2014-05-26";"K";"0.835"
"2014-05-26";"P";"0.865"
"2014-05-26";"GK";"0.911"
"2014-05-26";"IKH";"1.285"
"2014-05-27";"2J";"-0.014"
"2014-05-27";"10J0";"0.807"
"2014-05-27";"E";"0.569"
"2014-05-27";"K";"0.816"
"2014-05-27";"P";"0.847"
"2014-05-27";"GK";"0.907"
"2014-05-27";"IKH";"1.256"
"2014-05-28";"2J";"-0.007"
"2014-05-28";"10J0";"0.768"
"2014-05-28";"E";"0.535"
"2014-05-28";"K";"0.789"
"2014-05-28";"P";"0.82"
"2014-05-28";"GK";"0.825"
"2014-05-28";"IKH";"1.225"
"2014-05-29";"2J";
"2014-05-29";"10J0";
"2014-05-29";"E";
"2014-05-29";"K";
"2014-05-29";"P";
"2014-05-29";"GK";
"2014-05-29";"IKH";
"2014-05-30";"2J";"-0.027"
"2014-05-30";"10J0";"0.77"
"2014-05-30";"E";"0.532"
"2014-05-30";"K";"0.784"
"2014-05-30";"P";"0.817"
"2014-05-30";"GK";"0.872"
"2014-05-30";"IKH";"1.233"
"2014-06-02";"2J";"-0.026"
"2014-06-02";"10J0";"0.754"
"2014-06-02";"E";"0.516"
"2014-06-02";"K";"0.781"
"2014-06-02";"P";"0.815"
"2014-06-02";"GK";"0.872"
"2014-06-02";"IKH";"1.233"
"2014-06-03";"2J";"-0.05"
"2014-06-03";"10J0";"0.756"
"2014-06-03";"E";"0.525"
"2014-06-03";"K";"0.79"
"2014-06-03";"P";"0.826"
"2014-06-03";"GK";"0.878"
"2014-06-03";"IKH";"1.245"
"2014-06-04";"2J";"-0.033"
"2014-06-04";"10J0";"0.785"
"2014-06-04";"E";"0.552"
"2014-06-04";"K";"0.82"
"2014-06-04";"P";"0.853"
"2014-06-04";"GK";"0.92"
"2014-06-04";"IKH";"1.256"
"2014-06-05";"2J";"-0.045"
"2014-06-05";"10J0";"0.803"
"2014-06-05";"E";"0.568"
"2014-06-05";"K";"0.832"
"2014-06-05";"P";"0.871"
"2014-06-05";"GK";"0.931"
"2014-06-05";"IKH";"1.286"
"2014-06-06";"2J";"-0.054"
"2014-06-06";"10J0";"0.767"
"2014-06-06";"E";"0.532"
"2014-06-06";"K";"0.793"
"2014-06-06";"P";"0.83"
"2014-06-06";"GK";"0.898"
"2014-06-06";"IKH";"1.25"
"2014-06-09";"2J";
"2014-06-09";"10J0";
"2014-06-09";"E";
"2014-06-09";"K";
"2014-06-09";"P";
"2014-06-09";"GK";
"2014-06-09";"IKH";
"2014-06-10";"2J";"-0.054"
"2014-06-10";"10J0";"0.789"
"2014-06-10";"E";"0.55"
"2014-06-10";"K";"0.8"
"2014-06-10";"P";"0.84"
"2014-06-10";"GK";"0.893"
"2014-06-10";"IKH";"1.235"
"2014-06-11";"2J";"-0.029"
"2014-06-11";"10J0";"0.834"
"2014-06-11";"E";"0.595"
"2014-06-11";"K";"0.839"
"2014-06-11";"P";"0.886"
"2014-06-11";"GK";"0.941"
"2014-06-11";"IKH";"1.272"
"2014-06-12";"2J";"-0.049"
"2014-06-12";"10J0";"0.812"
"2014-06-12";"E";"0.572"
"2014-06-12";"K";"0.822"
"2014-06-12";"P";"0.868"
"2014-06-12";"GK";"0.928"
"2014-06-12";"IKH";"1.286"
"2014-06-13";"2J";"-0.045"
"2014-06-13";"10J0";"0.806"
"2014-06-13";"E";"0.566"
"2014-06-13";"K";"0.814"
"2014-06-13";"P";"0.856"
"2014-06-13";"GK";"0.93"
"2014-06-13";"IKH";"1.275"
"2014-06-16";"2J";"-0.041"
"2014-06-16";"10J0";"0.802"
"2014-06-16";"E";"0.564"
"2014-06-16";"K";"0.807"
"2014-06-16";"P";"0.849"
"2014-06-16";"GK";"0.919"
"2014-06-16";"IKH";"1.271"
"2014-06-17";"2J";"-0.043"
"2014-06-17";"10J0";"0.792"
"2014-06-17";"E";"0.554"
"2014-06-17";"K";"0.8"
"2014-06-17";"P";"0.842"
"2014-06-17";"GK";"0.912"
"2014-06-17";"IKH";"1.243"
"2014-06-18";"2J";"-0.015"
"2014-06-18";"10J0";"0.82"
"2014-06-18";"E";"0.579"
"2014-06-18";"K";"0.821"
"2014-06-18";"P";"0.864"
"2014-06-18";"GK";"0.933"
"2014-06-18";"IKH";"1.264"
"2014-06-19";"2J";"-0.021"
"2014-06-19";"10J0";"0.793"
"2014-06-19";"E";"0.555"
"2014-06-19";"K";"0.799"
"2014-06-19";"P";"0.842"
"2014-06-19";"GK";"0.91"
"2014-06-19";"IKH";"1.252"
"2014-06-20";"2J";"-0.012"
"2014-06-20";"10J0";"0.779"
"2014-06-20";"E";"0.541"
"2014-06-20";"K";"0.786"
"2014-06-20";"P";"0.829"
"2014-06-20";"GK";"0.901"
"2014-06-20";"IKH";"1.238"
"2014-06-23";"2J";"-0.016"
"2014-06-23";"10J0";"0.77"
"2014-06-23";"E";"0.533"
"2014-06-23";"K";"0.783"
"2014-06-23";"P";"0.821"
"2014-06-23";"GK";"0.888"
"2014-06-23";"IKH";"1.223"
"2014-06-24";"2J";"-0.009"
"2014-06-24";"10J0";"0.778"
"2014-06-24";"E";"0.542"
"2014-06-24";"K";"0.787"
"2014-06-24";"P";"0.827"
"2014-06-24";"GK";"0.903"
"2014-06-24";"IKH";"1.224"
"2014-06-25";"2J";"0.025"
"2014-06-25";"10J0";"0.763"
"2014-06-25";"E";"0.526"
"2014-06-25";"K";"0.77"
"2014-06-25";"P";"0.812"
"2014-06-25";"GK";"0.827"
"2014-06-25";"IKH";"1.215"
"2014-06-26";"2J";"0.033"
"2014-06-26";"10J0";"0.721"
"2014-06-26";"E";"0.489"
"2014-06-26";"K";"0.736"
"2014-06-26";"P";"0.777"
"2014-06-26";"GK";"0.851"
"2014-06-26";"IKH";"1.187"
"2014-06-27";"2J";"0.036"
"2014-06-27";"10J0";"0.725"
"2014-06-27";"E";"0.496"
"2014-06-27";"K";"0.748"
"2014-06-27";"P";"0.78"
"2014-06-27";"GK";"0.854"
"2014-06-27";"IKH";"1.18"
"2014-06-30";"2J";"0.032"
"2014-06-30";"10J0";"0.714"
"2014-06-30";"E";"0.482"
"2014-06-30";"K";"0.746"
"2014-06-30";"P";"0.777"
"2014-06-30";"GK";"0.851"
"2014-06-30";"IKH";"1.165"
"2014-07-01";"2J";"0.031"
"2014-07-01";"10J0";"0.72"
"2014-07-01";"E";"0.497"
"2014-07-01";"K";"0.756"
"2014-07-01";"P";"0.784"
"2014-07-01";"GK";"0.869"
"2014-07-01";"IKH";"1.188"
"2014-07-02";"2J";"0.037"
"2014-07-02";"10J0";"0.707"
"2014-07-02";"E";"0.485"
"2014-07-02";"K";"0.752"
"2014-07-02";"P";"0.786"
"2014-07-02";"GK";"0.863"
"2014-07-02";"IKH";"1.192"
"2014-07-03";"2J";"0.04"
"2014-07-03";"10J0";"0.745"
"2014-07-03";"E";"0.513"
"2014-07-03";"K";"0.788"
"2014-07-03";"P";"0.82"
"2014-07-03";"GK";"0.901"
"2014-07-03";"IKH";"1.224"
"2014-07-04";"2J";"0.043"
"2014-07-04";"10J0";"0.724"
"2014-07-04";"E";"0.491"
"2014-07-04";"K";"0.777"
"2014-07-04";"P";"0.81"
"2014-07-04";"GK";"0.884"
"2014-07-04";"IKH";"1.214"
"2014-07-07";"2J";"0.031"
"2014-07-07";"10J0";"0.72"
"2014-07-07";"E";"0.487"
"2014-07-07";"K";"0.768"
"2014-07-07";"P";"0.803"
"2014-07-07";"GK";"0.886"
"2014-07-07";"IKH";"1.217"
"2014-07-08";"2J";"0.017"
"2014-07-08";"10J0";"0.697"
"2014-07-08";"E";"0.466"
"2014-07-08";"K";"0.742"
"2014-07-08";"P";"0.772"
"2014-07-08";"GK";"0.861"
"2014-07-08";"IKH";"1.185"
"2014-07-09";"2J";"0.024"
"2014-07-09";"10J0";"0.693"
"2014-07-09";"E";"0.463"
"2014-07-09";"K";"0.744"
"2014-07-09";"P";"0.773"
"2014-07-09";"GK";"0.857"
"2014-07-09";"IKH";"1.188"
"2014-07-10";"2J";"0.034"
"2014-07-10";"10J0";"0.686"
"2014-07-10";"E";"0.46"
"2014-07-10";"K";"0.745"
"2014-07-10";"P";"0.775"
"2014-07-10";"GK";"0.859"
"2014-07-10";"IKH";"1.194"
"2014-07-11";"2J";"0.023"
"2014-07-11";"10J0";"0.684"
"2014-07-11";"E";"0.458"
"2014-07-11";"K";"0.744"
"2014-07-11";"P";"0.773"
"2014-07-11";"GK";"0.856"
"2014-07-11";"IKH";"1.177"
"2014-07-14";"2J";"0.026"
"2014-07-14";"10J0";"0.688"
"2014-07-14";"E";"0.459"
"2014-07-14";"K";"0.742"
"2014-07-14";"P";"0.771"
"2014-07-14";"GK";"0.849"
"2014-07-14";"IKH";"1.179"
"2014-07-15";"2J";"0.029"
"2014-07-15";"10J0";"0.692"
"2014-07-15";"E";"0.462"
"2014-07-15";"K";"0.744"
"2014-07-15";"P";"0.774"
"2014-07-15";"GK";"0.858"
"2014-07-15";"IKH";"1.182"
"2014-07-16";"2J";"0.043"
"2014-07-16";"10J0";"0.692"
"2014-07-16";"E";"0.463"
"2014-07-16";"K";"0.747"
"2014-07-16";"P";"0.774"
"2014-07-16";"GK";"0.85"
"2014-07-16";"IKH";"1.181"
"2014-07-17";"2J";"0.021"
"2014-07-17";"10J0";"0.694"
"2014-07-17";"E";"0.47"
"2014-07-17";"K";"0.74"
"2014-07-17";"P";"0.771"
"2014-07-17";"GK";"0.857"
"2014-07-17";"IKH";"1.181"
"2014-07-18";"2J";"0.019"
"2014-07-18";"10J0";"0.663"
"2014-07-18";"E";"0.44"
"2014-07-18";"K";"0.725"
"2014-07-18";"P";"0.753"
"2014-07-18";"GK";"0.842"
"2014-07-18";"IKH";"1.194"
"2014-07-21";"2J";"0.006"
"2014-07-21";"10J0";"0.635"
"2014-07-21";"E";"0.416"
"2014-07-21";"K";"0.704"
"2014-07-21";"P";"0.732"
"2014-07-21";"GK";"0.806"
"2014-07-21";"IKH";"1.172"
"2014-07-22";"2J";"0.002"
"2014-07-22";"10J0";"0.622"
"2014-07-22";"E";"0.407"
"2014-07-22";"K";"0.695"
"2014-07-22";"P";"0.727"
"2014-07-22";"GK";"0.811"
"2014-07-22";"IKH";"1.189"
"2014-07-23";"2J";"0.001"
"2014-07-23";"10J0";"0.61"
"2014-07-23";"E";"0.4"
"2014-07-23";"K";"0.698"
"2014-07-23";"P";"0.727"
"2014-07-23";"GK";"0.812"
"2014-07-23";"IKH";"1.173"
"2014-07-24";"2J";"0.013"
"2014-07-24";"10J0";"0.609"
"2014-07-24";"E";"0.394"
"2014-07-24";"K";"0.686"
"2014-07-24";"P";"0.714"
"2014-07-24";"GK";"0.801"
"2014-07-24";"IKH";"1.154"
"2014-07-25";"2J";"0.017"
"2014-07-25";"10J0";"0.619"
"2014-07-25";"E";"0.406"
"2014-07-25";"K";"0.694"
"2014-07-25";"P";"0.724"
"2014-07-25";"GK";"0.804"
"2014-07-25";"IKH";"1.162"
"2014-07-28";"2J";"0.019"
"2014-07-28";"10J0";"0.6"
"2014-07-28";"E";"0.39"
"2014-07-28";"K";"0.684"
"2014-07-28";"P";"0.707"
"2014-07-28";"GK";"0.798"
"2014-07-28";"IKH";"1.147"
"2014-07-29";"2J";"0.024"
"2014-07-29";"10J0";"0.57"
"2014-07-29";"E";"0.368"
"2014-07-29";"K";"0.654"
"2014-07-29";"P";"0.686"
"2014-07-29";"GK";"0.77"
"2014-07-29";"IKH";"1.149"
"2014-07-30";"2J";"0.016"
"2014-07-30";"10J0";"0.58"
"2014-07-30";"E";"0.377"
"2014-07-30";"K";"0.648"
"2014-07-30";"P";"0.698"
"2014-07-30";"GK";"0.778"
"2014-07-30";"IKH";"1.132"
"2014-07-31";"2J";"0.033"
"2014-07-31";"10J0";"0.616"
"2014-07-31";"E";"0.412"
"2014-07-31";"K";"0.683"
"2014-07-31";"P";"0.731"
"2014-07-31";"GK";"0.809"
"2014-07-31";"IKH";"1.164"
"2014-08-01";"2J";
"2014-08-01";"10J0";
"2014-08-01";"E";
"2014-08-01";"K";
"2014-08-01";"P";
"2014-08-01";"GK";
"2014-08-01";"IKH";
"2014-08-04";"2J";"0.008"
"2014-08-04";"10J0";"0.597"
"2014-08-04";"E";"0.398"
"2014-08-04";"K";"0.669"
"2014-08-04";"P";"0.714"
"2014-08-04";"GK";"0.797"
"2014-08-04";"IKH";"1.147"
"2014-08-05";"2J";"0.021"
"2014-08-05";"10J0";"0.6"
"2014-08-05";"E";"0.401"
"2014-08-05";"K";"0.678"
"2014-08-05";"P";"0.725"
"2014-08-05";"GK";"0.806"
"2014-08-05";"IKH";"1.158"
"2014-08-06";"2J";"0.051"
"2014-08-06";"10J0";"0.596"
"2014-08-06";"E";"0.399"
"2014-08-06";"K";"0.681"
"2014-08-06";"P";"0.73"
"2014-08-06";"GK";"0.807"
"2014-08-06";"IKH";"1.155"
"2014-08-07";"2J";"0.018"
"2014-08-07";"10J0";"0.573"
"2014-08-07";"E";"0.377"
"2014-08-07";"K";"0.648"
"2014-08-07";"P";"0.7"
"2014-08-07";"GK";"0.787"
"2014-08-07";"IKH";"1.134"
"2014-08-08";"2J";"0.033"
"2014-08-08";"10J0";"0.531"
"2014-08-08";"E";"0.348"
"2014-08-08";"K";"0.613"
"2014-08-08";"P";"0.667"
"2014-08-08";"GK";"0.757"
"2014-08-08";"IKH";"1.098"
"2014-08-11";"2J";"0.035"
"2014-08-11";"10J0";"0.534"
"2014-08-11";"E";"0.348"
"2014-08-11";"K";"0.624"
"2014-08-11";"P";"0.678"
"2014-08-11";"GK";"0.765"
"2014-08-11";"IKH";"1.106"
"2014-08-12";"2J";"0.03"
"2014-08-12";"10J0";"0.519"
"2014-08-12";"E";"0.34"
"2014-08-12";"K";"0.614"
"2014-08-12";"P";"0.661"
"2014-08-12";"GK";"0.755"
"2014-08-12";"IKH";"1.117"
"2014-08-13";"2J";"0.036"
"2014-08-13";"10J0";"0.525"
"2014-08-13";"E";"0.347"
"2014-08-13";"K";"0.612"
"2014-08-13";"P";"0.66"
"2014-08-13";"GK";"0.75"
"2014-08-13";"IKH";"1.117"
"2014-08-14";"2J";"0.039"
"2014-08-14";"10J0";"0.51"
"2014-08-14";"E";"0.337"
"2014-08-14";"K";"0.581"
"2014-08-14";"P";"0.629"
"2014-08-14";"GK";"0.726"
"2014-08-14";"IKH";"1.083"
"2014-08-15";"2J";"0.035"
"2014-08-15";"10J0";"0.546"
"2014-08-15";"E";"0.369"
"2014-08-15";"K";"0.585"
"2014-08-15";"P";"0.635"
"2014-08-15";"GK";"0.73"
"2014-08-15";"IKH";"1.093"
"2014-08-18";"2J";"0.033"
"2014-08-18";"10J0";"0.554"
"2014-08-18";"E";"0.374"
"2014-08-18";"K";"0.589"
"2014-08-18";"P";"0.639"
"2014-08-18";"GK";"0.731"
"2014-08-18";"IKH";"1.092"
"2014-08-19";"2J";"0.03"
"2014-08-19";"10J0";"0.567"
"2014-08-19";"E";"0.389"
"2014-08-19";"K";"0.601"
"2014-08-19";"P";"0.652"
"2014-08-19";"GK";"0.747"
"2014-08-19";"IKH";"1.111"
"2014-08-20";"2J";"0.043"
"2014-08-20";"10J0";"0.559"
"2014-08-20";"E";"0.379"
"2014-08-20";"K";"0.593"
"2014-08-20";"P";"0.639"
"2014-08-20";"GK";"0.739"
"2014-08-20";"IKH";"1.102"
"2014-08-21";"2J";"0.044"
"2014-08-21";"10J0";"0.554"
"2014-08-21";"E";"0.376"
"2014-08-21";"K";"0.588"
"2014-08-21";"P";"0.634"
"2014-08-21";"GK";"0.735"
"2014-08-21";"IKH";"1.096"
"2014-08-22";"2J";"0.038"
"2014-08-22";"10J0";"0.552"
"2014-08-22";"E";"0.377"
"2014-08-22";"K";"0.579"
"2014-08-22";"P";"0.624"
"2014-08-22";"GK";"0.723"
"2014-08-22";"IKH";"1.091"
"2014-08-25";"2J";"0.023"
"2014-08-25";"10J0";"0.551"
"2014-08-25";"E";"0.378"
"2014-08-25";"K";"0.572"
"2014-08-25";"P";"0.615"
"2014-08-25";"GK";"0.713"
"2014-08-25";"IKH";"1.075"
"2014-08-26";"2J";"0.03"
"2014-08-26";"10J0";"0.55"
"2014-08-26";"E";"0.376"
"2014-08-26";"K";"0.571"
"2014-08-26";"P";"0.614"
"2014-08-26";"GK";"0.626"
"2014-08-26";"IKH";"1.08"
"2014-08-27";"2J";"0.026"
"2014-08-27";"10J0";"0.557"
"2014-08-27";"E";"0.381"
"2014-08-27";"K";"0.575"
"2014-08-27";"P";"0.619"
"2014-08-27";"GK";"0.691"
"2014-08-27";"IKH";"1.084"
"2014-08-28";"2J";"0.011"
"2014-08-28";"10J0";"0.533"
"2014-08-28";"E";"0.358"
"2014-08-28";"K";"0.549"
"2014-08-28";"P";"0.591"
"2014-08-28";"GK";"0.666"
"2014-08-28";"IKH";"1.057"
"2014-08-29";"2J";"0.001"
"2014-08-29";"10J0";"0.529"
"2014-08-29";"E";"0.357"
"2014-08-29";"K";"0.55"
"2014-08-29";"P";"0.593"
"2014-08-29";"GK";"0.667"
"2014-08-29";"IKH";"1.053"
"2014-09-01";"2J";"-0.009"
"2014-09-01";"10J0";"0.508"
"2014-09-01";"E";"0.335"
"2014-09-01";"K";"0.525"
"2014-09-01";"P";"0.569"
"2014-09-01";"GK";"0.648"
"2014-09-01";"IKH";"1.036"
"2014-09-02";"2J";"-0.004"
"2014-09-02";"10J0";"0.534"
"2014-09-02";"E";"0.359"
"2014-09-02";"K";"0.555"
"2014-09-02";"P";"0.596"
"2014-09-02";"GK";"0.671"
"2014-09-02";"IKH";"1.06"
"2014-09-03";"2J";"0.017"
"2014-09-03";"10J0";"0.571"
"2014-09-03";"E";"0.397"
"2014-09-03";"K";"0.586"
"2014-09-03";"P";"0.631"
"2014-09-03";"GK";"0.702"
"2014-09-03";"IKH";"1.087"
"2014-09-04";"2J";"0.014"
"2014-09-04";"10J0";"0.579"
"2014-09-04";"E";"0.398"
"2014-09-04";"K";"0.593"
"2014-09-04";"P";"0.639"
"2014-09-04";"GK";"0.709"
"2014-09-04";"IKH";"1.102"
"2014-09-05";"2J";"0.006"
"2014-09-05";"10J0";"0.589"
"2014-09-05";"E";"0.394"
"2014-09-05";"K";"0.593"
"2014-09-05";"P";"0.639"
"2014-09-05";"GK";"0.71"
"2014-09-05";"IKH";"1.109"
"2014-09-08";"2J";"-0.007"
"2014-09-08";"10J0";"0.564"
"2014-09-08";"E";"0.369"
"2014-09-08";"K";"0.565"
"2014-09-08";"P";"0.61"
"2014-09-08";"GK";"0.687"
"2014-09-08";"IKH";"1.076"
"2014-09-09";"2J";"-0.01"
"2014-09-09";"10J0";"0.616"
"2014-09-09";"E";"0.42"
"2014-09-09";"K";"0.606"
"2014-09-09";"P";"0.65"
"2014-09-09";"GK";"0.717"
"2014-09-09";"IKH";"1.116"
"2014-09-10";"2J";"-0.001"
"2014-09-10";"10J0";"0.646"
"2014-09-10";"E";"0.449"
"2014-09-10";"K";"0.636"
"2014-09-10";"P";"0.681"
"2014-09-10";"GK";"0.692"
"2014-09-10";"IKH";"1.143"
"2014-09-11";"2J";"-0.019"
"2014-09-11";"10J0";"0.598"
"2014-09-11";"E";"0.399"
"2014-09-11";"K";"0.594"
"2014-09-11";"P";"0.638"
"2014-09-11";"GK";"0.716"
"2014-09-11";"IKH";"1.107"
"2014-09-12";"2J";"-0.017"
"2014-09-12";"10J0";"0.618"
"2014-09-12";"E";"0.42"
"2014-09-12";"K";"0.611"
"2014-09-12";"P";"0.651"
"2014-09-12";"GK";"0.728"
"2014-09-12";"IKH";"1.115"
"2014-09-15";"2J";"-0.027"
"2014-09-15";"10J0";"0.627"
"2014-09-15";"E";"0.432"
"2014-09-15";"K";"0.627"
"2014-09-15";"P";"0.67"
"2014-09-15";"GK";"0.751"
"2014-09-15";"IKH";"1.128"
"2014-09-16";"2J";"-0.028"
"2014-09-16";"10J0";"0.596"
"2014-09-16";"E";"0.398"
"2014-09-16";"K";"0.593"
"2014-09-16";"P";"0.634"
"2014-09-16";"GK";"0.722"
"2014-09-16";"IKH";"1.105"
"2014-09-17";"2J";"-0.029"
"2014-09-17";"10J0";"0.612"
"2014-09-17";"E";"0.415"
"2014-09-17";"K";"0.61"
"2014-09-17";"P";"0.651"
"2014-09-17";"GK";"0.662"
"2014-09-17";"IKH";"1.118"
"2014-09-18";"2J";"-0.026"
"2014-09-18";"10J0";"0.611"
"2014-09-18";"E";"0.408"
"2014-09-18";"K";"0.608"
"2014-09-18";"P";"0.649"
"2014-09-18";"GK";"0.729"
"2014-09-18";"IKH";"1.108"
"2014-09-19";"2J";"-0.015"
"2014-09-19";"10J0";"0.627"
"2014-09-19";"E";"0.425"
"2014-09-19";"K";"0.622"
"2014-09-19";"P";"0.665"
"2014-09-19";"GK";"0.74"
"2014-09-19";"IKH";"1.12"
"2014-09-22";"2J";"-0.023"
"2014-09-22";"10J0";"0.588"
"2014-09-22";"E";"0.387"
"2014-09-22";"K";"0.587"
"2014-09-22";"P";"0.63"
"2014-09-22";"GK";"0.717"
"2014-09-22";"IKH";"1.091"
"2014-09-23";"2J";"-0.024"
"2014-09-23";"10J0";"0.542"
"2014-09-23";"E";"0.347"
"2014-09-23";"K";"0.539"
"2014-09-23";"P";"0.575"
"2014-09-23";"GK";"0.671"
"2014-09-23";"IKH";"1.056"
"2014-09-24";"2J";"-0.018"
"2014-09-24";"10J0";"0.572"
"2014-09-24";"E";"0.375"
"2014-09-24";"K";"0.571"
"2014-09-24";"P";"0.608"
"2014-09-24";"GK";"0.703"
"2014-09-24";"IKH";"1.087"
"2014-09-25";"2J";"-0.005"
"2014-09-25";"10J0";"0.572"
"2014-09-25";"E";"0.381"
"2014-09-25";"K";"0.574"
"2014-09-25";"P";"0.609"
"2014-09-25";"GK";"0.709"
"2014-09-25";"IKH";"1.099"
"2014-09-26";"2J";"-0.001"
"2014-09-26";"10J0";"0.56"
"2014-09-26";"E";"0.366"
"2014-09-26";"K";"0.566"
"2014-09-26";"P";"0.605"
"2014-09-26";"GK";"0.703"
"2014-09-26";"IKH";"1.095"
"2014-09-29";"2J";"-0.014"
"2014-09-29";"10J0";"0.576"
"2014-09-29";"E";"0.385"
"2014-09-29";"K";"0.574"
"2014-09-29";"P";"0.613"
"2014-09-29";"GK";"0.709"
"2014-09-29";"IKH";"1.115"
"2014-09-30";"2J";"-0.009"
"2014-09-30";"10J0";"0.589"
"2014-09-30";"E";"0.391"
"2014-09-30";"K";"0.587"
"2014-09-30";"P";"0.626"
"2014-09-30";"GK";"0.725"
"2014-09-30";"IKH";"1.152"
"2014-10-01";"2J";"-0.015"
"2014-10-01";"10J0";"0.579"
"2014-10-01";"E";"0.387"
"2014-10-01";"K";"0.582"
"2014-10-01";"P";"0.619"
"2014-10-01";"GK";"0.716"
"2014-10-01";"IKH";"1.164"
"2014-10-02";"2J";"-0.014"
"2014-10-02";"10J0";"0.559"
"2014-10-02";"E";"0.371"
"2014-10-02";"K";"0.561"
"2014-10-02";"P";"0.602"
"2014-10-02";"GK";"0.703"
"2014-10-02";"IKH";"1.147"
"2014-10-03";"2J";"-0.003"
"2014-10-03";"10J0";"0.568"
"2014-10-03";"E";"0.377"
"2014-10-03";"K";"0.57"
"2014-10-03";"P";"0.608"
"2014-10-03";"GK";"0.713"
"2014-10-03";"IKH";"1.151"
"2014-10-06";"2J";"-0.009"
"2014-10-06";"10J0";"0.559"
"2014-10-06";"E";"0.369"
"2014-10-06";"K";"0.561"
"2014-10-06";"P";"0.6"
"2014-10-06";"GK";"0.706"
"2014-10-06";"IKH";"1.142"
"2014-10-07";"2J";"-0.011"
"2014-10-07";"10J0";"0.554"
"2014-10-07";"E";"0.367"
"2014-10-07";"K";"0.552"
"2014-10-07";"P";"0.589"
"2014-10-07";"GK";"0.696"
"2014-10-07";"IKH";"1.145"
"2014-10-08";"2J";"-0.007"
"2014-10-08";"10J0";"0.532"
"2014-10-08";"E";"0.352"
"2014-10-08";"K";"0.534"
"2014-10-08";"P";"0.568"
"2014-10-08";"GK";"0.681"
"2014-10-08";"IKH";"1.121"
"2014-10-09";"2J";"0"
"2014-10-09";"10J0";"0.538"
"2014-10-09";"E";"0.353"
"2014-10-09";"K";"0.538"
"2014-10-09";"P";"0.574"
"2014-10-09";"GK";"0.688"
"2014-10-09";"IKH";"1.155"
"2014-10-10";"2J";"0.002"
"2014-10-10";"10J0";"0.549"
"2014-10-10";"E";"0.37"
"2014-10-10";"K";"0.545"
"2014-10-10";"P";"0.583"
"2014-10-10";"GK";"0.693"
"2014-10-10";"IKH";"1.147"
"2014-10-13";"2J";"-0.001"
"2014-10-13";"10J0";"0.542"
"2014-10-13";"E";"0.363"
"2014-10-13";"K";"0.534"
"2014-10-13";"P";"0.571"
"2014-10-13";"GK";"0.686"
"2014-10-13";"IKH";"1.136"
"2014-10-14";"2J";"-0.007"
"2014-10-14";"10J0";"0.541"
"2014-10-14";"E";"0.362"
"2014-10-14";"K";"0.534"
"2014-10-14";"P";"0.567"
"2014-10-14";"GK";"0.683"
"2014-10-14";"IKH";"1.137"
"2014-10-15";"2J";"-0.023"
"2014-10-15";"10J0";"0.52"
"2014-10-15";"E";"0.348"
"2014-10-15";"K";"0.511"
"2014-10-15";"P";"0.549"
"2014-10-15";"GK";"0.665"
"2014-10-15";"IKH";"1.119"
"2014-10-16";"2J";"-0.03"
"2014-10-16";"10J0";"0.479"
"2014-10-16";"E";"0.314"
"2014-10-16";"K";"0.48"
"2014-10-16";"P";"0.522"
"2014-10-16";"GK";"0.639"
"2014-10-16";"IKH";"1.119"
"2014-10-17";"2J";"-0.012"
"2014-10-17";"10J0";"0.545"
"2014-10-17";"E";"0.379"
"2014-10-17";"K";"0.548"
"2014-10-17";"P";"0.589"
"2014-10-17";"GK";"0.699"
"2014-10-17";"IKH";"1.175"
"2014-10-20";"2J";"-0.017"
"2014-10-20";"10J0";"0.542"
"2014-10-20";"E";"0.369"
"2014-10-20";"K";"0.539"
"2014-10-20";"P";"0.587"
"2014-10-20";"GK";"0.696"
"2014-10-20";"IKH";"1.174"
"2014-10-21";"2J";"-0.032"
"2014-10-21";"10J0";"0.515"
"2014-10-21";"E";"0.35"
"2014-10-21";"K";"0.519"
"2014-10-21";"P";"0.563"
"2014-10-21";"GK";"0.675"
"2014-10-21";"IKH";"1.143"
"2014-10-22";"2J";"-0.038"
"2014-10-22";"10J0";"0.542"
"2014-10-22";"E";"0.376"
"2014-10-22";"K";"0.542"
"2014-10-22";"P";"0.586"
"2014-10-22";"GK";"0.72"
"2014-10-22";"IKH";"1.156"
"2014-10-23";"2J";"-0.029"
"2014-10-23";"10J0";"0.547"
"2014-10-23";"E";"0.376"
"2014-10-23";"K";"0.542"
"2014-10-23";"P";"0.589"
"2014-10-23";"GK";"0.694"
"2014-10-23";"IKH";"1.161"
"2014-10-24";"2J";"-0.024"
"2014-10-24";"10J0";"0.543"
"2014-10-24";"E";"0.374"
"2014-10-24";"K";"0.54"
"2014-10-24";"P";"0.588"
"2014-10-24";"GK";"0.696"
"2014-10-24";"IKH";"1.155"
"2014-10-27";"2J";"-0.036"
"2014-10-27";"10J0";"0.573"
"2014-10-27";"E";"0.4"
"2014-10-27";"K";"0.548"
"2014-10-27";"P";"0.599"
"2014-10-27";"GK";"0.703"
"2014-10-27";"IKH";"1.155"
"2014-10-28";"2J";"-0.043"
"2014-10-28";"10J0";"0.566"
"2014-10-28";"E";"0.393"
"2014-10-28";"K";"0.516"
"2014-10-28";"P";"0.581"
"2014-10-28";"GK";"0.696"
"2014-10-28";"IKH";"1.169"
"2014-10-29";"2J";"-0.038"
"2014-10-29";"10J0";"0.57"
"2014-10-29";"E";"0.395"
"2014-10-29";"K";"0.527"
"2014-10-29";"P";"0.595"
"2014-10-29";"GK";"0.691"
"2014-10-29";"IKH";"1.178"
"2014-10-30";"2J";"-0.042"
"2014-10-30";"10J0";"0.576"
"2014-10-30";"E";"0.4"
"2014-10-30";"K";"0.536"
"2014-10-30";"P";"0.601"
"2014-10-30";"GK";"0.7"
"2014-10-30";"IKH";"1.184"
"2014-10-31";"2J";"-0.042"
"2014-10-31";"10J0";"0.558"
"2014-10-31";"E";"0.383"
"2014-10-31";"K";"0.516"
"2014-10-31";"P";"0.582"
"2014-10-31";"GK";"0.681"
"2014-10-31";"IKH";"1.168"
"2014-11-03";"2J";"-0.048"
"2014-11-03";"10J0";"0.539"
"2014-11-03";"E";"0.367"
"2014-11-03";"K";"0.511"
"2014-11-03";"P";"0.574"
"2014-11-03";"GK";"0.671"
"2014-11-03";"IKH";"1.154"
"2014-11-04";"2J";"-0.052"
"2014-11-04";"10J0";"0.557"
"2014-11-04";"E";"0.384"
"2014-11-04";"K";"0.516"
"2014-11-04";"P";"0.578"
"2014-11-04";"GK";"0.677"
"2014-11-04";"IKH";"1.17"
"2014-11-05";"2J";"-0.062"
"2014-11-05";"10J0";"0.552"
"2014-11-05";"E";"0.381"
"2014-11-05";"K";"0.512"
"2014-11-05";"P";"0.575"
"2014-11-05";"GK";"0.676"
"2014-11-05";"IKH";"1.165"
"2014-11-06";"2J";"-0.068"
"2014-11-06";"10J0";"0.544"
"2014-11-06";"E";"0.373"
"2014-11-06";"K";"0.513"
"2014-11-06";"P";"0.577"
"2014-11-06";"GK";"0.676"
"2014-11-06";"IKH";"1.158"
"2014-11-07";"2J";"-0.081"
"2014-11-07";"10J0";"0.541"
"2014-11-07";"E";"0.367"
"2014-11-07";"K";"0.512"
"2014-11-07";"P";"0.577"
"2014-11-07";"GK";"0.677"
"2014-11-07";"IKH";"1.153"
"2014-11-10";"2J";"-0.088"
"2014-11-10";"10J0";"0.524"
"2014-11-10";"E";"0.351"
"2014-11-10";"K";"0.502"
"2014-11-10";"P";"0.564"
"2014-11-10";"GK";"0.666"
"2014-11-10";"IKH";"1.148"
"2014-11-11";"2J";"-0.101"
"2014-11-11";"10J0";"0.523"
"2014-11-11";"E";"0.351"
"2014-11-11";"K";"0.497"
"2014-11-11";"P";"0.561"
"2014-11-11";"GK";"0.662"
"2014-11-11";"IKH";"1.142"
"2014-11-12";"2J";"-0.136"
"2014-11-12";"10J0";"0.49"
"2014-11-12";"E";"0.318"
"2014-11-12";"K";"0.462"
"2014-11-12";"P";"0.523"
"2014-11-12";"GK";"0.627"
"2014-11-12";"IKH";"1.115"
"2014-11-13";"2J";"-0.134"
"2014-11-13";"10J0";"0.485"
"2014-11-13";"E";"0.311"
"2014-11-13";"K";"0.478"
"2014-11-13";"P";"0.525"
"2014-11-13";"GK";"0.632"
"2014-11-13";"IKH";"1.109"
"2014-11-14";"2J";"-0.143"
"2014-11-14";"10J0";"0.459"
"2014-11-14";"E";"0.282"
"2014-11-14";"K";"0.445"
"2014-11-14";"P";"0.502"
"2014-11-14";"GK";"0.603"
"2014-11-14";"IKH";"1.093"
"2014-11-17";"2J";"-0.143"
"2014-11-17";"10J0";"0.464"
"2014-11-17";"E";"0.289"
"2014-11-17";"K";"0.448"
"2014-11-17";"P";"0.509"
"2014-11-17";"GK";"0.609"
"2014-11-17";"IKH";"1.1"
"2014-11-18";"2J";"-0.155"
"2014-11-18";"10J0";"0.471"
"2014-11-18";"E";"0.297"
"2014-11-18";"K";"0.458"
"2014-11-18";"P";"0.516"
"2014-11-18";"GK";"0.614"
"2014-11-18";"IKH";"1.099"
"2014-11-19";"2J";"-0.148"
"2014-11-19";"10J0";"0.475"
"2014-11-19";"E";"0.301"
"2014-11-19";"K";"0.459"
"2014-11-19";"P";"0.517"
"2014-11-19";"GK";"0.616"
"2014-11-19";"IKH";"1.1"
"2014-11-20";"2J";"-0.14"
"2014-11-20";"10J0";"0.474"
"2014-11-20";"E";"0.302"
"2014-11-20";"K";"0.458"
"2014-11-20";"P";"0.515"
"2014-11-20";"GK";"0.62"
"2014-11-20";"IKH";"1.101"
"2014-11-21";"2J";"-0.141"
"2014-11-21";"10J0";"0.473"
"2014-11-21";"E";"0.302"
"2014-11-21";"K";"0.453"
"2014-11-21";"P";"0.506"
"2014-11-21";"GK";"0.612"
"2014-11-21";"IKH";"1.093"
"2014-11-24";"2J";"-0.152"
"2014-11-24";"10J0";"0.468"
"2014-11-24";"E";"0.299"
"2014-11-24";"K";"0.45"
"2014-11-24";"P";"0.506"
"2014-11-24";"GK";"0.609"
"2014-11-24";"IKH";"1.091"
"2014-11-25";"2J";"-0.146"
"2014-11-25";"10J0";"0.457"
"2014-11-25";"E";"0.29"
"2014-11-25";"K";"0.435"
"2014-11-25";"P";"0.495"
"2014-11-25";"GK";"0.61"
"2014-11-25";"IKH";"1.082"
"2014-11-26";"2J";"-0.148"
"2014-11-26";"10J0";"0.44"
"2014-11-26";"E";"0.276"
"2014-11-26";"K";"0.424"
"2014-11-26";"P";"0.479"
"2014-11-26";"GK";"0.599"
"2014-11-26";"IKH";"1.067"
"2014-11-27";"2J";"-0.128"
"2014-11-27";"10J0";"0.429"
"2014-11-27";"E";"0.27"
"2014-11-27";"K";"0.418"
"2014-11-27";"P";"0.475"
"2014-11-27";"GK";"0.587"
"2014-11-27";"IKH";"1.058"
"2014-11-28";"2J";"-0.134"
"2014-11-28";"10J0";"0.413"
"2014-11-28";"E";"0.255"
"2014-11-28";"K";"0.406"
"2014-11-28";"P";"0.467"
"2014-11-28";"GK";"0.575"
"2014-11-28";"IKH";"1.044"
"2014-12-01";"2J";"-0.139"
"2014-12-01";"10J0";"0.395"
"2014-12-01";"E";"0.241"
"2014-12-01";"K";"0.393"
"2014-12-01";"P";"0.455"
"2014-12-01";"GK";"0.564"
"2014-12-01";"IKH";"1.038"
"2014-12-02";"2J";"-0.13"
"2014-12-02";"10J0";"0.406"
"2014-12-02";"E";"0.253"
"2014-12-02";"K";"0.411"
"2014-12-02";"P";"0.468"
"2014-12-02";"GK";"0.578"
"2014-12-02";"IKH";"1.049"
"2014-12-03";"2J";"-0.113"
"2014-12-03";"10J0";"0.383"
"2014-12-03";"E";"0.234"
"2014-12-03";"K";"0.4"
"2014-12-03";"P";"0.462"
"2014-12-03";"GK";"0.572"
"2014-12-03";"IKH";"1.043"
"2014-12-04";"2J";"-0.098"
"2014-12-04";"10J0";"0.385"
"2014-12-04";"E";"0.237"
"2014-12-04";"K";"0.413"
"2014-12-04";"P";"0.474"
"2014-12-04";"GK";"0.583"
"2014-12-04";"IKH";"1.049"
"2014-12-05";"2J";"-0.078"
"2014-12-05";"10J0";"0.391"
"2014-12-05";"E";"0.243"
"2014-12-05";"K";"0.416"
"2014-12-05";"P";"0.478"
"2014-12-05";"GK";"0.59"
"2014-12-05";"IKH";"1.045"
"2014-12-08";"2J";"-0.096"
"2014-12-08";"10J0";"0.404"
"2014-12-08";"E";"0.257"
"2014-12-08";"K";"0.422"
"2014-12-08";"P";"0.483"
"2014-12-08";"GK";"0.593"
"2014-12-08";"IKH";"1.067"
"2014-12-09";"2J";"-0.108"
"2014-12-09";"10J0";"0.372"
"2014-12-09";"E";"0.227"
"2014-12-09";"K";"0.387"
"2014-12-09";"P";"0.45"
"2014-12-09";"GK";"0.558"
"2014-12-09";"IKH";"1.041"
"2014-12-10";"2J";"-0.094"
"2014-12-10";"10J0";"0.365"
"2014-12-10";"E";"0.221"
"2014-12-10";"K";"0.36"
"2014-12-10";"P";"0.423"
"2014-12-10";"GK";"0.533"
"2014-12-10";"IKH";"1.008"
"2014-12-11";"2J";"-0.081"
"2014-12-11";"10J0";"0.358"
"2014-12-11";"E";"0.219"
"2014-12-11";"K";"0.353"
"2014-12-11";"P";"0.411"
"2014-12-11";"GK";"0.523"
"2014-12-11";"IKH";"0.994"
"2014-12-12";"2J";"-0.062"
"2014-12-12";"10J0";"0.335"
"2014-12-12";"E";"0.2"
"2014-12-12";"K";"0.337"
"2014-12-12";"P";"0.391"
"2014-12-12";"GK";"0.501"
"2014-12-12";"IKH";"0.981"
"2014-12-15";"2J";"-0.077"
"2014-12-15";"10J0";"0.345"
"2014-12-15";"E";"0.208"
"2014-12-15";"K";"0.33"
"2014-12-15";"P";"0.384"
"2014-12-15";"GK";"0.497"
"2014-12-15";"IKH";"0.971"
"2014-12-16";"2J";"-0.081"
"2014-12-16";"10J0";"0.344"
"2014-12-16";"E";"0.209"
"2014-12-16";"K";"0.324"
"2014-12-16";"P";"0.381"
"2014-12-16";"GK";"0.495"
"2014-12-16";"IKH";"0.94"
"2014-12-17";"2J";"-0.091"
"2014-12-17";"10J0";"0.337"
"2014-12-17";"E";"0.203"
"2014-12-17";"K";"0.317"
"2014-12-17";"P";"0.381"
"2014-12-17";"GK";"0.49"
"2014-12-17";"IKH";"0.932"
"2014-12-18";"2J";"-0.182"
"2014-12-18";"10J0";"0.317"
"2014-12-18";"E";"0.19"
"2014-12-18";"K";"0.263"
"2014-12-18";"P";"0.328"
"2014-12-18";"GK";"0.445"
"2014-12-18";"IKH";"0.9"
"2014-12-19";"2J";"-0.196"
"2014-12-19";"10J0";"0.347"
"2014-12-19";"E";"0.202"
"2014-12-19";"K";"0.276"
"2014-12-19";"P";"0.347"
"2014-12-19";"GK";"0.458"
"2014-12-19";"IKH";"0.93"
"2014-12-22";"2J";"-0.223"
"2014-12-22";"10J0";"0.336"
"2014-12-22";"E";"0.191"
"2014-12-22";"K";"0.273"
"2014-12-22";"P";"0.342"
"2014-12-22";"GK";"0.455"
"2014-12-22";"IKH";"0.923"
"2014-12-23";"2J";"-0.219"
"2014-12-23";"10J0";"0.388"
"2014-12-23";"E";"0.242"
"2014-12-23";"K";"0.289"
"2014-12-23";"P";"0.358"
"2014-12-23";"GK";"0.475"
"2014-12-23";"IKH";"0.944"
"2014-12-24";"2J";
"2014-12-24";"10J0";
"2014-12-24";"E";
"2014-12-24";"K";
"2014-12-24";"P";
"2014-12-24";"GK";
"2014-12-24";"IKH";
"2014-12-25";"2J";
"2014-12-25";"10J0";
"2014-12-25";"E";
"2014-12-25";"K";
"2014-12-25";"P";
"2014-12-25";"GK";
"2014-12-25";"IKH";
"2014-12-26";"2J";
"2014-12-26";"10J0";
"2014-12-26";"E";
"2014-12-26";"K";
"2014-12-26";"P";
"2014-12-26";"GK";
"2014-12-26";"IKH";
"2014-12-29";"2J";"-0.249"
"2014-12-29";"10J0";"0.377"
"2014-12-29";"E";"0.228"
"2014-12-29";"K";"0.282"
"2014-12-29";"P";"0.35"
"2014-12-29";"GK";"0.458"
"2014-12-29";"IKH";"0.94"
"2014-12-30";"2J";"-0.259"
"2014-12-30";"10J0";"0.375"
"2014-12-30";"E";"0.228"
"2014-12-30";"K";"0.269"
"2014-12-30";"P";"0.336"
"2014-12-30";"GK";"0.449"
"2014-12-30";"IKH";"0.94"
"2014-12-31";"2J";
"2014-12-31";"10J0";
"2014-12-31";"E";
"2014-12-31";"K";
"2014-12-31";"P";
"2014-12-31";"GK";
"2014-12-31";"IKH";
"2015-01-01";"2J";
"2015-01-01";"10J0";
"2015-01-01";"E";
"2015-01-01";"K";
"2015-01-01";"P";
"2015-01-01";"GK";
"2015-01-01";"IKH";
"2015-01-02";"2J";
"2015-01-02";"10J0";
"2015-01-02";"E";
"2015-01-02";"K";
"2015-01-02";"P";
"2015-01-02";"GK";
"2015-01-02";"IKH";
"2015-01-05";"2J";"-0.287"
"2015-01-05";"10J0";"0.312"
"2015-01-05";"E";"0.173"
"2015-01-05";"K";"0.229"
"2015-01-05";"P";"0.295"
"2015-01-05";"GK";"0.404"
"2015-01-05";"IKH";"0.889"
"2015-01-06";"2J";"-0.259"
"2015-01-06";"10J0";"0.259"
"2015-01-06";"E";"0.129"
"2015-01-06";"K";"0.213"
"2015-01-06";"P";"0.276"
"2015-01-06";"GK";"0.384"
"2015-01-06";"IKH";"0.859"
"2015-01-07";"2J";"-0.298"
"2015-01-07";"10J0";"0.195"
"2015-01-07";"E";"0.073"
"2015-01-07";"K";"0.165"
"2015-01-07";"P";"0.228"
"2015-01-07";"GK";"0.335"
"2015-01-07";"IKH";"0.797"
"2015-01-08";"2J";"-0.285"
"2015-01-08";"10J0";"0.205"
"2015-01-08";"E";"0.083"
"2015-01-08";"K";"0.174"
"2015-01-08";"P";"0.241"
"2015-01-08";"GK";"0.348"
"2015-01-08";"IKH";"0.816"
"2015-01-09";"2J";"-0.304"
"2015-01-09";"10J0";"0.209"
"2015-01-09";"E";"0.081"
"2015-01-09";"K";"0.175"
"2015-01-09";"P";"0.234"
"2015-01-09";"GK";"0.344"
"2015-01-09";"IKH";"0.811"
"2015-01-12";"2J";"-0.331"
"2015-01-12";"10J0";"0.224"
"2015-01-12";"E";"0.091"
"2015-01-12";"K";"0.183"
"2015-01-12";"P";"0.238"
"2015-01-12";"GK";"0.346"
"2015-01-12";"IKH";"0.825"
"2015-01-13";"2J";"-0.329"
"2015-01-13";"10J0";"0.206"
"2015-01-13";"E";"0.07"
"2015-01-13";"K";"0.151"
"2015-01-13";"P";"0.208"
"2015-01-13";"GK";"0.318"
"2015-01-13";"IKH";"0.79"
"2015-01-14";"2J";"-0.344"
"2015-01-14";"10J0";"0.196"
"2015-01-14";"E";"0.056"
"2015-01-14";"K";"0.142"
"2015-01-14";"P";"0.193"
"2015-01-14";"GK";"0.304"
"2015-01-14";"IKH";"0.766"
"2015-01-15";"2J";"-0.357"
"2015-01-15";"10J0";"0.169"
"2015-01-15";"E";"0.023"
"2015-01-15";"K";"0.117"
"2015-01-15";"P";"0.178"
"2015-01-15";"GK";"0.295"
"2015-01-15";"IKH";"0.739"
"2015-01-16";"2J";"-0.608"
"2015-01-16";"10J0";"-0.024"
"2015-01-16";"E";"-0.169"
"2015-01-16";"K";"-0.107"
"2015-01-16";"P";"-0.038"
"2015-01-16";"GK";"0.06"
"2015-01-16";"IKH";"0.594"
"2015-01-19";"2J";"-0.738"
"2015-01-19";"10J0";"-0.057"
"2015-01-19";"E";"-0.21"
"2015-01-19";"K";"-0.149"
"2015-01-19";"P";"-0.068"
"2015-01-19";"GK";"0.026"
"2015-01-19";"IKH";"0.655"
"2015-01-20";"2J";"-0.848"
"2015-01-20";"10J0";"-0.101"
"2015-01-20";"E";"-0.271"
"2015-01-20";"K";"-0.152"
"2015-01-20";"P";"-0.071"
"2015-01-20";"GK";"0.035"
"2015-01-20";"IKH";"0.51"
"2015-01-21";"2J";"-0.835"
"2015-01-21";"10J0";"-0.197"
"2015-01-21";"E";"-0.368"
"2015-01-21";"K";"-0.205"
"2015-01-21";"P";"-0.127"
"2015-01-21";"GK";"0.002"
"2015-01-21";"IKH";"0.445"
"2015-01-22";"2J";"-0.897"
"2015-01-22";"10J0";"-0.197"
"2015-01-22";"E";"-0.388"
"2015-01-22";"K";"-0.152"
"2015-01-22";"P";"-0.109"
"2015-01-22";"GK";"0.021"
"2015-01-22";"IKH";"0.468"
"2015-01-23";"2J";"-1.138"
"2015-01-23";"10J0";"-0.3"
"2015-01-23";"E";"-0.513"
"2015-01-23";"K";"-0.24"
"2015-01-23";"P";"-0.19"
"2015-01-23";"GK";"-0.06"
"2015-01-23";"IKH";"0.4"
"2015-01-26";"2J";"-1.163"
"2015-01-26";"10J0";"-0.259"
"2015-01-26";"E";"-0.484"
"2015-01-26";"K";"-0.208"
"2015-01-26";"P";"-0.124"
"2015-01-26";"GK";"-0.017"
"2015-01-26";"IKH";"0.413"
"2015-01-27";"2J";"-0.919"
"2015-01-27";"10J0";"-0.084"
"2015-01-27";"E";"-0.28"
"2015-01-27";"K";"0"
"2015-01-27";"P";"0.016"
"2015-01-27";"GK";"0.135"
"2015-01-27";"IKH";"0.571"
"2015-01-28";"2J";"-0.812"
"2015-01-28";"10J0";"-0.046"
"2015-01-28";"E";"-0.218"
"2015-01-28";"K";"-0.009"
"2015-01-28";"P";"0.019"
"2015-01-28";"GK";"0.148"
"2015-01-28";"IKH";"0.548"
"2015-01-29";"2J";"-0.806"
"2015-01-29";"10J0";"-0.052"
"2015-01-29";"E";"-0.234"
"2015-01-29";"K";"-0.017"
"2015-01-29";"P";"0.019"
"2015-01-29";"GK";"0.154"
"2015-01-29";"IKH";"0.569"
"2015-01-30";"2J";"-0.702"
"2015-01-30";"10J0";"-0.067"
"2015-01-30";"E";"-0.238"
"2015-01-30";"K";"-0.004"
"2015-01-30";"P";"0.037"
"2015-01-30";"GK";"0.154"
"2015-01-30";"IKH";"0.578"
"2015-02-02";"2J";"-0.777"
"2015-02-02";"10J0";"-0.096"
"2015-02-02";"E";"-0.265"
"2015-02-02";"K";"-0.018"
"2015-02-02";"P";"0.033"
"2015-02-02";"GK";"0.147"
"2015-02-02";"IKH";"0.558"
"2015-02-03";"2J";"-0.915"
"2015-02-03";"10J0";"-0.12"
"2015-02-03";"E";"-0.285"
"2015-02-03";"K";"-0.049"
"2015-02-03";"P";"-0.008"
"2015-02-03";"GK";"0.123"
"2015-02-03";"IKH";"0.527"
"2015-02-04";"2J";"-0.839"
"2015-02-04";"10J0";"-0.106"
"2015-02-04";"E";"-0.271"
"2015-02-04";"K";"-0.025"
"2015-02-04";"P";"0.025"
"2015-02-04";"GK";"0.126"
"2015-02-04";"IKH";"0.574"
"2015-02-05";"2J";"-0.867"
"2015-02-05";"10J0";"-0.123"
"2015-02-05";"E";"-0.294"
"2015-02-05";"K";"-0.026"
"2015-02-05";"P";"0.022"
"2015-02-05";"GK";"0.132"
"2015-02-05";"IKH";"0.575"
"2015-02-06";"2J";"-0.873"
"2015-02-06";"10J0";"-0.096"
"2015-02-06";"E";"-0.268"
"2015-02-06";"K";"-0.009"
"2015-02-06";"P";"0.04"
"2015-02-06";"GK";"0.17"
"2015-02-06";"IKH";"0.582"
"2015-02-09";"2J";"-0.886"
"2015-02-09";"10J0";"-0.083"
"2015-02-09";"E";"-0.263"
"2015-02-09";"K";"0.013"
"2015-02-09";"P";"0.059"
"2015-02-09";"GK";"0.176"
"2015-02-09";"IKH";"0.601"
"2015-02-10";"2J";"-0.929"
"2015-02-10";"10J0";"-0.045"
"2015-02-10";"E";"-0.226"
"2015-02-10";"K";"0.021"
"2015-02-10";"P";"0.076"
"2015-02-10";"GK";"0.17"
"2015-02-10";"IKH";"0.744"
"2015-02-11";"2J";"-0.933"
"2015-02-11";"10J0";"0.01"
"2015-02-11";"E";"-0.18"
"2015-02-11";"K";"0.054"
"2015-02-11";"P";"0.107"
"2015-02-11";"GK";"0.212"
"2015-02-11";"IKH";"0.654"
"2015-02-12";"2J";"-0.89"
"2015-02-12";"10J0";"0.035"
"2015-02-12";"E";"-0.151"
"2015-02-12";"K";"0.081"
"2015-02-12";"P";"0.149"
"2015-02-12";"GK";"0.25"
"2015-02-12";"IKH";"0.695"
"2015-02-13";"2J";"-0.954"
"2015-02-13";"10J0";"0.036"
"2015-02-13";"E";"-0.141"
"2015-02-13";"K";"0.079"
"2015-02-13";"P";"0.138"
"2015-02-13";"GK";"0.24"
"2015-02-13";"IKH";"0.691"
"2015-02-16";"2J";"-0.971"
"2015-02-16";"10J0";"0.042"
"2015-02-16";"E";"-0.136"
"2015-02-16";"K";"0.081"
"2015-02-16";"P";"0.136"
"2015-02-16";"GK";"0.248"
"2015-02-16";"IKH";"0.682"
"2015-02-17";"2J";"-0.971"
"2015-02-17";"10J0";"0.078"
"2015-02-17";"E";"-0.103"
"2015-02-17";"K";"0.103"
"2015-02-17";"P";"0.136"
"2015-02-17";"GK";"0.259"
"2015-02-17";"IKH";"0.703"
"2015-02-18";"2J";"-0.871"
"2015-02-18";"10J0";"0.053"
"2015-02-18";"E";"-0.129"
"2015-02-18";"K";"0.11"
"2015-02-18";"P";"0.148"
"2015-02-18";"GK";"0.28"
"2015-02-18";"IKH";"0.705"
"2015-02-19";"2J";"-0.872"
"2015-02-19";"10J0";"0.039"
"2015-02-19";"E";"-0.147"
"2015-02-19";"K";"0.099"
"2015-02-19";"P";"0.138"
"2015-02-19";"GK";"0.265"
"2015-02-19";"IKH";"0.704"
"2015-02-20";"2J";"-0.895"
"2015-02-20";"10J0";"0.051"
"2015-02-20";"E";"-0.144"
"2015-02-20";"K";"0.111"
"2015-02-20";"P";"0.171"
"2015-02-20";"GK";"0.291"
"2015-02-20";"IKH";"0.717"
"2015-02-23";"2J";"-0.89"
"2015-02-23";"10J0";"0.063"
"2015-02-23";"E";"-0.134"
"2015-02-23";"K";"0.132"
"2015-02-23";"P";"0.171"
"2015-02-23";"GK";"0.305"
"2015-02-23";"IKH";"0.728"
"2015-02-24";"2J";"-0.838"
"2015-02-24";"10J0";"0.07"
"2015-02-24";"E";"-0.121"
"2015-02-24";"K";"0.139"
"2015-02-24";"P";"0.194"
"2015-02-24";"GK";"0.313"
"2015-02-24";"IKH";"0.758"
"2015-02-25";"2J";"-0.803"
"2015-02-25";"10J0";"0.048"
"2015-02-25";"E";"-0.132"
"2015-02-25";"K";"0.133"
"2015-02-25";"P";"0.192"
"2015-02-25";"GK";"0.311"
"2015-02-25";"IKH";"0.756"
"2015-02-26";"2J";"-0.779"
"2015-02-26";"10J0";"0.027"
"2015-02-26";"E";"-0.141"
"2015-02-26";"K";"0.116"
"2015-02-26";"P";"0.168"
"2015-02-26";"GK";"0.287"
"2015-02-26";"IKH";"0.733"
"2015-02-27";"2J";"-0.8"
"2015-02-27";"10J0";"0.015"
"2015-02-27";"E";"-0.157"
"2015-02-27";"K";"0.11"
"2015-02-27";"P";"0.17"
"2015-02-27";"GK";"0.284"
"2015-02-27";"IKH";"0.728"
"2015-03-02";"2J";"-0.831"
"2015-03-02";"10J0";"0.004"
"2015-03-02";"E";"-0.168"
"2015-03-02";"K";"0.088"
"2015-03-02";"P";"0.151"
"2015-03-02";"GK";"0.277"
"2015-03-02";"IKH";"0.706"
"2015-03-03";"2J";"-0.813"
"2015-03-03";"10J0";"-0.021"
"2015-03-03";"E";"-0.188"
"2015-03-03";"K";"0.086"
"2015-03-03";"P";"0.139"
"2015-03-03";"GK";"0.278"
"2015-03-03";"IKH";"0.693"
"2015-03-04";"2J";"-0.798"
"2015-03-04";"10J0";"-0.013"
"2015-03-04";"E";"-0.183"
"2015-03-04";"K";"0.109"
"2015-03-04";"P";"0.176"
"2015-03-04";"GK";"0.301"
"2015-03-04";"IKH";"0.706"
"2015-03-05";"2J";"-0.758"
"2015-03-05";"10J0";"0.025"
"2015-03-05";"E";"-0.133"
"2015-03-05";"K";"0.169"
"2015-03-05";"P";"0.217"
"2015-03-05";"GK";"0.34"
"2015-03-05";"IKH";"0.76"
"2015-03-06";"2J";"-0.681"
"2015-03-06";"10J0";"0.012"
"2015-03-06";"E";"-0.149"
"2015-03-06";"K";"0.175"
"2015-03-06";"P";"0.215"
"2015-03-06";"GK";"0.35"
"2015-03-06";"IKH";"0.77"
"2015-03-09";"2J";"-0.709"
"2015-03-09";"10J0";"-0.017"
"2015-03-09";"E";"-0.175"
"2015-03-09";"K";"0.154"
"2015-03-09";"P";"0.207"
"2015-03-09";"GK";"0.325"
"2015-03-09";"IKH";"0.763"
"2015-03-10";"2J";"-0.751"
"2015-03-10";"10J0";"-0.034"
"2015-03-10";"E";"-0.197"
"2015-03-10";"K";"0.122"
"2015-03-10";"P";"0.175"
"2015-03-10";"GK";"0.308"
"2015-03-10";"IKH";"0.747"
"2015-03-11";"2J";"-0.765"
"2015-03-11";"10J0";"-0.067"
"2015-03-11";"E";"-0.231"
"2015-03-11";"K";"0.071"
"2015-03-11";"P";"0.124"
"2015-03-11";"GK";"0.262"
"2015-03-11";"IKH";"0.696"
"2015-03-12";"2J";"-0.775"
"2015-03-12";"10J0";"-0.096"
"2015-03-12";"E";"-0.251"
"2015-03-12";"K";"0.038"
"2015-03-12";"P";"0.104"
"2015-03-12";"GK";"0.24"
"2015-03-12";"IKH";"0.652"
"2015-03-13";"2J";"-0.713"
"2015-03-13";"10J0";"-0.047"
"2015-03-13";"E";"-0.195"
"2015-03-13";"K";"0.092"
"2015-03-13";"P";"0.149"
"2015-03-13";"GK";"0.283"
"2015-03-13";"IKH";"0.71"
"2015-03-16";"2J";"-0.74"
"2015-03-16";"10J0";"-0.038"
"2015-03-16";"E";"-0.189"
"2015-03-16";"K";"0.094"
"2015-03-16";"P";"0.153"
"2015-03-16";"GK";"0.283"
"2015-03-16";"IKH";"0.713"
"2015-03-17";"2J";"-0.736"
"2015-03-17";"10J0";"-0.058"
"2015-03-17";"E";"-0.205"
"2015-03-17";"K";"0.081"
"2015-03-17";"P";"0.149"
"2015-03-17";"GK";"0.271"
"2015-03-17";"IKH";"0.701"
"2015-03-18";"2J";"-0.74"
"2015-03-18";"10J0";"-0.053"
"2015-03-18";"E";"-0.203"
"2015-03-18";"K";"0.083"
"2015-03-18";"P";"0.14"
"2015-03-18";"GK";"0.265"
"2015-03-18";"IKH";"0.767"
"2015-03-19";"2J";"-0.74"
"2015-03-19";"10J0";"-0.07"
"2015-03-19";"E";"-0.215"
"2015-03-19";"K";"0.071"
"2015-03-19";"P";"0.131"
"2015-03-19";"GK";"0.254"
"2015-03-19";"IKH";"0.673"
"2015-03-20";"2J";"-0.711"
"2015-03-20";"10J0";"-0.054"
"2015-03-20";"E";"-0.194"
"2015-03-20";"K";"0.087"
"2015-03-20";"P";"0.141"
"2015-03-20";"GK";"0.268"
"2015-03-20";"IKH";"0.693"
"2015-03-23";"2J";"-0.739"
"2015-03-23";"10J0";"-0.08"
"2015-03-23";"E";"-0.221"
"2015-03-23";"K";"0.074"
"2015-03-23";"P";"0.131"
"2015-03-23";"GK";"0.252"
"2015-03-23";"IKH";"0.68"
"2015-03-24";"2J";"-0.746"
"2015-03-24";"10J0";"-0.074"
"2015-03-24";"E";"-0.218"
"2015-03-24";"K";"0.058"
"2015-03-24";"P";"0.129"
"2015-03-24";"GK";"0.253"
"2015-03-24";"IKH";"0.656"
"2015-03-25";"2J";"-0.755"
"2015-03-25";"10J0";"-0.076"
"2015-03-25";"E";"-0.22"
"2015-03-25";"K";"0.053"
"2015-03-25";"P";"0.123"
"2015-03-25";"GK";"0.251"
"2015-03-25";"IKH";"0.643"
"2015-03-26";"2J";"-0.727"
"2015-03-26";"10J0";"-0.065"
"2015-03-26";"E";"-0.203"
"2015-03-26";"K";"0.061"
"2015-03-26";"P";"0.132"
"2015-03-26";"GK";"0.262"
"2015-03-26";"IKH";"0.657"
"2015-03-27";"2J";"-0.734"
"2015-03-27";"10J0";"-0.04"
"2015-03-27";"E";"-0.179"
"2015-03-27";"K";"0.076"
"2015-03-27";"P";"0.151"
"2015-03-27";"GK";"0.287"
"2015-03-27";"IKH";"0.675"
"2015-03-30";"2J";"-0.784"
"2015-03-30";"10J0";"0"
"2015-03-30";"E";"-0.148"
"2015-03-30";"K";"0.08"
"2015-03-30";"P";"0.155"
"2015-03-30";"GK";"0.28"
"2015-03-30";"IKH";"0.679"
"2015-03-31";"2J";"-0.795"
"2015-03-31";"10J0";"-0.001"
"2015-03-31";"E";"-0.146"
"2015-03-31";"K";"0.075"
"2015-03-31";"P";"0.152"
"2015-03-31";"GK";"0.276"
"2015-03-31";"IKH";"0.667"
"2015-04-01";"2J";"-0.743"
"2015-04-01";"10J0";"-0.045"
"2015-04-01";"E";"-0.185"
"2015-04-01";"K";"0.07"
"2015-04-01";"P";"0.139"
"2015-04-01";"GK";"0.274"
"2015-04-01";"IKH";"0.662"
"2015-04-02";"2J";"-0.729"
"2015-04-02";"10J0";"-0.057"
"2015-04-02";"E";"-0.192"
"2015-04-02";"K";"0.069"
"2015-04-02";"P";"0.14"
"2015-04-02";"GK";"0.275"
"2015-04-02";"IKH";"0.628"
"2015-04-03";"2J";
"2015-04-03";"10J0";
"2015-04-03";"E";
"2015-04-03";"K";
"2015-04-03";"P";
"2015-04-03";"GK";
"2015-04-03";"IKH";
"2015-04-06";"2J";
"2015-04-06";"10J0";
"2015-04-06";"E";
"2015-04-06";"K";
"2015-04-06";"P";
"2015-04-06";"GK";
"2015-04-06";"IKH";
"2015-04-07";"2J";"-0.765"
"2015-04-07";"10J0";"-0.061"
"2015-04-07";"E";"-0.202"
"2015-04-07";"K";"0.059"
"2015-04-07";"P";"0.129"
"2015-04-07";"GK";"0.261"
"2015-04-07";"IKH";"0.619"
"2015-04-08";"2J";"-0.76"
"2015-04-08";"10J0";"-0.063"
"2015-04-08";"E";"-0.203"
"2015-04-08";"K";"0.045"
"2015-04-08";"P";"0.115"
"2015-04-08";"GK";"0.249"
"2015-04-08";"IKH";"0.598"
"2015-04-09";"2J";"-0.768"
"2015-04-09";"10J0";"-0.084"
"2015-04-09";"E";"-0.22"
"2015-04-09";"K";"0.035"
"2015-04-09";"P";"0.101"
"2015-04-09";"GK";"0.243"
"2015-04-09";"IKH";"0.591"
"2015-04-10";"2J";"-0.76"
"2015-04-10";"10J0";"-0.102"
"2015-04-10";"E";"-0.236"
"2015-04-10";"K";"0.023"
"2015-04-10";"P";"0.082"
"2015-04-10";"GK";"0.219"
"2015-04-10";"IKH";"0.586"
"2015-04-13";"2J";"-0.782"
"2015-04-13";"10J0";"-0.115"
"2015-04-13";"E";"-0.252"
"2015-04-13";"K";"0.015"
"2015-04-13";"P";"0.077"
"2015-04-13";"GK";"0.2"
"2015-04-13";"IKH";"0.573"
"2015-04-14";"2J";"-0.814"
"2015-04-14";"10J0";"-0.128"
"2015-04-14";"E";"-0.265"
"2015-04-14";"K";"-0.007"
"2015-04-14";"P";"0.055"
"2015-04-14";"GK";"0.18"
"2015-04-14";"IKH";"0.56"
"2015-04-15";"2J";"-0.8"
"2015-04-15";"10J0";"-0.136"
"2015-04-15";"E";"-0.266"
"2015-04-15";"K";"-0.022"
"2015-04-15";"P";"0.041"
"2015-04-15";"GK";"0.164"
"2015-04-15";"IKH";"0.545"
"2015-04-16";"2J";"-0.802"
"2015-04-16";"10J0";"-0.17"
"2015-04-16";"E";"-0.297"
"2015-04-16";"K";"-0.052"
"2015-04-16";"P";"0.01"
"2015-04-16";"GK";"0.148"
"2015-04-16";"IKH";"0.515"
"2015-04-17";"2J";"-0.808"
"2015-04-17";"10J0";"-0.155"
"2015-04-17";"E";"-0.284"
"2015-04-17";"K";"-0.045"
"2015-04-17";"P";"0.019"
"2015-04-17";"GK";"0.149"
"2015-04-17";"IKH";"0.522"
"2015-04-20";"2J";"-0.85"
"2015-04-20";"10J0";"-0.175"
"2015-04-20";"E";"-0.305"
"2015-04-20";"K";"-0.054"
"2015-04-20";"P";"0.01"
"2015-04-20";"GK";"0.145"
"2015-04-20";"IKH";"0.514"
"2015-04-21";"2J";"-0.862"
"2015-04-21";"10J0";"-0.178"
"2015-04-21";"E";"-0.31"
"2015-04-21";"K";"-0.06"
"2015-04-21";"P";"0.004"
"2015-04-21";"GK";"0.137"
"2015-04-21";"IKH";"0.505"
"2015-04-22";"2J";"-0.87"
"2015-04-22";"10J0";"-0.166"
"2015-04-22";"E";"-0.298"
"2015-04-22";"K";"-0.054"
"2015-04-22";"P";"0.011"
"2015-04-22";"GK";"0.147"
"2015-04-22";"IKH";"0.509"
"2015-04-23";"2J";"-0.872"
"2015-04-23";"10J0";"-0.143"
"2015-04-23";"E";"-0.277"
"2015-04-23";"K";"-0.036"
"2015-04-23";"P";"0.03"
"2015-04-23";"GK";"0.157"
"2015-04-23";"IKH";"0.534"
"2015-04-24";"2J";"-0.864"
"2015-04-24";"10J0";"-0.082"
"2015-04-24";"E";"-0.222"
"2015-04-24";"K";"0.027"
"2015-04-24";"P";"0.086"
"2015-04-24";"GK";"0.22"
"2015-04-24";"IKH";"0.567"
"2015-04-27";"2J";"-0.869"
"2015-04-27";"10J0";"-0.106"
"2015-04-27";"E";"-0.245"
"2015-04-27";"K";"0"
"2015-04-27";"P";"0.067"
"2015-04-27";"GK";"0.198"
"2015-04-27";"IKH";"0.552"
"2015-04-28";"2J";"-0.866"
"2015-04-28";"10J0";"-0.103"
"2015-04-28";"E";"-0.243"
"2015-04-28";"K";"0.011"
"2015-04-28";"P";"0.066"
"2015-04-28";"GK";"0.2"
"2015-04-28";"IKH";"0.549"
"2015-04-29";"2J";"-0.829"
"2015-04-29";"10J0";"-0.071"
"2015-04-29";"E";"-0.212"
"2015-04-29";"K";"0.045"
"2015-04-29";"P";"0.101"
"2015-04-29";"GK";"0.242"
"2015-04-29";"IKH";"0.572"
"2015-04-30";"2J";"-0.774"
"2015-04-30";"10J0";"0.04"
"2015-04-30";"E";"-0.107"
"2015-04-30";"K";"0.127"
"2015-04-30";"P";"0.189"
"2015-04-30";"GK";"0.324"
"2015-04-30";"IKH";"0.651"
"2015-05-01";"2J";
"2015-05-01";"10J0";
"2015-05-01";"E";
"2015-05-01";"K";
"2015-05-01";"P";
"2015-05-01";"GK";
"2015-05-01";"IKH";
"2015-05-04";"2J";"-0.783"
"2015-05-04";"10J0";"0.028"
"2015-05-04";"E";"-0.126"
"2015-05-04";"K";"0.102"
"2015-05-04";"P";"0.177"
"2015-05-04";"GK";"0.31"
"2015-05-04";"IKH";"0.634"
"2015-05-05";"2J";"-0.782"
"2015-05-05";"10J0";"0.041"
"2015-05-05";"E";"-0.112"
"2015-05-05";"K";"0.12"
"2015-05-05";"P";"0.19"
"2015-05-05";"GK";"0.32"
"2015-05-05";"IKH";"0.716"
"2015-05-06";"2J";"-0.765"
"2015-05-06";"10J0";"0.115"
"2015-05-06";"E";"-0.049"
"2015-05-06";"K";"0.18"
"2015-05-06";"P";"0.249"
"2015-05-06";"GK";"0.378"
"2015-05-06";"IKH";"0.753"
"2015-05-07";"2J";"-0.738"
"2015-05-07";"10J0";"0.178"
"2015-05-07";"E";"0.012"
"2015-05-07";"K";"0.254"
"2015-05-07";"P";"0.31"
"2015-05-07";"GK";"0.435"
"2015-05-07";"IKH";"0.809"
"2015-05-08";"2J";"-0.722"
"2015-05-08";"10J0";"0.125"
"2015-05-08";"E";"-0.035"
"2015-05-08";"K";"0.193"
"2015-05-08";"P";"0.257"
"2015-05-08";"GK";"0.372"
"2015-05-08";"IKH";"0.755"
"2015-05-11";"2J";"-0.752"
"2015-05-11";"10J0";"0.089"
"2015-05-11";"E";"-0.073"
"2015-05-11";"K";"0.176"
"2015-05-11";"P";"0.23"
"2015-05-11";"GK";"0.35"
"2015-05-11";"IKH";"0.741"
"2015-05-12";"2J";"-0.752"
"2015-05-12";"10J0";"0.115"
"2015-05-12";"E";"-0.05"
"2015-05-12";"K";"0.188"
"2015-05-12";"P";"0.243"
"2015-05-12";"GK";"0.352"
"2015-05-12";"IKH";"0.741"
"2015-05-13";"2J";"-0.742"
"2015-05-13";"10J0";"0.086"
"2015-05-13";"E";"-0.078"
"2015-05-13";"K";"0.16"
"2015-05-13";"P";"0.219"
"2015-05-13";"GK";"0.335"
"2015-05-13";"IKH";"0.72"
"2015-05-14";"2J";
"2015-05-14";"10J0";
"2015-05-14";"E";
"2015-05-14";"K";
"2015-05-14";"P";
"2015-05-14";"GK";
"2015-05-14";"IKH";
"2015-05-15";"2J";"-0.746"
"2015-05-15";"10J0";"0.088"
"2015-05-15";"E";"-0.074"
"2015-05-15";"K";"0.161"
"2015-05-15";"P";"0.219"
"2015-05-15";"GK";"0.323"
"2015-05-15";"IKH";"0.716"
"2015-05-18";"2J";"-0.765"
"2015-05-18";"10J0";"0.059"
"2015-05-18";"E";"-0.102"
"2015-05-18";"K";"0.138"
"2015-05-18";"P";"0.196"
"2015-05-18";"GK";"0.304"
"2015-05-18";"IKH";"0.697"
"2015-05-19";"2J";"-0.751"
"2015-05-19";"10J0";"-0.009"
"2015-05-19";"E";"-0.168"
"2015-05-19";"K";"0.082"
"2015-05-19";"P";"0.144"
"2015-05-19";"GK";"0.275"
"2015-05-19";"IKH";"0.647"
"2015-05-20";"2J";"-0.78"
"2015-05-20";"10J0";"-0.002"
"2015-05-20";"E";"-0.162"
"2015-05-20";"K";"0.093"
"2015-05-20";"P";"0.146"
"2015-05-20";"GK";"0.272"
"2015-05-20";"IKH";"0.635"
"2015-05-21";"2J";"-0.764"
"2015-05-21";"10J0";"0.01"
"2015-05-21";"E";"-0.149"
"2015-05-21";"K";"0.114"
"2015-05-21";"P";"0.171"
"2015-05-21";"GK";"0.295"
"2015-05-21";"IKH";"0.627"
"2015-05-22";"2J";"-0.785"
"2015-05-22";"10J0";"0.017"
"2015-05-22";"E";"-0.15"
"2015-05-22";"K";"0.11"
"2015-05-22";"P";"0.169"
"2015-05-22";"GK";"0.288"
"2015-05-22";"IKH";"0.639"
"2015-05-25";"2J";
"2015-05-25";"10J0";
"2015-05-25";"E";
"2015-05-25";"K";
"2015-05-25";"P";
"2015-05-25";"GK";
"2015-05-25";"IKH";
"2015-05-26";"2J";"-0.808"
"2015-05-26";"10J0";"-0.012"
"2015-05-26";"E";"-0.181"
"2015-05-26";"K";"0.087"
"2015-05-26";"P";"0.144"
"2015-05-26";"GK";"0.274"
"2015-05-26";"IKH";"0.632"
"2015-05-27";"2J";"-0.804"
"2015-05-27";"10J0";"-0.025"
"2015-05-27";"E";"-0.195"
"2015-05-27";"K";"0.098"
"2015-05-27";"P";"0.154"
"2015-05-27";"GK";"0.281"
"2015-05-27";"IKH";"0.645"
"2015-05-28";"2J";"-0.815"
"2015-05-28";"10J0";"-0.035"
"2015-05-28";"E";"-0.208"
"2015-05-28";"K";"0.103"
"2015-05-28";"P";"0.158"
"2015-05-28";"GK";"0.28"
"2015-05-28";"IKH";"0.649"
"2015-05-29";"2J";"-0.811"
"2015-05-29";"10J0";"-0.031"
"2015-05-29";"E";"-0.205"
"2015-05-29";"K";"0.103"
"2015-05-29";"P";"0.164"
"2015-05-29";"GK";"0.281"
"2015-05-29";"IKH";"0.659"
"2015-06-01";"2J";"-0.837"
"2015-06-01";"10J0";"-0.067"
"2015-06-01";"E";"-0.246"
"2015-06-01";"K";"0.069"
"2015-06-01";"P";"0.124"
"2015-06-01";"GK";"0.257"
"2015-06-01";"IKH";"0.635"
"2015-06-02";"2J";"-0.857"
"2015-06-02";"10J0";"-0.051"
"2015-06-02";"E";"-0.234"
"2015-06-02";"K";"0.079"
"2015-06-02";"P";"0.134"
"2015-06-02";"GK";"0.265"
"2015-06-02";"IKH";"0.63"
"2015-06-03";"2J";"-0.842"
"2015-06-03";"10J0";"0.005"
"2015-06-03";"E";"-0.187"
"2015-06-03";"K";"0.143"
"2015-06-03";"P";"0.196"
"2015-06-03";"GK";"0.331"
"2015-06-03";"IKH";"0.671"
"2015-06-04";"2J";"-0.762"
"2015-06-04";"10J0";"0.131"
"2015-06-04";"E";"-0.063"
"2015-06-04";"K";"0.269"
"2015-06-04";"P";"0.323"
"2015-06-04";"GK";"0.448"
"2015-06-04";"IKH";"0.792"
"2015-06-05";"2J";"-0.784"
"2015-06-05";"10J0";"0.116"
"2015-06-05";"E";"-0.085"
"2015-06-05";"K";"0.245"
"2015-06-05";"P";"0.301"
"2015-06-05";"GK";"0.438"
"2015-06-05";"IKH";"0.793"
"2015-06-08";"2J";"-0.783"
"2015-06-08";"10J0";"0.132"
"2015-06-08";"E";"-0.07"
"2015-06-08";"K";"0.246"
"2015-06-08";"P";"0.301"
"2015-06-08";"GK";"0.433"
"2015-06-08";"IKH";"0.766"
"2015-06-09";"2J";"-0.793"
"2015-06-09";"10J0";"0.173"
"2015-06-09";"E";"-0.036"
"2015-06-09";"K";"0.275"
"2015-06-09";"P";"0.335"
"2015-06-09";"GK";"0.461"
"2015-06-09";"IKH";"0.815"
"2015-06-10";"2J";"-0.794"
"2015-06-10";"10J0";"0.262"
"2015-06-10";"E";"0.037"
"2015-06-10";"K";"0.336"
"2015-06-10";"P";"0.388"
"2015-06-10";"GK";"0.488"
"2015-06-10";"IKH";"0.873"
"2015-06-11";"2J";"-0.79"
"2015-06-11";"10J0";"0.227"
"2015-06-11";"E";"0.007"
"2015-06-11";"K";"0.3"
"2015-06-11";"P";"0.354"
"2015-06-11";"GK";"0.47"
"2015-06-11";"IKH";"0.848"
"2015-06-12";"2J";"-0.808"
"2015-06-12";"10J0";"0.172"
"2015-06-12";"E";"-0.042"
"2015-06-12";"K";"0.244"
"2015-06-12";"P";"0.302"
"2015-06-12";"GK";"0.424"
"2015-06-12";"IKH";"0.79"
"2015-06-15";"2J";"-0.837"
"2015-06-15";"10J0";"0.124"
"2015-06-15";"E";"-0.09"
"2015-06-15";"K";"0.198"
"2015-06-15";"P";"0.26"
"2015-06-15";"GK";"0.388"
"2015-06-15";"IKH";"0.789"
"2015-06-16";"2J";"-0.851"
"2015-06-16";"10J0";"0.119"
"2015-06-16";"E";"-0.1"
"2015-06-16";"K";"0.195"
"2015-06-16";"P";"0.255"
"2015-06-16";"GK";"0.384"
"2015-06-16";"IKH";"0.758"
"2015-06-17";"2J";"-0.867"
"2015-06-17";"10J0";"0.117"
"2015-06-17";"E";"-0.104"
"2015-06-17";"K";"0.198"
"2015-06-17";"P";"0.261"
"2015-06-17";"GK";"0.375"
"2015-06-17";"IKH";"0.768"
"2015-06-18";"2J";"-0.847"
"2015-06-18";"10J0";"0.125"
"2015-06-18";"E";"-0.091"
"2015-06-18";"K";"0.196"
"2015-06-18";"P";"0.251"
"2015-06-18";"GK";"0.378"
"2015-06-18";"IKH";"0.779"
"2015-06-19";"2J";"-0.869"
"2015-06-19";"10J0";"0.125"
"2015-06-19";"E";"-0.095"
"2015-06-19";"K";"0.197"
"2015-06-19";"P";"0.252"
"2015-06-19";"GK";"0.38"
"2015-06-19";"IKH";"0.776"
"2015-06-22";"2J";"-0.845"
"2015-06-22";"10J0";"0.177"
"2015-06-22";"E";"-0.043"
"2015-06-22";"K";"0.26"
"2015-06-22";"P";"0.315"
"2015-06-22";"GK";"0.429"
"2015-06-22";"IKH";"0.825"
"2015-06-23";"2J";"-0.849"
"2015-06-23";"10J0";"0.178"
"2015-06-23";"E";"-0.039"
"2015-06-23";"K";"0.255"
"2015-06-23";"P";"0.316"
"2015-06-23";"GK";"0.432"
"2015-06-23";"IKH";"0.841"
"2015-06-24";"2J";"-0.842"
"2015-06-24";"10J0";"0.17"
"2015-06-24";"E";"-0.047"
"2015-06-24";"K";"0.245"
"2015-06-24";"P";"0.298"
"2015-06-24";"GK";"0.419"
"2015-06-24";"IKH";"0.811"
"2015-06-25";"2J";"-0.84"
"2015-06-25";"10J0";"0.126"
"2015-06-25";"E";"-0.088"
"2015-06-25";"K";"0.216"
"2015-06-25";"P";"0.268"
"2015-06-25";"GK";"0.395"
"2015-06-25";"IKH";"0.801"
"2015-06-26";"2J";"-0.822"
"2015-06-26";"10J0";"0.124"
"2015-06-26";"E";"-0.087"
"2015-06-26";"K";"0.218"
"2015-06-26";"P";"0.264"
"2015-06-26";"GK";"0.389"
"2015-06-26";"IKH";"0.817"
"2015-06-29";"2J";"-0.888"
"2015-06-29";"10J0";"0.086"
"2015-06-29";"E";"-0.131"
"2015-06-29";"K";"0.178"
"2015-06-29";"P";"0.224"
"2015-06-29";"GK";"0.352"
"2015-06-29";"IKH";"0.799"
"2015-06-30";"2J";"-0.879"
"2015-06-30";"10J0";"0.101"
"2015-06-30";"E";"-0.117"
"2015-06-30";"K";"0.195"
"2015-06-30";"P";"0.242"
"2015-06-30";"GK";"0.371"
"2015-06-30";"IKH";"0.815"
"2015-07-01";"2J";"-0.892"
"2015-07-01";"10J0";"0.112"
"2015-07-01";"E";"-0.11"
"2015-07-01";"K";"0.209"
"2015-07-01";"P";"0.252"
"2015-07-01";"GK";"0.382"
"2015-07-01";"IKH";"0.833"
"2015-07-02";"2J";"-0.865"
"2015-07-02";"10J0";"0.142"
"2015-07-02";"E";"-0.077"
"2015-07-02";"K";"0.236"
"2015-07-02";"P";"0.283"
"2015-07-02";"GK";"0.411"
"2015-07-02";"IKH";"0.852"
"2015-07-03";"2J";"-0.867"
"2015-07-03";"10J0";"0.134"
"2015-07-03";"E";"-0.087"
"2015-07-03";"K";"0.231"
"2015-07-03";"P";"0.272"
"2015-07-03";"GK";"0.406"
"2015-07-03";"IKH";"0.853"
"2015-07-06";"2J";"-0.899"
"2015-07-06";"10J0";"0.08"
"2015-07-06";"E";"-0.138"
"2015-07-06";"K";"0.189"
"2015-07-06";"P";"0.226"
"2015-07-06";"GK";"0.357"
"2015-07-06";"IKH";"0.813"
"2015-07-07";"2J";"-0.91"
"2015-07-07";"10J0";"0.064"
"2015-07-07";"E";"-0.158"
"2015-07-07";"K";"0.18"
"2015-07-07";"P";"0.222"
"2015-07-07";"GK";"0.348"
"2015-07-07";"IKH";"0.811"
"2015-07-08";"2J";"-0.916"
"2015-07-08";"10J0";"-0.002"
"2015-07-08";"E";"-0.212"
"2015-07-08";"K";"0.11"
"2015-07-08";"P";"0.157"
"2015-07-08";"GK";"0.287"
"2015-07-08";"IKH";"0.774"
"2015-07-09";"2J";"-0.913"
"2015-07-09";"10J0";"0.01"
"2015-07-09";"E";"-0.201"
"2015-07-09";"K";"0.127"
"2015-07-09";"P";"0.173"
"2015-07-09";"GK";"0.304"
"2015-07-09";"IKH";"0.782"
"2015-07-10";"2J";"-0.868"
"2015-07-10";"10J0";"0.07"
"2015-07-10";"E";"-0.145"
"2015-07-10";"K";"0.182"
"2015-07-10";"P";"0.224"
"2015-07-10";"GK";"0.351"
"2015-07-10";"IKH";"0.822"
"2015-07-13";"2J";"-0.802"
"2015-07-13";"10J0";"0.148"
"2015-07-13";"E";"-0.064"
"2015-07-13";"K";"0.25"
"2015-07-13";"P";"0.291"
"2015-07-13";"GK";"0.418"
"2015-07-13";"IKH";"0.864"
"2015-07-14";"2J";"-0.844"
"2015-07-14";"10J0";"0.091"
"2015-07-14";"E";"-0.127"
"2015-07-14";"K";"0.2"
"2015-07-14";"P";"0.248"
"2015-07-14";"GK";"0.372"
"2015-07-14";"IKH";"0.822"
"2015-07-15";"2J";"-0.829"
"2015-07-15";"10J0";"0.099"
"2015-07-15";"E";"-0.117"
"2015-07-15";"K";"0.21"
"2015-07-15";"P";"0.262"
"2015-07-15";"GK";"0.382"
"2015-07-15";"IKH";"0.832"
"2015-07-16";"2J";"-0.818"
"2015-07-16";"10J0";"0.092"
"2015-07-16";"E";"-0.12"
"2015-07-16";"K";"0.205"
"2015-07-16";"P";"0.252"
"2015-07-16";"GK";"0.373"
"2015-07-16";"IKH";"0.802"
"2015-07-17";"2J";"-0.803"
"2015-07-17";"10J0";"0.068"
"2015-07-17";"E";"-0.137"
"2015-07-17";"K";"0.18"
"2015-07-17";"P";"0.235"
"2015-07-17";"GK";"0.365"
"2015-07-17";"IKH";"0.859"
"2015-07-20";"2J";"-0.787"
"2015-07-20";"10J0";"0.069"
"2015-07-20";"E";"-0.134"
"2015-07-20";"K";"0.185"
"2015-07-20";"P";"0.233"
"2015-07-20";"GK";"0.37"
"2015-07-20";"IKH";"0.852"
"2015-07-21";"2J";"-0.799"
"2015-07-21";"10J0";"0.026"
"2015-07-21";"E";"-0.173"
"2015-07-21";"K";"0.14"
"2015-07-21";"P";"0.19"
"2015-07-21";"GK";"0.323"
"2015-07-21";"IKH";"0.818"
"2015-07-22";"2J";"-0.782"
"2015-07-22";"10J0";"0.033"
"2015-07-22";"E";"-0.164"
"2015-07-22";"K";"0.154"
"2015-07-22";"P";"0.196"
"2015-07-22";"GK";"0.335"
"2015-07-22";"IKH";"0.829"
"2015-07-23";"2J";"-0.785"
"2015-07-23";"10J0";"0.011"
"2015-07-23";"E";"-0.183"
"2015-07-23";"K";"0.126"
"2015-07-23";"P";"0.168"
"2015-07-23";"GK";"0.309"
"2015-07-23";"IKH";"0.799"
"2015-07-24";"2J";"-0.796"
"2015-07-24";"10J0";"-0.019"
"2015-07-24";"E";"-0.212"
"2015-07-24";"K";"0.1"
"2015-07-24";"P";"0.149"
"2015-07-24";"GK";"0.291"
"2015-07-24";"IKH";"0.778"
"2015-07-27";"2J";"-0.801"
"2015-07-27";"10J0";"-0.059"
"2015-07-27";"E";"-0.247"
"2015-07-27";"K";"0.067"
"2015-07-27";"P";"0.109"
"2015-07-27";"GK";"0.255"
"2015-07-27";"IKH";"0.759"
"2015-07-28";"2J";"-0.799"
"2015-07-28";"10J0";"-0.043"
"2015-07-28";"E";"-0.235"
"2015-07-28";"K";"0.086"
"2015-07-28";"P";"0.125"
"2015-07-28";"GK";"0.269"
"2015-07-28";"IKH";"0.76"
"2015-07-29";"2J";"-0.792"
"2015-07-29";"10J0";"-0.02"
"2015-07-29";"E";"-0.214"
"2015-07-29";"K";"0.118"
"2015-07-29";"P";"0.158"
"2015-07-29";"GK";"0.296"
"2015-07-29";"IKH";"0.772"
"2015-07-30";"2J";"-0.79"
"2015-07-30";"10J0";"-0.018"
"2015-07-30";"E";"-0.212"
"2015-07-30";"K";"0.123"
"2015-07-30";"P";"0.166"
"2015-07-30";"GK";"0.306"
"2015-07-30";"IKH";"0.782"
"2015-07-31";"2J";"-0.795"
"2015-07-31";"10J0";"-0.035"
"2015-07-31";"E";"-0.228"
"2015-07-31";"K";"0.109"
"2015-07-31";"P";"0.153"
"2015-07-31";"GK";"0.297"
"2015-07-31";"IKH";"0.781"
"2015-08-03";"2J";"-0.799"
"2015-08-03";"10J0";"-0.028"
"2015-08-03";"E";"-0.224"
"2015-08-03";"K";"0.114"
"2015-08-03";"P";"0.159"
"2015-08-03";"GK";"0.303"
"2015-08-03";"IKH";"0.78"
"2015-08-04";"2J";"-0.821"
"2015-08-04";"10J0";"-0.093"
"2015-08-04";"E";"-0.284"
"2015-08-04";"K";"0.065"
"2015-08-04";"P";"0.103"
"2015-08-04";"GK";"0.255"
"2015-08-04";"IKH";"0.743"
"2015-08-05";"2J";"-0.803"
"2015-08-05";"10J0";"-0.061"
"2015-08-05";"E";"-0.253"
"2015-08-05";"K";"0.102"
"2015-08-05";"P";"0.139"
"2015-08-05";"GK";"0.28"
"2015-08-05";"IKH";"0.735"
"2015-08-06";"2J";"-0.781"
"2015-08-06";"10J0";"-0.057"
"2015-08-06";"E";"-0.244"
"2015-08-06";"K";"0.119"
"2015-08-06";"P";"0.153"
"2015-08-06";"GK";"0.3"
"2015-08-06";"IKH";"0.775"
"2015-08-07";"2J";"-0.8"
"2015-08-07";"10J0";"-0.082"
"2015-08-07";"E";"-0.27"
"2015-08-07";"K";"0.085"
"2015-08-07";"P";"0.122"
"2015-08-07";"GK";"0.267"
"2015-08-07";"IKH";"0.751"
"2015-08-10";"2J";"-0.8"
"2015-08-10";"10J0";"-0.107"
"2015-08-10";"E";"-0.291"
"2015-08-10";"K";"0.07"
"2015-08-10";"P";"0.111"
"2015-08-10";"GK";"0.251"
"2015-08-10";"IKH";"0.726"
"2015-08-11";"2J";"-0.8"
"2015-08-11";"10J0";"-0.126"
"2015-08-11";"E";"-0.309"
"2015-08-11";"K";"0.063"
"2015-08-11";"P";"0.097"
"2015-08-11";"GK";"0.241"
"2015-08-11";"IKH";"0.736"
"2015-08-12";"2J";"-0.816"
"2015-08-12";"10J0";"-0.18"
"2015-08-12";"E";"-0.357"
"2015-08-12";"K";"0.016"
"2015-08-12";"P";"0.052"
"2015-08-12";"GK";"0.194"
"2015-08-12";"IKH";"0.714"
"2015-08-13";"2J";"-0.801"
"2015-08-13";"10J0";"-0.167"
"2015-08-13";"E";"-0.343"
"2015-08-13";"K";"0.029"
"2015-08-13";"P";"0.07"
"2015-08-13";"GK";"0.209"
"2015-08-13";"IKH";"0.74"
"2015-08-14";"2J";"-0.8"
"2015-08-14";"10J0";"-0.154"
"2015-08-14";"E";"-0.333"
"2015-08-14";"K";"0.041"
"2015-08-14";"P";"0.081"
"2015-08-14";"GK";"0.22"
"2015-08-14";"IKH";"0.73"
"2015-08-17";"2J";"-0.813"
"2015-08-17";"10J0";"-0.178"
"2015-08-17";"E";"-0.356"
"2015-08-17";"K";"0.019"
"2015-08-17";"P";"0.058"
"2015-08-17";"GK";"0.202"
"2015-08-17";"IKH";"0.72"
"2015-08-18";"2J";"-0.798"
"2015-08-18";"10J0";"-0.202"
"2015-08-18";"E";"-0.371"
"2015-08-18";"K";"-0.008"
"2015-08-18";"P";"0.031"
"2015-08-18";"GK";"0.175"
"2015-08-18";"IKH";"0.711"
"2015-08-19";"2J";"-0.809"
"2015-08-19";"10J0";"-0.186"
"2015-08-19";"E";"-0.361"
"2015-08-19";"K";"0.015"
"2015-08-19";"P";"0.055"
"2015-08-19";"GK";"0.194"
"2015-08-19";"IKH";"0.722"
"2015-08-20";"2J";"-0.794"
"2015-08-20";"10J0";"-0.179"
"2015-08-20";"E";"-0.348"
"2015-08-20";"K";"0.015"
"2015-08-20";"P";"0.058"
"2015-08-20";"GK";"0.208"
"2015-08-20";"IKH";"0.73"
"2015-08-21";"2J";"-0.799"
"2015-08-21";"10J0";"-0.208"
"2015-08-21";"E";"-0.375"
"2015-08-21";"K";"0.001"
"2015-08-21";"P";"0.038"
"2015-08-21";"GK";"0.193"
"2015-08-21";"IKH";"0.707"
"2015-08-24";"2J";"-0.821"
"2015-08-24";"10J0";"-0.223"
"2015-08-24";"E";"-0.394"
"2015-08-24";"K";"-0.031"
"2015-08-24";"P";"0.013"
"2015-08-24";"GK";"0.178"
"2015-08-24";"IKH";"0.707"
"2015-08-25";"2J";"-0.79"
"2015-08-25";"10J0";"-0.179"
"2015-08-25";"E";"-0.347"
"2015-08-25";"K";"0.017"
"2015-08-25";"P";"0.062"
"2015-08-25";"GK";"0.223"
"2015-08-25";"IKH";"0.753"
"2015-08-26";"2J";"-0.775"
"2015-08-26";"10J0";"-0.151"
"2015-08-26";"E";"-0.318"
"2015-08-26";"K";"0.021"
"2015-08-26";"P";"0.08"
"2015-08-26";"GK";"0.241"
"2015-08-26";"IKH";"0.767"
"2015-08-27";"2J";"-0.749"
"2015-08-27";"10J0";"-0.125"
"2015-08-27";"E";"-0.289"
"2015-08-27";"K";"0.055"
"2015-08-27";"P";"0.107"
"2015-08-27";"GK";"0.262"
"2015-08-27";"IKH";"0.792"
"2015-08-28";"2J";"-0.76"
"2015-08-28";"10J0";"-0.116"
"2015-08-28";"E";"-0.287"
"2015-08-28";"K";"0.058"
"2015-08-28";"P";"0.111"
"2015-08-28";"GK";"0.276"
"2015-08-28";"IKH";"0.799"
"2015-08-31";"2J";"-0.757"
"2015-08-31";"10J0";"-0.124"
"2015-08-31";"E";"-0.292"
"2015-08-31";"K";"0.053"
"2015-08-31";"P";"0.108"
"2015-08-31";"GK";"0.272"
"2015-08-31";"IKH";"0.809"
"2015-09-01";"2J";"-0.74"
"2015-09-01";"10J0";"-0.084"
"2015-09-01";"E";"-0.255"
"2015-09-01";"K";"0.082"
"2015-09-01";"P";"0.141"
"2015-09-01";"GK";"0.298"
"2015-09-01";"IKH";"0.835"
"2015-09-02";"2J";"-0.737"
"2015-09-02";"10J0";"-0.096"
"2015-09-02";"E";"-0.265"
"2015-09-02";"K";"0.083"
"2015-09-02";"P";"0.132"
"2015-09-02";"GK";"0.29"
"2015-09-02";"IKH";"0.833"
"2015-09-03";"2J";"-0.738"
"2015-09-03";"10J0";"-0.092"
"2015-09-03";"E";"-0.262"
"2015-09-03";"K";"0.081"
"2015-09-03";"P";"0.132"
"2015-09-03";"GK";"0.294"
"2015-09-03";"IKH";"0.839"
"2015-09-04";"2J";"-0.756"
"2015-09-04";"10J0";"-0.119"
"2015-09-04";"E";"-0.288"
"2015-09-04";"K";"0.055"
"2015-09-04";"P";"0.105"
"2015-09-04";"GK";"0.27"
"2015-09-04";"IKH";"0.815"
"2015-09-07";"2J";"-0.762"
"2015-09-07";"10J0";"-0.136"
"2015-09-07";"E";"-0.304"
"2015-09-07";"K";"0.038"
"2015-09-07";"P";"0.093"
"2015-09-07";"GK";"0.248"
"2015-09-07";"IKH";"0.81"
"2015-09-08";"2J";"-0.759"
"2015-09-08";"10J0";"-0.125"
"2015-09-08";"E";"-0.294"
"2015-09-08";"K";"0.037"
"2015-09-08";"P";"0.089"
"2015-09-08";"GK";"0.255"
"2015-09-08";"IKH";"0.798"
"2015-09-09";"2J";"-0.766"
"2015-09-09";"10J0";"-0.111"
"2015-09-09";"E";"-0.287"
"2015-09-09";"K";"0.036"
"2015-09-09";"P";"0.094"
"2015-09-09";"GK";"0.252"
"2015-09-09";"IKH";"0.807"
"2015-09-10";"2J";"-0.764"
"2015-09-10";"10J0";"-0.104"
"2015-09-10";"E";"-0.278"
"2015-09-10";"K";"0.034"
"2015-09-10";"P";"0.091"
"2015-09-10";"GK";"0.265"
"2015-09-10";"IKH";"0.814"
"2015-09-11";"2J";"-0.758"
"2015-09-11";"10J0";"-0.076"
"2015-09-11";"E";"-0.258"
"2015-09-11";"K";"0.053"
"2015-09-11";"P";"0.11"
"2015-09-11";"GK";"0.281"
"2015-09-11";"IKH";"0.832"
"2015-09-14";"2J";"-0.762"
"2015-09-14";"10J0";"-0.079"
"2015-09-14";"E";"-0.262"
"2015-09-14";"K";"0.05"
"2015-09-14";"P";"0.11"
"2015-09-14";"GK";"0.273"
"2015-09-14";"IKH";"0.824"
"2015-09-15";"2J";"-0.771"
"2015-09-15";"10J0";"-0.062"
"2015-09-15";"E";"-0.252"
"2015-09-15";"K";"0.07"
"2015-09-15";"P";"0.128"
"2015-09-15";"GK";"0.291"
"2015-09-15";"IKH";"0.849"
"2015-09-16";"2J";"-0.74"
"2015-09-16";"10J0";"0.01"
"2015-09-16";"E";"-0.184"
"2015-09-16";"K";"0.107"
"2015-09-16";"P";"0.165"
"2015-09-16";"GK";"0.323"
"2015-09-16";"IKH";"0.879"
"2015-09-17";"2J";"-0.721"
"2015-09-17";"10J0";"0.043"
"2015-09-17";"E";"-0.151"
"2015-09-17";"K";"0.125"
"2015-09-17";"P";"0.186"
"2015-09-17";"GK";"0.353"
"2015-09-17";"IKH";"0.909"
"2015-09-18";"2J";"-0.744"
"2015-09-18";"10J0";"-0.021"
"2015-09-18";"E";"-0.208"
"2015-09-18";"K";"0.08"
"2015-09-18";"P";"0.141"
"2015-09-18";"GK";"0.297"
"2015-09-18";"IKH";"0.873"
"2015-09-21";"2J";"-0.756"
"2015-09-21";"10J0";"-0.025"
"2015-09-21";"E";"-0.215"
"2015-09-21";"K";"0.066"
"2015-09-21";"P";"0.132"
"2015-09-21";"GK";"0.286"
"2015-09-21";"IKH";"0.888"
"2015-09-22";"2J";"-0.76"
"2015-09-22";"10J0";"-0.041"
"2015-09-22";"E";"-0.229"
"2015-09-22";"K";"0.048"
"2015-09-22";"P";"0.108"
"2015-09-22";"GK";"0.266"
"2015-09-22";"IKH";"0.829"
"2015-09-23";"2J";"-0.768"
"2015-09-23";"10J0";"-0.067"
"2015-09-23";"E";"-0.253"
"2015-09-23";"K";"0.032"
"2015-09-23";"P";"0.097"
"2015-09-23";"GK";"0.262"
"2015-09-23";"IKH";"0.819"
"2015-09-24";"2J";"-0.759"
"2015-09-24";"10J0";"-0.063"
"2015-09-24";"E";"-0.248"
"2015-09-24";"K";"0.037"
"2015-09-24";"P";"0.099"
"2015-09-24";"GK";"0.273"
"2015-09-24";"IKH";"0.863"
"2015-09-25";"2J";"-0.75"
"2015-09-25";"10J0";"-0.068"
"2015-09-25";"E";"-0.249"
"2015-09-25";"K";"0.043"
"2015-09-25";"P";"0.107"
"2015-09-25";"GK";"0.268"
"2015-09-25";"IKH";"0.854"
"2015-09-28";"2J";"-0.772"
"2015-09-28";"10J0";"-0.09"
"2015-09-28";"E";"-0.275"
"2015-09-28";"K";"0.021"
"2015-09-28";"P";"0.088"
"2015-09-28";"GK";"0.247"
"2015-09-28";"IKH";"0.876"
"2015-09-29";"2J";"-0.782"
"2015-09-29";"10J0";"-0.116"
"2015-09-29";"E";"-0.299"
"2015-09-29";"K";"0.007"
"2015-09-29";"P";"0.068"
"2015-09-29";"GK";"0.23"
"2015-09-29";"IKH";"0.865"
"2015-09-30";"2J";"-0.795"
"2015-09-30";"10J0";"-0.1"
"2015-09-30";"E";"-0.288"
"2015-09-30";"K";"0.015"
"2015-09-30";"P";"0.079"
"2015-09-30";"GK";"0.244"
"2015-09-30";"IKH";"0.9"
"2015-10-01";"2J";"-0.803"
"2015-10-01";"10J0";"-0.133"
"2015-10-01";"E";"-0.32"
"2015-10-01";"K";"-0.014"
"2015-10-01";"P";"0.049"
"2015-10-01";"GK";"0.233"
"2015-10-01";"IKH";"0.86"
"2015-10-02";"2J";"-0.797"
"2015-10-02";"10J0";"-0.155"
"2015-10-02";"E";"-0.337"
"2015-10-02";"K";"-0.02"
"2015-10-02";"P";"0.038"
"2015-10-02";"GK";"0.21"
"2015-10-02";"IKH";"0.843"
"2015-10-05";"2J";"-0.829"
"2015-10-05";"10J0";"-0.202"
"2015-10-05";"E";"-0.386"
"2015-10-05";"K";"-0.068"
"2015-10-05";"P";"-0.013"
"2015-10-05";"GK";"0.163"
"2015-10-05";"IKH";"0.8"
"2015-10-06";"2J";"-0.812"
"2015-10-06";"10J0";"-0.201"
"2015-10-06";"E";"-0.381"
"2015-10-06";"K";"-0.054"
"2015-10-06";"P";"0.001"
"2015-10-06";"GK";"0.177"
"2015-10-06";"IKH";"0.818"
"2015-10-07";"2J";"-0.8"
"2015-10-07";"10J0";"-0.171"
"2015-10-07";"E";"-0.354"
"2015-10-07";"K";"-0.016"
"2015-10-07";"P";"0.04"
"2015-10-07";"GK";"0.229"
"2015-10-07";"IKH";"0.822"
"2015-10-08";"2J";"-0.803"
"2015-10-08";"10J0";"-0.193"
"2015-10-08";"E";"-0.373"
"2015-10-08";"K";"-0.035"
"2015-10-08";"P";"0.027"
"2015-10-08";"GK";"0.202"
"2015-10-08";"IKH";"0.816"
"2015-10-09";"2J";"-0.792"
"2015-10-09";"10J0";"-0.173"
"2015-10-09";"E";"-0.352"
"2015-10-09";"K";"-0.013"
"2015-10-09";"P";"0.043"
"2015-10-09";"GK";"0.219"
"2015-10-09";"IKH";"0.889"
"2015-10-12";"2J";"-0.802"
"2015-10-12";"10J0";"-0.167"
"2015-10-12";"E";"-0.352"
"2015-10-12";"K";"-0.004"
"2015-10-12";"P";"0.054"
"2015-10-12";"GK";"0.227"
"2015-10-12";"IKH";"0.831"
"2015-10-13";"2J";"-0.801"
"2015-10-13";"10J0";"-0.185"
"2015-10-13";"E";"-0.366"
"2015-10-13";"K";"-0.022"
"2015-10-13";"P";"0.039"
"2015-10-13";"GK";"0.23"
"2015-10-13";"IKH";"0.883"
"2015-10-14";"2J";"-0.801"
"2015-10-14";"10J0";"-0.187"
"2015-10-14";"E";"-0.367"
"2015-10-14";"K";"-0.025"
"2015-10-14";"P";"0.035"
"2015-10-14";"GK";"0.216"
"2015-10-14";"IKH";"0.884"
"2015-10-15";"2J";"-0.814"
"2015-10-15";"10J0";"-0.21"
"2015-10-15";"E";"-0.39"
"2015-10-15";"K";"-0.049"
"2015-10-15";"P";"0.013"
"2015-10-15";"GK";"0.182"
"2015-10-15";"IKH";"0.844"
"2015-10-16";"2J";"-0.809"
"2015-10-16";"10J0";"-0.206"
"2015-10-16";"E";"-0.385"
"2015-10-16";"K";"-0.041"
"2015-10-16";"P";"0.015"
"2015-10-16";"GK";"0.183"
"2015-10-16";"IKH";"0.8"
"2015-10-19";"2J";"-0.812"
"2015-10-19";"10J0";"-0.202"
"2015-10-19";"E";"-0.383"
"2015-10-19";"K";"-0.04"
"2015-10-19";"P";"0.016"
"2015-10-19";"GK";"0.179"
"2015-10-19";"IKH";"0.821"
"2015-10-20";"2J";"-0.822"
"2015-10-20";"10J0";"-0.231"
"2015-10-20";"E";"-0.41"
"2015-10-20";"K";"-0.059"
"2015-10-20";"P";"0"
"2015-10-20";"GK";"0.163"
"2015-10-20";"IKH";"0.79"
"2015-10-21";"2J";"-0.825"
"2015-10-21";"10J0";"-0.228"
"2015-10-21";"E";"-0.406"
"2015-10-21";"K";"-0.058"
"2015-10-21";"P";"-0.005"
"2015-10-21";"GK";"0.161"
"2015-10-21";"IKH";"0.827"
"2015-10-22";"2J";"-0.826"
"2015-10-22";"10J0";"-0.256"
"2015-10-22";"E";"-0.429"
"2015-10-22";"K";"-0.081"
"2015-10-22";"P";"-0.02"
"2015-10-22";"GK";"0.142"
"2015-10-22";"IKH";"0.821"
"2015-10-23";"2J";"-0.864"
"2015-10-23";"10J0";"-0.284"
"2015-10-23";"E";"-0.464"
"2015-10-23";"K";"-0.124"
"2015-10-23";"P";"-0.065"
"2015-10-23";"GK";"0.111"
"2015-10-23";"IKH";"0.784"
"2015-10-26";"2J";"-0.887"
"2015-10-26";"10J0";"-0.288"
"2015-10-26";"E";"-0.473"
"2015-10-26";"K";"-0.123"
"2015-10-26";"P";"-0.071"
"2015-10-26";"GK";"0.096"
"2015-10-26";"IKH";"0.729"
"2015-10-27";"2J";"-0.898"
"2015-10-27";"10J0";"-0.299"
"2015-10-27";"E";"-0.485"
"2015-10-27";"K";"-0.133"
"2015-10-27";"P";"-0.077"
"2015-10-27";"GK";"0.081"
"2015-10-27";"IKH";"0.776"
"2015-10-28";"2J";"-0.917"
"2015-10-28";"10J0";"-0.325"
"2015-10-28";"E";"-0.513"
"2015-10-28";"K";"-0.167"
"2015-10-28";"P";"-0.108"
"2015-10-28";"GK";"0.056"
"2015-10-28";"IKH";"0.703"
"2015-10-29";"2J";"-0.91"
"2015-10-29";"10J0";"-0.307"
"2015-10-29";"E";"-0.496"
"2015-10-29";"K";"-0.15"
"2015-10-29";"P";"-0.085"
"2015-10-29";"GK";"0.083"
"2015-10-29";"IKH";"0.738"
"2015-10-30";"2J";"-0.89"
"2015-10-30";"10J0";"-0.272"
"2015-10-30";"E";"-0.461"
"2015-10-30";"K";"-0.111"
"2015-10-30";"P";"-0.061"
"2015-10-30";"GK";"0.107"
"2015-10-30";"IKH";"0.786"
"2015-11-02";"2J";"-0.881"
"2015-11-02";"10J0";"-0.247"
"2015-11-02";"E";"-0.438"
"2015-11-02";"K";"-0.093"
"2015-11-02";"P";"-0.033"
"2015-11-02";"GK";"0.128"
"2015-11-02";"IKH";"0.796"
"2015-11-03";"2J";"-0.895"
"2015-11-03";"10J0";"-0.26"
"2015-11-03";"E";"-0.452"
"2015-11-03";"K";"-0.111"
"2015-11-03";"P";"-0.053"
"2015-11-03";"GK";"0.112"
"2015-11-03";"IKH";"0.785"
"2015-11-04";"2J";"-0.889"
"2015-11-04";"10J0";"-0.262"
"2015-11-04";"E";"-0.452"
"2015-11-04";"K";"-0.117"
"2015-11-04";"P";"-0.053"
"2015-11-04";"GK";"0.118"
"2015-11-04";"IKH";"0.73"
"2015-11-05";"2J";"-0.901"
"2015-11-05";"10J0";"-0.257"
"2015-11-05";"E";"-0.451"
"2015-11-05";"K";"-0.115"
"2015-11-05";"P";"-0.055"
"2015-11-05";"GK";"0.112"
"2015-11-05";"IKH";"0.753"
"2015-11-06";"2J";"-0.939"
"2015-11-06";"10J0";"-0.326"
"2015-11-06";"E";"-0.521"
"2015-11-06";"K";"-0.175"
"2015-11-06";"P";"-0.12"
"2015-11-06";"GK";"0.049"
"2015-11-06";"IKH";"0.651"
"2015-11-09";"2J";"-0.97"
"2015-11-09";"10J0";"-0.271"
"2015-11-09";"E";"-0.48"
"2015-11-09";"K";"-0.132"
"2015-11-09";"P";"-0.073"
"2015-11-09";"GK";"0.093"
"2015-11-09";"IKH";"0.686"
"2015-11-10";"2J";"-1.005"
"2015-11-10";"10J0";"-0.301"
"2015-11-10";"E";"-0.517"
"2015-11-10";"K";"-0.168"
"2015-11-10";"P";"-0.113"
"2015-11-10";"GK";"0.046"
"2015-11-10";"IKH";"0.686"
"2015-11-11";"2J";"-1.011"
"2015-11-11";"10J0";"-0.251"
"2015-11-11";"E";"-0.472"
"2015-11-11";"K";"-0.156"
"2015-11-11";"P";"-0.095"
"2015-11-11";"GK";"0.062"
"2015-11-11";"IKH";"0.683"
"2015-11-12";"2J";"-1.026"
"2015-11-12";"10J0";"-0.275"
"2015-11-12";"E";"-0.5"
"2015-11-12";"K";"-0.163"
"2015-11-12";"P";"-0.109"
"2015-11-12";"GK";"0.054"
"2015-11-12";"IKH";"0.675"
"2015-11-13";"2J";"-1.032"
"2015-11-13";"10J0";"-0.292"
"2015-11-13";"E";"-0.515"
"2015-11-13";"K";"-0.182"
"2015-11-13";"P";"-0.119"
"2015-11-13";"GK";"0.05"
"2015-11-13";"IKH";"0.631"
"2015-11-16";"2J";"-1.044"
"2015-11-16";"10J0";"-0.31"
"2015-11-16";"E";"-0.534"
"2015-11-16";"K";"-0.194"
"2015-11-16";"P";"-0.132"
"2015-11-16";"GK";"0.02"
"2015-11-16";"IKH";"0.619"
"2015-11-17";"2J";"-1.034"
"2015-11-17";"10J0";"-0.315"
"2015-11-17";"E";"-0.535"
"2015-11-17";"K";"-0.189"
"2015-11-17";"P";"-0.129"
"2015-11-17";"GK";"0.017"
"2015-11-17";"IKH";"0.637"
"2015-11-18";"2J";"-1.041"
"2015-11-18";"10J0";"-0.312"
"2015-11-18";"E";"-0.534"
"2015-11-18";"K";"-0.205"
"2015-11-18";"P";"-0.132"
"2015-11-18";"GK";"0.041"
"2015-11-18";"IKH";"0.638"
"2015-11-19";"2J";"-1.028"
"2015-11-19";"10J0";"-0.308"
"2015-11-19";"E";"-0.526"
"2015-11-19";"K";"-0.181"
"2015-11-19";"P";"-0.121"
"2015-11-19";"GK";"0.068"
"2015-11-19";"IKH";"0.698"
"2015-11-20";"2J";"-1.031"
"2015-11-20";"10J0";"-0.297"
"2015-11-20";"E";"-0.516"
"2015-11-20";"K";"-0.168"
"2015-11-20";"P";"-0.103"
"2015-11-20";"GK";"0.081"
"2015-11-20";"IKH";"0.687"
"2015-11-23";"2J";"-1.027"
"2015-11-23";"10J0";"-0.281"
"2015-11-23";"E";"-0.5"
"2015-11-23";"K";"-0.149"
"2015-11-23";"P";"-0.092"
"2015-11-23";"GK";"0.092"
"2015-11-23";"IKH";"0.655"
"2015-11-24";"2J";"-1.031"
"2015-11-24";"10J0";"-0.287"
"2015-11-24";"E";"-0.506"
"2015-11-24";"K";"-0.159"
"2015-11-24";"P";"-0.099"
"2015-11-24";"GK";"0.082"
"2015-11-24";"IKH";"0.723"
"2015-11-25";"2J";"-1.013"
"2015-11-25";"10J0";"-0.29"
"2015-11-25";"E";"-0.505"
"2015-11-25";"K";"-0.151"
"2015-11-25";"P";"-0.082"
"2015-11-25";"GK";"0.09"
"2015-11-25";"IKH";"0.665"
"2015-11-26";"2J";"-1.028"
"2015-11-26";"10J0";"-0.322"
"2015-11-26";"E";"-0.535"
"2015-11-26";"K";"-0.172"
"2015-11-26";"P";"-0.101"
"2015-11-26";"GK";"0.075"
"2015-11-26";"IKH";"0.651"
"2015-11-27";"2J";"-1.033"
"2015-11-27";"10J0";"-0.314"
"2015-11-27";"E";"-0.529"
"2015-11-27";"K";"-0.167"
"2015-11-27";"P";"-0.091"
"2015-11-27";"GK";"0.083"
"2015-11-27";"IKH";"0.668"
"2015-11-30";"2J";"-1.048"
"2015-11-30";"10J0";"-0.311"
"2015-11-30";"E";"-0.53"
"2015-11-30";"K";"-0.166"
"2015-11-30";"P";"-0.084"
"2015-11-30";"GK";"0.084"
"2015-11-30";"IKH";"0.712"
"2015-12-01";"2J";"-1.109"
"2015-12-01";"10J0";"-0.325"
"2015-12-01";"E";"-0.553"
"2015-12-01";"K";"-0.161"
"2015-12-01";"P";"-0.082"
"2015-12-01";"GK";"0.078"
"2015-12-01";"IKH";"0.694"
"2015-12-02";"2J";"-1.149"
"2015-12-02";"10J0";"-0.358"
"2015-12-02";"E";"-0.59"
"2015-12-02";"K";"-0.196"
"2015-12-02";"P";"-0.102"
"2015-12-02";"GK";"0.056"
"2015-12-02";"IKH";"0.63"
"2015-12-03";"2J";"-1.139"
"2015-12-03";"10J0";"-0.351"
"2015-12-03";"E";"-0.578"
"2015-12-03";"K";"-0.182"
"2015-12-03";"P";"-0.091"
"2015-12-03";"GK";"0.073"
"2015-12-03";"IKH";"0.627"
"2015-12-04";"2J";"-0.981"
"2015-12-04";"10J0";"-0.206"
"2015-12-04";"E";"-0.42"
"2015-12-04";"K";"-0.038"
"2015-12-04";"P";"0.032"
"2015-12-04";"GK";"0.208"
"2015-12-04";"IKH";"0.767"
"2015-12-07";"2J";"-0.956"
"2015-12-07";"10J0";"-0.23"
"2015-12-07";"E";"-0.437"
"2015-12-07";"K";"-0.064"
"2015-12-07";"P";"0.012"
"2015-12-07";"GK";"0.186"
"2015-12-07";"IKH";"0.79"
"2015-12-08";"2J";"-0.957"
"2015-12-08";"10J0";"-0.232"
"2015-12-08";"E";"-0.438"
"2015-12-08";"K";"-0.094"
"2015-12-08";"P";"-0.017"
"2015-12-08";"GK";"0.144"
"2015-12-08";"IKH";"0.784"
"2015-12-09";"2J";"-1"
"2015-12-09";"10J0";"-0.235"
"2015-12-09";"E";"-0.448"
"2015-12-09";"K";"-0.086"
"2015-12-09";"P";"-0.022"
"2015-12-09";"GK";"0.157"
"2015-12-09";"IKH";"0.796"
"2015-12-10";"2J";"-0.935"
"2015-12-10";"10J0";"-0.185"
"2015-12-10";"E";"-0.391"
"2015-12-10";"K";"-0.048"
"2015-12-10";"P";"0.023"
"2015-12-10";"GK";"0.195"
"2015-12-10";"IKH";"0.772"
"2015-12-11";"2J";"-0.906"
"2015-12-11";"10J0";"-0.172"
"2015-12-11";"E";"-0.372"
"2015-12-11";"K";"-0.039"
"2015-12-11";"P";"0.036"
"2015-12-11";"GK";"0.193"
"2015-12-11";"IKH";"0.767"
"2015-12-14";"2J";"-0.896"
"2015-12-14";"10J0";"-0.171"
"2015-12-14";"E";"-0.37"
"2015-12-14";"K";"-0.037"
"2015-12-14";"P";"0.034"
"2015-12-14";"GK";"0.214"
"2015-12-14";"IKH";"0.778"
"2015-12-15";"2J";"-0.875"
"2015-12-15";"10J0";"-0.128"
"2015-12-15";"E";"-0.326"
"2015-12-15";"K";"0.005"
"2015-12-15";"P";"0.078"
"2015-12-15";"GK";"0.235"
"2015-12-15";"IKH";"0.852"
"2015-12-16";"2J";"-0.853"
"2015-12-16";"10J0";"-0.109"
"2015-12-16";"E";"-0.305"
"2015-12-16";"K";"0.023"
"2015-12-16";"P";"0.081"
"2015-12-16";"GK";"0.255"
"2015-12-16";"IKH";"0.841"
"2015-12-17";"2J";"-0.862"
"2015-12-17";"10J0";"-0.13"
"2015-12-17";"E";"-0.323"
"2015-12-17";"K";"0.004"
"2015-12-17";"P";"0.058"
"2015-12-17";"GK";"0.23"
"2015-12-17";"IKH";"0.845"
"2015-12-18";"2J";"-0.845"
"2015-12-18";"10J0";"-0.144"
"2015-12-18";"E";"-0.33"
"2015-12-18";"K";"-0.004"
"2015-12-18";"P";"0.054"
"2015-12-18";"GK";"0.217"
"2015-12-18";"IKH";"0.834"
"2015-12-21";"2J";"-0.858"
"2015-12-21";"10J0";"-0.124"
"2015-12-21";"E";"-0.319"
"2015-12-21";"K";"0.002"
"2015-12-21";"P";"0.073"
"2015-12-21";"GK";"0.224"
"2015-12-21";"IKH";"0.87"
"2015-12-22";"2J";"-0.85"
"2015-12-22";"10J0";"-0.113"
"2015-12-22";"E";"-0.303"
"2015-12-22";"K";"0.02"
"2015-12-22";"P";"0.086"
"2015-12-22";"GK";"0.239"
"2015-12-22";"IKH";"0.838"
"2015-12-23";"2J";"-0.821"
"2015-12-23";"10J0";"-0.067"
"2015-12-23";"E";"-0.257"
"2015-12-23";"K";"0.039"
"2015-12-23";"P";"0.108"
"2015-12-23";"GK";"0.263"
"2015-12-23";"IKH";"0.89"
"2015-12-24";"2J";
"2015-12-24";"10J0";
"2015-12-24";"E";
"2015-12-24";"K";
"2015-12-24";"P";
"2015-12-24";"GK";
"2015-12-24";"IKH";
"2015-12-25";"2J";
"2015-12-25";"10J0";
"2015-12-25";"E";
"2015-12-25";"K";
"2015-12-25";"P";
"2015-12-25";"GK";
"2015-12-25";"IKH";
"2015-12-28";"2J";"-0.812"
"2015-12-28";"10J0";"-0.063"
"2015-12-28";"E";"-0.25"
"2015-12-28";"K";"0.064"
"2015-12-28";"P";"0.14"
"2015-12-28";"GK";"0.283"
"2015-12-28";"IKH";"0.927"
"2015-12-29";"2J";"-0.809"
"2015-12-29";"10J0";"-0.071"
"2015-12-29";"E";"-0.256"
"2015-12-29";"K";"0.057"
"2015-12-29";"P";"0.13"
"2015-12-29";"GK";"0.277"
"2015-12-29";"IKH";"0.91"
"2015-12-30";"2J";"-0.786"
"2015-12-30";"10J0";"-0.039"
"2015-12-30";"E";"-0.224"
"2015-12-30";"K";"0.091"
"2015-12-30";"P";"0.159"
"2015-12-30";"GK";"0.301"
"2015-12-30";"IKH";"0.881"
"2015-12-31";"2J";
"2015-12-31";"10J0";
"2015-12-31";"E";
"2015-12-31";"K";
"2015-12-31";"P";
"2015-12-31";"GK";
"2015-12-31";"IKH";
"2016-01-01";"2J";
"2016-01-01";"10J0";
"2016-01-01";"E";
"2016-01-01";"K";
"2016-01-01";"P";
"2016-01-01";"GK";
"2016-01-01";"IKH";
"2016-01-04";"2J";"-0.794"
"2016-01-04";"10J0";"-0.081"
"2016-01-04";"E";"-0.261"
"2016-01-04";"K";"0.047"
"2016-01-04";"P";"0.117"
"2016-01-04";"GK";"0.272"
"2016-01-04";"IKH";"0.915"
"2016-01-05";"2J";"-0.797"
"2016-01-05";"10J0";"-0.115"
"2016-01-05";"E";"-0.291"
"2016-01-05";"K";"0.019"
"2016-01-05";"P";"0.087"
"2016-01-05";"GK";"0.239"
"2016-01-05";"IKH";"0.89"
"2016-01-06";"2J";"-0.825"
"2016-01-06";"10J0";"-0.139"
"2016-01-06";"E";"-0.319"
"2016-01-06";"K";"-0.011"
"2016-01-06";"P";"0.055"
"2016-01-06";"GK";"0.209"
"2016-01-06";"IKH";"0.866"
"2016-01-07";"2J";"-0.841"
"2016-01-07";"10J0";"-0.174"
"2016-01-07";"E";"-0.354"
"2016-01-07";"K";"-0.056"
"2016-01-07";"P";"0.013"
"2016-01-07";"GK";"0.183"
"2016-01-07";"IKH";"0.826"
"2016-01-08";"2J";"-0.804"
"2016-01-08";"10J0";"-0.112"
"2016-01-08";"E";"-0.29"
"2016-01-08";"K";"0.002"
"2016-01-08";"P";"0.073"
"2016-01-08";"GK";"0.219"
"2016-01-08";"IKH";"0.843"
"2016-01-11";"2J";"-0.833"
"2016-01-11";"10J0";"-0.13"
"2016-01-11";"E";"-0.314"
"2016-01-11";"K";"-0.022"
"2016-01-11";"P";"0.048"
"2016-01-11";"GK";"0.223"
"2016-01-11";"IKH";"0.873"
"2016-01-12";"2J";"-0.823"
"2016-01-12";"10J0";"-0.109"
"2016-01-12";"E";"-0.292"
"2016-01-12";"K";"-0.012"
"2016-01-12";"P";"0.062"
"2016-01-12";"GK";"0.212"
"2016-01-12";"IKH";"0.871"
"2016-01-13";"2J";"-0.834"
"2016-01-13";"10J0";"-0.139"
"2016-01-13";"E";"-0.319"
"2016-01-13";"K";"-0.039"
"2016-01-13";"P";"0.033"
"2016-01-13";"GK";"0.224"
"2016-01-13";"IKH";"0.853"
"2016-01-14";"2J";"-0.846"
"2016-01-14";"10J0";"-0.186"
"2016-01-14";"E";"-0.361"
"2016-01-14";"K";"-0.087"
"2016-01-14";"P";"-0.012"
"2016-01-14";"GK";"0.142"
"2016-01-14";"IKH";"0.79"
"2016-01-15";"2J";"-0.857"
"2016-01-15";"10J0";"-0.203"
"2016-01-15";"E";"-0.381"
"2016-01-15";"K";"-0.092"
"2016-01-15";"P";"-0.014"
"2016-01-15";"GK";"0.155"
"2016-01-15";"IKH";"0.829"
"2016-01-18";"2J";"-0.858"
"2016-01-18";"10J0";"-0.187"
"2016-01-18";"E";"-0.368"
"2016-01-18";"K";"-0.075"
"2016-01-18";"P";"0.004"
"2016-01-18";"GK";"0.179"
"2016-01-18";"IKH";"0.82"
"2016-01-19";"2J";"-0.859"
"2016-01-19";"10J0";"-0.196"
"2016-01-19";"E";"-0.374"
"2016-01-19";"K";"-0.078"
"2016-01-19";"P";"-0.003"
"2016-01-19";"GK";"0.144"
"2016-01-19";"IKH";"0.811"
"2016-01-20";"2J";"-0.872"
"2016-01-20";"10J0";"-0.225"
"2016-01-20";"E";"-0.402"
"2016-01-20";"K";"-0.106"
"2016-01-20";"P";"-0.03"
"2016-01-20";"GK";"0.119"
"2016-01-20";"IKH";"0.796"
"2016-01-21";"2J";"-0.867"
"2016-01-21";"10J0";"-0.226"
"2016-01-21";"E";"-0.401"
"2016-01-21";"K";"-0.103"
"2016-01-21";"P";"-0.028"
"2016-01-21";"GK";"0.124"
"2016-01-21";"IKH";"0.781"
"2016-01-22";"2J";"-0.883"
"2016-01-22";"10J0";"-0.238"
"2016-01-22";"E";"-0.418"
"2016-01-22";"K";"-0.108"
"2016-01-22";"P";"-0.031"
"2016-01-22";"GK";"0.118"
"2016-01-22";"IKH";"0.792"
"2016-01-25";"2J";"-0.894"
"2016-01-25";"10J0";"-0.239"
"2016-01-25";"E";"-0.421"
"2016-01-25";"K";"-0.109"
"2016-01-25";"P";"-0.035"
"2016-01-25";"GK";"0.11"
"2016-01-25";"IKH";"0.804"
"2016-01-26";"2J";"-0.919"
"2016-01-26";"10J0";"-0.285"
"2016-01-26";"E";"-0.467"
"2016-01-26";"K";"-0.138"
"2016-01-26";"P";"-0.053"
"2016-01-26";"GK";"0.087"
"2016-01-26";"IKH";"0.753"
"2016-01-27";"2J";"-0.899"
"2016-01-27";"10J0";"-0.271"
"2016-01-27";"E";"-0.45"
"2016-01-27";"K";"-0.12"
"2016-01-27";"P";"-0.043"
"2016-01-27";"GK";"0.107"
"2016-01-27";"IKH";"0.787"
"2016-01-28";"2J";"-0.871"
"2016-01-28";"10J0";"-0.254"
"2016-01-28";"E";"-0.428"
"2016-01-28";"K";"-0.092"
"2016-01-28";"P";"-0.014"
"2016-01-28";"GK";"0.12"
"2016-01-28";"IKH";"0.768"
"2016-01-29";"2J";"-0.88"
"2016-01-29";"10J0";"-0.299"
"2016-01-29";"E";"-0.468"
"2016-01-29";"K";"-0.138"
"2016-01-29";"P";"-0.054"
"2016-01-29";"GK";"0.08"
"2016-01-29";"IKH";"0.753"
"2016-02-01";"2J";"-0.909"
"2016-02-01";"10J0";"-0.341"
"2016-02-01";"E";"-0.515"
"2016-02-01";"K";"-0.159"
"2016-02-01";"P";"-0.071"
"2016-02-01";"GK";"0.068"
"2016-02-01";"IKH";"0.779"
"2016-02-02";"2J";"-0.893"
"2016-02-02";"10J0";"-0.317"
"2016-02-02";"E";"-0.485"
"2016-02-02";"K";"-0.144"
"2016-02-02";"P";"-0.06"
"2016-02-02";"GK";"0.076"
"2016-02-02";"IKH";"0.785"
"2016-02-03";"2J";"-0.91"
"2016-02-03";"10J0";"-0.324"
"2016-02-03";"E";"-0.493"
"2016-02-03";"K";"-0.145"
"2016-02-03";"P";"-0.058"
"2016-02-03";"GK";"0.077"
"2016-02-03";"IKH";"0.778"
"2016-02-04";"2J";"-0.886"
"2016-02-04";"10J0";"-0.316"
"2016-02-04";"E";"-0.482"
"2016-02-04";"K";"-0.129"
"2016-02-04";"P";"-0.045"
"2016-02-04";"GK";"0.091"
"2016-02-04";"IKH";"0.8"
"2016-02-05";"2J";"-0.89"
"2016-02-05";"10J0";"-0.319"
"2016-02-05";"E";"-0.486"
"2016-02-05";"K";"-0.136"
"2016-02-05";"P";"-0.049"
"2016-02-05";"GK";"0.089"
"2016-02-05";"IKH";"0.794"
"2016-02-08";"2J";"-0.878"
"2016-02-08";"10J0";"-0.323"
"2016-02-08";"E";"-0.485"
"2016-02-08";"K";"-0.14"
"2016-02-08";"P";"-0.057"
"2016-02-08";"GK";"0.083"
"2016-02-08";"IKH";"0.77"
"2016-02-09";"2J";"-0.913"
"2016-02-09";"10J0";"-0.372"
"2016-02-09";"E";"-0.536"
"2016-02-09";"K";"-0.191"
"2016-02-09";"P";"-0.112"
"2016-02-09";"GK";"0.032"
"2016-02-09";"IKH";"0.766"
"2016-02-10";"2J";"-0.904"
"2016-02-10";"10J0";"-0.349"
"2016-02-10";"E";"-0.51"
"2016-02-10";"K";"-0.178"
"2016-02-10";"P";"-0.087"
"2016-02-10";"GK";"0.056"
"2016-02-10";"IKH";"0.765"
"2016-02-11";"2J";"-0.943"
"2016-02-11";"10J0";"-0.359"
"2016-02-11";"E";"-0.527"
"2016-02-11";"K";"-0.219"
"2016-02-11";"P";"-0.127"
"2016-02-11";"GK";"0.013"
"2016-02-11";"IKH";"0.758"
"2016-02-12";"2J";"-0.945"
"2016-02-12";"10J0";"-0.331"
"2016-02-12";"E";"-0.501"
"2016-02-12";"K";"-0.186"
"2016-02-12";"P";"-0.09"
"2016-02-12";"GK";"0.046"
"2016-02-12";"IKH";"0.803"
"2016-02-15";"2J";"-0.93"
"2016-02-15";"10J0";"-0.297"
"2016-02-15";"E";"-0.47"
"2016-02-15";"K";"-0.147"
"2016-02-15";"P";"-0.054"
"2016-02-15";"GK";"0.08"
"2016-02-15";"IKH";"0.836"
"2016-02-16";"2J";"-0.942"
"2016-02-16";"10J0";"-0.322"
"2016-02-16";"E";"-0.492"
"2016-02-16";"K";"-0.186"
"2016-02-16";"P";"-0.093"
"2016-02-16";"GK";"0.042"
"2016-02-16";"IKH";"0.804"
"2016-02-17";"2J";"-0.965"
"2016-02-17";"10J0";"-0.353"
"2016-02-17";"E";"-0.526"
"2016-02-17";"K";"-0.221"
"2016-02-17";"P";"-0.116"
"2016-02-17";"GK";"0.012"
"2016-02-17";"IKH";"0.776"
"2016-02-18";"2J";"-0.942"
"2016-02-18";"10J0";"-0.33"
"2016-02-18";"E";"-0.503"
"2016-02-18";"K";"-0.186"
"2016-02-18";"P";"-0.089"
"2016-02-18";"GK";"0.039"
"2016-02-18";"IKH";"0.812"
"2016-02-19";"2J";"-0.942"
"2016-02-19";"10J0";"-0.352"
"2016-02-19";"E";"-0.52"
"2016-02-19";"K";"-0.215"
"2016-02-19";"P";"-0.12"
"2016-02-19";"GK";"0.012"
"2016-02-19";"IKH";"0.75"
"2016-02-22";"2J";"-0.957"
"2016-02-22";"10J0";"-0.358"
"2016-02-22";"E";"-0.529"
"2016-02-22";"K";"-0.218"
"2016-02-22";"P";"-0.123"
"2016-02-22";"GK";"0.012"
"2016-02-22";"IKH";"0.791"
"2016-02-23";"2J";"-0.986"
"2016-02-23";"10J0";"-0.402"
"2016-02-23";"E";"-0.575"
"2016-02-23";"K";"-0.255"
"2016-02-23";"P";"-0.159"
"2016-02-23";"GK";"-0.024"
"2016-02-23";"IKH";"0.757"
"2016-02-24";"2J";"-1.002"
"2016-02-24";"10J0";"-0.422"
"2016-02-24";"E";"-0.594"
"2016-02-24";"K";"-0.272"
"2016-02-24";"P";"-0.171"
"2016-02-24";"GK";"-0.029"
"2016-02-24";"IKH";"0.75"
"2016-02-25";"2J";"-1.006"
"2016-02-25";"10J0";"-0.431"
"2016-02-25";"E";"-0.603"
"2016-02-25";"K";"-0.272"
"2016-02-25";"P";"-0.171"
"2016-02-25";"GK";"-0.031"
"2016-02-25";"IKH";"0.74"
"2016-02-26";"2J";"-1.017"
"2016-02-26";"10J0";"-0.433"
"2016-02-26";"E";"-0.605"
"2016-02-26";"K";"-0.272"
"2016-02-26";"P";"-0.171"
"2016-02-26";"GK";"-0.031"
"2016-02-26";"IKH";"0.741"
"2016-02-29";"2J";"-1.027"
"2016-02-29";"10J0";"-0.453"
"2016-02-29";"E";"-0.625"
"2016-02-29";"K";"-0.283"
"2016-02-29";"P";"-0.183"
"2016-02-29";"GK";"-0.04"
"2016-02-29";"IKH";"0.736"
"2016-03-01";"2J";"-1.055"
"2016-03-01";"10J0";"-0.478"
"2016-03-01";"E";"-0.653"
"2016-03-01";"K";"-0.305"
"2016-03-01";"P";"-0.199"
"2016-03-01";"GK";"-0.068"
"2016-03-01";"IKH";"0.702"
"2016-03-02";"2J";"-1.027"
"2016-03-02";"10J0";"-0.45"
"2016-03-02";"E";"-0.627"
"2016-03-02";"K";"-0.279"
"2016-03-02";"P";"-0.18"
"2016-03-02";"GK";"-0.04"
"2016-03-02";"IKH";"0.731"
"2016-03-03";"2J";"-1.003"
"2016-03-03";"10J0";"-0.443"
"2016-03-03";"E";"-0.614"
"2016-03-03";"K";"-0.268"
"2016-03-03";"P";"-0.169"
"2016-03-03";"GK";"-0.03"
"2016-03-03";"IKH";"0.72"
"2016-03-04";"2J";"-1.012"
"2016-03-04";"10J0";"-0.444"
"2016-03-04";"E";"-0.617"
"2016-03-04";"K";"-0.271"
"2016-03-04";"P";"-0.169"
"2016-03-04";"GK";"-0.029"
"2016-03-04";"IKH";"0.723"
"2016-03-07";"2J";"-0.992"
"2016-03-07";"10J0";"-0.439"
"2016-03-07";"E";"-0.611"
"2016-03-07";"K";"-0.258"
"2016-03-07";"P";"-0.163"
"2016-03-07";"GK";"-0.024"
"2016-03-07";"IKH";"0.746"
"2016-03-08";"2J";"-1.006"
"2016-03-08";"10J0";"-0.437"
"2016-03-08";"E";"-0.612"
"2016-03-08";"K";"-0.283"
"2016-03-08";"P";"-0.185"
"2016-03-08";"GK";"-0.041"
"2016-03-08";"IKH";"0.747"
"2016-03-09";"2J";"-0.984"
"2016-03-09";"10J0";"-0.419"
"2016-03-09";"E";"-0.593"
"2016-03-09";"K";"-0.248"
"2016-03-09";"P";"-0.156"
"2016-03-09";"GK";"-0.014"
"2016-03-09";"IKH";"0.813"
"2016-03-10";"2J";"-0.978"
"2016-03-10";"10J0";"-0.372"
"2016-03-10";"E";"-0.553"
"2016-03-10";"K";"-0.229"
"2016-03-10";"P";"-0.13"
"2016-03-10";"GK";"0.006"
"2016-03-10";"IKH";"0.856"
"2016-03-11";"2J";"-0.912"
"2016-03-11";"10J0";"-0.324"
"2016-03-11";"E";"-0.497"
"2016-03-11";"K";"-0.171"
"2016-03-11";"P";"-0.075"
"2016-03-11";"GK";"0.063"
"2016-03-11";"IKH";"0.905"
"2016-03-14";"2J";"-0.901"
"2016-03-14";"10J0";"-0.331"
"2016-03-14";"E";"-0.498"
"2016-03-14";"K";"-0.172"
"2016-03-14";"P";"-0.075"
"2016-03-14";"GK";"0.055"
"2016-03-14";"IKH";"0.913"
"2016-03-15";"2J";"-0.907"
"2016-03-15";"10J0";"-0.331"
"2016-03-15";"E";"-0.5"
"2016-03-15";"K";"-0.152"
"2016-03-15";"P";"-0.054"
"2016-03-15";"GK";"0.08"
"2016-03-15";"IKH";"0.935"
"2016-03-16";"2J";"-0.887"
"2016-03-16";"10J0";"-0.322"
"2016-03-16";"E";"-0.486"
"2016-03-16";"K";"-0.141"
"2016-03-16";"P";"-0.049"
"2016-03-16";"GK";"0.083"
"2016-03-16";"IKH";"0.929"
"2016-03-17";"2J";"-0.898"
"2016-03-17";"10J0";"-0.373"
"2016-03-17";"E";"-0.532"
"2016-03-17";"K";"-0.211"
"2016-03-17";"P";"-0.107"
"2016-03-17";"GK";"0.027"
"2016-03-17";"IKH";"0.912"
"2016-03-18";"2J";"-0.892"
"2016-03-18";"10J0";"-0.361"
"2016-03-18";"E";"-0.521"
"2016-03-18";"K";"-0.207"
"2016-03-18";"P";"-0.109"
"2016-03-18";"GK";"0.027"
"2016-03-18";"IKH";"0.916"
"2016-03-21";"2J";"-0.897"
"2016-03-21";"10J0";"-0.361"
"2016-03-21";"E";"-0.522"
"2016-03-21";"K";"-0.216"
"2016-03-21";"P";"-0.114"
"2016-03-21";"GK";"0.017"
"2016-03-21";"IKH";"0.897"
"2016-03-22";"2J";"-0.905"
"2016-03-22";"10J0";"-0.375"
"2016-03-22";"E";"-0.537"
"2016-03-22";"K";"-0.223"
"2016-03-22";"P";"-0.119"
"2016-03-22";"GK";"0.015"
"2016-03-22";"IKH";"0.894"
"2016-03-23";"2J";"-0.882"
"2016-03-23";"10J0";"-0.344"
"2016-03-23";"E";"-0.503"
"2016-03-23";"K";"-0.191"
"2016-03-23";"P";"-0.091"
"2016-03-23";"GK";"0.046"
"2016-03-23";"IKH";"0.913"
"2016-03-24";"2J";"-0.876"
"2016-03-24";"10J0";"-0.368"
"2016-03-24";"E";"-0.521"
"2016-03-24";"K";"-0.211"
"2016-03-24";"P";"-0.104"
"2016-03-24";"GK";"0.028"
"2016-03-24";"IKH";"0.887"
"2016-03-25";"2J";
"2016-03-25";"10J0";
"2016-03-25";"E";
"2016-03-25";"K";
"2016-03-25";"P";
"2016-03-25";"GK";
"2016-03-25";"IKH";
"2016-03-28";"2J";
"2016-03-28";"10J0";
"2016-03-28";"E";
"2016-03-28";"K";
"2016-03-28";"P";
"2016-03-28";"GK";
"2016-03-28";"IKH";
"2016-03-29";"2J";"-0.878"
"2016-03-29";"10J0";"-0.397"
"2016-03-29";"E";"-0.547"
"2016-03-29";"K";"-0.218"
"2016-03-29";"P";"-0.114"
"2016-03-29";"GK";"0.015"
"2016-03-29";"IKH";"0.913"
"2016-03-30";"2J";"-0.867"
"2016-03-30";"10J0";"-0.394"
"2016-03-30";"E";"-0.54"
"2016-03-30";"K";"-0.221"
"2016-03-30";"P";"-0.123"
"2016-03-30";"GK";"0.018"
"2016-03-30";"IKH";"0.883"
"2016-03-31";"2J";"-0.865"
"2016-03-31";"10J0";"-0.387"
"2016-03-31";"E";"-0.529"
"2016-03-31";"K";"-0.218"
"2016-03-31";"P";"-0.114"
"2016-03-31";"GK";"0.022"
"2016-03-31";"IKH";"0.891"
"2016-04-01";"2J";"-0.856"
"2016-04-01";"10J0";"-0.383"
"2016-04-01";"E";"-0.526"
"2016-04-01";"K";"-0.212"
"2016-04-01";"P";"-0.105"
"2016-04-01";"GK";"0.037"
"2016-04-01";"IKH";"0.879"
"2016-04-04";"2J";"-0.865"
"2016-04-04";"10J0";"-0.395"
"2016-04-04";"E";"-0.541"
"2016-04-04";"K";"-0.215"
"2016-04-04";"P";"-0.107"
"2016-04-04";"GK";"0.033"
"2016-04-04";"IKH";"0.877"
"2016-04-05";"2J";"-0.867"
"2016-04-05";"10J0";"-0.413"
"2016-04-05";"E";"-0.555"
"2016-04-05";"K";"-0.232"
"2016-04-05";"P";"-0.125"
"2016-04-05";"GK";"0.02"
"2016-04-05";"IKH";"0.856"
"2016-04-06";"2J";"-0.884"
"2016-04-06";"10J0";"-0.403"
"2016-04-06";"E";"-0.553"
"2016-04-06";"K";"-0.215"
"2016-04-06";"P";"-0.111"
"2016-04-06";"GK";"0.027"
"2016-04-06";"IKH";"0.903"
"2016-04-07";"2J";"-0.872"
"2016-04-07";"10J0";"-0.396"
"2016-04-07";"E";"-0.544"
"2016-04-07";"K";"-0.219"
"2016-04-07";"P";"-0.115"
"2016-04-07";"GK";"0.021"
"2016-04-07";"IKH";"0.886"
"2016-04-08";"2J";"-0.867"
"2016-04-08";"10J0";"-0.362"
"2016-04-08";"E";"-0.531"
"2016-04-08";"K";"-0.23"
"2016-04-08";"P";"-0.119"
"2016-04-08";"GK";"0.009"
"2016-04-08";"IKH";"0.892"
"2016-04-11";"2J";"-0.864"
"2016-04-11";"10J0";"-0.37"
"2016-04-11";"E";"-0.537"
"2016-04-11";"K";"-0.245"
"2016-04-11";"P";"-0.141"
"2016-04-11";"GK";"-0.005"
"2016-04-11";"IKH";"0.863"
"2016-04-12";"2J";"-0.849"
"2016-04-12";"10J0";"-0.335"
"2016-04-12";"E";"-0.503"
"2016-04-12";"K";"-0.222"
"2016-04-12";"P";"-0.117"
"2016-04-12";"GK";"0.015"
"2016-04-12";"IKH";"0.896"
"2016-04-13";"2J";"-0.852"
"2016-04-13";"10J0";"-0.343"
"2016-04-13";"E";"-0.513"
"2016-04-13";"K";"-0.23"
"2016-04-13";"P";"-0.123"
"2016-04-13";"GK";"0.01"
"2016-04-13";"IKH";"0.899"
"2016-04-14";"2J";"-0.854"
"2016-04-14";"10J0";"-0.35"
"2016-04-14";"E";"-0.518"
"2016-04-14";"K";"-0.232"
"2016-04-14";"P";"-0.127"
"2016-04-14";"GK";"0.002"
"2016-04-14";"IKH";"0.866"
"2016-04-15";"2J";"-0.855"
"2016-04-15";"10J0";"-0.334"
"2016-04-15";"E";"-0.5"
"2016-04-15";"K";"-0.238"
"2016-04-15";"P";"-0.129"
"2016-04-15";"GK";"-0.001"
"2016-04-15";"IKH";"0.871"
"2016-04-18";"2J";"-0.872"
"2016-04-18";"10J0";"-0.351"
"2016-04-18";"E";"-0.517"
"2016-04-18";"K";"-0.242"
"2016-04-18";"P";"-0.137"
"2016-04-18";"GK";"-0.004"
"2016-04-18";"IKH";"0.859"
"2016-04-19";"2J";"-0.871"
"2016-04-19";"10J0";"-0.344"
"2016-04-19";"E";"-0.508"
"2016-04-19";"K";"-0.234"
"2016-04-19";"P";"-0.13"
"2016-04-19";"GK";"0.001"
"2016-04-19";"IKH";"0.854"
"2016-04-20";"2J";"-0.873"
"2016-04-20";"10J0";"-0.342"
"2016-04-20";"E";"-0.508"
"2016-04-20";"K";"-0.228"
"2016-04-20";"P";"-0.125"
"2016-04-20";"GK";"0.01"
"2016-04-20";"IKH";"0.859"
"2016-04-21";"2J";"-0.865"
"2016-04-21";"10J0";"-0.317"
"2016-04-21";"E";"-0.483"
"2016-04-21";"K";"-0.217"
"2016-04-21";"P";"-0.1"
"2016-04-21";"GK";"0.03"
"2016-04-21";"IKH";"0.864"
"2016-04-22";"2J";"-0.853"
"2016-04-22";"10J0";"-0.238"
"2016-04-22";"E";"-0.407"
"2016-04-22";"K";"-0.192"
"2016-04-22";"P";"-0.084"
"2016-04-22";"GK";"0.049"
"2016-04-22";"IKH";"0.887"
"2016-04-25";"2J";"-0.827"
"2016-04-25";"10J0";"-0.258"
"2016-04-25";"E";"-0.43"
"2016-04-25";"K";"-0.192"
"2016-04-25";"P";"-0.081"
"2016-04-25";"GK";"0.057"
"2016-04-25";"IKH";"0.896"
"2016-04-26";"2J";"-0.826"
"2016-04-26";"10J0";"-0.241"
"2016-04-26";"E";"-0.409"
"2016-04-26";"K";"-0.188"
"2016-04-26";"P";"-0.077"
"2016-04-26";"GK";"0.064"
"2016-04-26";"IKH";"0.886"
"2016-04-27";"2J";"-0.825"
"2016-04-27";"10J0";"-0.215"
"2016-04-27";"E";"-0.384"
"2016-04-27";"K";"-0.165"
"2016-04-27";"P";"-0.058"
"2016-04-27";"GK";"0.082"
"2016-04-27";"IKH";"0.904"
"2016-04-28";"2J";"-0.826"
"2016-04-28";"10J0";"-0.256"
"2016-04-28";"E";"-0.43"
"2016-04-28";"K";"-0.186"
"2016-04-28";"P";"-0.084"
"2016-04-28";"GK";"0.057"
"2016-04-28";"IKH";"0.876"
"2016-04-29";"2J";"-0.809"
"2016-04-29";"10J0";"-0.245"
"2016-04-29";"E";"-0.415"
"2016-04-29";"K";"-0.179"
"2016-04-29";"P";"-0.073"
"2016-04-29";"GK";"0.064"
"2016-04-29";"IKH";"0.878"
"2016-05-02";"2J";"-0.82"
"2016-05-02";"10J0";"-0.251"
"2016-05-02";"E";"-0.418"
"2016-05-02";"K";"-0.179"
"2016-05-02";"P";"-0.082"
"2016-05-02";"GK";"0.059"
"2016-05-02";"IKH";"0.892"
"2016-05-03";"2J";"-0.819"
"2016-05-03";"10J0";"-0.23"
"2016-05-03";"E";"-0.396"
"2016-05-03";"K";"-0.175"
"2016-05-03";"P";"-0.074"
"2016-05-03";"GK";"0.062"
"2016-05-03";"IKH";"0.885"
"2016-05-04";"2J";"-0.816"
"2016-05-04";"10J0";"-0.248"
"2016-05-04";"E";"-0.414"
"2016-05-04";"K";"-0.188"
"2016-05-04";"P";"-0.089"
"2016-05-04";"GK";"0.048"
"2016-05-04";"IKH";"0.887"
"2016-05-05";"2J";
"2016-05-05";"10J0";
"2016-05-05";"E";
"2016-05-05";"K";
"2016-05-05";"P";
"2016-05-05";"GK";
"2016-05-05";"IKH";
"2016-05-06";"2J";"-0.843"
"2016-05-06";"10J0";"-0.271"
"2016-05-06";"E";"-0.437"
"2016-05-06";"K";"-0.21"
"2016-05-06";"P";"-0.11"
"2016-05-06";"GK";"0.026"
"2016-05-06";"IKH";"0.868"
"2016-05-09";"2J";"-0.85"
"2016-05-09";"10J0";"-0.279"
"2016-05-09";"E";"-0.445"
"2016-05-09";"K";"-0.216"
"2016-05-09";"P";"-0.117"
"2016-05-09";"GK";"0.021"
"2016-05-09";"IKH";"0.847"
"2016-05-10";"2J";"-0.854"
"2016-05-10";"10J0";"-0.298"
"2016-05-10";"E";"-0.462"
"2016-05-10";"K";"-0.24"
"2016-05-10";"P";"-0.14"
"2016-05-10";"GK";"0.002"
"2016-05-10";"IKH";"0.846"
"2016-05-11";"2J";"-0.851"
"2016-05-11";"10J0";"-0.313"
"2016-05-11";"E";"-0.478"
"2016-05-11";"K";"-0.25"
"2016-05-11";"P";"-0.146"
"2016-05-11";"GK";"-0.012"
"2016-05-11";"IKH";"0.819"
"2016-05-12";"2J";"-0.837"
"2016-05-12";"10J0";"-0.314"
"2016-05-12";"E";"-0.477"
"2016-05-12";"K";"-0.246"
"2016-05-12";"P";"-0.143"
"2016-05-12";"GK";"-0.014"
"2016-05-12";"IKH";"0.833"
"2016-05-13";"2J";"-0.82"
"2016-05-13";"10J0";"-0.308"
"2016-05-13";"E";"-0.472"
"2016-05-13";"K";"-0.238"
"2016-05-13";"P";"-0.134"
"2016-05-13";"GK";"-0.001"
"2016-05-13";"IKH";"0.824"
"2016-05-16";"2J";
"2016-05-16";"10J0";
"2016-05-16";"E";
"2016-05-16";"K";
"2016-05-16";"P";
"2016-05-16";"GK";
"2016-05-16";"IKH";
"2016-05-17";"2J";"-0.85"
"2016-05-17";"10J0";"-0.295"
"2016-05-17";"E";"-0.462"
"2016-05-17";"K";"-0.229"
"2016-05-17";"P";"-0.123"
"2016-05-17";"GK";"0.007"
"2016-05-17";"IKH";"0.837"
"2016-05-18";"2J";"-0.845"
"2016-05-18";"10J0";"-0.306"
"2016-05-18";"E";"-0.473"
"2016-05-18";"K";"-0.231"
"2016-05-18";"P";"-0.129"
"2016-05-18";"GK";"0.002"
"2016-05-18";"IKH";"0.838"
"2016-05-19";"2J";"-0.82"
"2016-05-19";"10J0";"-0.293"
"2016-05-19";"E";"-0.461"
"2016-05-19";"K";"-0.219"
"2016-05-19";"P";"-0.115"
"2016-05-19";"GK";"0.015"
"2016-05-19";"IKH";"0.852"
"2016-05-20";"2J";"-0.816"
"2016-05-20";"10J0";"-0.295"
"2016-05-20";"E";"-0.462"
"2016-05-20";"K";"-0.219"
"2016-05-20";"P";"-0.114"
"2016-05-20";"GK";"0.012"
"2016-05-20";"IKH";"0.843"
"2016-05-23";"2J";"-0.832"
"2016-05-23";"10J0";"-0.287"
"2016-05-23";"E";"-0.455"
"2016-05-23";"K";"-0.212"
"2016-05-23";"P";"-0.105"
"2016-05-23";"GK";"0.023"
"2016-05-23";"IKH";"0.858"
"2016-05-24";"2J";"-0.825"
"2016-05-24";"10J0";"-0.277"
"2016-05-24";"E";"-0.444"
"2016-05-24";"K";"-0.185"
"2016-05-24";"P";"-0.1"
"2016-05-24";"GK";"0.031"
"2016-05-24";"IKH";"0.86"
"2016-05-25";"2J";"-0.816"
"2016-05-25";"10J0";"-0.26"
"2016-05-25";"E";"-0.429"
"2016-05-25";"K";"-0.182"
"2016-05-25";"P";"-0.076"
"2016-05-25";"GK";"0.05"
"2016-05-25";"IKH";"0.876"
"2016-05-26";"2J";"-0.798"
"2016-05-26";"10J0";"-0.29"
"2016-05-26";"E";"-0.454"
"2016-05-26";"K";"-0.209"
"2016-05-26";"P";"-0.106"
"2016-05-26";"GK";"0.023"
"2016-05-26";"IKH";"0.858"
"2016-05-27";"2J";"-0.822"
"2016-05-27";"10J0";"-0.301"
"2016-05-27";"E";"-0.466"
"2016-05-27";"K";"-0.215"
"2016-05-27";"P";"-0.111"
"2016-05-27";"GK";"0.018"
"2016-05-27";"IKH";"0.846"
"2016-05-30";"2J";"-0.806"
"2016-05-30";"10J0";"-0.293"
"2016-05-30";"E";"-0.458"
"2016-05-30";"K";"-0.202"
"2016-05-30";"P";"-0.097"
"2016-05-30";"GK";"0.032"
"2016-05-30";"IKH";"0.858"
"2016-05-31";"2J";"-0.804"
"2016-05-31";"10J0";"-0.298"
"2016-05-31";"E";"-0.461"
"2016-05-31";"K";"-0.19"
"2016-05-31";"P";"-0.09"
"2016-05-31";"GK";"0.044"
"2016-05-31";"IKH";"0.86"
"2016-06-01";"2J";"-0.82"
"2016-06-01";"10J0";"-0.356"
"2016-06-01";"E";"-0.516"
"2016-06-01";"K";"-0.222"
"2016-06-01";"P";"-0.122"
"2016-06-01";"GK";"0.01"
"2016-06-01";"IKH";"0.826"
"2016-06-02";"2J";"-0.807"
"2016-06-02";"10J0";"-0.356"
"2016-06-02";"E";"-0.515"
"2016-06-02";"K";"-0.222"
"2016-06-02";"P";"-0.123"
"2016-06-02";"GK";"0.005"
"2016-06-02";"IKH";"0.821"
"2016-06-03";"2J";"-0.834"
"2016-06-03";"10J0";"-0.385"
"2016-06-03";"E";"-0.546"
"2016-06-03";"K";"-0.256"
"2016-06-03";"P";"-0.158"
"2016-06-03";"GK";"-0.017"
"2016-06-03";"IKH";"0.803"
"2016-06-06";"2J";"-0.851"
"2016-06-06";"10J0";"-0.392"
"2016-06-06";"E";"-0.551"
"2016-06-06";"K";"-0.264"
"2016-06-06";"P";"-0.167"
"2016-06-06";"GK";"-0.034"
"2016-06-06";"IKH";"0.778"
"2016-06-07";"2J";"-0.858"
"2016-06-07";"10J0";"-0.38"
"2016-06-07";"E";"-0.542"
"2016-06-07";"K";"-0.267"
"2016-06-07";"P";"-0.166"
"2016-06-07";"GK";"-0.025"
"2016-06-07";"IKH";"0.775"
"2016-06-08";"2J";"-0.874"
"2016-06-08";"10J0";"-0.418"
"2016-06-08";"E";"-0.579"
"2016-06-08";"K";"-0.294"
"2016-06-08";"P";"-0.184"
"2016-06-08";"GK";"-0.052"
"2016-06-08";"IKH";"0.737"
"2016-06-09";"2J";"-0.857"
"2016-06-09";"10J0";"-0.418"
"2016-06-09";"E";"-0.581"
"2016-06-09";"K";"-0.297"
"2016-06-09";"P";"-0.184"
"2016-06-09";"GK";"-0.054"
"2016-06-09";"IKH";"0.747"
"2016-06-10";"2J";"-0.907"
"2016-06-10";"10J0";"-0.446"
"2016-06-10";"E";"-0.612"
"2016-06-10";"K";"-0.332"
"2016-06-10";"P";"-0.219"
"2016-06-10";"GK";"-0.083"
"2016-06-10";"IKH";"0.715"
"2016-06-13";"2J";"-0.938"
"2016-06-13";"10J0";"-0.448"
"2016-06-13";"E";"-0.616"
"2016-06-13";"K";"-0.343"
"2016-06-13";"P";"-0.225"
"2016-06-13";"GK";"-0.094"
"2016-06-13";"IKH";"0.712"
"2016-06-14";"2J";"-0.951"
"2016-06-14";"10J0";"-0.48"
"2016-06-14";"E";"-0.649"
"2016-06-14";"K";"-0.364"
"2016-06-14";"P";"-0.245"
"2016-06-14";"GK";"-0.117"
"2016-06-14";"IKH";"0.696"
"2016-06-15";"2J";"-0.948"
"2016-06-15";"10J0";"-0.474"
"2016-06-15";"E";"-0.644"
"2016-06-15";"K";"-0.356"
"2016-06-15";"P";"-0.24"
"2016-06-15";"GK";"-0.114"
"2016-06-15";"IKH";"0.693"
"2016-06-16";"2J";"-0.98"
"2016-06-16";"10J0";"-0.499"
"2016-06-16";"E";"-0.666"
"2016-06-16";"K";"-0.378"
"2016-06-16";"P";"-0.262"
"2016-06-16";"GK";"-0.13"
"2016-06-16";"IKH";"0.677"
"2016-06-17";"2J";"-1.003"
"2016-06-17";"10J0";"-0.5"
"2016-06-17";"E";"-0.66"
"2016-06-17";"K";"-0.399"
"2016-06-17";"P";"-0.273"
"2016-06-17";"GK";"-0.15"
"2016-06-17";"IKH";"0.665"
"2016-06-20";"2J";"-0.946"
"2016-06-20";"10J0";"-0.457"
"2016-06-20";"E";"-0.621"
"2016-06-20";"K";"-0.339"
"2016-06-20";"P";"-0.223"
"2016-06-20";"GK";"-0.094"
"2016-06-20";"IKH";"0.696"
"2016-06-21";"2J";"-0.963"
"2016-06-21";"10J0";"-0.436"
"2016-06-21";"E";"-0.595"
"2016-06-21";"K";"-0.314"
"2016-06-21";"P";"-0.201"
"2016-06-21";"GK";"-0.069"
"2016-06-21";"IKH";"0.716"
"2016-06-22";"2J";"-0.953"
"2016-06-22";"10J0";"-0.413"
"2016-06-22";"E";"-0.576"
"2016-06-22";"K";"-0.312"
"2016-06-22";"P";"-0.194"
"2016-06-22";"GK";"-0.065"
"2016-06-22";"IKH";"0.697"
"2016-06-23";"2J";"-0.933"
"2016-06-23";"10J0";"-0.384"
"2016-06-23";"E";"-0.545"
"2016-06-23";"K";"-0.283"
"2016-06-23";"P";"-0.166"
"2016-06-23";"GK";"-0.041"
"2016-06-23";"IKH";"0.678"
"2016-06-24";"2J";"-0.952"
"2016-06-24";"10J0";"-0.5"
"2016-06-24";"E";"-0.662"
"2016-06-24";"K";"-0.375"
"2016-06-24";"P";"-0.253"
"2016-06-24";"GK";"-0.113"
"2016-06-24";"IKH";"0.694"
"2016-06-27";"2J";"-1.013"
"2016-06-27";"10J0";"-0.498"
"2016-06-27";"E";"-0.665"
"2016-06-27";"K";"-0.373"
"2016-06-27";"P";"-0.252"
"2016-06-27";"GK";"-0.111"
"2016-06-27";"IKH";"0.622"
"2016-06-28";"2J";"-0.998"
"2016-06-28";"10J0";"-0.509"
"2016-06-28";"E";"-0.671"
"2016-06-28";"K";"-0.392"
"2016-06-28";"P";"-0.267"
"2016-06-28";"GK";"-0.114"
"2016-06-28";"IKH";"0.591"
"2016-06-29";"2J";"-0.997"
"2016-06-29";"10J0";"-0.496"
"2016-06-29";"E";"-0.659"
"2016-06-29";"K";"-0.361"
"2016-06-29";"P";"-0.241"
"2016-06-29";"GK";"-0.099"
"2016-06-29";"IKH";"0.611"
"2016-06-30";"2J";"-0.998"
"2016-06-30";"10J0";"-0.508"
"2016-06-30";"E";"-0.666"
"2016-06-30";"K";"-0.376"
"2016-06-30";"P";"-0.25"
"2016-06-30";"GK";"-0.114"
"2016-06-30";"IKH";"0.603"
"2016-07-01";"2J";"-1.046"
"2016-07-01";"10J0";"-0.565"
"2016-07-01";"E";"-0.726"
"2016-07-01";"K";"-0.417"
"2016-07-01";"P";"-0.295"
"2016-07-01";"GK";"-0.152"
"2016-07-01";"IKH";"0.562"
"2016-07-04";"2J";"-1.057"
"2016-07-04";"10J0";"-0.563"
"2016-07-04";"E";"-0.726"
"2016-07-04";"K";"-0.413"
"2016-07-04";"P";"-0.296"
"2016-07-04";"GK";"-0.157"
"2016-07-04";"IKH";"0.549"
"2016-07-05";"2J";"-1.064"
"2016-07-05";"10J0";"-0.592"
"2016-07-05";"E";"-0.748"
"2016-07-05";"K";"-0.422"
"2016-07-05";"P";"-0.283"
"2016-07-05";"GK";"-0.167"
"2016-07-05";"IKH";"0.529"
"2016-07-06";"2J";"-1.061"
"2016-07-06";"10J0";"-0.599"
"2016-07-06";"E";"-0.755"
"2016-07-06";"K";"-0.425"
"2016-07-06";"P";"-0.281"
"2016-07-06";"GK";"-0.174"
"2016-07-06";"IKH";"0.524"
"2016-07-07";"2J";"-1.024"
"2016-07-07";"10J0";"-0.587"
"2016-07-07";"E";"-0.736"
"2016-07-07";"K";"-0.409"
"2016-07-07";"P";"-0.267"
"2016-07-07";"GK";"-0.172"
"2016-07-07";"IKH";"0.528"
"2016-07-08";"2J";"-1.026"
"2016-07-08";"10J0";"-0.576"
"2016-07-08";"E";"-0.728"
"2016-07-08";"K";"-0.409"
"2016-07-08";"P";"-0.265"
"2016-07-08";"GK";"-0.166"
"2016-07-08";"IKH";"0.528"
"2016-07-11";"2J";"-1.045"
"2016-07-11";"10J0";"-0.597"
"2016-07-11";"E";"-0.747"
"2016-07-11";"K";"-0.431"
"2016-07-11";"P";"-0.287"
"2016-07-11";"GK";"-0.188"
"2016-07-11";"IKH";"0.495"
"2016-07-12";"2J";"-1.048"
"2016-07-12";"10J0";"-0.596"
"2016-07-12";"E";"-0.75"
"2016-07-12";"K";"-0.428"
"2016-07-12";"P";"-0.279"
"2016-07-12";"GK";"-0.181"
"2016-07-12";"IKH";"0.571"
"2016-07-13";"2J";"-1.035"
"2016-07-13";"10J0";"-0.601"
"2016-07-13";"E";"-0.752"
"2016-07-13";"K";"-0.423"
"2016-07-13";"P";"-0.273"
"2016-07-13";"GK";"-0.177"
"2016-07-13";"IKH";"0.497"
"2016-07-14";"2J";"-0.976"
"2016-07-14";"10J0";"-0.58"
"2016-07-14";"E";"-0.729"
"2016-07-14";"K";"-0.394"
"2016-07-14";"P";"-0.245"
"2016-07-14";"GK";"-0.152"
"2016-07-14";"IKH";"0.527"
"2016-07-15";"2J";"-0.98"
"2016-07-15";"10J0";"-0.555"
"2016-07-15";"E";"-0.704"
"2016-07-15";"K";"-0.361"
"2016-07-15";"P";"-0.225"
"2016-07-15";"GK";"-0.12"
"2016-07-15";"IKH";"0.528"
"2016-07-18";"2J";"-0.956"
"2016-07-18";"10J0";"-0.543"
"2016-07-18";"E";"-0.692"
"2016-07-18";"K";"-0.354"
"2016-07-18";"P";"-0.219"
"2016-07-18";"GK";"-0.112"
"2016-07-18";"IKH";"0.537"
"2016-07-19";"2J";"-0.949"
"2016-07-19";"10J0";"-0.554"
"2016-07-19";"E";"-0.702"
"2016-07-19";"K";"-0.369"
"2016-07-19";"P";"-0.221"
"2016-07-19";"GK";"-0.115"
"2016-07-19";"IKH";"0.531"
"2016-07-20";"2J";"-0.947"
"2016-07-20";"10J0";"-0.549"
"2016-07-20";"E";"-0.695"
"2016-07-20";"K";"-0.355"
"2016-07-20";"P";"-0.208"
"2016-07-20";"GK";"-0.099"
"2016-07-20";"IKH";"0.531"
"2016-07-21";"2J";"-0.922"
"2016-07-21";"10J0";"-0.512"
"2016-07-21";"E";"-0.66"
"2016-07-21";"K";"-0.317"
"2016-07-21";"P";"-0.171"
"2016-07-21";"GK";"-0.065"
"2016-07-21";"IKH";"0.561"
"2016-07-22";"2J";"-0.919"
"2016-07-22";"10J0";"-0.511"
"2016-07-22";"E";"-0.657"
"2016-07-22";"K";"-0.312"
"2016-07-22";"P";"-0.172"
"2016-07-22";"GK";"-0.063"
"2016-07-22";"IKH";"0.616"
"2016-07-25";"2J";"-0.958"
"2016-07-25";"10J0";"-0.502"
"2016-07-25";"E";"-0.648"
"2016-07-25";"K";"-0.308"
"2016-07-25";"P";"-0.164"
"2016-07-25";"GK";"-0.057"
"2016-07-25";"IKH";"0.567"
"2016-07-26";"2J";"-0.938"
"2016-07-26";"10J0";"-0.514"
"2016-07-26";"E";"-0.655"
"2016-07-26";"K";"-0.32"
"2016-07-26";"P";"-0.175"
"2016-07-26";"GK";"-0.067"
"2016-07-26";"IKH";"0.553"
"2016-07-27";"2J";"-0.912"
"2016-07-27";"10J0";"-0.502"
"2016-07-27";"E";"-0.645"
"2016-07-27";"K";"-0.307"
"2016-07-27";"P";"-0.16"
"2016-07-27";"GK";"-0.056"
"2016-07-27";"IKH";"0.565"
"2016-07-28";"2J";"-0.902"
"2016-07-28";"10J0";"-0.546"
"2016-07-28";"E";"-0.684"
"2016-07-28";"K";"-0.34"
"2016-07-28";"P";"-0.198"
"2016-07-28";"GK";"-0.092"
"2016-07-28";"IKH";"0.526"
"2016-07-29";"2J";"-0.902"
"2016-07-29";"10J0";"-0.543"
"2016-07-29";"E";"-0.68"
"2016-07-29";"K";"-0.341"
"2016-07-29";"P";"-0.2"
"2016-07-29";"GK";"-0.093"
"2016-07-29";"IKH";"0.528"
"2016-08-01";"2J";
"2016-08-01";"10J0";
"2016-08-01";"E";
"2016-08-01";"K";
"2016-08-01";"P";
"2016-08-01";"GK";
"2016-08-01";"IKH";
"2016-08-02";"2J";"-0.925"
"2016-08-02";"10J0";"-0.531"
"2016-08-02";"E";"-0.67"
"2016-08-02";"K";"-0.334"
"2016-08-02";"P";"-0.191"
"2016-08-02";"GK";"-0.084"
"2016-08-02";"IKH";"0.533"
"2016-08-03";"2J";"-0.907"
"2016-08-03";"10J0";"-0.512"
"2016-08-03";"E";"-0.654"
"2016-08-03";"K";"-0.313"
"2016-08-03";"P";"-0.171"
"2016-08-03";"GK";"-0.067"
"2016-08-03";"IKH";"0.544"
"2016-08-04";"2J";"-0.889"
"2016-08-04";"10J0";"-0.508"
"2016-08-04";"E";"-0.647"
"2016-08-04";"K";"-0.307"
"2016-08-04";"P";"-0.161"
"2016-08-04";"GK";"-0.062"
"2016-08-04";"IKH";"0.633"
"2016-08-05";"2J";"-0.894"
"2016-08-05";"10J0";"-0.528"
"2016-08-05";"E";"-0.67"
"2016-08-05";"K";"-0.322"
"2016-08-05";"P";"-0.18"
"2016-08-05";"GK";"-0.079"
"2016-08-05";"IKH";"0.623"
"2016-08-08";"2J";"-0.89"
"2016-08-08";"10J0";"-0.518"
"2016-08-08";"E";"-0.657"
"2016-08-08";"K";"-0.313"
"2016-08-08";"P";"-0.172"
"2016-08-08";"GK";"-0.072"
"2016-08-08";"IKH";"0.631"
"2016-08-09";"2J";"-0.887"
"2016-08-09";"10J0";"-0.512"
"2016-08-09";"E";"-0.649"
"2016-08-09";"K";"-0.314"
"2016-08-09";"P";"-0.173"
"2016-08-09";"GK";"-0.076"
"2016-08-09";"IKH";"0.62"
"2016-08-10";"2J";"-0.916"
"2016-08-10";"10J0";"-0.524"
"2016-08-10";"E";"-0.661"
"2016-08-10";"K";"-0.323"
"2016-08-10";"P";"-0.183"
"2016-08-10";"GK";"-0.086"
"2016-08-10";"IKH";"0.581"
"2016-08-11";"2J";"-0.899"
"2016-08-11";"10J0";"-0.548"
"2016-08-11";"E";"-0.681"
"2016-08-11";"K";"-0.337"
"2016-08-11";"P";"-0.199"
"2016-08-11";"GK";"-0.101"
"2016-08-11";"IKH";"0.604"
"2016-08-12";"2J";"-0.911"
"2016-08-12";"10J0";"-0.518"
"2016-08-12";"E";"-0.65"
"2016-08-12";"K";"-0.324"
"2016-08-12";"P";"-0.188"
"2016-08-12";"GK";"-0.082"
"2016-08-12";"IKH";"0.602"
"2016-08-15";"2J";"-0.906"
"2016-08-15";"10J0";"-0.543"
"2016-08-15";"E";"-0.675"
"2016-08-15";"K";"-0.328"
"2016-08-15";"P";"-0.19"
"2016-08-15";"GK";"-0.091"
"2016-08-15";"IKH";"0.504"
"2016-08-16";"2J";"-0.89"
"2016-08-16";"10J0";"-0.516"
"2016-08-16";"E";"-0.646"
"2016-08-16";"K";"-0.311"
"2016-08-16";"P";"-0.176"
"2016-08-16";"GK";"-0.077"
"2016-08-16";"IKH";"0.526"
"2016-08-17";"2J";"-0.887"
"2016-08-17";"10J0";"-0.481"
"2016-08-17";"E";"-0.614"
"2016-08-17";"K";"-0.279"
"2016-08-17";"P";"-0.144"
"2016-08-17";"GK";"-0.043"
"2016-08-17";"IKH";"0.532"
"2016-08-18";"2J";"-0.882"
"2016-08-18";"10J0";"-0.499"
"2016-08-18";"E";"-0.631"
"2016-08-18";"K";"-0.288"
"2016-08-18";"P";"-0.154"
"2016-08-18";"GK";"-0.05"
"2016-08-18";"IKH";"0.507"
"2016-08-19";"2J";"-0.892"
"2016-08-19";"10J0";"-0.503"
"2016-08-19";"E";"-0.635"
"2016-08-19";"K";"-0.296"
"2016-08-19";"P";"-0.161"
"2016-08-19";"GK";"-0.06"
"2016-08-19";"IKH";"0.51"
"2016-08-22";"2J";"-0.891"
"2016-08-22";"10J0";"-0.484"
"2016-08-22";"E";"-0.618"
"2016-08-22";"K";"-0.278"
"2016-08-22";"P";"-0.141"
"2016-08-22";"GK";"-0.045"
"2016-08-22";"IKH";"0.521"
"2016-08-23";"2J";"-0.895"
"2016-08-23";"10J0";"-0.503"
"2016-08-23";"E";"-0.635"
"2016-08-23";"K";"-0.289"
"2016-08-23";"P";"-0.153"
"2016-08-23";"GK";"-0.055"
"2016-08-23";"IKH";"0.516"
"2016-08-24";"2J";"-0.887"
"2016-08-24";"10J0";"-0.499"
"2016-08-24";"E";"-0.628"
"2016-08-24";"K";"-0.303"
"2016-08-24";"P";"-0.165"
"2016-08-24";"GK";"-0.067"
"2016-08-24";"IKH";"0.574"
"2016-08-25";"2J";"-0.879"
"2016-08-25";"10J0";"-0.502"
"2016-08-25";"E";"-0.63"
"2016-08-25";"K";"-0.311"
"2016-08-25";"P";"-0.175"
"2016-08-25";"GK";"-0.076"
"2016-08-25";"IKH";"0.561"
"2016-08-26";"2J";"-0.877"
"2016-08-26";"10J0";"-0.501"
"2016-08-26";"E";"-0.629"
"2016-08-26";"K";"-0.313"
"2016-08-26";"P";"-0.174"
"2016-08-26";"GK";"-0.078"
"2016-08-26";"IKH";"0.482"
"2016-08-29";"2J";"-0.879"
"2016-08-29";"10J0";"-0.49"
"2016-08-29";"E";"-0.616"
"2016-08-29";"K";"-0.297"
"2016-08-29";"P";"-0.16"
"2016-08-29";"GK";"-0.059"
"2016-08-29";"IKH";"0.567"
"2016-08-30";"2J";"-0.879"
"2016-08-30";"10J0";"-0.476"
"2016-08-30";"E";"-0.603"
"2016-08-30";"K";"-0.296"
"2016-08-30";"P";"-0.139"
"2016-08-30";"GK";"-0.063"
"2016-08-30";"IKH";"0.469"
"2016-08-31";"2J";"-0.865"
"2016-08-31";"10J0";"-0.462"
"2016-08-31";"E";"-0.588"
"2016-08-31";"K";"-0.284"
"2016-08-31";"P";"-0.149"
"2016-08-31";"GK";"-0.056"
"2016-08-31";"IKH";"0.473"
"2016-09-01";"2J";"-0.87"
"2016-09-01";"10J0";"-0.452"
"2016-09-01";"E";"-0.577"
"2016-09-01";"K";"-0.262"
"2016-09-01";"P";"-0.127"
"2016-09-01";"GK";"-0.037"
"2016-09-01";"IKH";"0.499"
"2016-09-02";"2J";"-0.874"
"2016-09-02";"10J0";"-0.446"
"2016-09-02";"E";"-0.572"
"2016-09-02";"K";"-0.26"
"2016-09-02";"P";"-0.123"
"2016-09-02";"GK";"-0.026"
"2016-09-02";"IKH";"0.491"
"2016-09-05";"2J";"-0.884"
"2016-09-05";"10J0";"-0.44"
"2016-09-05";"E";"-0.567"
"2016-09-05";"K";"-0.258"
"2016-09-05";"P";"-0.122"
"2016-09-05";"GK";"-0.028"
"2016-09-05";"IKH";"0.489"
"2016-09-06";"2J";"-0.891"
"2016-09-06";"10J0";"-0.445"
"2016-09-06";"E";"-0.571"
"2016-09-06";"K";"-0.261"
"2016-09-06";"P";"-0.128"
"2016-09-06";"GK";"-0.03"
"2016-09-06";"IKH";"0.47"
"2016-09-07";"2J";"-0.91"
"2016-09-07";"10J0";"-0.479"
"2016-09-07";"E";"-0.604"
"2016-09-07";"K";"-0.292"
"2016-09-07";"P";"-0.166"
"2016-09-07";"GK";"-0.058"
"2016-09-07";"IKH";"0.455"
"2016-09-08";"2J";"-0.878"
"2016-09-08";"10J0";"-0.489"
"2016-09-08";"E";"-0.612"
"2016-09-08";"K";"-0.299"
"2016-09-08";"P";"-0.166"
"2016-09-08";"GK";"-0.068"
"2016-09-08";"IKH";"0.426"
"2016-09-09";"2J";"-0.88"
"2016-09-09";"10J0";"-0.441"
"2016-09-09";"E";"-0.569"
"2016-09-09";"K";"-0.26"
"2016-09-09";"P";"-0.13"
"2016-09-09";"GK";"-0.033"
"2016-09-09";"IKH";"0.469"
"2016-09-12";"2J";"-0.858"
"2016-09-12";"10J0";"-0.373"
"2016-09-12";"E";"-0.503"
"2016-09-12";"K";"-0.2"
"2016-09-12";"P";"-0.08"
"2016-09-12";"GK";"0.017"
"2016-09-12";"IKH";"0.51"
"2016-09-13";"2J";"-0.864"
"2016-09-13";"10J0";"-0.381"
"2016-09-13";"E";"-0.509"
"2016-09-13";"K";"-0.211"
"2016-09-13";"P";"-0.09"
"2016-09-13";"GK";"0.003"
"2016-09-13";"IKH";"0.499"
"2016-09-14";"2J";"-0.871"
"2016-09-14";"10J0";"-0.339"
"2016-09-14";"E";"-0.468"
"2016-09-14";"K";"-0.17"
"2016-09-14";"P";"-0.061"
"2016-09-14";"GK";"0.042"
"2016-09-14";"IKH";"0.536"
"2016-09-15";"2J";"-0.863"
"2016-09-15";"10J0";"-0.335"
"2016-09-15";"E";"-0.465"
"2016-09-15";"K";"-0.168"
"2016-09-15";"P";"-0.055"
"2016-09-15";"GK";"0.041"
"2016-09-15";"IKH";"0.542"
"2016-09-16";"2J";"-0.869"
"2016-09-16";"10J0";"-0.354"
"2016-09-16";"E";"-0.484"
"2016-09-16";"K";"-0.182"
"2016-09-16";"P";"-0.077"
"2016-09-16";"GK";"0.029"
"2016-09-16";"IKH";"0.535"
"2016-09-19";"2J";"-0.896"
"2016-09-19";"10J0";"-0.378"
"2016-09-19";"E";"-0.512"
"2016-09-19";"K";"-0.205"
"2016-09-19";"P";"-0.111"
"2016-09-19";"GK";"0.006"
"2016-09-19";"IKH";"0.515"
"2016-09-20";"2J";"-0.865"
"2016-09-20";"10J0";"-0.37"
"2016-09-20";"E";"-0.504"
"2016-09-20";"K";"-0.197"
"2016-09-20";"P";"-0.101"
"2016-09-20";"GK";"0.012"
"2016-09-20";"IKH";"0.525"
"2016-09-21";"2J";"-0.872"
"2016-09-21";"10J0";"-0.378"
"2016-09-21";"E";"-0.513"
"2016-09-21";"K";"-0.203"
"2016-09-21";"P";"-0.102"
"2016-09-21";"GK";"0.005"
"2016-09-21";"IKH";"0.515"
"2016-09-22";"2J";"-0.884"
"2016-09-22";"10J0";"-0.408"
"2016-09-22";"E";"-0.538"
"2016-09-22";"K";"-0.222"
"2016-09-22";"P";"-0.129"
"2016-09-22";"GK";"-0.013"
"2016-09-22";"IKH";"0.499"
"2016-09-23";"2J";"-0.892"
"2016-09-23";"10J0";"-0.428"
"2016-09-23";"E";"-0.56"
"2016-09-23";"K";"-0.24"
"2016-09-23";"P";"-0.139"
"2016-09-23";"GK";"-0.027"
"2016-09-23";"IKH";"0.481"
"2016-09-26";"2J";"-0.904"
"2016-09-26";"10J0";"-0.456"
"2016-09-26";"E";"-0.588"
"2016-09-26";"K";"-0.258"
"2016-09-26";"P";"-0.16"
"2016-09-26";"GK";"-0.045"
"2016-09-26";"IKH";"0.487"
"2016-09-27";"2J";"-0.923"
"2016-09-27";"10J0";"-0.496"
"2016-09-27";"E";"-0.63"
"2016-09-27";"K";"-0.286"
"2016-09-27";"P";"-0.173"
"2016-09-27";"GK";"-0.065"
"2016-09-27";"IKH";"0.465"
"2016-09-28";"2J";"-0.917"
"2016-09-28";"10J0";"-0.508"
"2016-09-28";"E";"-0.639"
"2016-09-28";"K";"-0.291"
"2016-09-28";"P";"-0.177"
"2016-09-28";"GK";"-0.073"
"2016-09-28";"IKH";"0.451"
"2016-09-29";"2J";"-0.907"
"2016-09-29";"10J0";"-0.496"
"2016-09-29";"E";"-0.628"
"2016-09-29";"K";"-0.28"
"2016-09-29";"P";"-0.174"
"2016-09-29";"GK";"-0.053"
"2016-09-29";"IKH";"0.456"
"2016-09-30";"2J";"-0.92"
"2016-09-30";"10J0";"-0.522"
"2016-09-30";"E";"-0.652"
"2016-09-30";"K";"-0.3"
"2016-09-30";"P";"-0.196"
"2016-09-30";"GK";"-0.084"
"2016-09-30";"IKH";"0.436"
"2016-10-03";"2J";"-0.92"
"2016-10-03";"10J0";"-0.529"
"2016-10-03";"E";"-0.657"
"2016-10-03";"K";"-0.286"
"2016-10-03";"P";"-0.181"
"2016-10-03";"GK";"-0.071"
"2016-10-03";"IKH";"0.463"
"2016-10-04";"2J";"-0.914"
"2016-10-04";"10J0";"-0.52"
"2016-10-04";"E";"-0.65"
"2016-10-04";"K";"-0.274"
"2016-10-04";"P";"-0.177"
"2016-10-04";"GK";"-0.064"
"2016-10-04";"IKH";"0.447"
"2016-10-05";"2J";"-0.896"
"2016-10-05";"10J0";"-0.491"
"2016-10-05";"E";"-0.62"
"2016-10-05";"K";"-0.246"
"2016-10-05";"P";"-0.15"
"2016-10-05";"GK";"-0.039"
"2016-10-05";"IKH";"0.466"
"2016-10-06";"2J";"-0.892"
"2016-10-06";"10J0";"-0.472"
"2016-10-06";"E";"-0.604"
"2016-10-06";"K";"-0.226"
"2016-10-06";"P";"-0.144"
"2016-10-06";"GK";"-0.029"
"2016-10-06";"IKH";"0.483"
"2016-10-07";"2J";"-0.895"
"2016-10-07";"10J0";"-0.456"
"2016-10-07";"E";"-0.589"
"2016-10-07";"K";"-0.228"
"2016-10-07";"P";"-0.13"
"2016-10-07";"GK";"-0.028"
"2016-10-07";"IKH";"0.498"
"2016-10-10";"2J";"-0.758"
"2016-10-10";"10J0";"-0.47"
"2016-10-10";"E";"-0.611"
"2016-10-10";"K";"-0.231"
"2016-10-10";"P";"-0.129"
"2016-10-10";"GK";"-0.03"
"2016-10-10";"IKH";"0.511"
"2016-10-11";"2J";"-0.798"
"2016-10-11";"10J0";"-0.447"
"2016-10-11";"E";"-0.593"
"2016-10-11";"K";"-0.21"
"2016-10-11";"P";"-0.116"
"2016-10-11";"GK";"-0.012"
"2016-10-11";"IKH";"0.517"
"2016-10-12";"2J";"-0.792"
"2016-10-12";"10J0";"-0.45"
"2016-10-12";"E";"-0.595"
"2016-10-12";"K";"-0.211"
"2016-10-12";"P";"-0.127"
"2016-10-12";"GK";"-0.015"
"2016-10-12";"IKH";"0.52"
"2016-10-13";"2J";"-0.824"
"2016-10-13";"10J0";"-0.446"
"2016-10-13";"E";"-0.594"
"2016-10-13";"K";"-0.215"
"2016-10-13";"P";"-0.147"
"2016-10-13";"GK";"-0.036"
"2016-10-13";"IKH";"0.507"
"2016-10-14";"2J";"-0.778"
"2016-10-14";"10J0";"-0.435"
"2016-10-14";"E";"-0.583"
"2016-10-14";"K";"-0.198"
"2016-10-14";"P";"-0.133"
"2016-10-14";"GK";"-0.021"
"2016-10-14";"IKH";"0.51"
"2016-10-17";"2J";"-0.765"
"2016-10-17";"10J0";"-0.411"
"2016-10-17";"E";"-0.555"
"2016-10-17";"K";"-0.175"
"2016-10-17";"P";"-0.118"
"2016-10-17";"GK";"-0.002"
"2016-10-17";"IKH";"0.541"
"2016-10-18";"2J";"-0.794"
"2016-10-18";"10J0";"-0.435"
"2016-10-18";"E";"-0.584"
"2016-10-18";"K";"-0.204"
"2016-10-18";"P";"-0.135"
"2016-10-18";"GK";"-0.024"
"2016-10-18";"IKH";"0.538"
"2016-10-19";"2J";"-0.792"
"2016-10-19";"10J0";"-0.438"
"2016-10-19";"E";"-0.586"
"2016-10-19";"K";"-0.206"
"2016-10-19";"P";"-0.139"
"2016-10-19";"GK";"-0.028"
"2016-10-19";"IKH";"0.544"
"2016-10-20";"2J";"-0.785"
"2016-10-20";"10J0";"-0.436"
"2016-10-20";"E";"-0.577"
"2016-10-20";"K";"-0.204"
"2016-10-20";"P";"-0.136"
"2016-10-20";"GK";"-0.028"
"2016-10-20";"IKH";"0.526"
"2016-10-21";"2J";"-0.789"
"2016-10-21";"10J0";"-0.455"
"2016-10-21";"E";"-0.596"
"2016-10-21";"K";"-0.216"
"2016-10-21";"P";"-0.146"
"2016-10-21";"GK";"-0.042"
"2016-10-21";"IKH";"0.533"
"2016-10-24";"2J";"-0.79"
"2016-10-24";"10J0";"-0.455"
"2016-10-24";"E";"-0.594"
"2016-10-24";"K";"-0.222"
"2016-10-24";"P";"-0.152"
"2016-10-24";"GK";"-0.042"
"2016-10-24";"IKH";"0.506"
"2016-10-25";"2J";"-0.792"
"2016-10-25";"10J0";"-0.432"
"2016-10-25";"E";"-0.574"
"2016-10-25";"K";"-0.201"
"2016-10-25";"P";"-0.131"
"2016-10-25";"GK";"-0.024"
"2016-10-25";"IKH";"0.552"
"2016-10-26";"2J";"-0.792"
"2016-10-26";"10J0";"-0.42"
"2016-10-26";"E";"-0.563"
"2016-10-26";"K";"-0.191"
"2016-10-26";"P";"-0.123"
"2016-10-26";"GK";"-0.013"
"2016-10-26";"IKH";"0.562"
"2016-10-27";"2J";"-0.783"
"2016-10-27";"10J0";"-0.377"
"2016-10-27";"E";"-0.52"
"2016-10-27";"K";"-0.152"
"2016-10-27";"P";"-0.081"
"2016-10-27";"GK";"0.026"
"2016-10-27";"IKH";"0.592"
"2016-10-28";"2J";"-0.784"
"2016-10-28";"10J0";"-0.339"
"2016-10-28";"E";"-0.485"
"2016-10-28";"K";"-0.14"
"2016-10-28";"P";"-0.067"
"2016-10-28";"GK";"0.038"
"2016-10-28";"IKH";"0.6"
"2016-10-31";"2J";"-0.787"
"2016-10-31";"10J0";"-0.362"
"2016-10-31";"E";"-0.501"
"2016-10-31";"K";"-0.162"
"2016-10-31";"P";"-0.093"
"2016-10-31";"GK";"0.013"
"2016-10-31";"IKH";"0.596"
"2016-11-01";"2J";"-0.783"
"2016-11-01";"10J0";"-0.316"
"2016-11-01";"E";"-0.455"
"2016-11-01";"K";"-0.132"
"2016-11-01";"P";"-0.063"
"2016-11-01";"GK";"0.044"
"2016-11-01";"IKH";"0.626"
"2016-11-02";"2J";"-0.794"
"2016-11-02";"10J0";"-0.334"
"2016-11-02";"E";"-0.476"
"2016-11-02";"K";"-0.142"
"2016-11-02";"P";"-0.081"
"2016-11-02";"GK";"0.03"
"2016-11-02";"IKH";"0.636"
"2016-11-03";"2J";"-0.783"
"2016-11-03";"10J0";"-0.308"
"2016-11-03";"E";"-0.447"
"2016-11-03";"K";"-0.141"
"2016-11-03";"P";"-0.081"
"2016-11-03";"GK";"0.023"
"2016-11-03";"IKH";"0.586"
"2016-11-04";"2J";"-0.793"
"2016-11-04";"10J0";"-0.298"
"2016-11-04";"E";"-0.438"
"2016-11-04";"K";"-0.135"
"2016-11-04";"P";"-0.066"
"2016-11-04";"GK";"0.033"
"2016-11-04";"IKH";"0.644"
"2016-11-07";"2J";"-0.801"
"2016-11-07";"10J0";"-0.292"
"2016-11-07";"E";"-0.433"
"2016-11-07";"K";"-0.129"
"2016-11-07";"P";"-0.068"
"2016-11-07";"GK";"0.039"
"2016-11-07";"IKH";"0.653"
"2016-11-08";"2J";"-0.802"
"2016-11-08";"10J0";"-0.296"
"2016-11-08";"E";"-0.44"
"2016-11-08";"K";"-0.128"
"2016-11-08";"P";"-0.064"
"2016-11-08";"GK";"0.04"
"2016-11-08";"IKH";"0.689"
"2016-11-09";"2J";"-0.8"
"2016-11-09";"10J0";"-0.317"
"2016-11-09";"E";"-0.466"
"2016-11-09";"K";"-0.136"
"2016-11-09";"P";"-0.067"
"2016-11-09";"GK";"0.033"
"2016-11-09";"IKH";"0.727"
"2016-11-10";"2J";"-0.788"
"2016-11-10";"10J0";"-0.237"
"2016-11-10";"E";"-0.379"
"2016-11-10";"K";"-0.07"
"2016-11-10";"P";"-0.008"
"2016-11-10";"GK";"0.095"
"2016-11-10";"IKH";"0.702"
"2016-11-11";"2J";"-0.779"
"2016-11-11";"10J0";"-0.147"
"2016-11-11";"E";"-0.298"
"2016-11-11";"K";"0.003"
"2016-11-11";"P";"0.074"
"2016-11-11";"GK";"0.169"
"2016-11-11";"IKH";"0.852"
"2016-11-14";"2J";"-0.768"
"2016-11-14";"10J0";"-0.091"
"2016-11-14";"E";"-0.24"
"2016-11-14";"K";"0.041"
"2016-11-14";"P";"0.104"
"2016-11-14";"GK";"0.206"
"2016-11-14";"IKH";"0.911"
"2016-11-15";"2J";"-0.763"
"2016-11-15";"10J0";"-0.099"
"2016-11-15";"E";"-0.255"
"2016-11-15";"K";"0.034"
"2016-11-15";"P";"0.109"
"2016-11-15";"GK";"0.199"
"2016-11-15";"IKH";"0.838"
"2016-11-16";"2J";"-0.766"
"2016-11-16";"10J0";"-0.068"
"2016-11-16";"E";"-0.224"
"2016-11-16";"K";"0.044"
"2016-11-16";"P";"0.122"
"2016-11-16";"GK";"0.218"
"2016-11-16";"IKH";"0.862"
"2016-11-17";"2J";"-0.768"
"2016-11-17";"10J0";"-0.096"
"2016-11-17";"E";"-0.248"
"2016-11-17";"K";"0.014"
"2016-11-17";"P";"0.095"
"2016-11-17";"GK";"0.179"
"2016-11-17";"IKH";"0.847"
"2016-11-18";"2J";"-0.789"
"2016-11-18";"10J0";"-0.052"
"2016-11-18";"E";"-0.208"
"2016-11-18";"K";"0.048"
"2016-11-18";"P";"0.124"
"2016-11-18";"GK";"0.214"
"2016-11-18";"IKH";"0.86"
"2016-11-21";"2J";"-0.787"
"2016-11-21";"10J0";"-0.073"
"2016-11-21";"E";"-0.23"
"2016-11-21";"K";"0.018"
"2016-11-21";"P";"0.094"
"2016-11-21";"GK";"0.192"
"2016-11-21";"IKH";"0.864"
"2016-11-22";"2J";"-0.817"
"2016-11-22";"10J0";"-0.134"
"2016-11-22";"E";"-0.297"
"2016-11-22";"K";"-0.011"
"2016-11-22";"P";"0.062"
"2016-11-22";"GK";"0.158"
"2016-11-22";"IKH";"0.834"
"2016-11-23";"2J";"-0.815"
"2016-11-23";"10J0";"-0.15"
"2016-11-23";"E";"-0.31"
"2016-11-23";"K";"-0.028"
"2016-11-23";"P";"0.049"
"2016-11-23";"GK";"0.138"
"2016-11-23";"IKH";"0.828"
"2016-11-24";"2J";"-0.795"
"2016-11-24";"10J0";"-0.141"
"2016-11-24";"E";"-0.301"
"2016-11-24";"K";"-0.023"
"2016-11-24";"P";"0.05"
"2016-11-24";"GK";"0.14"
"2016-11-24";"IKH";"0.833"
"2016-11-25";"2J";"-0.829"
"2016-11-25";"10J0";"-0.134"
"2016-11-25";"E";"-0.296"
"2016-11-25";"K";"-0.023"
"2016-11-25";"P";"0.052"
"2016-11-25";"GK";"0.141"
"2016-11-25";"IKH";"0.853"
"2016-11-28";"2J";"-0.826"
"2016-11-28";"10J0";"-0.147"
"2016-11-28";"E";"-0.306"
"2016-11-28";"K";"-0.036"
"2016-11-28";"P";"0.039"
"2016-11-28";"GK";"0.126"
"2016-11-28";"IKH";"0.761"
"2016-11-29";"2J";"-0.823"
"2016-11-29";"10J0";"-0.143"
"2016-11-29";"E";"-0.302"
"2016-11-29";"K";"-0.03"
"2016-11-29";"P";"0.041"
"2016-11-29";"GK";"0.131"
"2016-11-29";"IKH";"0.768"
"2016-11-30";"2J";"-0.82"
"2016-11-30";"10J0";"-0.13"
"2016-11-30";"E";"-0.291"
"2016-11-30";"K";"-0.018"
"2016-11-30";"P";"0.05"
"2016-11-30";"GK";"0.143"
"2016-11-30";"IKH";"0.833"
"2016-12-01";"2J";"-0.804"
"2016-12-01";"10J0";"-0.087"
"2016-12-01";"E";"-0.246"
"2016-12-01";"K";"0.043"
"2016-12-01";"P";"0.105"
"2016-12-01";"GK";"0.196"
"2016-12-01";"IKH";"0.823"
"2016-12-02";"2J";"-0.811"
"2016-12-02";"10J0";"-0.074"
"2016-12-02";"E";"-0.233"
"2016-12-02";"K";"0.039"
"2016-12-02";"P";"0.107"
"2016-12-02";"GK";"0.197"
"2016-12-02";"IKH";"0.808"
"2016-12-05";"2J";"-0.806"
"2016-12-05";"10J0";"-0.09"
"2016-12-05";"E";"-0.254"
"2016-12-05";"K";"0.037"
"2016-12-05";"P";"0.098"
"2016-12-05";"GK";"0.19"
"2016-12-05";"IKH";"0.915"
"2016-12-06";"2J";"-0.81"
"2016-12-06";"10J0";"-0.067"
"2016-12-06";"E";"-0.227"
"2016-12-06";"K";"0.054"
"2016-12-06";"P";"0.121"
"2016-12-06";"GK";"0.202"
"2016-12-06";"IKH";"0.847"
"2016-12-07";"2J";"-0.801"
"2016-12-07";"10J0";"-0.054"
"2016-12-07";"E";"-0.216"
"2016-12-07";"K";"0.06"
"2016-12-07";"P";"0.121"
"2016-12-07";"GK";"0.204"
"2016-12-07";"IKH";"0.843"
"2016-12-08";"2J";"-0.787"
"2016-12-08";"10J0";"-0.041"
"2016-12-08";"E";"-0.201"
"2016-12-08";"K";"0.077"
"2016-12-08";"P";"0.136"
"2016-12-08";"GK";"0.223"
"2016-12-08";"IKH";"0.952"
"2016-12-09";"2J";"-0.792"
"2016-12-09";"10J0";"-0.037"
"2016-12-09";"E";"-0.203"
"2016-12-09";"K";"0.071"
"2016-12-09";"P";"0.13"
"2016-12-09";"GK";"0.215"
"2016-12-09";"IKH";"0.862"
"2016-12-12";"2J";"-0.787"
"2016-12-12";"10J0";"0.011"
"2016-12-12";"E";"-0.161"
"2016-12-12";"K";"0.107"
"2016-12-12";"P";"0.167"
"2016-12-12";"GK";"0.252"
"2016-12-12";"IKH";"0.936"
"2016-12-13";"2J";"-0.799"
"2016-12-13";"10J0";"0.004"
"2016-12-13";"E";"-0.168"
"2016-12-13";"K";"0.085"
"2016-12-13";"P";"0.153"
"2016-12-13";"GK";"0.253"
"2016-12-13";"IKH";"0.986"
"2016-12-14";"2J";"-0.811"
"2016-12-14";"10J0";"-0.031"
"2016-12-14";"E";"-0.202"
"2016-12-14";"K";"0.052"
"2016-12-14";"P";"0.119"
"2016-12-14";"GK";"0.216"
"2016-12-14";"IKH";"0.959"
"2016-12-15";"2J";"-0.768"
"2016-12-15";"10J0";"-0.001"
"2016-12-15";"E";"-0.171"
"2016-12-15";"K";"0.085"
"2016-12-15";"P";"0.157"
"2016-12-15";"GK";"0.239"
"2016-12-15";"IKH";"0.885"
"2016-12-16";"2J";"-0.783"
"2016-12-16";"10J0";"-0.025"
"2016-12-16";"E";"-0.192"
"2016-12-16";"K";"0.053"
"2016-12-16";"P";"0.122"
"2016-12-16";"GK";"0.215"
"2016-12-16";"IKH";"0.847"
"2016-12-19";"2J";"-0.784"
"2016-12-19";"10J0";"-0.022"
"2016-12-19";"E";"-0.189"
"2016-12-19";"K";"0.061"
"2016-12-19";"P";"0.131"
"2016-12-19";"GK";"0.22"
"2016-12-19";"IKH";"0.869"
"2016-12-20";"2J";"-0.796"
"2016-12-20";"10J0";"-0.048"
"2016-12-20";"E";"-0.216"
"2016-12-20";"K";"0.05"
"2016-12-20";"P";"0.124"
"2016-12-20";"GK";"0.214"
"2016-12-20";"IKH";"0.794"
"2016-12-21";"2J";"-0.785"
"2016-12-21";"10J0";"-0.058"
"2016-12-21";"E";"-0.225"
"2016-12-21";"K";"0.045"
"2016-12-21";"P";"0.114"
"2016-12-21";"GK";"0.206"
"2016-12-21";"IKH";"0.793"
"2016-12-22";"2J";"-0.772"
"2016-12-22";"10J0";"-0.059"
"2016-12-22";"E";"-0.225"
"2016-12-22";"K";"0.047"
"2016-12-22";"P";"0.115"
"2016-12-22";"GK";"0.207"
"2016-12-22";"IKH";"0.807"
"2016-12-23";"2J";"-0.788"
"2016-12-23";"10J0";"-0.073"
"2016-12-23";"E";"-0.24"
"2016-12-23";"K";"0.035"
"2016-12-23";"P";"0.106"
"2016-12-23";"GK";"0.202"
"2016-12-23";"IKH";"0.791"
"2016-12-26";"2J";
"2016-12-26";"10J0";
"2016-12-26";"E";
"2016-12-26";"K";
"2016-12-26";"P";
"2016-12-26";"GK";
"2016-12-26";"IKH";
"2016-12-27";"2J";"-0.797"
"2016-12-27";"10J0";"-0.106"
"2016-12-27";"E";"-0.274"
"2016-12-27";"K";"0.023"
"2016-12-27";"P";"0.091"
"2016-12-27";"GK";"0.191"
"2016-12-27";"IKH";"0.8"
"2016-12-28";"2J";"-0.805"
"2016-12-28";"10J0";"-0.118"
"2016-12-28";"E";"-0.284"
"2016-12-28";"K";"0.017"
"2016-12-28";"P";"0.087"
"2016-12-28";"GK";"0.183"
"2016-12-28";"IKH";"0.776"
"2016-12-29";"2J";"-0.779"
"2016-12-29";"10J0";"-0.138"
"2016-12-29";"E";"-0.308"
"2016-12-29";"K";"0.011"
"2016-12-29";"P";"0.083"
"2016-12-29";"GK";"0.186"
"2016-12-29";"IKH";"0.767"
"2016-12-30";"2J";"-0.793"
"2016-12-30";"10J0";"-0.135"
"2016-12-30";"E";"-0.301"
"2016-12-30";"K";"0"
"2016-12-30";"P";"0.062"
"2016-12-30";"GK";"0.165"
"2016-12-30";"IKH";"0.761"
"2017-01-02";"2J";
"2017-01-02";"10J0";
"2017-01-02";"E";
"2017-01-02";"K";
"2017-01-02";"P";
"2017-01-02";"GK";
"2017-01-02";"IKH";
"2017-01-03";"2J";"-0.796"
"2017-01-03";"10J0";"-0.164"
"2017-01-03";"E";"-0.325"
"2017-01-03";"K";"-0.021"
"2017-01-03";"P";"0.042"
"2017-01-03";"GK";"0.154"
"2017-01-03";"IKH";"0.727"
"2017-01-04";"2J";"-0.824"
"2017-01-04";"10J0";"-0.147"
"2017-01-04";"E";"-0.312"
"2017-01-04";"K";"-0.003"
"2017-01-04";"P";"0.049"
"2017-01-04";"GK";"0.168"
"2017-01-04";"IKH";"0.76"
"2017-01-05";"2J";"-0.814"
"2017-01-05";"10J0";"-0.158"
"2017-01-05";"E";"-0.322"
"2017-01-05";"K";"-0.017"
"2017-01-05";"P";"0.035"
"2017-01-05";"GK";"0.152"
"2017-01-05";"IKH";"0.686"
"2017-01-06";"2J";"-0.827"
"2017-01-06";"10J0";"-0.162"
"2017-01-06";"E";"-0.325"
"2017-01-06";"K";"-0.025"
"2017-01-06";"P";"0.028"
"2017-01-06";"GK";"0.144"
"2017-01-06";"IKH";"0.712"
"2017-01-09";"2J";"-0.835"
"2017-01-09";"10J0";"-0.148"
"2017-01-09";"E";"-0.313"
"2017-01-09";"K";"-0.014"
"2017-01-09";"P";"0.039"
"2017-01-09";"GK";"0.152"
"2017-01-09";"IKH";"0.728"
"2017-01-10";"2J";"-0.829"
"2017-01-10";"10J0";"-0.162"
"2017-01-10";"E";"-0.325"
"2017-01-10";"K";"-0.025"
"2017-01-10";"P";"0.029"
"2017-01-10";"GK";"0.143"
"2017-01-10";"IKH";"0.724"
"2017-01-11";"2J";"-0.823"
"2017-01-11";"10J0";"-0.171"
"2017-01-11";"E";"-0.334"
"2017-01-11";"K";"-0.029"
"2017-01-11";"P";"0.027"
"2017-01-11";"GK";"0.136"
"2017-01-11";"IKH";"0.72"
"2017-01-12";"2J";"-0.815"
"2017-01-12";"10J0";"-0.2"
"2017-01-12";"E";"-0.365"
"2017-01-12";"K";"-0.071"
"2017-01-12";"P";"-0.005"
"2017-01-12";"GK";"0.107"
"2017-01-12";"IKH";"0.692"
"2017-01-13";"2J";"-0.818"
"2017-01-13";"10J0";"-0.185"
"2017-01-13";"E";"-0.346"
"2017-01-13";"K";"-0.045"
"2017-01-13";"P";"0.013"
"2017-01-13";"GK";"0.121"
"2017-01-13";"IKH";"0.69"
"2017-01-16";"2J";"-0.825"
"2017-01-16";"10J0";"-0.187"
"2017-01-16";"E";"-0.35"
"2017-01-16";"K";"-0.053"
"2017-01-16";"P";"0.007"
"2017-01-16";"GK";"0.11"
"2017-01-16";"IKH";"0.673"
"2017-01-17";"2J";"-0.821"
"2017-01-17";"10J0";"-0.196"
"2017-01-17";"E";"-0.365"
"2017-01-17";"K";"-0.07"
"2017-01-17";"P";"-0.01"
"2017-01-17";"GK";"0.103"
"2017-01-17";"IKH";"0.661"
"2017-01-18";"2J";"-0.823"
"2017-01-18";"10J0";"-0.179"
"2017-01-18";"E";"-0.344"
"2017-01-18";"K";"-0.044"
"2017-01-18";"P";"0.013"
"2017-01-18";"GK";"0.127"
"2017-01-18";"IKH";"0.668"
"2017-01-19";"2J";"-0.785"
"2017-01-19";"10J0";"-0.136"
"2017-01-19";"E";"-0.301"
"2017-01-19";"K";"-0.005"
"2017-01-19";"P";"0.055"
"2017-01-19";"GK";"0.16"
"2017-01-19";"IKH";"0.72"
"2017-01-20";"2J";"-0.802"
"2017-01-20";"10J0";"-0.108"
"2017-01-20";"E";"-0.277"
"2017-01-20";"K";"0.018"
"2017-01-20";"P";"0.079"
"2017-01-20";"GK";"0.201"
"2017-01-20";"IKH";"0.753"
"2017-01-23";"2J";"-0.806"
"2017-01-23";"10J0";"-0.092"
"2017-01-23";"E";"-0.26"
"2017-01-23";"K";"0.032"
"2017-01-23";"P";"0.095"
"2017-01-23";"GK";"0.202"
"2017-01-23";"IKH";"0.764"
"2017-01-24";"2J";"-0.806"
"2017-01-24";"10J0";"-0.11"
"2017-01-24";"E";"-0.277"
"2017-01-24";"K";"0.014"
"2017-01-24";"P";"0.076"
"2017-01-24";"GK";"0.183"
"2017-01-24";"IKH";"0.727"
"2017-01-25";"2J";"-0.82"
"2017-01-25";"10J0";"-0.074"
"2017-01-25";"E";"-0.243"
"2017-01-25";"K";"0.048"
"2017-01-25";"P";"0.107"
"2017-01-25";"GK";"0.209"
"2017-01-25";"IKH";"0.77"
"2017-01-26";"2J";"-0.808"
"2017-01-26";"10J0";"-0.052"
"2017-01-26";"E";"-0.222"
"2017-01-26";"K";"0.053"
"2017-01-26";"P";"0.108"
"2017-01-26";"GK";"0.223"
"2017-01-26";"IKH";"0.763"
"2017-01-27";"2J";"-0.817"
"2017-01-27";"10J0";"-0.056"
"2017-01-27";"E";"-0.225"
"2017-01-27";"K";"0.054"
"2017-01-27";"P";"0.108"
"2017-01-27";"GK";"0.215"
"2017-01-27";"IKH";"0.794"
"2017-01-30";"2J";"-0.831"
"2017-01-30";"10J0";"-0.063"
"2017-01-30";"E";"-0.233"
"2017-01-30";"K";"0.042"
"2017-01-30";"P";"0.101"
"2017-01-30";"GK";"0.208"
"2017-01-30";"IKH";"0.804"
"2017-01-31";"2J";"-0.835"
"2017-01-31";"10J0";"-0.072"
"2017-01-31";"E";"-0.239"
"2017-01-31";"K";"0.035"
"2017-01-31";"P";"0.09"
"2017-01-31";"GK";"0.205"
"2017-01-31";"IKH";"0.814"
"2017-02-01";"2J";"-0.803"
"2017-02-01";"10J0";"-0.051"
"2017-02-01";"E";"-0.216"
"2017-02-01";"K";"0.04"
"2017-02-01";"P";"0.098"
"2017-02-01";"GK";"0.206"
"2017-02-01";"IKH";"0.824"
"2017-02-02";"2J";"-0.797"
"2017-02-02";"10J0";"-0.042"
"2017-02-02";"E";"-0.209"
"2017-02-02";"K";"0.037"
"2017-02-02";"P";"0.1"
"2017-02-02";"GK";"0.209"
"2017-02-02";"IKH";"0.809"
"2017-02-03";"2J";"-0.811"
"2017-02-03";"10J0";"-0.045"
"2017-02-03";"E";"-0.214"
"2017-02-03";"K";"0.029"
"2017-02-03";"P";"0.094"
"2017-02-03";"GK";"0.205"
"2017-02-03";"IKH";"0.801"
"2017-02-06";"2J";"-0.731"
"2017-02-06";"10J0";"-0.083"
"2017-02-06";"E";"-0.248"
"2017-02-06";"K";"-0.005"
"2017-02-06";"P";"0.063"
"2017-02-06";"GK";"0.171"
"2017-02-06";"IKH";"0.785"
"2017-02-07";"2J";"-0.849"
"2017-02-07";"10J0";"-0.108"
"2017-02-07";"E";"-0.28"
"2017-02-07";"K";"-0.037"
"2017-02-07";"P";"0.032"
"2017-02-07";"GK";"0.14"
"2017-02-07";"IKH";"0.736"
"2017-02-08";"2J";"-0.84"
"2017-02-08";"10J0";"-0.096"
"2017-02-08";"E";"-0.267"
"2017-02-08";"K";"-0.027"
"2017-02-08";"P";"0.044"
"2017-02-08";"GK";"0.149"
"2017-02-08";"IKH";"0.765"
"2017-02-09";"2J";"-0.832"
"2017-02-09";"10J0";"-0.13"
"2017-02-09";"E";"-0.301"
"2017-02-09";"K";"-0.051"
"2017-02-09";"P";"0.019"
"2017-02-09";"GK";"0.123"
"2017-02-09";"IKH";"0.738"
"2017-02-10";"2J";"-0.831"
"2017-02-10";"10J0";"-0.131"
"2017-02-10";"E";"-0.301"
"2017-02-10";"K";"-0.05"
"2017-02-10";"P";"0.022"
"2017-02-10";"GK";"0.124"
"2017-02-10";"IKH";"0.724"
"2017-02-13";"2J";"-0.857"
"2017-02-13";"10J0";"-0.115"
"2017-02-13";"E";"-0.286"
"2017-02-13";"K";"-0.037"
"2017-02-13";"P";"0.033"
"2017-02-13";"GK";"0.135"
"2017-02-13";"IKH";"0.724"
"2017-02-14";"2J";"-0.835"
"2017-02-14";"10J0";"-0.124"
"2017-02-14";"E";"-0.297"
"2017-02-14";"K";"-0.04"
"2017-02-14";"P";"0.032"
"2017-02-14";"GK";"0.133"
"2017-02-14";"IKH";"0.724"
"2017-02-15";"2J";"-0.84"
"2017-02-15";"10J0";"-0.094"
"2017-02-15";"E";"-0.269"
"2017-02-15";"K";"-0.016"
"2017-02-15";"P";"0.056"
"2017-02-15";"GK";"0.156"
"2017-02-15";"IKH";"0.715"
"2017-02-16";"2J";"-0.841"
"2017-02-16";"10J0";"-0.117"
"2017-02-16";"E";"-0.295"
"2017-02-16";"K";"-0.028"
"2017-02-16";"P";"0.042"
"2017-02-16";"GK";"0.14"
"2017-02-16";"IKH";"0.729"
"2017-02-17";"2J";"-0.84"
"2017-02-17";"10J0";"-0.135"
"2017-02-17";"E";"-0.311"
"2017-02-17";"K";"-0.058"
"2017-02-17";"P";"0.014"
"2017-02-17";"GK";"0.114"
"2017-02-17";"IKH";"0.72"
"2017-02-20";"2J";"-0.851"
"2017-02-20";"10J0";"-0.143"
"2017-02-20";"E";"-0.317"
"2017-02-20";"K";"-0.053"
"2017-02-20";"P";"0.016"
"2017-02-20";"GK";"0.116"
"2017-02-20";"IKH";"0.71"
"2017-02-21";"2J";"-0.846"
"2017-02-21";"10J0";"-0.142"
"2017-02-21";"E";"-0.318"
"2017-02-21";"K";"-0.053"
"2017-02-21";"P";"0.021"
"2017-02-21";"GK";"0.12"
"2017-02-21";"IKH";"0.71"
"2017-02-22";"2J";"-0.844"
"2017-02-22";"10J0";"-0.147"
"2017-02-22";"E";"-0.323"
"2017-02-22";"K";"-0.061"
"2017-02-22";"P";"0.01"
"2017-02-22";"GK";"0.12"
"2017-02-22";"IKH";"0.725"
"2017-02-23";"2J";"-0.861"
"2017-02-23";"10J0";"-0.154"
"2017-02-23";"E";"-0.326"
"2017-02-23";"K";"-0.075"
"2017-02-23";"P";"-0.002"
"2017-02-23";"GK";"0.1"
"2017-02-23";"IKH";"0.706"
"2017-02-24";"2J";"-0.863"
"2017-02-24";"10J0";"-0.204"
"2017-02-24";"E";"-0.374"
"2017-02-24";"K";"-0.127"
"2017-02-24";"P";"-0.047"
"2017-02-24";"GK";"0.052"
"2017-02-24";"IKH";"0.672"
"2017-02-27";"2J";"-0.873"
"2017-02-27";"10J0";"-0.214"
"2017-02-27";"E";"-0.384"
"2017-02-27";"K";"-0.129"
"2017-02-27";"P";"-0.053"
"2017-02-27";"GK";"0.056"
"2017-02-27";"IKH";"0.773"
"2017-02-28";"2J";"-0.874"
"2017-02-28";"10J0";"-0.213"
"2017-02-28";"E";"-0.383"
"2017-02-28";"K";"-0.136"
"2017-02-28";"P";"-0.057"
"2017-02-28";"GK";"0.04"
"2017-02-28";"IKH";"0.77"
"2017-03-01";"2J";"-0.863"
"2017-03-01";"10J0";"-0.206"
"2017-03-01";"E";"-0.378"
"2017-03-01";"K";"-0.129"
"2017-03-01";"P";"-0.052"
"2017-03-01";"GK";"0.05"
"2017-03-01";"IKH";"0.677"
"2017-03-02";"2J";"-0.851"
"2017-03-02";"10J0";"-0.195"
"2017-03-02";"E";"-0.364"
"2017-03-02";"K";"-0.118"
"2017-03-02";"P";"-0.046"
"2017-03-02";"GK";"0.059"
"2017-03-02";"IKH";"0.692"
"2017-03-03";"2J";"-0.861"
"2017-03-03";"10J0";"-0.168"
"2017-03-03";"E";"-0.338"
"2017-03-03";"K";"-0.099"
"2017-03-03";"P";"-0.021"
"2017-03-03";"GK";"0.078"
"2017-03-03";"IKH";"0.708"
"2017-03-06";"2J";"-0.843"
"2017-03-06";"10J0";"-0.122"
"2017-03-06";"E";"-0.291"
"2017-03-06";"K";"-0.063"
"2017-03-06";"P";"0.017"
"2017-03-06";"GK";"0.117"
"2017-03-06";"IKH";"0.762"
"2017-03-07";"2J";"-0.828"
"2017-03-07";"10J0";"-0.113"
"2017-03-07";"E";"-0.28"
"2017-03-07";"K";"-0.055"
"2017-03-07";"P";"0.024"
"2017-03-07";"GK";"0.125"
"2017-03-07";"IKH";"0.729"
"2017-03-08";"2J";"-0.83"
"2017-03-08";"10J0";"-0.092"
"2017-03-08";"E";"-0.26"
"2017-03-08";"K";"-0.04"
"2017-03-08";"P";"0.04"
"2017-03-08";"GK";"0.137"
"2017-03-08";"IKH";"0.803"
"2017-03-09";"2J";"-0.832"
"2017-03-09";"10J0";"-0.059"
"2017-03-09";"E";"-0.223"
"2017-03-09";"K";"-0.034"
"2017-03-09";"P";"0.047"
"2017-03-09";"GK";"0.145"
"2017-03-09";"IKH";"0.833"
"2017-03-10";"2J";"-0.804"
"2017-03-10";"10J0";"0.001"
"2017-03-10";"E";"-0.163"
"2017-03-10";"K";"0.039"
"2017-03-10";"P";"0.121"
"2017-03-10";"GK";"0.218"
"2017-03-10";"IKH";"0.874"
"2017-03-13";"2J";"-0.799"
"2017-03-13";"10J0";"0.025"
"2017-03-13";"E";"-0.139"
"2017-03-13";"K";"0.053"
"2017-03-13";"P";"0.137"
"2017-03-13";"GK";"0.231"
"2017-03-13";"IKH";"0.869"
"2017-03-14";"2J";"-0.795"
"2017-03-14";"10J0";"0.035"
"2017-03-14";"E";"-0.126"
"2017-03-14";"K";"0.062"
"2017-03-14";"P";"0.15"
"2017-03-14";"GK";"0.239"
"2017-03-14";"IKH";"0.875"
"2017-03-15";"2J";"-0.809"
"2017-03-15";"10J0";"0.003"
"2017-03-15";"E";"-0.158"
"2017-03-15";"K";"0.028"
"2017-03-15";"P";"0.121"
"2017-03-15";"GK";"0.213"
"2017-03-15";"IKH";"0.836"
"2017-03-16";"2J";"-0.793"
"2017-03-16";"10J0";"-0.023"
"2017-03-16";"E";"-0.179"
"2017-03-16";"K";"0.02"
"2017-03-16";"P";"0.109"
"2017-03-16";"GK";"0.209"
"2017-03-16";"IKH";"0.814"
"2017-03-17";"2J";"-0.777"
"2017-03-17";"10J0";"0.009"
"2017-03-17";"E";"-0.148"
"2017-03-17";"K";"0.046"
"2017-03-17";"P";"0.138"
"2017-03-17";"GK";"0.231"
"2017-03-17";"IKH";"0.847"
"2017-03-20";"2J";"-0.791"
"2017-03-20";"10J0";"-0.013"
"2017-03-20";"E";"-0.171"
"2017-03-20";"K";"0.018"
"2017-03-20";"P";"0.115"
"2017-03-20";"GK";"0.209"
"2017-03-20";"IKH";"0.827"
"2017-03-21";"2J";"-0.767"
"2017-03-21";"10J0";"0.007"
"2017-03-21";"E";"-0.151"
"2017-03-21";"K";"0.048"
"2017-03-21";"P";"0.137"
"2017-03-21";"GK";"0.24"
"2017-03-21";"IKH";"0.836"
"2017-03-22";"2J";"-0.776"
"2017-03-22";"10J0";"-0.024"
"2017-03-22";"E";"-0.182"
"2017-03-22";"K";"0.019"
"2017-03-22";"P";"0.11"
"2017-03-22";"GK";"0.208"
"2017-03-22";"IKH";"0.797"
"2017-03-23";"2J";"-0.767"
"2017-03-23";"10J0";"-0.032"
"2017-03-23";"E";"-0.186"
"2017-03-23";"K";"0.009"
"2017-03-23";"P";"0.103"
"2017-03-23";"GK";"0.205"
"2017-03-23";"IKH";"0.798"
"2017-03-24";"2J";"-0.758"
"2017-03-24";"10J0";"-0.006"
"2017-03-24";"E";"-0.161"
"2017-03-24";"K";"0.037"
"2017-03-24";"P";"0.128"
"2017-03-24";"GK";"0.223"
"2017-03-24";"IKH";"0.817"
"2017-03-27";"2J";"-0.773"
"2017-03-27";"10J0";"-0.041"
"2017-03-27";"E";"-0.195"
"2017-03-27";"K";"0.008"
"2017-03-27";"P";"0.099"
"2017-03-27";"GK";"0.199"
"2017-03-27";"IKH";"0.79"
"2017-03-28";"2J";"-0.781"
"2017-03-28";"10J0";"-0.042"
"2017-03-28";"E";"-0.195"
"2017-03-28";"K";"0.004"
"2017-03-28";"P";"0.093"
"2017-03-28";"GK";"0.199"
"2017-03-28";"IKH";"0.778"
"2017-03-29";"2J";"-0.78"
"2017-03-29";"10J0";"-0.073"
"2017-03-29";"E";"-0.227"
"2017-03-29";"K";"-0.023"
"2017-03-29";"P";"0.066"
"2017-03-29";"GK";"0.166"
"2017-03-29";"IKH";"0.767"
"2017-03-30";"2J";"-0.776"
"2017-03-30";"10J0";"-0.102"
"2017-03-30";"E";"-0.255"
"2017-03-30";"K";"-0.05"
"2017-03-30";"P";"0.043"
"2017-03-30";"GK";"0.139"
"2017-03-30";"IKH";"0.746"
"2017-03-31";"2J";"-0.773"
"2017-03-31";"10J0";"-0.1"
"2017-03-31";"E";"-0.251"
"2017-03-31";"K";"-0.047"
"2017-03-31";"P";"0.044"
"2017-03-31";"GK";"0.152"
"2017-03-31";"IKH";"0.728"
"2017-04-03";"2J";"-0.8"
"2017-04-03";"10J0";"-0.098"
"2017-04-03";"E";"-0.251"
"2017-04-03";"K";"-0.048"
"2017-04-03";"P";"0.042"
"2017-04-03";"GK";"0.14"
"2017-04-03";"IKH";"0.718"
"2017-04-04";"2J";"-0.787"
"2017-04-04";"10J0";"-0.128"
"2017-04-04";"E";"-0.281"
"2017-04-04";"K";"-0.078"
"2017-04-04";"P";"0.012"
"2017-04-04";"GK";"0.111"
"2017-04-04";"IKH";"0.731"
"2017-04-05";"2J";"-0.798"
"2017-04-05";"10J0";"-0.134"
"2017-04-05";"E";"-0.285"
"2017-04-05";"K";"-0.083"
"2017-04-05";"P";"0.006"
"2017-04-05";"GK";"0.103"
"2017-04-05";"IKH";"0.699"
"2017-04-06";"2J";"-0.795"
"2017-04-06";"10J0";"-0.145"
"2017-04-06";"E";"-0.292"
"2017-04-06";"K";"-0.095"
"2017-04-06";"P";"-0.004"
"2017-04-06";"GK";"0.09"
"2017-04-06";"IKH";"0.673"
"2017-04-07";"2J";"-0.789"
"2017-04-07";"10J0";"-0.142"
"2017-04-07";"E";"-0.292"
"2017-04-07";"K";"-0.094"
"2017-04-07";"P";"0.003"
"2017-04-07";"GK";"0.099"
"2017-04-07";"IKH";"0.687"
"2017-04-10";"2J";"-0.814"
"2017-04-10";"10J0";"-0.163"
"2017-04-10";"E";"-0.314"
"2017-04-10";"K";"-0.114"
"2017-04-10";"P";"-0.023"
"2017-04-10";"GK";"0.081"
"2017-04-10";"IKH";"0.667"
"2017-04-11";"2J";"-0.825"
"2017-04-11";"10J0";"-0.162"
"2017-04-11";"E";"-0.319"
"2017-04-11";"K";"-0.109"
"2017-04-11";"P";"-0.014"
"2017-04-11";"GK";"0.081"
"2017-04-11";"IKH";"0.645"
"2017-04-12";"2J";"-0.811"
"2017-04-12";"10J0";"-0.164"
"2017-04-12";"E";"-0.317"
"2017-04-12";"K";"-0.116"
"2017-04-12";"P";"-0.033"
"2017-04-12";"GK";"0.082"
"2017-04-12";"IKH";"0.636"
"2017-04-13";"2J";"-0.815"
"2017-04-13";"10J0";"-0.185"
"2017-04-13";"E";"-0.336"
"2017-04-13";"K";"-0.13"
"2017-04-13";"P";"-0.04"
"2017-04-13";"GK";"0.058"
"2017-04-13";"IKH";"0.629"
"2017-04-14";"2J";
"2017-04-14";"10J0";
"2017-04-14";"E";
"2017-04-14";"K";
"2017-04-14";"P";
"2017-04-14";"GK";
"2017-04-14";"IKH";
"2017-04-17";"2J";
"2017-04-17";"10J0";
"2017-04-17";"E";
"2017-04-17";"K";
"2017-04-17";"P";
"2017-04-17";"GK";
"2017-04-17";"IKH";
"2017-04-18";"2J";"-0.836"
"2017-04-18";"10J0";"-0.196"
"2017-04-18";"E";"-0.346"
"2017-04-18";"K";"-0.139"
"2017-04-18";"P";"-0.05"
"2017-04-18";"GK";"0.048"
"2017-04-18";"IKH";"0.614"
"2017-04-19";"2J";"-0.832"
"2017-04-19";"10J0";"-0.201"
"2017-04-19";"E";"-0.35"
"2017-04-19";"K";"-0.142"
"2017-04-19";"P";"-0.054"
"2017-04-19";"GK";"0.046"
"2017-04-19";"IKH";"0.6"
"2017-04-20";"2J";"-0.823"
"2017-04-20";"10J0";"-0.197"
"2017-04-20";"E";"-0.346"
"2017-04-20";"K";"-0.135"
"2017-04-20";"P";"-0.041"
"2017-04-20";"GK";"0.056"
"2017-04-20";"IKH";"0.626"
"2017-04-21";"2J";"-0.829"
"2017-04-21";"10J0";"-0.193"
"2017-04-21";"E";"-0.341"
"2017-04-21";"K";"-0.134"
"2017-04-21";"P";"-0.043"
"2017-04-21";"GK";"0.065"
"2017-04-21";"IKH";"0.634"
"2017-04-24";"2J";"-0.805"
"2017-04-24";"10J0";"-0.12"
"2017-04-24";"E";"-0.27"
"2017-04-24";"K";"-0.057"
"2017-04-24";"P";"0.039"
"2017-04-24";"GK";"0.141"
"2017-04-24";"IKH";"0.704"
"2017-04-25";"2J";"-0.796"
"2017-04-25";"10J0";"-0.105"
"2017-04-25";"E";"-0.251"
"2017-04-25";"K";"-0.051"
"2017-04-25";"P";"0.044"
"2017-04-25";"GK";"0.139"
"2017-04-25";"IKH";"0.704"
"2017-04-26";"2J";"-0.776"
"2017-04-26";"10J0";"-0.084"
"2017-04-26";"E";"-0.233"
"2017-04-26";"K";"-0.025"
"2017-04-26";"P";"0.071"
"2017-04-26";"GK";"0.172"
"2017-04-26";"IKH";"0.733"
"2017-04-27";"2J";"-0.787"
"2017-04-27";"10J0";"-0.083"
"2017-04-27";"E";"-0.233"
"2017-04-27";"K";"-0.026"
"2017-04-27";"P";"0.068"
"2017-04-27";"GK";"0.162"
"2017-04-27";"IKH";"0.708"
"2017-04-28";"2J";"-0.772"
"2017-04-28";"10J0";"-0.096"
"2017-04-28";"E";"-0.247"
"2017-04-28";"K";"-0.038"
"2017-04-28";"P";"0.051"
"2017-04-28";"GK";"0.145"
"2017-04-28";"IKH";"0.659"
"2017-05-01";"2J";
"2017-05-01";"10J0";
"2017-05-01";"E";
"2017-05-01";"K";
"2017-05-01";"P";
"2017-05-01";"GK";
"2017-05-01";"IKH";
"2017-05-02";"2J";"-0.786"
"2017-05-02";"10J0";"-0.091"
"2017-05-02";"E";"-0.241"
"2017-05-02";"K";"-0.036"
"2017-05-02";"P";"0.054"
"2017-05-02";"GK";"0.154"
"2017-05-02";"IKH";"0.682"
"2017-05-03";"2J";"-0.774"
"2017-05-03";"10J0";"-0.099"
"2017-05-03";"E";"-0.252"
"2017-05-03";"K";"-0.035"
"2017-05-03";"P";"0.056"
"2017-05-03";"GK";"0.151"
"2017-05-03";"IKH";"0.681"
"2017-05-04";"2J";"-0.778"
"2017-05-04";"10J0";"-0.076"
"2017-05-04";"E";"-0.229"
"2017-05-04";"K";"-0.015"
"2017-05-04";"P";"0.072"
"2017-05-04";"GK";"0.168"
"2017-05-04";"IKH";"0.674"
"2017-05-05";"2J";"-0.769"
"2017-05-05";"10J0";"-0.057"
"2017-05-05";"E";"-0.209"
"2017-05-05";"K";"0.005"
"2017-05-05";"P";"0.087"
"2017-05-05";"GK";"0.192"
"2017-05-05";"IKH";"0.724"
"2017-05-08";"2J";"-0.768"
"2017-05-08";"10J0";"-0.045"
"2017-05-08";"E";"-0.199"
"2017-05-08";"K";"0.018"
"2017-05-08";"P";"0.104"
"2017-05-08";"GK";"0.204"
"2017-05-08";"IKH";"0.738"
"2017-05-09";"2J";"-0.764"
"2017-05-09";"10J0";"-0.032"
"2017-05-09";"E";"-0.187"
"2017-05-09";"K";"0.025"
"2017-05-09";"P";"0.11"
"2017-05-09";"GK";"0.203"
"2017-05-09";"IKH";"0.732"
"2017-05-10";"2J";"-0.743"
"2017-05-10";"10J0";"-0.026"
"2017-05-10";"E";"-0.183"
"2017-05-10";"K";"0.024"
"2017-05-10";"P";"0.109"
"2017-05-10";"GK";"0.204"
"2017-05-10";"IKH";"0.712"
"2017-05-11";"2J";"-0.756"
"2017-05-11";"10J0";"-0.022"
"2017-05-11";"E";"-0.176"
"2017-05-11";"K";"0.014"
"2017-05-11";"P";"0.101"
"2017-05-11";"GK";"0.201"
"2017-05-11";"IKH";"0.703"
"2017-05-12";"2J";"-0.753"
"2017-05-12";"10J0";"-0.054"
"2017-05-12";"E";"-0.206"
"2017-05-12";"K";"-0.009"
"2017-05-12";"P";"0.077"
"2017-05-12";"GK";"0.177"
"2017-05-12";"IKH";"0.707"
"2017-05-15";"2J";"-0.762"
"2017-05-15";"10J0";"-0.062"
"2017-05-15";"E";"-0.216"
"2017-05-15";"K";"-0.016"
"2017-05-15";"P";"0.071"
"2017-05-15";"GK";"0.169"
"2017-05-15";"IKH";"0.696"
"2017-05-16";"2J";"-0.757"
"2017-05-16";"10J0";"-0.048"
"2017-05-16";"E";"-0.202"
"2017-05-16";"K";"-0.003"
"2017-05-16";"P";"0.079"
"2017-05-16";"GK";"0.18"
"2017-05-16";"IKH";"0.702"
"2017-05-17";"2J";"-0.778"
"2017-05-17";"10J0";"-0.08"
"2017-05-17";"E";"-0.234"
"2017-05-17";"K";"-0.032"
"2017-05-17";"P";"0.048"
"2017-05-17";"GK";"0.146"
"2017-05-17";"IKH";"0.685"
"2017-05-18";"2J";"-0.788"
"2017-05-18";"10J0";"-0.103"
"2017-05-18";"E";"-0.257"
"2017-05-18";"K";"-0.053"
"2017-05-18";"P";"0.034"
"2017-05-18";"GK";"0.131"
"2017-05-18";"IKH";"0.656"
"2017-05-19";"2J";"-0.789"
"2017-05-19";"10J0";"-0.097"
"2017-05-19";"E";"-0.253"
"2017-05-19";"K";"-0.043"
"2017-05-19";"P";"0.042"
"2017-05-19";"GK";"0.147"
"2017-05-19";"IKH";"0.671"
"2017-05-22";"2J";"-0.788"
"2017-05-22";"10J0";"-0.1"
"2017-05-22";"E";"-0.257"
"2017-05-22";"K";"-0.048"
"2017-05-22";"P";"0.038"
"2017-05-22";"GK";"0.135"
"2017-05-22";"IKH";"0.635"
"2017-05-23";"2J";"-0.788"
"2017-05-23";"10J0";"-0.082"
"2017-05-23";"E";"-0.241"
"2017-05-23";"K";"-0.033"
"2017-05-23";"P";"0.054"
"2017-05-23";"GK";"0.153"
"2017-05-23";"IKH";"0.662"
"2017-05-24";"2J";"-0.772"
"2017-05-24";"10J0";"-0.093"
"2017-05-24";"E";"-0.252"
"2017-05-24";"K";"-0.036"
"2017-05-24";"P";"0.053"
"2017-05-24";"GK";"0.15"
"2017-05-24";"IKH";"0.666"
"2017-05-25";"2J";
"2017-05-25";"10J0";
"2017-05-25";"E";
"2017-05-25";"K";
"2017-05-25";"P";
"2017-05-25";"GK";
"2017-05-25";"IKH";
"2017-05-26";"2J";"-0.772"
"2017-05-26";"10J0";"-0.104"
"2017-05-26";"E";"-0.267"
"2017-05-26";"K";"-0.04"
"2017-05-26";"P";"0.05"
"2017-05-26";"GK";"0.139"
"2017-05-26";"IKH";"0.65"
"2017-05-29";"2J";"-0.774"
"2017-05-29";"10J0";"-0.112"
"2017-05-29";"E";"-0.275"
"2017-05-29";"K";"-0.04"
"2017-05-29";"P";"0.049"
"2017-05-29";"GK";"0.147"
"2017-05-29";"IKH";"0.655"
"2017-05-30";"2J";"-0.788"
"2017-05-30";"10J0";"-0.126"
"2017-05-30";"E";"-0.291"
"2017-05-30";"K";"-0.055"
"2017-05-30";"P";"0.033"
"2017-05-30";"GK";"0.124"
"2017-05-30";"IKH";"0.641"
"2017-05-31";"2J";"-0.8"
"2017-05-31";"10J0";"-0.145"
"2017-05-31";"E";"-0.308"
"2017-05-31";"K";"-0.072"
"2017-05-31";"P";"0.018"
"2017-05-31";"GK";"0.115"
"2017-05-31";"IKH";"0.627"
"2017-06-01";"2J";"-0.79"
"2017-06-01";"10J0";"-0.161"
"2017-06-01";"E";"-0.324"
"2017-06-01";"K";"-0.079"
"2017-06-01";"P";"0.011"
"2017-06-01";"GK";"0.101"
"2017-06-01";"IKH";"0.617"
"2017-06-02";"2J";"-0.788"
"2017-06-02";"10J0";"-0.163"
"2017-06-02";"E";"-0.326"
"2017-06-02";"K";"-0.078"
"2017-06-02";"P";"0.009"
"2017-06-02";"GK";"0.101"
"2017-06-02";"IKH";"0.62"
"2017-06-05";"2J";
"2017-06-05";"10J0";
"2017-06-05";"E";
"2017-06-05";"K";
"2017-06-05";"P";
"2017-06-05";"GK";
"2017-06-05";"IKH";
"2017-06-06";"2J";"-0.801"
"2017-06-06";"10J0";"-0.168"
"2017-06-06";"E";"-0.333"
"2017-06-06";"K";"-0.078"
"2017-06-06";"P";"0.01"
"2017-06-06";"GK";"0.097"
"2017-06-06";"IKH";"0.596"
"2017-06-07";"2J";"-0.797"
"2017-06-07";"10J0";"-0.169"
"2017-06-07";"E";"-0.334"
"2017-06-07";"K";"-0.084"
"2017-06-07";"P";"0.005"
"2017-06-07";"GK";"0.093"
"2017-06-07";"IKH";"0.602"
"2017-06-08";"2J";"-0.771"
"2017-06-08";"10J0";"-0.163"
"2017-06-08";"E";"-0.327"
"2017-06-08";"K";"-0.077"
"2017-06-08";"P";"0.005"
"2017-06-08";"GK";"0.09"
"2017-06-08";"IKH";"0.6"
"2017-06-09";"2J";"-0.819"
"2017-06-09";"10J0";"-0.159"
"2017-06-09";"E";"-0.317"
"2017-06-09";"K";"-0.084"
"2017-06-09";"P";"-0.005"
"2017-06-09";"GK";"0.083"
"2017-06-09";"IKH";"0.569"
"2017-06-12";"2J";"-0.82"
"2017-06-12";"10J0";"-0.166"
"2017-06-12";"E";"-0.325"
"2017-06-12";"K";"-0.089"
"2017-06-12";"P";"-0.019"
"2017-06-12";"GK";"0.091"
"2017-06-12";"IKH";"0.582"
"2017-06-13";"2J";"-0.834"
"2017-06-13";"10J0";"-0.155"
"2017-06-13";"E";"-0.315"
"2017-06-13";"K";"-0.087"
"2017-06-13";"P";"-0.003"
"2017-06-13";"GK";"0.088"
"2017-06-13";"IKH";"0.56"
"2017-06-14";"2J";"-0.815"
"2017-06-14";"10J0";"-0.154"
"2017-06-14";"E";"-0.314"
"2017-06-14";"K";"-0.082"
"2017-06-14";"P";"-0.011"
"2017-06-14";"GK";"0.1"
"2017-06-14";"IKH";"0.575"
"2017-06-15";"2J";"-0.81"
"2017-06-15";"10J0";"-0.173"
"2017-06-15";"E";"-0.33"
"2017-06-15";"K";"-0.1"
"2017-06-15";"P";"-0.017"
"2017-06-15";"GK";"0.074"
"2017-06-15";"IKH";"0.55"
"2017-06-16";"2J";"-0.807"
"2017-06-16";"10J0";"-0.129"
"2017-06-16";"E";"-0.288"
"2017-06-16";"K";"-0.06"
"2017-06-16";"P";"0.013"
"2017-06-16";"GK";"0.118"
"2017-06-16";"IKH";"0.606"
"2017-06-19";"2J";"-0.811"
"2017-06-19";"10J0";"-0.129"
"2017-06-19";"E";"-0.288"
"2017-06-19";"K";"-0.061"
"2017-06-19";"P";"0.024"
"2017-06-19";"GK";"0.115"
"2017-06-19";"IKH";"0.615"
"2017-06-20";"2J";"-0.803"
"2017-06-20";"10J0";"-0.133"
"2017-06-20";"E";"-0.29"
"2017-06-20";"K";"-0.062"
"2017-06-20";"P";"0.009"
"2017-06-20";"GK";"0.123"
"2017-06-20";"IKH";"0.587"
"2017-06-21";"2J";"-0.805"
"2017-06-21";"10J0";"-0.155"
"2017-06-21";"E";"-0.309"
"2017-06-21";"K";"-0.077"
"2017-06-21";"P";"0.003"
"2017-06-21";"GK";"0.094"
"2017-06-21";"IKH";"0.575"
"2017-06-22";"2J";"-0.795"
"2017-06-22";"10J0";"-0.153"
"2017-06-22";"E";"-0.304"
"2017-06-22";"K";"-0.073"
"2017-06-22";"P";"-0.004"
"2017-06-22";"GK";"0.104"
"2017-06-22";"IKH";"0.583"
"2017-06-23";"2J";"-0.787"
"2017-06-23";"10J0";"-0.145"
"2017-06-23";"E";"-0.297"
"2017-06-23";"K";"-0.059"
"2017-06-23";"P";"0.023"
"2017-06-23";"GK";"0.11"
"2017-06-23";"IKH";"0.591"
"2017-06-26";"2J";"-0.793"
"2017-06-26";"10J0";"-0.148"
"2017-06-26";"E";"-0.3"
"2017-06-26";"K";"-0.064"
"2017-06-26";"P";"0.006"
"2017-06-26";"GK";"0.116"
"2017-06-26";"IKH";"0.587"
"2017-06-27";"2J";"-0.793"
"2017-06-27";"10J0";"-0.145"
"2017-06-27";"E";"-0.296"
"2017-06-27";"K";"-0.058"
"2017-06-27";"P";"0.025"
"2017-06-27";"GK";"0.115"
"2017-06-27";"IKH";"0.589"
"2017-06-28";"2J";"-0.78"
"2017-06-28";"10J0";"-0.074"
"2017-06-28";"E";"-0.223"
"2017-06-28";"K";"-0.009"
"2017-06-28";"P";"0.058"
"2017-06-28";"GK";"0.163"
"2017-06-28";"IKH";"0.594"
"2017-06-29";"2J";"-0.76"
"2017-06-29";"10J0";"-0.05"
"2017-06-29";"E";"-0.194"
"2017-06-29";"K";"0.01"
"2017-06-29";"P";"0.095"
"2017-06-29";"GK";"0.183"
"2017-06-29";"IKH";"0.67"
"2017-06-30";"2J";"-0.719"
"2017-06-30";"10J0";"-0.025"
"2017-06-30";"E";"-0.171"
"2017-06-30";"K";"0.033"
"2017-06-30";"P";"0.104"
"2017-06-30";"GK";"0.204"
"2017-06-30";"IKH";"0.681"
"2017-07-03";"2J";"-0.738"
"2017-07-03";"10J0";"-0.029"
"2017-07-03";"E";"-0.173"
"2017-07-03";"K";"0.037"
"2017-07-03";"P";"0.129"
"2017-07-03";"GK";"0.212"
"2017-07-03";"IKH";"0.687"
"2017-07-04";"2J";"-0.729"
"2017-07-04";"10J0";"-0.014"
"2017-07-04";"E";"-0.159"
"2017-07-04";"K";"0.053"
"2017-07-04";"P";"0.13"
"2017-07-04";"GK";"0.224"
"2017-07-04";"IKH";"0.679"
"2017-07-05";"2J";"-0.732"
"2017-07-05";"10J0";"-0.005"
"2017-07-05";"E";"-0.151"
"2017-07-05";"K";"0.061"
"2017-07-05";"P";"0.155"
"2017-07-05";"GK";"0.231"
"2017-07-05";"IKH";"0.699"
"2017-07-06";"2J";"-0.725"
"2017-07-06";"10J0";"0"
"2017-07-06";"E";"-0.144"
"2017-07-06";"K";"0.06"
"2017-07-06";"P";"0.141"
"2017-07-06";"GK";"0.235"
"2017-07-06";"IKH";"0.705"
"2017-07-07";"2J";"-0.743"
"2017-07-07";"10J0";"0.045"
"2017-07-07";"E";"-0.102"
"2017-07-07";"K";"0.102"
"2017-07-07";"P";"0.197"
"2017-07-07";"GK";"0.271"
"2017-07-07";"IKH";"0.724"
"2017-07-10";"2J";"-0.719"
"2017-07-10";"10J0";"0.035"
"2017-07-10";"E";"-0.112"
"2017-07-10";"K";"0.091"
"2017-07-10";"P";"0.168"
"2017-07-10";"GK";"0.265"
"2017-07-10";"IKH";"0.71"
"2017-07-11";"2J";"-0.712"
"2017-07-11";"10J0";"0.048"
"2017-07-11";"E";"-0.099"
"2017-07-11";"K";"0.094"
"2017-07-11";"P";"0.181"
"2017-07-11";"GK";"0.259"
"2017-07-11";"IKH";"0.705"
"2017-07-12";"2J";"-0.718"
"2017-07-12";"10J0";"0.037"
"2017-07-12";"E";"-0.109"
"2017-07-12";"K";"0.081"
"2017-07-12";"P";"0.157"
"2017-07-12";"GK";"0.27"
"2017-07-12";"IKH";"0.723"
"2017-07-13";"2J";"-0.707"
"2017-07-13";"10J0";"0.033"
"2017-07-13";"E";"-0.111"
"2017-07-13";"K";"0.084"
"2017-07-13";"P";"0.167"
"2017-07-13";"GK";"0.246"
"2017-07-13";"IKH";"0.72"
"2017-07-14";"2J";"-0.717"
"2017-07-14";"10J0";"0.042"
"2017-07-14";"E";"-0.1"
"2017-07-14";"K";"0.096"
"2017-07-14";"P";"0.17"
"2017-07-14";"GK";"0.266"
"2017-07-14";"IKH";"0.715"
"2017-07-17";"2J";"-0.705"
"2017-07-17";"10J0";"0.03"
"2017-07-17";"E";"-0.111"
"2017-07-17";"K";"0.088"
"2017-07-17";"P";"0.175"
"2017-07-17";"GK";"0.27"
"2017-07-17";"IKH";"0.722"
"2017-07-18";"2J";"-0.708"
"2017-07-18";"10J0";"0.023"
"2017-07-18";"E";"-0.115"
"2017-07-18";"K";"0.084"
"2017-07-18";"P";"0.166"
"2017-07-18";"GK";"0.246"
"2017-07-18";"IKH";"0.716"
"2017-07-19";"2J";"-0.703"
"2017-07-19";"10J0";"0.014"
"2017-07-19";"E";"-0.124"
"2017-07-19";"K";"0.075"
"2017-07-19";"P";"0.157"
"2017-07-19";"GK";"0.242"
"2017-07-19";"IKH";"0.689"
"2017-07-20";"2J";"-0.699"
"2017-07-20";"10J0";"0.01"
"2017-07-20";"E";"-0.127"
"2017-07-20";"K";"0.071"
"2017-07-20";"P";"0.155"
"2017-07-20";"GK";"0.234"
"2017-07-20";"IKH";"0.699"
"2017-07-21";"2J";"-0.706"
"2017-07-21";"10J0";"0.005"
"2017-07-21";"E";"-0.129"
"2017-07-21";"K";"0.068"
"2017-07-21";"P";"0.15"
"2017-07-21";"GK";"0.233"
"2017-07-21";"IKH";"0.697"
"2017-07-24";"2J";"-0.718"
"2017-07-24";"10J0";"0.008"
"2017-07-24";"E";"-0.128"
"2017-07-24";"K";"0.067"
"2017-07-24";"P";"0.154"
"2017-07-24";"GK";"0.23"
"2017-07-24";"IKH";"0.669"
"2017-07-25";"2J";"-0.718"
"2017-07-25";"10J0";"0.02"
"2017-07-25";"E";"-0.12"
"2017-07-25";"K";"0.088"
"2017-07-25";"P";"0.165"
"2017-07-25";"GK";"0.242"
"2017-07-25";"IKH";"0.66"
"2017-07-26";"2J";"-0.723"
"2017-07-26";"10J0";"0.04"
"2017-07-26";"E";"-0.103"
"2017-07-26";"K";"0.092"
"2017-07-26";"P";"0.176"
"2017-07-26";"GK";"0.244"
"2017-07-26";"IKH";"0.649"
"2017-07-27";"2J";"-0.72"
"2017-07-27";"10J0";"0.02"
"2017-07-27";"E";"-0.121"
"2017-07-27";"K";"0.072"
"2017-07-27";"P";"0.151"
"2017-07-27";"GK";"0.227"
"2017-07-27";"IKH";"0.657"
"2017-07-28";"2J";"-0.687"
"2017-07-28";"10J0";"0.054"
"2017-07-28";"E";"-0.085"
"2017-07-28";"K";"0.103"
"2017-07-28";"P";"0.19"
"2017-07-28";"GK";"0.257"
"2017-07-28";"IKH";"0.69"
"2017-07-31";"2J";"-0.698"
"2017-07-31";"10J0";"0.06"
"2017-07-31";"E";"-0.082"
"2017-07-31";"K";"0.111"
"2017-07-31";"P";"0.197"
"2017-07-31";"GK";"0.271"
"2017-07-31";"IKH";"0.67"
"2017-08-01";"2J";
"2017-08-01";"10J0";
"2017-08-01";"E";
"2017-08-01";"K";
"2017-08-01";"P";
"2017-08-01";"GK";
"2017-08-01";"IKH";
"2017-08-02";"2J";"-0.704"
"2017-08-02";"10J0";"0.015"
"2017-08-02";"E";"-0.122"
"2017-08-02";"K";"0.077"
"2017-08-02";"P";"0.164"
"2017-08-02";"GK";"0.237"
"2017-08-02";"IKH";"0.679"
"2017-08-03";"2J";"-0.695"
"2017-08-03";"10J0";"0.003"
"2017-08-03";"E";"-0.14"
"2017-08-03";"K";"0.069"
"2017-08-03";"P";"0.158"
"2017-08-03";"GK";"0.232"
"2017-08-03";"IKH";"0.669"
"2017-08-04";"2J";"-0.709"
"2017-08-04";"10J0";"-0.049"
"2017-08-04";"E";"-0.186"
"2017-08-04";"K";"0.025"
"2017-08-04";"P";"0.106"
"2017-08-04";"GK";"0.185"
"2017-08-04";"IKH";"0.631"
"2017-08-07";"2J";"-0.726"
"2017-08-07";"10J0";"-0.058"
"2017-08-07";"E";"-0.196"
"2017-08-07";"K";"0.023"
"2017-08-07";"P";"0.098"
"2017-08-07";"GK";"0.183"
"2017-08-07";"IKH";"0.597"
"2017-08-08";"2J";"-0.727"
"2017-08-08";"10J0";"-0.076"
"2017-08-08";"E";"-0.21"
"2017-08-08";"K";"0.004"
"2017-08-08";"P";"0.076"
"2017-08-08";"GK";"0.16"
"2017-08-08";"IKH";"0.596"
"2017-08-09";"2J";"-0.737"
"2017-08-09";"10J0";"-0.086"
"2017-08-09";"E";"-0.219"
"2017-08-09";"K";"-0.004"
"2017-08-09";"P";"0.065"
"2017-08-09";"GK";"0.158"
"2017-08-09";"IKH";"0.596"
"2017-08-10";"2J";"-0.742"
"2017-08-10";"10J0";"-0.118"
"2017-08-10";"E";"-0.253"
"2017-08-10";"K";"-0.03"
"2017-08-10";"P";"0.036"
"2017-08-10";"GK";"0.127"
"2017-08-10";"IKH";"0.534"
"2017-08-11";"2J";"-0.76"
"2017-08-11";"10J0";"-0.161"
"2017-08-11";"E";"-0.295"
"2017-08-11";"K";"-0.061"
"2017-08-11";"P";"-0.002"
"2017-08-11";"GK";"0.097"
"2017-08-11";"IKH";"0.553"
"2017-08-14";"2J";"-0.755"
"2017-08-14";"10J0";"-0.136"
"2017-08-14";"E";"-0.27"
"2017-08-14";"K";"-0.036"
"2017-08-14";"P";"0.032"
"2017-08-14";"GK";"0.122"
"2017-08-14";"IKH";"0.556"
"2017-08-15";"2J";"-0.754"
"2017-08-15";"10J0";"-0.127"
"2017-08-15";"E";"-0.267"
"2017-08-15";"K";"-0.021"
"2017-08-15";"P";"0.036"
"2017-08-15";"GK";"0.136"
"2017-08-15";"IKH";"0.588"
"2017-08-16";"2J";"-0.749"
"2017-08-16";"10J0";"-0.077"
"2017-08-16";"E";"-0.218"
"2017-08-16";"K";"0.009"
"2017-08-16";"P";"0.075"
"2017-08-16";"GK";"0.166"
"2017-08-16";"IKH";"0.595"
"2017-08-17";"2J";"-0.733"
"2017-08-17";"10J0";"-0.075"
"2017-08-17";"E";"-0.218"
"2017-08-17";"K";"0.012"
"2017-08-17";"P";"0.073"
"2017-08-17";"GK";"0.176"
"2017-08-17";"IKH";"0.624"
"2017-08-18";"2J";"-0.733"
"2017-08-18";"10J0";"-0.084"
"2017-08-18";"E";"-0.227"
"2017-08-18";"K";"-0.008"
"2017-08-18";"P";"0.056"
"2017-08-18";"GK";"0.151"
"2017-08-18";"IKH";"0.592"
"2017-08-21";"2J";"-0.748"
"2017-08-21";"10J0";"-0.1"
"2017-08-21";"E";"-0.243"
"2017-08-21";"K";"-0.025"
"2017-08-21";"P";"0.034"
"2017-08-21";"GK";"0.157"
"2017-08-21";"IKH";"0.597"
"2017-08-22";"2J";"-0.741"
"2017-08-22";"10J0";"-0.1"
"2017-08-22";"E";"-0.244"
"2017-08-22";"K";"-0.027"
"2017-08-22";"P";"0.038"
"2017-08-22";"GK";"0.132"
"2017-08-22";"IKH";"0.588"
"2017-08-23";"2J";"-0.742"
"2017-08-23";"10J0";"-0.108"
"2017-08-23";"E";"-0.252"
"2017-08-23";"K";"-0.035"
"2017-08-23";"P";"0.024"
"2017-08-23";"GK";"0.145"
"2017-08-23";"IKH";"0.584"
"2017-08-24";"2J";"-0.734"
"2017-08-24";"10J0";"-0.118"
"2017-08-24";"E";"-0.262"
"2017-08-24";"K";"-0.043"
"2017-08-24";"P";"0.022"
"2017-08-24";"GK";"0.118"
"2017-08-24";"IKH";"0.552"
"2017-08-25";"2J";"-0.73"
"2017-08-25";"10J0";"-0.099"
"2017-08-25";"E";"-0.244"
"2017-08-25";"K";"-0.036"
"2017-08-25";"P";"0.026"
"2017-08-25";"GK";"0.144"
"2017-08-25";"IKH";"0.565"
"2017-08-28";"2J";"-0.736"
"2017-08-28";"10J0";"-0.11"
"2017-08-28";"E";"-0.256"
"2017-08-28";"K";"-0.038"
"2017-08-28";"P";"0.03"
"2017-08-28";"GK";"0.123"
"2017-08-28";"IKH";"0.589"
"2017-08-29";"2J";"-0.745"
"2017-08-29";"10J0";"-0.138"
"2017-08-29";"E";"-0.282"
"2017-08-29";"K";"-0.065"
"2017-08-29";"P";"-0.002"
"2017-08-29";"GK";"0.118"
"2017-08-29";"IKH";"0.57"
"2017-08-30";"2J";"-0.749"
"2017-08-30";"10J0";"-0.121"
"2017-08-30";"E";"-0.268"
"2017-08-30";"K";"-0.049"
"2017-08-30";"P";"0.016"
"2017-08-30";"GK";"0.111"
"2017-08-30";"IKH";"0.588"
"2017-08-31";"2J";"-0.745"
"2017-08-31";"10J0";"-0.114"
"2017-08-31";"E";"-0.261"
"2017-08-31";"K";"-0.042"
"2017-08-31";"P";"0.024"
"2017-08-31";"GK";"0.137"
"2017-08-31";"IKH";"0.604"
"2017-09-01";"2J";"-0.756"
"2017-09-01";"10J0";"-0.118"
"2017-09-01";"E";"-0.266"
"2017-09-01";"K";"-0.043"
"2017-09-01";"P";"0.025"
"2017-09-01";"GK";"0.116"
"2017-09-01";"IKH";"0.602"
"2017-09-04";"2J";"-0.76"
"2017-09-04";"10J0";"-0.109"
"2017-09-04";"E";"-0.256"
"2017-09-04";"K";"-0.04"
"2017-09-04";"P";"0.019"
"2017-09-04";"GK";"0.135"
"2017-09-04";"IKH";"0.599"
"2017-09-05";"2J";"-0.746"
"2017-09-05";"10J0";"-0.098"
"2017-09-05";"E";"-0.251"
"2017-09-05";"K";"-0.032"
"2017-09-05";"P";"0.034"
"2017-09-05";"GK";"0.124"
"2017-09-05";"IKH";"0.61"
"2017-09-06";"2J";"-0.762"
"2017-09-06";"10J0";"-0.117"
"2017-09-06";"E";"-0.269"
"2017-09-06";"K";"-0.055"
"2017-09-06";"P";"0.009"
"2017-09-06";"GK";"0.122"
"2017-09-06";"IKH";"0.597"
"2017-09-07";"2J";"-0.763"
"2017-09-07";"10J0";"-0.097"
"2017-09-07";"E";"-0.251"
"2017-09-07";"K";"-0.04"
"2017-09-07";"P";"0.031"
"2017-09-07";"GK";"0.117"
"2017-09-07";"IKH";"0.606"
"2017-09-08";"2J";"-0.767"
"2017-09-08";"10J0";"-0.131"
"2017-09-08";"E";"-0.283"
"2017-09-08";"K";"-0.076"
"2017-09-08";"P";"-0.01"
"2017-09-08";"GK";"0.103"
"2017-09-08";"IKH";"0.584"
"2017-09-11";"2J";"-0.736"
"2017-09-11";"10J0";"-0.121"
"2017-09-11";"E";"-0.273"
"2017-09-11";"K";"-0.058"
"2017-09-11";"P";"0"
"2017-09-11";"GK";"0.12"
"2017-09-11";"IKH";"0.592"
"2017-09-12";"2J";"-0.758"
"2017-09-12";"10J0";"-0.1"
"2017-09-12";"E";"-0.253"
"2017-09-12";"K";"-0.046"
"2017-09-12";"P";"0.021"
"2017-09-12";"GK";"0.132"
"2017-09-12";"IKH";"0.6"
"2017-09-13";"2J";"-0.764"
"2017-09-13";"10J0";"-0.075"
"2017-09-13";"E";"-0.229"
"2017-09-13";"K";"-0.03"
"2017-09-13";"P";"0.029"
"2017-09-13";"GK";"0.147"
"2017-09-13";"IKH";"0.621"
"2017-09-14";"2J";"-0.742"
"2017-09-14";"10J0";"-0.061"
"2017-09-14";"E";"-0.212"
"2017-09-14";"K";"-0.015"
"2017-09-14";"P";"0.052"
"2017-09-14";"GK";"0.166"
"2017-09-14";"IKH";"0.638"
"2017-09-15";"2J";"-0.738"
"2017-09-15";"10J0";"-0.05"
"2017-09-15";"E";"-0.201"
"2017-09-15";"K";"-0.005"
"2017-09-15";"P";"0.057"
"2017-09-15";"GK";"0.173"
"2017-09-15";"IKH";"0.645"
"2017-09-18";"2J";"-0.74"
"2017-09-18";"10J0";"-0.018"
"2017-09-18";"E";"-0.171"
"2017-09-18";"K";"0.026"
"2017-09-18";"P";"0.096"
"2017-09-18";"GK";"0.203"
"2017-09-18";"IKH";"0.676"
"2017-09-19";"2J";"-0.734"
"2017-09-19";"10J0";"-0.008"
"2017-09-19";"E";"-0.159"
"2017-09-19";"K";"0.035"
"2017-09-19";"P";"0.097"
"2017-09-19";"GK";"0.215"
"2017-09-19";"IKH";"0.658"
"2017-09-20";"2J";"-0.734"
"2017-09-20";"10J0";"-0.009"
"2017-09-20";"E";"-0.16"
"2017-09-20";"K";"0.031"
"2017-09-20";"P";"0.104"
"2017-09-20";"GK";"0.211"
"2017-09-20";"IKH";"0.684"
"2017-09-21";"2J";"-0.711"
"2017-09-21";"10J0";"0.009"
"2017-09-21";"E";"-0.141"
"2017-09-21";"K";"0.049"
"2017-09-21";"P";"0.111"
"2017-09-21";"GK";"0.222"
"2017-09-21";"IKH";"0.693"
"2017-09-22";"2J";"-0.72"
"2017-09-22";"10J0";"0.001"
"2017-09-22";"E";"-0.148"
"2017-09-22";"K";"0.039"
"2017-09-22";"P";"0.109"
"2017-09-22";"GK";"0.213"
"2017-09-22";"IKH";"0.683"
"2017-09-25";"2J";"-0.737"
"2017-09-25";"10J0";"-0.002"
"2017-09-25";"E";"-0.152"
"2017-09-25";"K";"0.035"
"2017-09-25";"P";"0.095"
"2017-09-25";"GK";"0.212"
"2017-09-25";"IKH";"0.68"
"2017-09-26";"2J";"-0.742"
"2017-09-26";"10J0";"-0.02"
"2017-09-26";"E";"-0.17"
"2017-09-26";"K";"0.02"
"2017-09-26";"P";"0.09"
"2017-09-26";"GK";"0.194"
"2017-09-26";"IKH";"0.668"
"2017-09-27";"2J";"-0.744"
"2017-09-27";"10J0";"0.005"
"2017-09-27";"E";"-0.147"
"2017-09-27";"K";"0.041"
"2017-09-27";"P";"0.103"
"2017-09-27";"GK";"0.215"
"2017-09-27";"IKH";"0.679"
"2017-09-28";"2J";"-0.735"
"2017-09-28";"10J0";"0.033"
"2017-09-28";"E";"-0.12"
"2017-09-28";"K";"0.067"
"2017-09-28";"P";"0.136"
"2017-09-28";"GK";"0.242"
"2017-09-28";"IKH";"0.705"
"2017-09-29";"2J";"-0.737"
"2017-09-29";"10J0";"0.017"
"2017-09-29";"E";"-0.135"
"2017-09-29";"K";"0.049"
"2017-09-29";"P";"0.122"
"2017-09-29";"GK";"0.225"
"2017-09-29";"IKH";"0.686"
"2017-10-02";"2J";"-0.742"
"2017-10-02";"10J0";"0.03"
"2017-10-02";"E";"-0.121"
"2017-10-02";"K";"0.065"
"2017-10-02";"P";"0.126"
"2017-10-02";"GK";"0.237"
"2017-10-02";"IKH";"0.721"
"2017-10-03";"2J";"-0.736"
"2017-10-03";"10J0";"0.033"
"2017-10-03";"E";"-0.119"
"2017-10-03";"K";"0.072"
"2017-10-03";"P";"0.144"
"2017-10-03";"GK";"0.244"
"2017-10-03";"IKH";"0.722"
"2017-10-04";"2J";"-0.741"
"2017-10-04";"10J0";"0.017"
"2017-10-04";"E";"-0.132"
"2017-10-04";"K";"0.06"
"2017-10-04";"P";"0.123"
"2017-10-04";"GK";"0.234"
"2017-10-04";"IKH";"0.715"
"2017-10-05";"2J";"-0.729"
"2017-10-05";"10J0";"0.02"
"2017-10-05";"E";"-0.13"
"2017-10-05";"K";"0.061"
"2017-10-05";"P";"0.132"
"2017-10-05";"GK";"0.235"
"2017-10-05";"IKH";"0.71"
"2017-10-06";"2J";"-0.728"
"2017-10-06";"10J0";"0.023"
"2017-10-06";"E";"-0.126"
"2017-10-06";"K";"0.064"
"2017-10-06";"P";"0.129"
"2017-10-06";"GK";"0.239"
"2017-10-06";"IKH";"0.716"
"2017-10-09";"2J";"-0.742"
"2017-10-09";"10J0";"0.008"
"2017-10-09";"E";"-0.142"
"2017-10-09";"K";"0.049"
"2017-10-09";"P";"0.126"
"2017-10-09";"GK";"0.198"
"2017-10-09";"IKH";"0.714"
"2017-10-10";"2J";"-0.745"
"2017-10-10";"10J0";"-0.008"
"2017-10-10";"E";"-0.157"
"2017-10-10";"K";"0.033"
"2017-10-10";"P";"0.101"
"2017-10-10";"GK";"0.193"
"2017-10-10";"IKH";"0.694"
"2017-10-11";"2J";"-0.741"
"2017-10-11";"10J0";"0.011"
"2017-10-11";"E";"-0.139"
"2017-10-11";"K";"0.052"
"2017-10-11";"P";"0.128"
"2017-10-11";"GK";"0.202"
"2017-10-11";"IKH";"0.707"
"2017-10-12";"2J";"-0.732"
"2017-10-12";"10J0";"0.011"
"2017-10-12";"E";"-0.139"
"2017-10-12";"K";"0.048"
"2017-10-12";"P";"0.117"
"2017-10-12";"GK";"0.21"
"2017-10-12";"IKH";"0.698"
"2017-10-13";"2J";"-0.724"
"2017-10-13";"10J0";"-0.006"
"2017-10-13";"E";"-0.155"
"2017-10-13";"K";"0.039"
"2017-10-13";"P";"0.115"
"2017-10-13";"GK";"0.188"
"2017-10-13";"IKH";"0.689"
"2017-10-16";"2J";"-0.75"
"2017-10-16";"10J0";"-0.019"
"2017-10-16";"E";"-0.17"
"2017-10-16";"K";"0.027"
"2017-10-16";"P";"0.094"
"2017-10-16";"GK";"0.187"
"2017-10-16";"IKH";"0.682"
"2017-10-17";"2J";"-0.748"
"2017-10-17";"10J0";"-0.039"
"2017-10-17";"E";"-0.187"
"2017-10-17";"K";"0.011"
"2017-10-17";"P";"0.087"
"2017-10-17";"GK";"0.166"
"2017-10-17";"IKH";"0.684"
"2017-10-18";"2J";"-0.756"
"2017-10-18";"10J0";"-0.052"
"2017-10-18";"E";"-0.198"
"2017-10-18";"K";"-0.002"
"2017-10-18";"P";"0.065"
"2017-10-18";"GK";"0.159"
"2017-10-18";"IKH";"0.665"
"2017-10-19";"2J";"-0.746"
"2017-10-19";"10J0";"-0.043"
"2017-10-19";"E";"-0.187"
"2017-10-19";"K";"0.009"
"2017-10-19";"P";"0.086"
"2017-10-19";"GK";"0.16"
"2017-10-19";"IKH";"0.669"
"2017-10-20";"2J";"-0.737"
"2017-10-20";"10J0";"-0.006"
"2017-10-20";"E";"-0.152"
"2017-10-20";"K";"0.049"
"2017-10-20";"P";"0.113"
"2017-10-20";"GK";"0.205"
"2017-10-20";"IKH";"0.701"
"2017-10-23";"2J";"-0.743"
"2017-10-23";"10J0";"-0.015"
"2017-10-23";"E";"-0.161"
"2017-10-23";"K";"0.039"
"2017-10-23";"P";"0.118"
"2017-10-23";"GK";"0.191"
"2017-10-23";"IKH";"0.686"
"2017-10-24";"2J";"-0.747"
"2017-10-24";"10J0";"0.016"
"2017-10-24";"E";"-0.132"
"2017-10-24";"K";"0.069"
"2017-10-24";"P";"0.139"
"2017-10-24";"GK";"0.226"
"2017-10-24";"IKH";"0.712"
"2017-10-25";"2J";"-0.743"
"2017-10-25";"10J0";"0.023"
"2017-10-25";"E";"-0.126"
"2017-10-25";"K";"0.072"
"2017-10-25";"P";"0.15"
"2017-10-25";"GK";"0.219"
"2017-10-25";"IKH";"0.716"
"2017-10-26";"2J";"-0.736"
"2017-10-26";"10J0";"0.035"
"2017-10-26";"E";"-0.113"
"2017-10-26";"K";"0.08"
"2017-10-26";"P";"0.147"
"2017-10-26";"GK";"0.238"
"2017-10-26";"IKH";"0.722"
"2017-10-27";"2J";"-0.767"
"2017-10-27";"10J0";"0.005"
"2017-10-27";"E";"-0.144"
"2017-10-27";"K";"0.051"
"2017-10-27";"P";"0.128"
"2017-10-27";"GK";"0.198"
"2017-10-27";"IKH";"0.698"
"2017-10-30";"2J";"-0.788"
"2017-10-30";"10J0";"-0.019"
"2017-10-30";"E";"-0.169"
"2017-10-30";"K";"0.031"
"2017-10-30";"P";"0.094"
"2017-10-30";"GK";"0.186"
"2017-10-30";"IKH";"0.684"
"2017-10-31";"2J";"-0.779"
"2017-10-31";"10J0";"-0.029"
"2017-10-31";"E";"-0.181"
"2017-10-31";"K";"0.014"
"2017-10-31";"P";"0.092"
"2017-10-31";"GK";"0.166"
"2017-10-31";"IKH";"0.666"
"2017-11-01";"2J";"-0.779"
"2017-11-01";"10J0";"-0.037"
"2017-11-01";"E";"-0.185"
"2017-11-01";"K";"0.007"
"2017-11-01";"P";"0.076"
"2017-11-01";"GK";"0.168"
"2017-11-01";"IKH";"0.653"
"2017-11-02";"2J";"-0.771"
"2017-11-02";"10J0";"-0.028"
"2017-11-02";"E";"-0.179"
"2017-11-02";"K";"0.027"
"2017-11-02";"P";"0.105"
"2017-11-02";"GK";"0.173"
"2017-11-02";"IKH";"0.663"
"2017-11-03";"2J";"-0.777"
"2017-11-03";"10J0";"-0.045"
"2017-11-03";"E";"-0.197"
"2017-11-03";"K";"0.015"
"2017-11-03";"P";"0.081"
"2017-11-03";"GK";"0.17"
"2017-11-03";"IKH";"0.65"
"2017-11-06";"2J";"-0.79"
"2017-11-06";"10J0";"-0.062"
"2017-11-06";"E";"-0.214"
"2017-11-06";"K";"-0.001"
"2017-11-06";"P";"0.076"
"2017-11-06";"GK";"0.145"
"2017-11-06";"IKH";"0.633"
"2017-11-07";"2J";"-0.77"
"2017-11-07";"10J0";"-0.057"
"2017-11-07";"E";"-0.207"
"2017-11-07";"K";"-0.001"
"2017-11-07";"P";"0.065"
"2017-11-07";"GK";"0.153"
"2017-11-07";"IKH";"0.638"
"2017-11-08";"2J";"-0.782"
"2017-11-08";"10J0";"-0.083"
"2017-11-08";"E";"-0.234"
"2017-11-08";"K";"-0.018"
"2017-11-08";"P";"0.059"
"2017-11-08";"GK";"0.128"
"2017-11-08";"IKH";"0.629"
"2017-11-09";"2J";"-0.773"
"2017-11-09";"10J0";"-0.082"
"2017-11-09";"E";"-0.234"
"2017-11-09";"K";"-0.021"
"2017-11-09";"P";"0.044"
"2017-11-09";"GK";"0.131"
"2017-11-09";"IKH";"0.619"
"2017-11-10";"2J";"-0.771"
"2017-11-10";"10J0";"-0.032"
"2017-11-10";"E";"-0.185"
"2017-11-10";"K";"0.024"
"2017-11-10";"P";"0.101"
"2017-11-10";"GK";"0.191"
"2017-11-10";"IKH";"0.64"
"2017-11-13";"2J";"-0.78"
"2017-11-13";"10J0";"-0.035"
"2017-11-13";"E";"-0.19"
"2017-11-13";"K";"0.028"
"2017-11-13";"P";"0.105"
"2017-11-13";"GK";"0.171"
"2017-11-13";"IKH";"0.672"
"2017-11-14";"2J";"-0.779"
"2017-11-14";"10J0";"-0.026"
"2017-11-14";"E";"-0.181"
"2017-11-14";"K";"0.035"
"2017-11-14";"P";"0.103"
"2017-11-14";"GK";"0.184"
"2017-11-14";"IKH";"0.671"
"2017-11-15";"2J";"-0.786"
"2017-11-15";"10J0";"-0.056"
"2017-11-15";"E";"-0.209"
"2017-11-15";"K";"0.008"
"2017-11-15";"P";"0.088"
"2017-11-15";"GK";"0.151"
"2017-11-15";"IKH";"0.651"
"2017-11-16";"2J";"-0.784"
"2017-11-16";"10J0";"-0.052"
"2017-11-16";"E";"-0.205"
"2017-11-16";"K";"0.012"
"2017-11-16";"P";"0.081"
"2017-11-16";"GK";"0.168"
"2017-11-16";"IKH";"0.651"
"2017-11-17";"2J";"-0.784"
"2017-11-17";"10J0";"-0.056"
"2017-11-17";"E";"-0.209"
"2017-11-17";"K";"0.01"
"2017-11-17";"P";"0.089"
"2017-11-17";"GK";"0.158"
"2017-11-17";"IKH";"0.649"
"2017-11-20";"2J";"-0.79"
"2017-11-20";"10J0";"-0.077"
"2017-11-20";"E";"-0.231"
"2017-11-20";"K";"0.005"
"2017-11-20";"P";"0.076"
"2017-11-20";"GK";"0.165"
"2017-11-20";"IKH";"0.64"
"2017-11-21";"2J";"-0.797"
"2017-11-21";"10J0";"-0.096"
"2017-11-21";"E";"-0.25"
"2017-11-21";"K";"-0.005"
"2017-11-21";"P";"0.076"
"2017-11-21";"GK";"0.151"
"2017-11-21";"IKH";"0.635"
"2017-11-22";"2J";"-0.787"
"2017-11-22";"10J0";"-0.093"
"2017-11-22";"E";"-0.246"
"2017-11-22";"K";"-0.004"
"2017-11-22";"P";"0.076"
"2017-11-22";"GK";"0.149"
"2017-11-22";"IKH";"0.62"
"2017-11-23";"2J";"-0.803"
"2017-11-23";"10J0";"-0.087"
"2017-11-23";"E";"-0.236"
"2017-11-23";"K";"0"
"2017-11-23";"P";"0.078"
"2017-11-23";"GK";"0.153"
"2017-11-23";"IKH";"0.639"
"2017-11-24";"2J";"-0.849"
"2017-11-24";"10J0";"-0.07"
"2017-11-24";"E";"-0.219"
"2017-11-24";"K";"0.012"
"2017-11-24";"P";"0.091"
"2017-11-24";"GK";"0.165"
"2017-11-24";"IKH";"0.621"
"2017-11-27";"2J";"-0.776"
"2017-11-27";"10J0";"-0.085"
"2017-11-27";"E";"-0.234"
"2017-11-27";"K";"0.012"
"2017-11-27";"P";"0.092"
"2017-11-27";"GK";"0.168"
"2017-11-27";"IKH";"0.652"
"2017-11-28";"2J";"-0.789"
"2017-11-28";"10J0";"-0.082"
"2017-11-28";"E";"-0.23"
"2017-11-28";"K";"0.015"
"2017-11-28";"P";"0.096"
"2017-11-28";"GK";"0.168"
"2017-11-28";"IKH";"0.638"
"2017-11-29";"2J";"-0.76"
"2017-11-29";"10J0";"-0.066"
"2017-11-29";"E";"-0.212"
"2017-11-29";"K";"0.031"
"2017-11-29";"P";"0.111"
"2017-11-29";"GK";"0.181"
"2017-11-29";"IKH";"0.647"
"2017-11-30";"2J";"-0.753"
"2017-11-30";"10J0";"-0.053"
"2017-11-30";"E";"-0.202"
"2017-11-30";"K";"0.048"
"2017-11-30";"P";"0.125"
"2017-11-30";"GK";"0.196"
"2017-11-30";"IKH";"0.663"
"2017-12-01";"2J";"-0.752"
"2017-12-01";"10J0";"-0.079"
"2017-12-01";"E";"-0.223"
"2017-12-01";"K";"0.023"
"2017-12-01";"P";"0.102"
"2017-12-01";"GK";"0.18"
"2017-12-01";"IKH";"0.641"
"2017-12-04";"2J";"-0.775"
"2017-12-04";"10J0";"-0.084"
"2017-12-04";"E";"-0.23"
"2017-12-04";"K";"0.021"
"2017-12-04";"P";"0.1"
"2017-12-04";"GK";"0.175"
"2017-12-04";"IKH";"0.81"
"2017-12-05";"2J";"-0.772"
"2017-12-05";"10J0";"-0.099"
"2017-12-05";"E";"-0.243"
"2017-12-05";"K";"0.004"
"2017-12-05";"P";"0.084"
"2017-12-05";"GK";"0.163"
"2017-12-05";"IKH";"0.631"
"2017-12-06";"2J";"-0.787"
"2017-12-06";"10J0";"-0.122"
"2017-12-06";"E";"-0.264"
"2017-12-06";"K";"-0.014"
"2017-12-06";"P";"0.064"
"2017-12-06";"GK";"0.143"
"2017-12-06";"IKH";"0.622"
"2017-12-07";"2J";"-0.767"
"2017-12-07";"10J0";"-0.123"
"2017-12-07";"E";"-0.262"
"2017-12-07";"K";"-0.016"
"2017-12-07";"P";"0.063"
"2017-12-07";"GK";"0.14"
"2017-12-07";"IKH";"0.6"
"2017-12-08";"2J";"-0.78"
"2017-12-08";"10J0";"-0.12"
"2017-12-08";"E";"-0.263"
"2017-12-08";"K";"-0.015"
"2017-12-08";"P";"0.067"
"2017-12-08";"GK";"0.144"
"2017-12-08";"IKH";"0.624"
"2017-12-11";"2J";"-0.78"
"2017-12-11";"10J0";"-0.124"
"2017-12-11";"E";"-0.267"
"2017-12-11";"K";"-0.02"
"2017-12-11";"P";"0.063"
"2017-12-11";"GK";"0.139"
"2017-12-11";"IKH";"0.596"
"2017-12-12";"2J";"-0.775"
"2017-12-12";"10J0";"-0.129"
"2017-12-12";"E";"-0.268"
"2017-12-12";"K";"-0.02"
"2017-12-12";"P";"0.06"
"2017-12-12";"GK";"0.135"
"2017-12-12";"IKH";"0.612"
"2017-12-13";"2J";"-0.774"
"2017-12-13";"10J0";"-0.111"
"2017-12-13";"E";"-0.254"
"2017-12-13";"K";"-0.003"
"2017-12-13";"P";"0.077"
"2017-12-13";"GK";"0.153"
"2017-12-13";"IKH";"0.607"
"2017-12-14";"2J";"-0.769"
"2017-12-14";"10J0";"-0.11"
"2017-12-14";"E";"-0.249"
"2017-12-14";"K";"0.001"
"2017-12-14";"P";"0.08"
"2017-12-14";"GK";"0.156"
"2017-12-14";"IKH";"0.63"
"2017-12-15";"2J";"-0.772"
"2017-12-15";"10J0";"-0.147"
"2017-12-15";"E";"-0.286"
"2017-12-15";"K";"-0.027"
"2017-12-15";"P";"0.048"
"2017-12-15";"GK";"0.124"
"2017-12-15";"IKH";"0.583"
"2017-12-18";"2J";"-0.788"
"2017-12-18";"10J0";"-0.138"
"2017-12-18";"E";"-0.279"
"2017-12-18";"K";"-0.022"
"2017-12-18";"P";"0.057"
"2017-12-18";"GK";"0.143"
"2017-12-18";"IKH";"0.59"
"2017-12-19";"2J";"-0.794"
"2017-12-19";"10J0";"-0.142"
"2017-12-19";"E";"-0.284"
"2017-12-19";"K";"-0.022"
"2017-12-19";"P";"0.055"
"2017-12-19";"GK";"0.142"
"2017-12-19";"IKH";"0.593"
"2017-12-20";"2J";"-0.782"
"2017-12-20";"10J0";"-0.106"
"2017-12-20";"E";"-0.247"
"2017-12-20";"K";"0.01"
"2017-12-20";"P";"0.088"
"2017-12-20";"GK";"0.153"
"2017-12-20";"IKH";"0.603"
"2017-12-21";"2J";"-0.767"
"2017-12-21";"10J0";"-0.082"
"2017-12-21";"E";"-0.224"
"2017-12-21";"K";"0.032"
"2017-12-21";"P";"0.109"
"2017-12-21";"GK";"0.19"
"2017-12-21";"IKH";"0.623"
"2017-12-22";"2J";"-0.752"
"2017-12-22";"10J0";"-0.086"
"2017-12-22";"E";"-0.227"
"2017-12-22";"K";"0.03"
"2017-12-22";"P";"0.113"
"2017-12-22";"GK";"0.176"
"2017-12-22";"IKH";"0.627"
"2017-12-25";"2J";
"2017-12-25";"10J0";
"2017-12-25";"E";
"2017-12-25";"K";
"2017-12-25";"P";
"2017-12-25";"GK";
"2017-12-25";"IKH";
"2017-12-26";"2J";
"2017-12-26";"10J0";
"2017-12-26";"E";
"2017-12-26";"K";
"2017-12-26";"P";
"2017-12-26";"GK";
"2017-12-26";"IKH";
"2017-12-27";"2J";"-0.766"
"2017-12-27";"10J0";"-0.092"
"2017-12-27";"E";"-0.235"
"2017-12-27";"K";"0.031"
"2017-12-27";"P";"0.112"
"2017-12-27";"GK";"0.197"
"2017-12-27";"IKH";"0.63"
"2017-12-28";"2J";"-0.769"
"2017-12-28";"10J0";"-0.09"
"2017-12-28";"E";"-0.232"
"2017-12-28";"K";"0.029"
"2017-12-28";"P";"0.11"
"2017-12-28";"GK";"0.177"
"2017-12-28";"IKH";"0.629"
"2017-12-29";"2J";"-0.761"
"2017-12-29";"10J0";"-0.095"
"2017-12-29";"E";"-0.235"
"2017-12-29";"K";"0.025"
"2017-12-29";"P";"0.105"
"2017-12-29";"GK";"0.19"
"2017-12-29";"IKH";"0.614"
"2018-01-01";"2J";
"2018-01-01";"10J0";
"2018-01-01";"E";
"2018-01-01";"K";
"2018-01-01";"P";
"2018-01-01";"GK";
"2018-01-01";"IKH";
"2018-01-02";"2J";
"2018-01-02";"10J0";
"2018-01-02";"E";
"2018-01-02";"K";
"2018-01-02";"P";
"2018-01-02";"GK";
"2018-01-02";"IKH";
"2018-01-03";"2J";"-0.765"
"2018-01-03";"10J0";"-0.095"
"2018-01-03";"E";"-0.236"
"2018-01-03";"K";"0.025"
"2018-01-03";"P";"0.104"
"2018-01-03";"GK";"0.173"
"2018-01-03";"IKH";"0.62"
"2018-01-04";"2J";"-0.81"
"2018-01-04";"10J0";"-0.098"
"2018-01-04";"E";"-0.241"
"2018-01-04";"K";"0.021"
"2018-01-04";"P";"0.101"
"2018-01-04";"GK";"0.187"
"2018-01-04";"IKH";"0.601"
"2018-01-05";"2J";"-0.815"
"2018-01-05";"10J0";"-0.106"
"2018-01-05";"E";"-0.248"
"2018-01-05";"K";"0.017"
"2018-01-05";"P";"0.098"
"2018-01-05";"GK";"0.167"
"2018-01-05";"IKH";"0.6"
"2018-01-08";"2J";"-0.83"
"2018-01-08";"10J0";"-0.109"
"2018-01-08";"E";"-0.251"
"2018-01-08";"K";"0.011"
"2018-01-08";"P";"0.102"
"2018-01-08";"GK";"0.178"
"2018-01-08";"IKH";"0.601"
"2018-01-09";"2J";"-0.85"
"2018-01-09";"10J0";"-0.097"
"2018-01-09";"E";"-0.242"
"2018-01-09";"K";"0.023"
"2018-01-09";"P";"0.108"
"2018-01-09";"GK";"0.169"
"2018-01-09";"IKH";"0.6"
"2018-01-10";"2J";"-0.839"
"2018-01-10";"10J0";"-0.072"
"2018-01-10";"E";"-0.218"
"2018-01-10";"K";"0.044"
"2018-01-10";"P";"0.127"
"2018-01-10";"GK";"0.202"
"2018-01-10";"IKH";"0.618"
"2018-01-11";"2J";"-0.832"
"2018-01-11";"10J0";"-0.051"
"2018-01-11";"E";"-0.2"
"2018-01-11";"K";"0.055"
"2018-01-11";"P";"0.136"
"2018-01-11";"GK";"0.196"
"2018-01-11";"IKH";"0.62"
"2018-01-12";"2J";"-0.819"
"2018-01-12";"10J0";"0.019"
"2018-01-12";"E";"-0.132"
"2018-01-12";"K";"0.121"
"2018-01-12";"P";"0.204"
"2018-01-12";"GK";"0.273"
"2018-01-12";"IKH";"0.685"
"2018-01-15";"2J";"-0.811"
"2018-01-15";"10J0";"0.016"
"2018-01-15";"E";"-0.135"
"2018-01-15";"K";"0.123"
"2018-01-15";"P";"0.207"
"2018-01-15";"GK";"0.257"
"2018-01-15";"IKH";"0.701"
"2018-01-16";"2J";"-0.813"
"2018-01-16";"10J0";"0.014"
"2018-01-16";"E";"-0.138"
"2018-01-16";"K";"0.114"
"2018-01-16";"P";"0.21"
"2018-01-16";"GK";"0.28"
"2018-01-16";"IKH";"0.699"
"2018-01-17";"2J";"-0.836"
"2018-01-17";"10J0";"-0.01"
"2018-01-17";"E";"-0.157"
"2018-01-17";"K";"0.103"
"2018-01-17";"P";"0.169"
"2018-01-17";"GK";"0.258"
"2018-01-17";"IKH";"0.671"
"2018-01-18";"2J";"-0.82"
"2018-01-18";"10J0";"0.014"
"2018-01-18";"E";"-0.138"
"2018-01-18";"K";"0.107"
"2018-01-18";"P";"0.202"
"2018-01-18";"GK";"0.268"
"2018-01-18";"IKH";"0.67"
"2018-01-19";"2J";"-0.822"
"2018-01-19";"10J0";"0.022"
"2018-01-19";"E";"-0.134"
"2018-01-19";"K";"0.132"
"2018-01-19";"P";"0.2"
"2018-01-19";"GK";"0.285"
"2018-01-19";"IKH";"0.679"
"2018-01-22";"2J";"-0.838"
"2018-01-22";"10J0";"0.02"
"2018-01-22";"E";"-0.137"
"2018-01-22";"K";"0.115"
"2018-01-22";"P";"0.211"
"2018-01-22";"GK";"0.279"
"2018-01-22";"IKH";"0.671"
"2018-01-23";"2J";"-0.845"
"2018-01-23";"10J0";"0.023"
"2018-01-23";"E";"-0.135"
"2018-01-23";"K";"0.126"
"2018-01-23";"P";"0.196"
"2018-01-23";"GK";"0.28"
"2018-01-23";"IKH";"0.685"
"2018-01-24";"2J";"-0.833"
"2018-01-24";"10J0";"0.059"
"2018-01-24";"E";"-0.104"
"2018-01-24";"K";"0.152"
"2018-01-24";"P";"0.249"
"2018-01-24";"GK";"0.317"
"2018-01-24";"IKH";"0.707"
"2018-01-25";"2J";"-0.815"
"2018-01-25";"10J0";"0.056"
"2018-01-25";"E";"-0.11"
"2018-01-25";"K";"0.152"
"2018-01-25";"P";"0.226"
"2018-01-25";"GK";"0.305"
"2018-01-25";"IKH";"0.698"
"2018-01-26";"2J";"-0.819"
"2018-01-26";"10J0";"0.063"
"2018-01-26";"E";"-0.094"
"2018-01-26";"K";"0.156"
"2018-01-26";"P";"0.255"
"2018-01-26";"GK";"0.318"
"2018-01-26";"IKH";"0.719"
"2018-01-29";"2J";"-0.822"
"2018-01-29";"10J0";"0.093"
"2018-01-29";"E";"-0.066"
"2018-01-29";"K";"0.191"
"2018-01-29";"P";"0.269"
"2018-01-29";"GK";"0.343"
"2018-01-29";"IKH";"0.727"
"2018-01-30";"2J";"-0.825"
"2018-01-30";"10J0";"0.116"
"2018-01-30";"E";"-0.042"
"2018-01-30";"K";"0.222"
"2018-01-30";"P";"0.306"
"2018-01-30";"GK";"0.384"
"2018-01-30";"IKH";"0.754"
"2018-01-31";"2J";"-0.833"
"2018-01-31";"10J0";"0.103"
"2018-01-31";"E";"-0.054"
"2018-01-31";"K";"0.179"
"2018-01-31";"P";"0.281"
"2018-01-31";"GK";"0.356"
"2018-01-31";"IKH";"0.742"
"2018-02-01";"2J";"-0.812"
"2018-02-01";"10J0";"0.138"
"2018-02-01";"E";"-0.016"
"2018-02-01";"K";"0.222"
"2018-02-01";"P";"0.301"
"2018-02-01";"GK";"0.378"
"2018-02-01";"IKH";"0.766"
"2018-02-02";"2J";"-0.812"
"2018-02-02";"10J0";"0.175"
"2018-02-02";"E";"0.015"
"2018-02-02";"K";"0.244"
"2018-02-02";"P";"0.35"
"2018-02-02";"GK";"0.405"
"2018-02-02";"IKH";"0.775"
"2018-02-05";"2J";"-0.84"
"2018-02-05";"10J0";"0.188"
"2018-02-05";"E";"0.025"
"2018-02-05";"K";"0.253"
"2018-02-05";"P";"0.333"
"2018-02-05";"GK";"0.404"
"2018-02-05";"IKH";"0.787"
"2018-02-06";"2J";"-0.863"
"2018-02-06";"10J0";"0.146"
"2018-02-06";"E";"-0.021"
"2018-02-06";"K";"0.197"
"2018-02-06";"P";"0.299"
"2018-02-06";"GK";"0.363"
"2018-02-06";"IKH";"0.758"
"2018-02-07";"2J";"-0.837"
"2018-02-07";"10J0";"0.154"
"2018-02-07";"E";"-0.017"
"2018-02-07";"K";"0.215"
"2018-02-07";"P";"0.293"
"2018-02-07";"GK";"0.367"
"2018-02-07";"IKH";"0.756"
"2018-02-08";"2J";"-0.824"
"2018-02-08";"10J0";"0.186"
"2018-02-08";"E";"0.014"
"2018-02-08";"K";"0.22"
"2018-02-08";"P";"0.331"
"2018-02-08";"GK";"0.391"
"2018-02-08";"IKH";"0.779"
"2018-02-09";"2J";"-0.838"
"2018-02-09";"10J0";"0.214"
"2018-02-09";"E";"0.043"
"2018-02-09";"K";"0.259"
"2018-02-09";"P";"0.337"
"2018-02-09";"GK";"0.41"
"2018-02-09";"IKH";"0.792"
"2018-02-12";"2J";"-0.751"
"2018-02-12";"10J0";"0.213"
"2018-02-12";"E";"0.039"
"2018-02-12";"K";"0.257"
"2018-02-12";"P";"0.362"
"2018-02-12";"GK";"0.422"
"2018-02-12";"IKH";"0.811"
"2018-02-13";"2J";"-0.762"
"2018-02-13";"10J0";"0.194"
"2018-02-13";"E";"0.02"
"2018-02-13";"K";"0.243"
"2018-02-13";"P";"0.32"
"2018-02-13";"GK";"0.401"
"2018-02-13";"IKH";"0.8"
"2018-02-14";"2J";"-0.756"
"2018-02-14";"10J0";"0.199"
"2018-02-14";"E";"0.023"
"2018-02-14";"K";"0.243"
"2018-02-14";"P";"0.344"
"2018-02-14";"GK";"0.41"
"2018-02-14";"IKH";"0.801"
"2018-02-15";"2J";"-0.738"
"2018-02-15";"10J0";"0.221"
"2018-02-15";"E";"0.045"
"2018-02-15";"K";"0.286"
"2018-02-15";"P";"0.357"
"2018-02-15";"GK";"0.432"
"2018-02-15";"IKH";"0.828"
"2018-02-16";"2J";"-0.735"
"2018-02-16";"10J0";"0.205"
"2018-02-16";"E";"0.027"
"2018-02-16";"K";"0.259"
"2018-02-16";"P";"0.358"
"2018-02-16";"GK";"0.42"
"2018-02-16";"IKH";"0.828"
"2018-02-19";"2J";"-0.746"
"2018-02-19";"10J0";"0.191"
"2018-02-19";"E";"0.012"
"2018-02-19";"K";"0.249"
"2018-02-19";"P";"0.32"
"2018-02-19";"GK";"0.4"
"2018-02-19";"IKH";"0.81"
"2018-02-20";"2J";"-0.74"
"2018-02-20";"10J0";"0.207"
"2018-02-20";"E";"0.023"
"2018-02-20";"K";"0.256"
"2018-02-20";"P";"0.353"
"2018-02-20";"GK";"0.417"
"2018-02-20";"IKH";"0.834"
"2018-02-21";"2J";"-0.733"
"2018-02-21";"10J0";"0.157"
"2018-02-21";"E";"-0.027"
"2018-02-21";"K";"0.232"
"2018-02-21";"P";"0.302"
"2018-02-21";"GK";"0.381"
"2018-02-21";"IKH";"0.804"
"2018-02-22";"2J";"-0.737"
"2018-02-22";"10J0";"0.173"
"2018-02-22";"E";"-0.011"
"2018-02-22";"K";"0.229"
"2018-02-22";"P";"0.328"
"2018-02-22";"GK";"0.393"
"2018-02-22";"IKH";"0.818"
"2018-02-23";"2J";"-0.743"
"2018-02-23";"10J0";"0.144"
"2018-02-23";"E";"-0.039"
"2018-02-23";"K";"0.213"
"2018-02-23";"P";"0.284"
"2018-02-23";"GK";"0.362"
"2018-02-23";"IKH";"0.803"
"2018-02-26";"2J";"-0.756"
"2018-02-26";"10J0";"0.125"
"2018-02-26";"E";"-0.056"
"2018-02-26";"K";"0.191"
"2018-02-26";"P";"0.284"
"2018-02-26";"GK";"0.345"
"2018-02-26";"IKH";"0.801"
"2018-02-27";"2J";"-0.76"
"2018-02-27";"10J0";"0.133"
"2018-02-27";"E";"-0.05"
"2018-02-27";"K";"0.205"
"2018-02-27";"P";"0.292"
"2018-02-27";"GK";"0.364"
"2018-02-27";"IKH";"0.781"
"2018-02-28";"2J";"-0.77"
"2018-02-28";"10J0";"0.116"
"2018-02-28";"E";"-0.067"
"2018-02-28";"K";"0.19"
"2018-02-28";"P";"0.272"
"2018-02-28";"GK";"0.347"
"2018-02-28";"IKH";"0.768"
"2018-03-01";"2J";"-0.774"
"2018-03-01";"10J0";"0.089"
"2018-03-01";"E";"-0.095"
"2018-03-01";"K";"0.179"
"2018-03-01";"P";"0.255"
"2018-03-01";"GK";"0.336"
"2018-03-01";"IKH";"0.76"
"2018-03-02";"2J";"-0.775"
"2018-03-02";"10J0";"0.074"
"2018-03-02";"E";"-0.111"
"2018-03-02";"K";"0.166"
"2018-03-02";"P";"0.246"
"2018-03-02";"GK";"0.327"
"2018-03-02";"IKH";"0.746"
"2018-03-05";"2J";"-0.787"
"2018-03-05";"10J0";"0.082"
"2018-03-05";"E";"-0.102"
"2018-03-05";"K";"0.172"
"2018-03-05";"P";"0.252"
"2018-03-05";"GK";"0.325"
"2018-03-05";"IKH";"0.74"
"2018-03-06";"2J";"-0.774"
"2018-03-06";"10J0";"0.102"
"2018-03-06";"E";"-0.08"
"2018-03-06";"K";"0.19"
"2018-03-06";"P";"0.268"
"2018-03-06";"GK";"0.342"
"2018-03-06";"IKH";"0.758"
"2018-03-07";"2J";"-0.775"
"2018-03-07";"10J0";"0.127"
"2018-03-07";"E";"-0.055"
"2018-03-07";"K";"0.204"
"2018-03-07";"P";"0.281"
"2018-03-07";"GK";"0.355"
"2018-03-07";"IKH";"0.775"
"2018-03-08";"2J";"-0.776"
"2018-03-08";"10J0";"0.13"
"2018-03-08";"E";"-0.051"
"2018-03-08";"K";"0.202"
"2018-03-08";"P";"0.282"
"2018-03-08";"GK";"0.356"
"2018-03-08";"IKH";"0.774"
"2018-03-09";"2J";"-0.779"
"2018-03-09";"10J0";"0.118"
"2018-03-09";"E";"-0.061"
"2018-03-09";"K";"0.203"
"2018-03-09";"P";"0.28"
"2018-03-09";"GK";"0.352"
"2018-03-09";"IKH";"0.77"
"2018-03-12";"2J";"-0.78"
"2018-03-12";"10J0";"0.119"
"2018-03-12";"E";"-0.059"
"2018-03-12";"K";"0.2"
"2018-03-12";"P";"0.28"
"2018-03-12";"GK";"0.355"
"2018-03-12";"IKH";"0.773"
"2018-03-13";"2J";"-0.768"
"2018-03-13";"10J0";"0.119"
"2018-03-13";"E";"-0.059"
"2018-03-13";"K";"0.195"
"2018-03-13";"P";"0.276"
"2018-03-13";"GK";"0.359"
"2018-03-13";"IKH";"0.768"
"2018-03-14";"2J";"-0.773"
"2018-03-14";"10J0";"0.133"
"2018-03-14";"E";"-0.049"
"2018-03-14";"K";"0.199"
"2018-03-14";"P";"0.282"
"2018-03-14";"GK";"0.355"
"2018-03-14";"IKH";"0.776"
"2018-03-15";"2J";"-0.77"
"2018-03-15";"10J0";"0.132"
"2018-03-15";"E";"-0.047"
"2018-03-15";"K";"0.192"
"2018-03-15";"P";"0.274"
"2018-03-15";"GK";"0.345"
"2018-03-15";"IKH";"0.771"
"2018-03-16";"2J";"-0.78"
"2018-03-16";"10J0";"0.111"
"2018-03-16";"E";"-0.07"
"2018-03-16";"K";"0.174"
"2018-03-16";"P";"0.253"
"2018-03-16";"GK";"0.326"
"2018-03-16";"IKH";"0.774"
"2018-03-19";"2J";"-0.794"
"2018-03-19";"10J0";"0.11"
"2018-03-19";"E";"-0.072"
"2018-03-19";"K";"0.169"
"2018-03-19";"P";"0.251"
"2018-03-19";"GK";"0.322"
"2018-03-19";"IKH";"0.778"
"2018-03-20";"2J";"-0.787"
"2018-03-20";"10J0";"0.098"
"2018-03-20";"E";"-0.084"
"2018-03-20";"K";"0.167"
"2018-03-20";"P";"0.244"
"2018-03-20";"GK";"0.317"
"2018-03-20";"IKH";"0.771"
"2018-03-21";"2J";"-0.791"
"2018-03-21";"10J0";"0.113"
"2018-03-21";"E";"-0.067"
"2018-03-21";"K";"0.169"
"2018-03-21";"P";"0.248"
"2018-03-21";"GK";"0.322"
"2018-03-21";"IKH";"0.785"
"2018-03-22";"2J";"-0.79"
"2018-03-22";"10J0";"0.096"
"2018-03-22";"E";"-0.085"
"2018-03-22";"K";"0.149"
"2018-03-22";"P";"0.227"
"2018-03-22";"GK";"0.308"
"2018-03-22";"IKH";"0.778"
"2018-03-23";"2J";"-0.812"
"2018-03-23";"10J0";"0.074"
"2018-03-23";"E";"-0.107"
"2018-03-23";"K";"0.128"
"2018-03-23";"P";"0.211"
"2018-03-23";"GK";"0.286"
"2018-03-23";"IKH";"0.758"
"2018-03-26";"2J";"-0.798"
"2018-03-26";"10J0";"0.093"
"2018-03-26";"E";"-0.088"
"2018-03-26";"K";"0.149"
"2018-03-26";"P";"0.229"
"2018-03-26";"GK";"0.304"
"2018-03-26";"IKH";"0.768"
"2018-03-27";"2J";"-0.797"
"2018-03-27";"10J0";"0.093"
"2018-03-27";"E";"-0.088"
"2018-03-27";"K";"0.156"
"2018-03-27";"P";"0.232"
"2018-03-27";"GK";"0.31"
"2018-03-27";"IKH";"0.776"
"2018-03-28";"2J";"-0.804"
"2018-03-28";"10J0";"0.048"
"2018-03-28";"E";"-0.131"
"2018-03-28";"K";"0.114"
"2018-03-28";"P";"0.193"
"2018-03-28";"GK";"0.274"
"2018-03-28";"IKH";"0.75"
"2018-03-29";"2J";"-0.791"
"2018-03-29";"10J0";"0.054"
"2018-03-29";"E";"-0.125"
"2018-03-29";"K";"0.118"
"2018-03-29";"P";"0.193"
"2018-03-29";"GK";"0.28"
"2018-03-29";"IKH";"0.757"
"2018-03-30";"2J";
"2018-03-30";"10J0";
"2018-03-30";"E";
"2018-03-30";"K";
"2018-03-30";"P";
"2018-03-30";"GK";
"2018-03-30";"IKH";
"2018-04-02";"2J";
"2018-04-02";"10J0";
"2018-04-02";"E";
"2018-04-02";"K";
"2018-04-02";"P";
"2018-04-02";"GK";
"2018-04-02";"IKH";
"2018-04-03";"2J";"-0.811"
"2018-04-03";"10J0";"0.06"
"2018-04-03";"E";"-0.12"
"2018-04-03";"K";"0.121"
"2018-04-03";"P";"0.2"
"2018-04-03";"GK";"0.282"
"2018-04-03";"IKH";"0.76"
"2018-04-04";"2J";"-0.818"
"2018-04-04";"10J0";"0.036"
"2018-04-04";"E";"-0.144"
"2018-04-04";"K";"0.099"
"2018-04-04";"P";"0.177"
"2018-04-04";"GK";"0.258"
"2018-04-04";"IKH";"0.745"
"2018-04-05";"2J";"-0.809"
"2018-04-05";"10J0";"0.04"
"2018-04-05";"E";"-0.139"
"2018-04-05";"K";"0.105"
"2018-04-05";"P";"0.181"
"2018-04-05";"GK";"0.262"
"2018-04-05";"IKH";"0.748"
"2018-04-06";"2J";"-0.806"
"2018-04-06";"10J0";"0.047"
"2018-04-06";"E";"-0.132"
"2018-04-06";"K";"0.108"
"2018-04-06";"P";"0.191"
"2018-04-06";"GK";"0.274"
"2018-04-06";"IKH";"0.749"
"2018-04-09";"2J";"-0.812"
"2018-04-09";"10J0";"0.039"
"2018-04-09";"E";"-0.14"
"2018-04-09";"K";"0.099"
"2018-04-09";"P";"0.181"
"2018-04-09";"GK";"0.268"
"2018-04-09";"IKH";"0.73"
"2018-04-10";"2J";"-0.819"
"2018-04-10";"10J0";"0.026"
"2018-04-10";"E";"-0.151"
"2018-04-10";"K";"0.085"
"2018-04-10";"P";"0.163"
"2018-04-10";"GK";"0.254"
"2018-04-10";"IKH";"0.716"
"2018-04-11";"2J";"-0.802"
"2018-04-11";"10J0";"0.039"
"2018-04-11";"E";"-0.138"
"2018-04-11";"K";"0.1"
"2018-04-11";"P";"0.183"
"2018-04-11";"GK";"0.269"
"2018-04-11";"IKH";"0.762"
"2018-04-12";"2J";"-0.774"
"2018-04-12";"10J0";"0.028"
"2018-04-12";"E";"-0.15"
"2018-04-12";"K";"0.097"
"2018-04-12";"P";"0.181"
"2018-04-12";"GK";"0.266"
"2018-04-12";"IKH";"0.75"
"2018-04-13";"2J";"-0.765"
"2018-04-13";"10J0";"0.051"
"2018-04-13";"E";"-0.128"
"2018-04-13";"K";"0.118"
"2018-04-13";"P";"0.203"
"2018-04-13";"GK";"0.288"
"2018-04-13";"IKH";"0.77"
"2018-04-16";"2J";"-0.767"
"2018-04-16";"10J0";"0.068"
"2018-04-16";"E";"-0.111"
"2018-04-16";"K";"0.139"
"2018-04-16";"P";"0.226"
"2018-04-16";"GK";"0.311"
"2018-04-16";"IKH";"0.792"
"2018-04-17";"2J";"-0.748"
"2018-04-17";"10J0";"0.066"
"2018-04-17";"E";"-0.115"
"2018-04-17";"K";"0.148"
"2018-04-17";"P";"0.231"
"2018-04-17";"GK";"0.316"
"2018-04-17";"IKH";"0.797"
"2018-04-18";"2J";"-0.733"
"2018-04-18";"10J0";"0.05"
"2018-04-18";"E";"-0.127"
"2018-04-18";"K";"0.138"
"2018-04-18";"P";"0.226"
"2018-04-18";"GK";"0.31"
"2018-04-18";"IKH";"0.781"
"2018-04-19";"2J";"-0.695"
"2018-04-19";"10J0";"0.09"
"2018-04-19";"E";"-0.085"
"2018-04-19";"K";"0.19"
"2018-04-19";"P";"0.281"
"2018-04-19";"GK";"0.362"
"2018-04-19";"IKH";"0.824"
"2018-04-20";"2J";"-0.688"
"2018-04-20";"10J0";"0.136"
"2018-04-20";"E";"-0.038"
"2018-04-20";"K";"0.227"
"2018-04-20";"P";"0.316"
"2018-04-20";"GK";"0.398"
"2018-04-20";"IKH";"0.858"
"2018-04-23";"2J";"-0.674"
"2018-04-23";"10J0";"0.157"
"2018-04-23";"E";"-0.021"
"2018-04-23";"K";"0.253"
"2018-04-23";"P";"0.339"
"2018-04-23";"GK";"0.416"
"2018-04-23";"IKH";"0.882"
"2018-04-24";"2J";"-0.69"
"2018-04-24";"10J0";"0.149"
"2018-04-24";"E";"-0.029"
"2018-04-24";"K";"0.245"
"2018-04-24";"P";"0.329"
"2018-04-24";"GK";"0.414"
"2018-04-24";"IKH";"0.877"
"2018-04-25";"2J";"-0.684"
"2018-04-25";"10J0";"0.179"
"2018-04-25";"E";"0"
"2018-04-25";"K";"0.277"
"2018-04-25";"P";"0.367"
"2018-04-25";"GK";"0.449"
"2018-04-25";"IKH";"0.9"
"2018-04-26";"2J";"-0.655"
"2018-04-26";"10J0";"0.162"
"2018-04-26";"E";"-0.014"
"2018-04-26";"K";"0.257"
"2018-04-26";"P";"0.343"
"2018-04-26";"GK";"0.431"
"2018-04-26";"IKH";"0.884"
"2018-04-27";"2J";"-0.668"
"2018-04-27";"10J0";"0.123"
"2018-04-27";"E";"-0.049"
"2018-04-27";"K";"0.218"
"2018-04-27";"P";"0.305"
"2018-04-27";"GK";"0.389"
"2018-04-27";"IKH";"0.849"
"2018-04-30";"2J";"-0.686"
"2018-04-30";"10J0";"0.12"
"2018-04-30";"E";"-0.049"
"2018-04-30";"K";"0.221"
"2018-04-30";"P";"0.309"
"2018-04-30";"GK";"0.39"
"2018-04-30";"IKH";"0.848"
"2018-05-01";"2J";
"2018-05-01";"10J0";
"2018-05-01";"E";
"2018-05-01";"K";
"2018-05-01";"P";
"2018-05-01";"GK";
"2018-05-01";"IKH";
"2018-05-02";"2J";"-0.702"
"2018-05-02";"10J0";"0.097"
"2018-05-02";"E";"-0.056"
"2018-05-02";"K";"0.213"
"2018-05-02";"P";"0.3"
"2018-05-02";"GK";"0.385"
"2018-05-02";"IKH";"0.843"
"2018-05-03";"2J";"-0.687"
"2018-05-03";"10J0";"0.096"
"2018-05-03";"E";"-0.067"
"2018-05-03";"K";"0.21"
"2018-05-03";"P";"0.293"
"2018-05-03";"GK";"0.385"
"2018-05-03";"IKH";"0.828"
"2018-05-04";"2J";"-0.698"
"2018-05-04";"10J0";"0.056"
"2018-05-04";"E";"-0.101"
"2018-05-04";"K";"0.17"
"2018-05-04";"P";"0.256"
"2018-05-04";"GK";"0.341"
"2018-05-04";"IKH";"0.8"
"2018-05-07";"2J";"-0.69"
"2018-05-07";"10J0";"0.053"
"2018-05-07";"E";"-0.103"
"2018-05-07";"K";"0.167"
"2018-05-07";"P";"0.252"
"2018-05-07";"GK";"0.338"
"2018-05-07";"IKH";"0.797"
"2018-05-08";"2J";"-0.67"
"2018-05-08";"10J0";"0.052"
"2018-05-08";"E";"-0.114"
"2018-05-08";"K";"0.164"
"2018-05-08";"P";"0.25"
"2018-05-08";"GK";"0.336"
"2018-05-08";"IKH";"0.793"
"2018-05-09";"2J";"-0.647"
"2018-05-09";"10J0";"0.085"
"2018-05-09";"E";"-0.083"
"2018-05-09";"K";"0.19"
"2018-05-09";"P";"0.278"
"2018-05-09";"GK";"0.361"
"2018-05-09";"IKH";"0.819"
"2018-05-10";"2J";
"2018-05-10";"10J0";
"2018-05-10";"E";
"2018-05-10";"K";
"2018-05-10";"P";
"2018-05-10";"GK";
"2018-05-10";"IKH";
"2018-05-11";"2J";"-0.665"
"2018-05-11";"10J0";"0.069"
"2018-05-11";"E";"-0.094"
"2018-05-11";"K";"0.175"
"2018-05-11";"P";"0.264"
"2018-05-11";"GK";"0.345"
"2018-05-11";"IKH";"0.806"
"2018-05-14";"2J";"-0.662"
"2018-05-14";"10J0";"0.1"
"2018-05-14";"E";"-0.065"
"2018-05-14";"K";"0.21"
"2018-05-14";"P";"0.298"
"2018-05-14";"GK";"0.377"
"2018-05-14";"IKH";"0.833"
"2018-05-15";"2J";"-0.661"
"2018-05-15";"10J0";"0.128"
"2018-05-15";"E";"-0.037"
"2018-05-15";"K";"0.229"
"2018-05-15";"P";"0.317"
"2018-05-15";"GK";"0.398"
"2018-05-15";"IKH";"0.861"
"2018-05-16";"2J";"-0.664"
"2018-05-16";"10J0";"0.139"
"2018-05-16";"E";"-0.026"
"2018-05-16";"K";"0.235"
"2018-05-16";"P";"0.321"
"2018-05-16";"GK";"0.402"
"2018-05-16";"IKH";"0.864"
"2018-05-17";"2J";"-0.649"
"2018-05-17";"10J0";"0.151"
"2018-05-17";"E";"-0.017"
"2018-05-17";"K";"0.247"
"2018-05-17";"P";"0.334"
"2018-05-17";"GK";"0.417"
"2018-05-17";"IKH";"0.885"
"2018-05-18";"2J";"-0.649"
"2018-05-18";"10J0";"0.155"
"2018-05-18";"E";"-0.014"
"2018-05-18";"K";"0.249"
"2018-05-18";"P";"0.334"
"2018-05-18";"GK";"0.424"
"2018-05-18";"IKH";"0.881"
"2018-05-21";"2J";
"2018-05-21";"10J0";
"2018-05-21";"E";
"2018-05-21";"K";
"2018-05-21";"P";
"2018-05-21";"GK";
"2018-05-21";"IKH";
"2018-05-22";"2J";"-0.678"
"2018-05-22";"10J0";"0.123"
"2018-05-22";"E";"-0.043"
"2018-05-22";"K";"0.225"
"2018-05-22";"P";"0.308"
"2018-05-22";"GK";"0.396"
"2018-05-22";"IKH";"0.856"
"2018-05-23";"2J";"-0.684"
"2018-05-23";"10J0";"0.086"
"2018-05-23";"E";"-0.085"
"2018-05-23";"K";"0.185"
"2018-05-23";"P";"0.27"
"2018-05-23";"GK";"0.359"
"2018-05-23";"IKH";"0.833"
"2018-05-24";"2J";"-0.678"
"2018-05-24";"10J0";"0.101"
"2018-05-24";"E";"-0.072"
"2018-05-24";"K";"0.193"
"2018-05-24";"P";"0.28"
"2018-05-24";"GK";"0.368"
"2018-05-24";"IKH";"0.834"
"2018-05-25";"2J";"-0.692"
"2018-05-25";"10J0";"0.063"
"2018-05-25";"E";"-0.11"
"2018-05-25";"K";"0.158"
"2018-05-25";"P";"0.244"
"2018-05-25";"GK";"0.332"
"2018-05-25";"IKH";"0.794"
"2018-05-28";"2J";"-0.7"
"2018-05-28";"10J0";"0.044"
"2018-05-28";"E";"-0.134"
"2018-05-28";"K";"0.142"
"2018-05-28";"P";"0.226"
"2018-05-28";"GK";"0.315"
"2018-05-28";"IKH";"0.787"
"2018-05-29";"2J";"-0.73"
"2018-05-29";"10J0";"-0.084"
"2018-05-29";"E";"-0.263"
"2018-05-29";"K";"0.037"
"2018-05-29";"P";"0.125"
"2018-05-29";"GK";"0.222"
"2018-05-29";"IKH";"0.711"
"2018-05-30";"2J";"-0.772"
"2018-05-30";"10J0";"-0.057"
"2018-05-30";"E";"-0.241"
"2018-05-30";"K";"0.062"
"2018-05-30";"P";"0.154"
"2018-05-30";"GK";"0.242"
"2018-05-30";"IKH";"0.723"
"2018-05-31";"2J";"-0.742"
"2018-05-31";"10J0";"-0.008"
"2018-05-31";"E";"-0.187"
"2018-05-31";"K";"0.102"
"2018-05-31";"P";"0.192"
"2018-05-31";"GK";"0.28"
"2018-05-31";"IKH";"0.756"
"2018-06-01";"2J";"-0.733"
"2018-06-01";"10J0";"-0.03"
"2018-06-01";"E";"-0.2"
"2018-06-01";"K";"0.089"
"2018-06-01";"P";"0.175"
"2018-06-01";"GK";"0.267"
"2018-06-01";"IKH";"0.742"
"2018-06-04";"2J";"-0.723"
"2018-06-04";"10J0";"-0.01"
"2018-06-04";"E";"-0.185"
"2018-06-04";"K";"0.111"
"2018-06-04";"P";"0.201"
"2018-06-04";"GK";"0.287"
"2018-06-04";"IKH";"0.763"
"2018-06-05";"2J";"-0.694"
"2018-06-05";"10J0";"-0.021"
"2018-06-05";"E";"-0.198"
"2018-06-05";"K";"0.123"
"2018-06-05";"P";"0.211"
"2018-06-05";"GK";"0.297"
"2018-06-05";"IKH";"0.772"
"2018-06-06";"2J";"-0.682"
"2018-06-06";"10J0";"0.023"
"2018-06-06";"E";"-0.151"
"2018-06-06";"K";"0.142"
"2018-06-06";"P";"0.232"
"2018-06-06";"GK";"0.316"
"2018-06-06";"IKH";"0.798"
"2018-06-07";"2J";"-0.659"
"2018-06-07";"10J0";"0.092"
"2018-06-07";"E";"-0.081"
"2018-06-07";"K";"0.202"
"2018-06-07";"P";"0.291"
"2018-06-07";"GK";"0.378"
"2018-06-07";"IKH";"0.852"
"2018-06-08";"2J";"-0.679"
"2018-06-08";"10J0";"0.05"
"2018-06-08";"E";"-0.119"
"2018-06-08";"K";"0.162"
"2018-06-08";"P";"0.251"
"2018-06-08";"GK";"0.338"
"2018-06-08";"IKH";"0.831"
"2018-06-11";"2J";"-0.673"
"2018-06-11";"10J0";"0.077"
"2018-06-11";"E";"-0.091"
"2018-06-11";"K";"0.192"
"2018-06-11";"P";"0.281"
"2018-06-11";"GK";"0.365"
"2018-06-11";"IKH";"0.849"
"2018-06-12";"2J";"-0.668"
"2018-06-12";"10J0";"0.106"
"2018-06-12";"E";"-0.06"
"2018-06-12";"K";"0.215"
"2018-06-12";"P";"0.304"
"2018-06-12";"GK";"0.387"
"2018-06-12";"IKH";"0.867"
"2018-06-13";"2J";"-0.677"
"2018-06-13";"10J0";"0.087"
"2018-06-13";"E";"-0.084"
"2018-06-13";"K";"0.191"
"2018-06-13";"P";"0.282"
"2018-06-13";"GK";"0.368"
"2018-06-13";"IKH";"0.845"
"2018-06-14";"2J";"-0.673"
"2018-06-14";"10J0";"0.088"
"2018-06-14";"E";"-0.082"
"2018-06-14";"K";"0.191"
"2018-06-14";"P";"0.28"
"2018-06-14";"GK";"0.364"
"2018-06-14";"IKH";"0.845"
"2018-06-15";"2J";"-0.706"
"2018-06-15";"10J0";"0.006"
"2018-06-15";"E";"-0.167"
"2018-06-15";"K";"0.11"
"2018-06-15";"P";"0.187"
"2018-06-15";"GK";"0.283"
"2018-06-15";"IKH";"0.766"
"2018-06-18";"2J";"-0.706"
"2018-06-18";"10J0";"0.006"
"2018-06-18";"E";"-0.167"
"2018-06-18";"K";"0.102"
"2018-06-18";"P";"0.189"
"2018-06-18";"GK";"0.275"
"2018-06-18";"IKH";"0.76"
"2018-06-19";"2J";"-0.71"
"2018-06-19";"10J0";"-0.009"
"2018-06-19";"E";"-0.184"
"2018-06-19";"K";"0.081"
"2018-06-19";"P";"0.175"
"2018-06-19";"GK";"0.256"
"2018-06-19";"IKH";"0.744"
"2018-06-20";"2J";"-0.701"
"2018-06-20";"10J0";"0.011"
"2018-06-20";"E";"-0.162"
"2018-06-20";"K";"0.096"
"2018-06-20";"P";"0.187"
"2018-06-20";"GK";"0.27"
"2018-06-20";"IKH";"0.757"
"2018-06-21";"2J";"-0.697"
"2018-06-21";"10J0";"0.016"
"2018-06-21";"E";"-0.156"
"2018-06-21";"K";"0.091"
"2018-06-21";"P";"0.177"
"2018-06-21";"GK";"0.268"
"2018-06-21";"IKH";"0.763"
"2018-06-22";"2J";"-0.677"
"2018-06-22";"10J0";"0.005"
"2018-06-22";"E";"-0.166"
"2018-06-22";"K";"0.093"
"2018-06-22";"P";"0.189"
"2018-06-22";"GK";"0.268"
"2018-06-22";"IKH";"0.767"
"2018-06-25";"2J";"-0.681"
"2018-06-25";"10J0";"-0.009"
"2018-06-25";"E";"-0.179"
"2018-06-25";"K";"0.08"
"2018-06-25";"P";"0.176"
"2018-06-25";"GK";"0.251"
"2018-06-25";"IKH";"0.768"
"2018-06-26";"2J";"-0.667"
"2018-06-26";"10J0";"0.019"
"2018-06-26";"E";"-0.148"
"2018-06-26";"K";"0.11"
"2018-06-26";"P";"0.203"
"2018-06-26";"GK";"0.278"
"2018-06-26";"IKH";"0.798"
"2018-06-27";"2J";"-0.678"
"2018-06-27";"10J0";"0.004"
"2018-06-27";"E";"-0.166"
"2018-06-27";"K";"0.099"
"2018-06-27";"P";"0.192"
"2018-06-27";"GK";"0.269"
"2018-06-27";"IKH";"0.809"
"2018-06-28";"2J";"-0.676"
"2018-06-28";"10J0";"0.002"
"2018-06-28";"E";"-0.167"
"2018-06-28";"K";"0.098"
"2018-06-28";"P";"0.193"
"2018-06-28";"GK";"0.27"
"2018-06-28";"IKH";"0.806"
"2018-06-29";"2J";"-0.665"
"2018-06-29";"10J0";"-0.012"
"2018-06-29";"E";"-0.182"
"2018-06-29";"K";"0.1"
"2018-06-29";"P";"0.195"
"2018-06-29";"GK";"0.273"
"2018-06-29";"IKH";"0.966"
"2018-07-02";"2J";"-0.67"
"2018-07-02";"10J0";"-0.031"
"2018-07-02";"E";"-0.196"
"2018-07-02";"K";"0.085"
"2018-07-02";"P";"0.179"
"2018-07-02";"GK";"0.262"
"2018-07-02";"IKH";"0.812"
"2018-07-03";"2J";"-0.666"
"2018-07-03";"10J0";"-0.032"
"2018-07-03";"E";"-0.196"
"2018-07-03";"K";"0.081"
"2018-07-03";"P";"0.177"
"2018-07-03";"GK";"0.258"
"2018-07-03";"IKH";"0.813"
"2018-07-04";"2J";"-0.658"
"2018-07-04";"10J0";"-0.055"
"2018-07-04";"E";"-0.216"
"2018-07-04";"K";"0.064"
"2018-07-04";"P";"0.156"
"2018-07-04";"GK";"0.24"
"2018-07-04";"IKH";"0.806"
"2018-07-05";"2J";"-0.645"
"2018-07-05";"10J0";"-0.025"
"2018-07-05";"E";"-0.186"
"2018-07-05";"K";"0.09"
"2018-07-05";"P";"0.184"
"2018-07-05";"GK";"0.266"
"2018-07-05";"IKH";"0.832"
"2018-07-06";"2J";"-0.645"
"2018-07-06";"10J0";"-0.054"
"2018-07-06";"E";"-0.213"
"2018-07-06";"K";"0.066"
"2018-07-06";"P";"0.16"
"2018-07-06";"GK";"0.248"
"2018-07-06";"IKH";"0.816"
"2018-07-09";"2J";"-0.676"
"2018-07-09";"10J0";"-0.037"
"2018-07-09";"E";"-0.191"
"2018-07-09";"K";"0.086"
"2018-07-09";"P";"0.184"
"2018-07-09";"GK";"0.269"
"2018-07-09";"IKH";"0.831"
"2018-07-10";"2J";"-0.676"
"2018-07-10";"10J0";"-0.016"
"2018-07-10";"E";"-0.174"
"2018-07-10";"K";"0.115"
"2018-07-10";"P";"0.218"
"2018-07-10";"GK";"0.298"
"2018-07-10";"IKH";"0.858"
"2018-07-11";"2J";"-0.678"
"2018-07-11";"10J0";"-0.035"
"2018-07-11";"E";"-0.191"
"2018-07-11";"K";"0.103"
"2018-07-11";"P";"0.204"
"2018-07-11";"GK";"0.287"
"2018-07-11";"IKH";"0.845"
"2018-07-12";"2J";"-0.665"
"2018-07-12";"10J0";"-0.007"
"2018-07-12";"E";"-0.165"
"2018-07-12";"K";"0.116"
"2018-07-12";"P";"0.219"
"2018-07-12";"GK";"0.299"
"2018-07-12";"IKH";"0.851"
"2018-07-13";"2J";"-0.665"
"2018-07-13";"10J0";"-0.017"
"2018-07-13";"E";"-0.174"
"2018-07-13";"K";"0.103"
"2018-07-13";"P";"0.207"
"2018-07-13";"GK";"0.287"
"2018-07-13";"IKH";"0.855"
"2018-07-16";"2J";"-0.654"
"2018-07-16";"10J0";"-0.016"
"2018-07-16";"E";"-0.168"
"2018-07-16";"K";"0.113"
"2018-07-16";"P";"0.216"
"2018-07-16";"GK";"0.295"
"2018-07-16";"IKH";"0.849"
"2018-07-17";"2J";"-0.66"
"2018-07-17";"10J0";"0.005"
"2018-07-17";"E";"-0.15"
"2018-07-17";"K";"0.136"
"2018-07-17";"P";"0.238"
"2018-07-17";"GK";"0.318"
"2018-07-17";"IKH";"0.868"
"2018-07-18";"2J";"-0.67"
"2018-07-18";"10J0";"-0.002"
"2018-07-18";"E";"-0.154"
"2018-07-18";"K";"0.13"
"2018-07-18";"P";"0.236"
"2018-07-18";"GK";"0.314"
"2018-07-18";"IKH";"0.867"
"2018-07-19";"2J";"-0.653"
"2018-07-19";"10J0";"-0.003"
"2018-07-19";"E";"-0.156"
"2018-07-19";"K";"0.132"
"2018-07-19";"P";"0.236"
"2018-07-19";"GK";"0.312"
"2018-07-19";"IKH";"0.862"
"2018-07-20";"2J";"-0.655"
"2018-07-20";"10J0";"-0.015"
"2018-07-20";"E";"-0.167"
"2018-07-20";"K";"0.117"
"2018-07-20";"P";"0.221"
"2018-07-20";"GK";"0.305"
"2018-07-20";"IKH";"0.852"
"2018-07-23";"2J";"-0.654"
"2018-07-23";"10J0";"0.012"
"2018-07-23";"E";"-0.142"
"2018-07-23";"K";"0.146"
"2018-07-23";"P";"0.251"
"2018-07-23";"GK";"0.336"
"2018-07-23";"IKH";"0.882"
"2018-07-24";"2J";"-0.65"
"2018-07-24";"10J0";"0.029"
"2018-07-24";"E";"-0.123"
"2018-07-24";"K";"0.153"
"2018-07-24";"P";"0.258"
"2018-07-24";"GK";"0.342"
"2018-07-24";"IKH";"0.888"
"2018-07-25";"2J";"-0.647"
"2018-07-25";"10J0";"0.006"
"2018-07-25";"E";"-0.147"
"2018-07-25";"K";"0.14"
"2018-07-25";"P";"0.246"
"2018-07-25";"GK";"0.329"
"2018-07-25";"IKH";"0.874"
"2018-07-26";"2J";"-0.637"
"2018-07-26";"10J0";"0.016"
"2018-07-26";"E";"-0.134"
"2018-07-26";"K";"0.148"
"2018-07-26";"P";"0.254"
"2018-07-26";"GK";"0.339"
"2018-07-26";"IKH";"0.881"
"2018-07-27";"2J";"-0.642"
"2018-07-27";"10J0";"0.02"
"2018-07-27";"E";"-0.132"
"2018-07-27";"K";"0.155"
"2018-07-27";"P";"0.261"
"2018-07-27";"GK";"0.342"
"2018-07-27";"IKH";"0.879"
"2018-07-30";"2J";"-0.64"
"2018-07-30";"10J0";"0.03"
"2018-07-30";"E";"-0.121"
"2018-07-30";"K";"0.166"
"2018-07-30";"P";"0.274"
"2018-07-30";"GK";"0.354"
"2018-07-30";"IKH";"0.892"
"2018-07-31";"2J";"-0.634"
"2018-07-31";"10J0";"0.042"
"2018-07-31";"E";"-0.109"
"2018-07-31";"K";"0.181"
"2018-07-31";"P";"0.287"
"2018-07-31";"GK";"0.363"
"2018-07-31";"IKH";"0.899"
"2018-08-01";"2J";
"2018-08-01";"10J0";
"2018-08-01";"E";
"2018-08-01";"K";
"2018-08-01";"P";
"2018-08-01";"GK";
"2018-08-01";"IKH";
"2018-08-02";"2J";"-0.623"
"2018-08-02";"10J0";"0.061"
"2018-08-02";"E";"-0.091"
"2018-08-02";"K";"0.202"
"2018-08-02";"P";"0.308"
"2018-08-02";"GK";"0.386"
"2018-08-02";"IKH";"0.916"
"2018-08-03";"2J";"-0.633"
"2018-08-03";"10J0";"0.033"
"2018-08-03";"E";"-0.117"
"2018-08-03";"K";"0.172"
"2018-08-03";"P";"0.278"
"2018-08-03";"GK";"0.358"
"2018-08-03";"IKH";"0.896"
"2018-08-06";"2J";"-0.637"
"2018-08-06";"10J0";"0.038"
"2018-08-06";"E";"-0.111"
"2018-08-06";"K";"0.17"
"2018-08-06";"P";"0.274"
"2018-08-06";"GK";"0.354"
"2018-08-06";"IKH";"0.892"
"2018-08-07";"2J";"-0.643"
"2018-08-07";"10J0";"0.022"
"2018-08-07";"E";"-0.127"
"2018-08-07";"K";"0.151"
"2018-08-07";"P";"0.257"
"2018-08-07";"GK";"0.338"
"2018-08-07";"IKH";"0.877"
"2018-08-08";"2J";"-0.639"
"2018-08-08";"10J0";"0.034"
"2018-08-08";"E";"-0.116"
"2018-08-08";"K";"0.159"
"2018-08-08";"P";"0.265"
"2018-08-08";"GK";"0.346"
"2018-08-08";"IKH";"0.878"
"2018-08-09";"2J";"-0.638"
"2018-08-09";"10J0";"0.021"
"2018-08-09";"E";"-0.127"
"2018-08-09";"K";"0.145"
"2018-08-09";"P";"0.252"
"2018-08-09";"GK";"0.331"
"2018-08-09";"IKH";"0.86"
"2018-08-10";"2J";"-0.646"
"2018-08-10";"10J0";"-0.01"
"2018-08-10";"E";"-0.158"
"2018-08-10";"K";"0.12"
"2018-08-10";"P";"0.228"
"2018-08-10";"GK";"0.307"
"2018-08-10";"IKH";"0.835"
"2018-08-13";"2J";"-0.683"
"2018-08-13";"10J0";"-0.035"
"2018-08-13";"E";"-0.186"
"2018-08-13";"K";"0.091"
"2018-08-13";"P";"0.198"
"2018-08-13";"GK";"0.277"
"2018-08-13";"IKH";"0.803"
"2018-08-14";"2J";"-0.663"
"2018-08-14";"10J0";"-0.014"
"2018-08-14";"E";"-0.164"
"2018-08-14";"K";"0.111"
"2018-08-14";"P";"0.217"
"2018-08-14";"GK";"0.294"
"2018-08-14";"IKH";"0.824"
"2018-08-15";"2J";"-0.669"
"2018-08-15";"10J0";"-0.029"
"2018-08-15";"E";"-0.18"
"2018-08-15";"K";"0.099"
"2018-08-15";"P";"0.205"
"2018-08-15";"GK";"0.285"
"2018-08-15";"IKH";"0.807"
"2018-08-16";"2J";"-0.674"
"2018-08-16";"10J0";"-0.04"
"2018-08-16";"E";"-0.19"
"2018-08-16";"K";"0.096"
"2018-08-16";"P";"0.196"
"2018-08-16";"GK";"0.275"
"2018-08-16";"IKH";"0.748"
"2018-08-17";"2J";"-0.677"
"2018-08-17";"10J0";"-0.053"
"2018-08-17";"E";"-0.205"
"2018-08-17";"K";"0.082"
"2018-08-17";"P";"0.187"
"2018-08-17";"GK";"0.267"
"2018-08-17";"IKH";"0.794"
"2018-08-20";"2J";"-0.697"
"2018-08-20";"10J0";"-0.047"
"2018-08-20";"E";"-0.204"
"2018-08-20";"K";"0.086"
"2018-08-20";"P";"0.189"
"2018-08-20";"GK";"0.268"
"2018-08-20";"IKH";"0.804"
"2018-08-21";"2J";"-0.69"
"2018-08-21";"10J0";"-0.057"
"2018-08-21";"E";"-0.214"
"2018-08-21";"K";"0.07"
"2018-08-21";"P";"0.173"
"2018-08-21";"GK";"0.253"
"2018-08-21";"IKH";"0.79"
"2018-08-22";"2J";"-0.689"
"2018-08-22";"10J0";"-0.061"
"2018-08-22";"E";"-0.218"
"2018-08-22";"K";"0.072"
"2018-08-22";"P";"0.176"
"2018-08-22";"GK";"0.256"
"2018-08-22";"IKH";"0.795"
"2018-08-23";"2J";"-0.682"
"2018-08-23";"10J0";"-0.041"
"2018-08-23";"E";"-0.2"
"2018-08-23";"K";"0.09"
"2018-08-23";"P";"0.192"
"2018-08-23";"GK";"0.271"
"2018-08-23";"IKH";"0.96"
"2018-08-24";"2J";"-0.679"
"2018-08-24";"10J0";"-0.042"
"2018-08-24";"E";"-0.201"
"2018-08-24";"K";"0.095"
"2018-08-24";"P";"0.196"
"2018-08-24";"GK";"0.274"
"2018-08-24";"IKH";"0.795"
"2018-08-27";"2J";"-0.683"
"2018-08-27";"10J0";"-0.045"
"2018-08-27";"E";"-0.204"
"2018-08-27";"K";"0.094"
"2018-08-27";"P";"0.197"
"2018-08-27";"GK";"0.275"
"2018-08-27";"IKH";"0.797"
"2018-08-28";"2J";"-0.673"
"2018-08-28";"10J0";"-0.029"
"2018-08-28";"E";"-0.189"
"2018-08-28";"K";"0.107"
"2018-08-28";"P";"0.211"
"2018-08-28";"GK";"0.288"
"2018-08-28";"IKH";"0.805"
"2018-08-29";"2J";"-0.68"
"2018-08-29";"10J0";"-0.034"
"2018-08-29";"E";"-0.194"
"2018-08-29";"K";"0.105"
"2018-08-29";"P";"0.209"
"2018-08-29";"GK";"0.288"
"2018-08-29";"IKH";"0.805"
"2018-08-30";"2J";"-0.661"
"2018-08-30";"10J0";"-0.019"
"2018-08-30";"E";"-0.179"
"2018-08-30";"K";"0.119"
"2018-08-30";"P";"0.223"
"2018-08-30";"GK";"0.302"
"2018-08-30";"IKH";"0.814"
"2018-08-31";"2J";"-0.668"
"2018-08-31";"10J0";"-0.032"
"2018-08-31";"E";"-0.191"
"2018-08-31";"K";"0.099"
"2018-08-31";"P";"0.203"
"2018-08-31";"GK";"0.282"
"2018-08-31";"IKH";"0.802"
"2018-09-03";"2J";"-0.674"
"2018-09-03";"10J0";"-0.037"
"2018-09-03";"E";"-0.198"
"2018-09-03";"K";"0.085"
"2018-09-03";"P";"0.189"
"2018-09-03";"GK";"0.268"
"2018-09-03";"IKH";"0.806"
"2018-09-04";"2J";"-0.663"
"2018-09-04";"10J0";"-0.022"
"2018-09-04";"E";"-0.181"
"2018-09-04";"K";"0.093"
"2018-09-04";"P";"0.196"
"2018-09-04";"GK";"0.275"
"2018-09-04";"IKH";"0.812"
"2018-09-05";"2J";"-0.674"
"2018-09-05";"10J0";"-0.019"
"2018-09-05";"E";"-0.181"
"2018-09-05";"K";"0.094"
"2018-09-05";"P";"0.197"
"2018-09-05";"GK";"0.277"
"2018-09-05";"IKH";"0.811"
"2018-09-06";"2J";"-0.648"
"2018-09-06";"10J0";"-0.005"
"2018-09-06";"E";"-0.166"
"2018-09-06";"K";"0.108"
"2018-09-06";"P";"0.211"
"2018-09-06";"GK";"0.291"
"2018-09-06";"IKH";"0.826"
"2018-09-07";"2J";"-0.66"
"2018-09-07";"10J0";"-0.02"
"2018-09-07";"E";"-0.178"
"2018-09-07";"K";"0.101"
"2018-09-07";"P";"0.205"
"2018-09-07";"GK";"0.284"
"2018-09-07";"IKH";"0.822"
"2018-09-10";"2J";"-0.659"
"2018-09-10";"10J0";"0.018"
"2018-09-10";"E";"-0.143"
"2018-09-10";"K";"0.12"
"2018-09-10";"P";"0.228"
"2018-09-10";"GK";"0.304"
"2018-09-10";"IKH";"0.841"
"2018-09-11";"2J";"-0.644"
"2018-09-11";"10J0";"0.027"
"2018-09-11";"E";"-0.133"
"2018-09-11";"K";"0.132"
"2018-09-11";"P";"0.242"
"2018-09-11";"GK";"0.314"
"2018-09-11";"IKH";"0.859"
"2018-09-12";"2J";"-0.652"
"2018-09-12";"10J0";"0.033"
"2018-09-12";"E";"-0.128"
"2018-09-12";"K";"0.139"
"2018-09-12";"P";"0.249"
"2018-09-12";"GK";"0.321"
"2018-09-12";"IKH";"0.874"
"2018-09-13";"2J";"-0.646"
"2018-09-13";"10J0";"0.035"
"2018-09-13";"E";"-0.124"
"2018-09-13";"K";"0.139"
"2018-09-13";"P";"0.249"
"2018-09-13";"GK";"0.32"
"2018-09-13";"IKH";"0.876"
"2018-09-14";"2J";"-0.648"
"2018-09-14";"10J0";"0.034"
"2018-09-14";"E";"-0.127"
"2018-09-14";"K";"0.139"
"2018-09-14";"P";"0.248"
"2018-09-14";"GK";"0.323"
"2018-09-14";"IKH";"0.879"
"2018-09-17";"2J";"-0.651"
"2018-09-17";"10J0";"0.052"
"2018-09-17";"E";"-0.109"
"2018-09-17";"K";"0.154"
"2018-09-17";"P";"0.27"
"2018-09-17";"GK";"0.338"
"2018-09-17";"IKH";"0.878"
"2018-09-18";"2J";"-0.656"
"2018-09-18";"10J0";"0.066"
"2018-09-18";"E";"-0.096"
"2018-09-18";"K";"0.164"
"2018-09-18";"P";"0.276"
"2018-09-18";"GK";"0.349"
"2018-09-18";"IKH";"0.89"
"2018-09-19";"2J";"-0.647"
"2018-09-19";"10J0";"0.091"
"2018-09-19";"E";"-0.072"
"2018-09-19";"K";"0.192"
"2018-09-19";"P";"0.302"
"2018-09-19";"GK";"0.377"
"2018-09-19";"IKH";"0.897"
"2018-09-20";"2J";"-0.654"
"2018-09-20";"10J0";"0.092"
"2018-09-20";"E";"-0.071"
"2018-09-20";"K";"0.193"
"2018-09-20";"P";"0.301"
"2018-09-20";"GK";"0.375"
"2018-09-20";"IKH";"0.88"
"2018-09-21";"2J";"-0.642"
"2018-09-21";"10J0";"0.086"
"2018-09-21";"E";"-0.077"
"2018-09-21";"K";"0.19"
"2018-09-21";"P";"0.299"
"2018-09-21";"GK";"0.372"
"2018-09-21";"IKH";"0.892"
"2018-09-24";"2J";"-0.646"
"2018-09-24";"10J0";"0.092"
"2018-09-24";"E";"-0.071"
"2018-09-24";"K";"0.194"
"2018-09-24";"P";"0.301"
"2018-09-24";"GK";"0.375"
"2018-09-24";"IKH";"0.884"
"2018-09-25";"2J";"-0.641"
"2018-09-25";"10J0";"0.123"
"2018-09-25";"E";"-0.036"
"2018-09-25";"K";"0.228"
"2018-09-25";"P";"0.338"
"2018-09-25";"GK";"0.411"
"2018-09-25";"IKH";"0.922"
"2018-09-26";"2J";"-0.633"
"2018-09-26";"10J0";"0.132"
"2018-09-26";"E";"-0.027"
"2018-09-26";"K";"0.236"
"2018-09-26";"P";"0.346"
"2018-09-26";"GK";"0.419"
"2018-09-26";"IKH";"0.934"
"2018-09-27";"2J";"-0.631"
"2018-09-27";"10J0";"0.118"
"2018-09-27";"E";"-0.042"
"2018-09-27";"K";"0.224"
"2018-09-27";"P";"0.334"
"2018-09-27";"GK";"0.405"
"2018-09-27";"IKH";"0.928"
"2018-09-28";"2J";"-0.619"
"2018-09-28";"10J0";"0.113"
"2018-09-28";"E";"-0.04"
"2018-09-28";"K";"0.23"
"2018-09-28";"P";"0.338"
"2018-09-28";"GK";"0.41"
"2018-09-28";"IKH";"0.934"
"2018-10-01";"2J";"-0.641"
"2018-10-01";"10J0";"0.121"
"2018-10-01";"E";"-0.037"
"2018-10-01";"K";"0.236"
"2018-10-01";"P";"0.345"
"2018-10-01";"GK";"0.418"
"2018-10-01";"IKH";"0.938"
"2018-10-02";"2J";"-0.652"
"2018-10-02";"10J0";"0.083"
"2018-10-02";"E";"-0.071"
"2018-10-02";"K";"0.195"
"2018-10-02";"P";"0.309"
"2018-10-02";"GK";"0.381"
"2018-10-02";"IKH";"0.9"
"2018-10-03";"2J";"-0.657"
"2018-10-03";"10J0";"0.093"
"2018-10-03";"E";"-0.064"
"2018-10-03";"K";"0.209"
"2018-10-03";"P";"0.32"
"2018-10-03";"GK";"0.395"
"2018-10-03";"IKH";"0.915"
"2018-10-04";"2J";"-0.624"
"2018-10-04";"10J0";"0.135"
"2018-10-04";"E";"-0.022"
"2018-10-04";"K";"0.255"
"2018-10-04";"P";"0.362"
"2018-10-04";"GK";"0.437"
"2018-10-04";"IKH";"1.096"
"2018-10-05";"2J";"-0.629"
"2018-10-05";"10J0";"0.148"
"2018-10-05";"E";"-0.009"
"2018-10-05";"K";"0.276"
"2018-10-05";"P";"0.382"
"2018-10-05";"GK";"0.458"
"2018-10-05";"IKH";"0.966"
"2018-10-08";"2J";"-0.625"
"2018-10-08";"10J0";"0.159"
"2018-10-08";"E";"0.001"
"2018-10-08";"K";"0.276"
"2018-10-08";"P";"0.383"
"2018-10-08";"GK";"0.458"
"2018-10-08";"IKH";"0.972"
"2018-10-09";"2J";"-0.644"
"2018-10-09";"10J0";"0.166"
"2018-10-09";"E";"0.005"
"2018-10-09";"K";"0.293"
"2018-10-09";"P";"0.4"
"2018-10-09";"GK";"0.476"
"2018-10-09";"IKH";"0.989"
"2018-10-10";"2J";"-0.638"
"2018-10-10";"10J0";"0.167"
"2018-10-10";"E";"0.007"
"2018-10-10";"K";"0.295"
"2018-10-10";"P";"0.402"
"2018-10-10";"GK";"0.477"
"2018-10-10";"IKH";"0.984"
"2018-10-11";"2J";"-0.635"
"2018-10-11";"10J0";"0.157"
"2018-10-11";"E";"0"
"2018-10-11";"K";"0.285"
"2018-10-11";"P";"0.393"
"2018-10-11";"GK";"0.47"
"2018-10-11";"IKH";"0.974"
"2018-10-12";"2J";"-0.63"
"2018-10-12";"10J0";"0.173"
"2018-10-12";"E";"0.016"
"2018-10-12";"K";"0.302"
"2018-10-12";"P";"0.409"
"2018-10-12";"GK";"0.491"
"2018-10-12";"IKH";"1.157"
"2018-10-15";"2J";"-0.646"
"2018-10-15";"10J0";"0.152"
"2018-10-15";"E";"-0.005"
"2018-10-15";"K";"0.279"
"2018-10-15";"P";"0.387"
"2018-10-15";"GK";"0.467"
"2018-10-15";"IKH";"0.979"
"2018-10-16";"2J";"-0.649"
"2018-10-16";"10J0";"0.155"
"2018-10-16";"E";"-0.005"
"2018-10-16";"K";"0.28"
"2018-10-16";"P";"0.387"
"2018-10-16";"GK";"0.467"
"2018-10-16";"IKH";"1.005"
"2018-10-17";"2J";"-0.648"
"2018-10-17";"10J0";"0.137"
"2018-10-17";"E";"-0.022"
"2018-10-17";"K";"0.255"
"2018-10-17";"P";"0.362"
"2018-10-17";"GK";"0.441"
"2018-10-17";"IKH";"0.973"
"2018-10-18";"2J";"-0.648"
"2018-10-18";"10J0";"0.114"
"2018-10-18";"E";"-0.044"
"2018-10-18";"K";"0.244"
"2018-10-18";"P";"0.35"
"2018-10-18";"GK";"0.429"
"2018-10-18";"IKH";"0.949"
"2018-10-19";"2J";"-0.672"
"2018-10-19";"10J0";"0.078"
"2018-10-19";"E";"-0.081"
"2018-10-19";"K";"0.201"
"2018-10-19";"P";"0.309"
"2018-10-19";"GK";"0.386"
"2018-10-19";"IKH";"1.085"
"2018-10-22";"2J";"-0.663"
"2018-10-22";"10J0";"0.106"
"2018-10-22";"E";"-0.052"
"2018-10-22";"K";"0.235"
"2018-10-22";"P";"0.343"
"2018-10-22";"GK";"0.422"
"2018-10-22";"IKH";"0.962"
"2018-10-23";"2J";"-0.667"
"2018-10-23";"10J0";"0.088"
"2018-10-23";"E";"-0.068"
"2018-10-23";"K";"0.219"
"2018-10-23";"P";"0.329"
"2018-10-23";"GK";"0.404"
"2018-10-23";"IKH";"0.944"
"2018-10-24";"2J";"-0.677"
"2018-10-24";"10J0";"0.062"
"2018-10-24";"E";"-0.094"
"2018-10-24";"K";"0.192"
"2018-10-24";"P";"0.305"
"2018-10-24";"GK";"0.388"
"2018-10-24";"IKH";"0.924"
"2018-10-25";"2J";"-0.669"
"2018-10-25";"10J0";"0.061"
"2018-10-25";"E";"-0.095"
"2018-10-25";"K";"0.202"
"2018-10-25";"P";"0.321"
"2018-10-25";"GK";"0.402"
"2018-10-25";"IKH";"0.924"
"2018-10-26";"2J";"-0.672"
"2018-10-26";"10J0";"0.059"
"2018-10-26";"E";"-0.096"
"2018-10-26";"K";"0.192"
"2018-10-26";"P";"0.31"
"2018-10-26";"GK";"0.39"
"2018-10-26";"IKH";"0.937"
"2018-10-29";"2J";"-0.694"
"2018-10-29";"10J0";"0.039"
"2018-10-29";"E";"-0.118"
"2018-10-29";"K";"0.176"
"2018-10-29";"P";"0.302"
"2018-10-29";"GK";"0.377"
"2018-10-29";"IKH";"1.068"
"2018-10-30";"2J";"-0.682"
"2018-10-30";"10J0";"0.061"
"2018-10-30";"E";"-0.097"
"2018-10-30";"K";"0.192"
"2018-10-30";"P";"0.319"
"2018-10-30";"GK";"0.391"
"2018-10-30";"IKH";"1.082"
"2018-10-31";"2J";"-0.677"
"2018-10-31";"10J0";"0.071"
"2018-10-31";"E";"-0.086"
"2018-10-31";"K";"0.196"
"2018-10-31";"P";"0.327"
"2018-10-31";"GK";"0.402"
"2018-10-31";"IKH";"0.948"
"2018-11-01";"2J";"-0.67"
"2018-11-01";"10J0";"0.087"
"2018-11-01";"E";"-0.073"
"2018-11-01";"K";"0.213"
"2018-11-01";"P";"0.356"
"2018-11-01";"GK";"0.423"
"2018-11-01";"IKH";"0.963"
"2018-11-02";"2J";"-0.659"
"2018-11-02";"10J0";"0.095"
"2018-11-02";"E";"-0.064"
"2018-11-02";"K";"0.224"
"2018-11-02";"P";"0.364"
"2018-11-02";"GK";"0.433"
"2018-11-02";"IKH";"0.969"
"2018-11-05";"2J";"-0.682"
"2018-11-05";"10J0";"0.074"
"2018-11-05";"E";"-0.086"
"2018-11-05";"K";"0.211"
"2018-11-05";"P";"0.351"
"2018-11-05";"GK";"0.423"
"2018-11-05";"IKH";"0.965"
"2018-11-06";"2J";"-0.679"
"2018-11-06";"10J0";"0.083"
"2018-11-06";"E";"-0.076"
"2018-11-06";"K";"0.231"
"2018-11-06";"P";"0.36"
"2018-11-06";"GK";"0.435"
"2018-11-06";"IKH";"0.969"
"2018-11-07";"2J";"-0.679"
"2018-11-07";"10J0";"0.089"
"2018-11-07";"E";"-0.07"
"2018-11-07";"K";"0.235"
"2018-11-07";"P";"0.362"
"2018-11-07";"GK";"0.439"
"2018-11-07";"IKH";"0.971"
"2018-11-08";"2J";"-0.664"
"2018-11-08";"10J0";"0.119"
"2018-11-08";"E";"-0.043"
"2018-11-08";"K";"0.263"
"2018-11-08";"P";"0.387"
"2018-11-08";"GK";"0.462"
"2018-11-08";"IKH";"1.136"
"2018-11-09";"2J";"-0.668"
"2018-11-09";"10J0";"0.093"
"2018-11-09";"E";"-0.068"
"2018-11-09";"K";"0.238"
"2018-11-09";"P";"0.362"
"2018-11-09";"GK";"0.439"
"2018-11-09";"IKH";"0.967"
"2018-11-12";"2J";"-0.68"
"2018-11-12";"10J0";"0.077"
"2018-11-12";"E";"-0.083"
"2018-11-12";"K";"0.217"
"2018-11-12";"P";"0.342"
"2018-11-12";"GK";"0.419"
"2018-11-12";"IKH";"0.947"
"2018-11-13";"2J";"-0.678"
"2018-11-13";"10J0";"0.076"
"2018-11-13";"E";"-0.083"
"2018-11-13";"K";"0.229"
"2018-11-13";"P";"0.347"
"2018-11-13";"GK";"0.424"
"2018-11-13";"IKH";"0.953"
"2018-11-14";"2J";"-0.682"
"2018-11-14";"10J0";"0.069"
"2018-11-14";"E";"-0.09"
"2018-11-14";"K";"0.226"
"2018-11-14";"P";"0.342"
"2018-11-14";"GK";"0.417"
"2018-11-14";"IKH";"0.951"
"2018-11-15";"2J";"-0.679"
"2018-11-15";"10J0";"0.058"
"2018-11-15";"E";"-0.101"
"2018-11-15";"K";"0.218"
"2018-11-15";"P";"0.331"
"2018-11-15";"GK";"0.408"
"2018-11-15";"IKH";"0.947"
"2018-11-16";"2J";"-0.691"
"2018-11-16";"10J0";"0.057"
"2018-11-16";"E";"-0.104"
"2018-11-16";"K";"0.224"
"2018-11-16";"P";"0.34"
"2018-11-16";"GK";"0.411"
"2018-11-16";"IKH";"0.948"
"2018-11-19";"2J";"-0.69"
"2018-11-19";"10J0";"0.064"
"2018-11-19";"E";"-0.098"
"2018-11-19";"K";"0.235"
"2018-11-19";"P";"0.352"
"2018-11-19";"GK";"0.43"
"2018-11-19";"IKH";"0.941"
"2018-11-20";"2J";"-0.698"
"2018-11-20";"10J0";"0.035"
"2018-11-20";"E";"-0.125"
"2018-11-20";"K";"0.206"
"2018-11-20";"P";"0.326"
"2018-11-20";"GK";"0.408"
"2018-11-20";"IKH";"0.934"
"2018-11-21";"2J";"-0.708"
"2018-11-21";"10J0";"0.038"
"2018-11-21";"E";"-0.124"
"2018-11-21";"K";"0.203"
"2018-11-21";"P";"0.325"
"2018-11-21";"GK";"0.408"
"2018-11-21";"IKH";"0.939"
"2018-11-22";"2J";"-0.705"
"2018-11-22";"10J0";"0.007"
"2018-11-22";"E";"-0.154"
"2018-11-22";"K";"0.182"
"2018-11-22";"P";"0.302"
"2018-11-22";"GK";"0.387"
"2018-11-22";"IKH";"0.935"
"2018-11-23";"2J";"-0.693"
"2018-11-23";"10J0";"0.003"
"2018-11-23";"E";"-0.162"
"2018-11-23";"K";"0.175"
"2018-11-23";"P";"0.299"
"2018-11-23";"GK";"0.382"
"2018-11-23";"IKH";"0.937"
"2018-11-26";"2J";"-0.712"
"2018-11-26";"10J0";"0.012"
"2018-11-26";"E";"-0.154"
"2018-11-26";"K";"0.179"
"2018-11-26";"P";"0.305"
"2018-11-26";"GK";"0.386"
"2018-11-26";"IKH";"1.085"
"2018-11-27";"2J";"-0.715"
"2018-11-27";"10J0";"-0.012"
"2018-11-27";"E";"-0.176"
"2018-11-27";"K";"0.166"
"2018-11-27";"P";"0.29"
"2018-11-27";"GK";"0.373"
"2018-11-27";"IKH";"0.944"
"2018-11-28";"2J";"-0.724"
"2018-11-28";"10J0";"-0.009"
"2018-11-28";"E";"-0.174"
"2018-11-28";"K";"0.166"
"2018-11-28";"P";"0.289"
"2018-11-28";"GK";"0.37"
"2018-11-28";"IKH";"0.944"
"2018-11-29";"2J";"-0.708"
"2018-11-29";"10J0";"-0.01"
"2018-11-29";"E";"-0.174"
"2018-11-29";"K";"0.157"
"2018-11-29";"P";"0.284"
"2018-11-29";"GK";"0.365"
"2018-11-29";"IKH";"0.94"
"2018-11-30";"2J";"-0.723"
"2018-11-30";"10J0";"-0.015"
"2018-11-30";"E";"-0.178"
"2018-11-30";"K";"0.152"
"2018-11-30";"P";"0.276"
"2018-11-30";"GK";"0.359"
"2018-11-30";"IKH";"0.925"
"2018-12-03";"2J";"-0.723"
"2018-12-03";"10J0";"-0.018"
"2018-12-03";"E";"-0.183"
"2018-12-03";"K";"0.154"
"2018-12-03";"P";"0.28"
"2018-12-03";"GK";"0.364"
"2018-12-03";"IKH";"0.945"
"2018-12-04";"2J";"-0.717"
"2018-12-04";"10J0";"-0.061"
"2018-12-04";"E";"-0.224"
"2018-12-04";"K";"0.134"
"2018-12-04";"P";"0.256"
"2018-12-04";"GK";"0.343"
"2018-12-04";"IKH";"0.952"
"2018-12-05";"2J";"-0.723"
"2018-12-05";"10J0";"-0.097"
"2018-12-05";"E";"-0.256"
"2018-12-05";"K";"0.105"
"2018-12-05";"P";"0.227"
"2018-12-05";"GK";"0.315"
"2018-12-05";"IKH";"0.948"
"2018-12-06";"2J";"-0.709"
"2018-12-06";"10J0";"-0.084"
"2018-12-06";"E";"-0.243"
"2018-12-06";"K";"0.112"
"2018-12-06";"P";"0.239"
"2018-12-06";"GK";"0.319"
"2018-12-06";"IKH";"1.085"
"2018-12-07";"2J";"-0.711"
"2018-12-07";"10J0";"-0.088"
"2018-12-07";"E";"-0.247"
"2018-12-07";"K";"0.11"
"2018-12-07";"P";"0.228"
"2018-12-07";"GK";"0.318"
"2018-12-07";"IKH";"1.089"
"2018-12-10";"2J";"-0.716"
"2018-12-10";"10J0";"-0.076"
"2018-12-10";"E";"-0.236"
"2018-12-10";"K";"0.123"
"2018-12-10";"P";"0.239"
"2018-12-10";"GK";"0.328"
"2018-12-10";"IKH";"1.101"
"2018-12-11";"2J";"-0.716"
"2018-12-11";"10J0";"-0.058"
"2018-12-11";"E";"-0.218"
"2018-12-11";"K";"0.131"
"2018-12-11";"P";"0.247"
"2018-12-11";"GK";"0.337"
"2018-12-11";"IKH";"1.125"
"2018-12-12";"2J";"-0.691"
"2018-12-12";"10J0";"-0.073"
"2018-12-12";"E";"-0.236"
"2018-12-12";"K";"0.124"
"2018-12-12";"P";"0.239"
"2018-12-12";"GK";"0.327"
"2018-12-12";"IKH";"0.986"
"2018-12-13";"2J";"-0.705"
"2018-12-13";"10J0";"-0.049"
"2018-12-13";"E";"-0.211"
"2018-12-13";"K";"0.142"
"2018-12-13";"P";"0.258"
"2018-12-13";"GK";"0.345"
"2018-12-13";"IKH";"1.124"
"2018-12-14";"2J";"-0.702"
"2018-12-14";"10J0";"-0.079"
"2018-12-14";"E";"-0.239"
"2018-12-14";"K";"0.111"
"2018-12-14";"P";"0.227"
"2018-12-14";"GK";"0.317"
"2018-12-14";"IKH";"1.1"
"2018-12-17";"2J";"-0.728"
"2018-12-17";"10J0";"-0.081"
"2018-12-17";"E";"-0.242"
"2018-12-17";"K";"0.112"
"2018-12-17";"P";"0.227"
"2018-12-17";"GK";"0.316"
"2018-12-17";"IKH";"1.104"
"2018-12-18";"2J";"-0.736"
"2018-12-18";"10J0";"-0.105"
"2018-12-18";"E";"-0.265"
"2018-12-18";"K";"0.094"
"2018-12-18";"P";"0.208"
"2018-12-18";"GK";"0.296"
"2018-12-18";"IKH";"1.094"
"2018-12-19";"2J";"-0.742"
"2018-12-19";"10J0";"-0.101"
"2018-12-19";"E";"-0.262"
"2018-12-19";"K";"0.097"
"2018-12-19";"P";"0.212"
"2018-12-19";"GK";"0.295"
"2018-12-19";"IKH";"1.109"
"2018-12-20";"2J";"-0.737"
"2018-12-20";"10J0";"-0.138"
"2018-12-20";"E";"-0.296"
"2018-12-20";"K";"0.06"
"2018-12-20";"P";"0.175"
"2018-12-20";"GK";"0.266"
"2018-12-20";"IKH";"0.934"
"2018-12-21";"2J";"-0.733"
"2018-12-21";"10J0";"-0.153"
"2018-12-21";"E";"-0.311"
"2018-12-21";"K";"0.059"
"2018-12-21";"P";"0.172"
"2018-12-21";"GK";"0.262"
"2018-12-21";"IKH";"0.931"
"2018-12-24";"2J";
"2018-12-24";"10J0";
"2018-12-24";"E";
"2018-12-24";"K";
"2018-12-24";"P";
"2018-12-24";"GK";
"2018-12-24";"IKH";
"2018-12-25";"2J";
"2018-12-25";"10J0";
"2018-12-25";"E";
"2018-12-25";"K";
"2018-12-25";"P";
"2018-12-25";"GK";
"2018-12-25";"IKH";
"2018-12-26";"2J";
"2018-12-26";"10J0";
"2018-12-26";"E";
"2018-12-26";"K";
"2018-12-26";"P";
"2018-12-26";"GK";
"2018-12-26";"IKH";
"2018-12-27";"2J";"-0.751"
"2018-12-27";"10J0";"-0.158"
"2018-12-27";"E";"-0.315"
"2018-12-27";"K";"0.043"
"2018-12-27";"P";"0.154"
"2018-12-27";"GK";"0.239"
"2018-12-27";"IKH";"0.913"
"2018-12-28";"2J";"-0.738"
"2018-12-28";"10J0";"-0.154"
"2018-12-28";"E";"-0.309"
"2018-12-28";"K";"0.042"
"2018-12-28";"P";"0.154"
"2018-12-28";"GK";"0.241"
"2018-12-28";"IKH";"0.901"
"2018-12-31";"2J";
"2018-12-31";"10J0";
"2018-12-31";"E";
"2018-12-31";"K";
"2018-12-31";"P";
"2018-12-31";"GK";
"2018-12-31";"IKH";
"2019-01-01";"2J";
"2019-01-01";"10J0";
"2019-01-01";"E";
"2019-01-01";"K";
"2019-01-01";"P";
"2019-01-01";"GK";
"2019-01-01";"IKH";
"2019-01-02";"2J";
"2019-01-02";"10J0";
"2019-01-02";"E";
"2019-01-02";"K";
"2019-01-02";"P";
"2019-01-02";"GK";
"2019-01-02";"IKH";
"2019-01-03";"2J";"-0.756"
"2019-01-03";"10J0";"-0.205"
"2019-01-03";"E";"-0.372"
"2019-01-03";"K";"-0.01"
"2019-01-03";"P";"0.106"
"2019-01-03";"GK";"0.189"
"2019-01-03";"IKH";"0.985"
"2019-01-04";"2J";"-0.748"
"2019-01-04";"10J0";"-0.205"
"2019-01-04";"E";"-0.364"
"2019-01-04";"K";"-0.009"
"2019-01-04";"P";"0.103"
"2019-01-04";"GK";"0.19"
"2019-01-04";"IKH";"0.977"
"2019-01-07";"2J";"-0.765"
"2019-01-07";"10J0";"-0.182"
"2019-01-07";"E";"-0.34"
"2019-01-07";"K";"0.01"
"2019-01-07";"P";"0.122"
"2019-01-07";"GK";"0.209"
"2019-01-07";"IKH";"0.863"
"2019-01-08";"2J";"-0.744"
"2019-01-08";"10J0";"-0.137"
"2019-01-08";"E";"-0.299"
"2019-01-08";"K";"0.044"
"2019-01-08";"P";"0.16"
"2019-01-08";"GK";"0.243"
"2019-01-08";"IKH";"0.883"
"2019-01-09";"2J";"-0.733"
"2019-01-09";"10J0";"-0.131"
"2019-01-09";"E";"-0.291"
"2019-01-09";"K";"0.051"
"2019-01-09";"P";"0.165"
"2019-01-09";"GK";"0.251"
"2019-01-09";"IKH";"0.89"
"2019-01-10";"2J";"-0.731"
"2019-01-10";"10J0";"-0.132"
"2019-01-10";"E";"-0.295"
"2019-01-10";"K";"0.042"
"2019-01-10";"P";"0.158"
"2019-01-10";"GK";"0.246"
"2019-01-10";"IKH";"0.868"
"2019-01-11";"2J";"-0.739"
"2019-01-11";"10J0";"-0.152"
"2019-01-11";"E";"-0.314"
"2019-01-11";"K";"0.027"
"2019-01-11";"P";"0.14"
"2019-01-11";"GK";"0.228"
"2019-01-11";"IKH";"0.983"
"2019-01-14";"2J";"-0.745"
"2019-01-14";"10J0";"-0.147"
"2019-01-14";"E";"-0.312"
"2019-01-14";"K";"0.03"
"2019-01-14";"P";"0.148"
"2019-01-14";"GK";"0.233"
"2019-01-14";"IKH";"0.837"
"2019-01-15";"2J";"-0.755"
"2019-01-15";"10J0";"-0.144"
"2019-01-15";"E";"-0.307"
"2019-01-15";"K";"0.032"
"2019-01-15";"P";"0.143"
"2019-01-15";"GK";"0.231"
"2019-01-15";"IKH";"0.843"
"2019-01-16";"2J";"-0.748"
"2019-01-16";"10J0";"-0.135"
"2019-01-16";"E";"-0.3"
"2019-01-16";"K";"0.037"
"2019-01-16";"P";"0.154"
"2019-01-16";"GK";"0.24"
"2019-01-16";"IKH";"0.846"
"2019-01-17";"2J";"-0.736"
"2019-01-17";"10J0";"-0.141"
"2019-01-17";"E";"-0.306"
"2019-01-17";"K";"0.03"
"2019-01-17";"P";"0.15"
"2019-01-17";"GK";"0.235"
"2019-01-17";"IKH";"0.836"
"2019-01-18";"2J";"-0.721"
"2019-01-18";"10J0";"-0.099"
"2019-01-18";"E";"-0.266"
"2019-01-18";"K";"0.071"
"2019-01-18";"P";"0.187"
"2019-01-18";"GK";"0.273"
"2019-01-18";"IKH";"0.864"
"2019-01-21";"2J";"-0.743"
"2019-01-21";"10J0";"-0.121"
"2019-01-21";"E";"-0.287"
"2019-01-21";"K";"0.046"
"2019-01-21";"P";"0.164"
"2019-01-21";"GK";"0.251"
"2019-01-21";"IKH";"0.846"
"2019-01-22";"2J";"-0.746"
"2019-01-22";"10J0";"-0.126"
"2019-01-22";"E";"-0.291"
"2019-01-22";"K";"0.04"
"2019-01-22";"P";"0.157"
"2019-01-22";"GK";"0.243"
"2019-01-22";"IKH";"0.833"
"2019-01-23";"2J";"-0.746"
"2019-01-23";"10J0";"-0.134"
"2019-01-23";"E";"-0.296"
"2019-01-23";"K";"0.033"
"2019-01-23";"P";"0.156"
"2019-01-23";"GK";"0.25"
"2019-01-23";"IKH";"0.821"
"2019-01-24";"2J";"-0.751"
"2019-01-24";"10J0";"-0.169"
"2019-01-24";"E";"-0.329"
"2019-01-24";"K";"0.006"
"2019-01-24";"P";"0.127"
"2019-01-24";"GK";"0.221"
"2019-01-24";"IKH";"0.795"
"2019-01-25";"2J";"-0.746"
"2019-01-25";"10J0";"-0.181"
"2019-01-25";"E";"-0.338"
"2019-01-25";"K";"-0.007"
"2019-01-25";"P";"0.112"
"2019-01-25";"GK";"0.209"
"2019-01-25";"IKH";"0.783"
"2019-01-28";"2J";"-0.767"
"2019-01-28";"10J0";"-0.167"
"2019-01-28";"E";"-0.324"
"2019-01-28";"K";"0.019"
"2019-01-28";"P";"0.134"
"2019-01-28";"GK";"0.232"
"2019-01-28";"IKH";"0.799"
"2019-01-29";"2J";"-0.739"
"2019-01-29";"10J0";"-0.174"
"2019-01-29";"E";"-0.328"
"2019-01-29";"K";"0.01"
"2019-01-29";"P";"0.126"
"2019-01-29";"GK";"0.223"
"2019-01-29";"IKH";"0.787"
"2019-01-30";"2J";"-0.749"
"2019-01-30";"10J0";"-0.183"
"2019-01-30";"E";"-0.334"
"2019-01-30";"K";"-0.001"
"2019-01-30";"P";"0.118"
"2019-01-30";"GK";"0.219"
"2019-01-30";"IKH";"0.774"
"2019-01-31";"2J";"-0.742"
"2019-01-31";"10J0";"-0.21"
"2019-01-31";"E";"-0.359"
"2019-01-31";"K";"-0.019"
"2019-01-31";"P";"0.098"
"2019-01-31";"GK";"0.201"
"2019-01-31";"IKH";"0.754"
"2019-02-01";"2J";"-0.77"
"2019-02-01";"10J0";"-0.233"
"2019-02-01";"E";"-0.38"
"2019-02-01";"K";"-0.039"
"2019-02-01";"P";"0.081"
"2019-02-01";"GK";"0.184"
"2019-02-01";"IKH";"0.728"
"2019-02-04";"2J";"-0.749"
"2019-02-04";"10J0";"-0.212"
"2019-02-04";"E";"-0.361"
"2019-02-04";"K";"-0.028"
"2019-02-04";"P";"0.09"
"2019-02-04";"GK";"0.194"
"2019-02-04";"IKH";"0.734"
"2019-02-05";"2J";"-0.731"
"2019-02-05";"10J0";"-0.189"
"2019-02-05";"E";"-0.339"
"2019-02-05";"K";"-0.004"
"2019-02-05";"P";"0.106"
"2019-02-05";"GK";"0.218"
"2019-02-05";"IKH";"0.742"
"2019-02-06";"2J";"-0.746"
"2019-02-06";"10J0";"-0.21"
"2019-02-06";"E";"-0.358"
"2019-02-06";"K";"-0.025"
"2019-02-06";"P";"0.084"
"2019-02-06";"GK";"0.193"
"2019-02-06";"IKH";"0.718"
"2019-02-07";"2J";"-0.735"
"2019-02-07";"10J0";"-0.209"
"2019-02-07";"E";"-0.354"
"2019-02-07";"K";"-0.022"
"2019-02-07";"P";"0.081"
"2019-02-07";"GK";"0.196"
"2019-02-07";"IKH";"0.715"
"2019-02-08";"2J";"-0.733"
"2019-02-08";"10J0";"-0.247"
"2019-02-08";"E";"-0.391"
"2019-02-08";"K";"-0.065"
"2019-02-08";"P";"0.042"
"2019-02-08";"GK";"0.153"
"2019-02-08";"IKH";"0.676"
"2019-02-11";"2J";"-0.742"
"2019-02-11";"10J0";"-0.254"
"2019-02-11";"E";"-0.397"
"2019-02-11";"K";"-0.073"
"2019-02-11";"P";"0.032"
"2019-02-11";"GK";"0.142"
"2019-02-11";"IKH";"0.657"
"2019-02-12";"2J";"-0.72"
"2019-02-12";"10J0";"-0.243"
"2019-02-12";"E";"-0.388"
"2019-02-12";"K";"-0.056"
"2019-02-12";"P";"0.046"
"2019-02-12";"GK";"0.156"
"2019-02-12";"IKH";"0.667"
"2019-02-13";"2J";"-0.722"
"2019-02-13";"10J0";"-0.234"
"2019-02-13";"E";"-0.38"
"2019-02-13";"K";"-0.045"
"2019-02-13";"P";"0.056"
"2019-02-13";"GK";"0.165"
"2019-02-13";"IKH";"0.67"
"2019-02-14";"2J";"-0.731"
"2019-02-14";"10J0";"-0.234"
"2019-02-14";"E";"-0.379"
"2019-02-14";"K";"-0.045"
"2019-02-14";"P";"0.057"
"2019-02-14";"GK";"0.164"
"2019-02-14";"IKH";"0.67"
"2019-02-15";"2J";"-0.725"
"2019-02-15";"10J0";"-0.247"
"2019-02-15";"E";"-0.393"
"2019-02-15";"K";"-0.051"
"2019-02-15";"P";"0.052"
"2019-02-15";"GK";"0.158"
"2019-02-15";"IKH";"0.637"
"2019-02-18";"2J";"-0.735"
"2019-02-18";"10J0";"-0.249"
"2019-02-18";"E";"-0.393"
"2019-02-18";"K";"-0.055"
"2019-02-18";"P";"0.048"
"2019-02-18";"GK";"0.154"
"2019-02-18";"IKH";"0.632"
"2019-02-19";"2J";"-0.726"
"2019-02-19";"10J0";"-0.246"
"2019-02-19";"E";"-0.393"
"2019-02-19";"K";"-0.056"
"2019-02-19";"P";"0.054"
"2019-02-19";"GK";"0.15"
"2019-02-19";"IKH";"0.627"
"2019-02-20";"2J";"-0.733"
"2019-02-20";"10J0";"-0.251"
"2019-02-20";"E";"-0.395"
"2019-02-20";"K";"-0.057"
"2019-02-20";"P";"0.055"
"2019-02-20";"GK";"0.152"
"2019-02-20";"IKH";"0.622"
"2019-02-21";"2J";"-0.732"
"2019-02-21";"10J0";"-0.252"
"2019-02-21";"E";"-0.396"
"2019-02-21";"K";"-0.058"
"2019-02-21";"P";"0.053"
"2019-02-21";"GK";"0.152"
"2019-02-21";"IKH";"0.613"
"2019-02-22";"2J";"-0.731"
"2019-02-22";"10J0";"-0.257"
"2019-02-22";"E";"-0.4"
"2019-02-22";"K";"-0.059"
"2019-02-22";"P";"0.053"
"2019-02-22";"GK";"0.151"
"2019-02-22";"IKH";"0.604"
"2019-02-25";"2J";"-0.739"
"2019-02-25";"10J0";"-0.255"
"2019-02-25";"E";"-0.398"
"2019-02-25";"K";"-0.053"
"2019-02-25";"P";"0.057"
"2019-02-25";"GK";"0.154"
"2019-02-25";"IKH";"0.606"
"2019-02-26";"2J";"-0.732"
"2019-02-26";"10J0";"-0.257"
"2019-02-26";"E";"-0.4"
"2019-02-26";"K";"-0.057"
"2019-02-26";"P";"0.053"
"2019-02-26";"GK";"0.151"
"2019-02-26";"IKH";"0.607"
"2019-02-27";"2J";"-0.727"
"2019-02-27";"10J0";"-0.253"
"2019-02-27";"E";"-0.397"
"2019-02-27";"K";"-0.056"
"2019-02-27";"P";"0.052"
"2019-02-27";"GK";"0.15"
"2019-02-27";"IKH";"0.621"
"2019-02-28";"2J";"-0.727"
"2019-02-28";"10J0";"-0.236"
"2019-02-28";"E";"-0.381"
"2019-02-28";"K";"-0.038"
"2019-02-28";"P";"0.073"
"2019-02-28";"GK";"0.174"
"2019-02-28";"IKH";"0.64"
"2019-03-01";"2J";"-0.727"
"2019-03-01";"10J0";"-0.212"
"2019-03-01";"E";"-0.361"
"2019-03-01";"K";"-0.013"
"2019-03-01";"P";"0.098"
"2019-03-01";"GK";"0.197"
"2019-03-01";"IKH";"0.651"
"2019-03-04";"2J";"-0.743"
"2019-03-04";"10J0";"-0.203"
"2019-03-04";"E";"-0.358"
"2019-03-04";"K";"-0.005"
"2019-03-04";"P";"0.107"
"2019-03-04";"GK";"0.204"
"2019-03-04";"IKH";"0.658"
"2019-03-05";"2J";"-0.723"
"2019-03-05";"10J0";"-0.197"
"2019-03-05";"E";"-0.345"
"2019-03-05";"K";"0.002"
"2019-03-05";"P";"0.112"
"2019-03-05";"GK";"0.208"
"2019-03-05";"IKH";"0.658"
"2019-03-06";"2J";"-0.719"
"2019-03-06";"10J0";"-0.227"
"2019-03-06";"E";"-0.374"
"2019-03-06";"K";"-0.017"
"2019-03-06";"P";"0.09"
"2019-03-06";"GK";"0.187"
"2019-03-06";"IKH";"0.653"
"2019-03-07";"2J";"-0.727"
"2019-03-07";"10J0";"-0.245"
"2019-03-07";"E";"-0.393"
"2019-03-07";"K";"-0.044"
"2019-03-07";"P";"0.067"
"2019-03-07";"GK";"0.165"
"2019-03-07";"IKH";"0.618"
"2019-03-08";"2J";"-0.746"
"2019-03-08";"10J0";"-0.304"
"2019-03-08";"E";"-0.449"
"2019-03-08";"K";"-0.102"
"2019-03-08";"P";"0.01"
"2019-03-08";"GK";"0.107"
"2019-03-08";"IKH";"0.565"
"2019-03-11";"2J";"-0.737"
"2019-03-11";"10J0";"-0.306"
"2019-03-11";"E";"-0.447"
"2019-03-11";"K";"-0.105"
"2019-03-11";"P";"0.007"
"2019-03-11";"GK";"0.105"
"2019-03-11";"IKH";"0.578"
"2019-03-12";"2J";"-0.737"
"2019-03-12";"10J0";"-0.281"
"2019-03-12";"E";"-0.425"
"2019-03-12";"K";"-0.083"
"2019-03-12";"P";"0.026"
"2019-03-12";"GK";"0.123"
"2019-03-12";"IKH";"0.586"
"2019-03-13";"2J";"-0.736"
"2019-03-13";"10J0";"-0.297"
"2019-03-13";"E";"-0.442"
"2019-03-13";"K";"-0.094"
"2019-03-13";"P";"0.009"
"2019-03-13";"GK";"0.108"
"2019-03-13";"IKH";"0.573"
"2019-03-14";"2J";"-0.727"
"2019-03-14";"10J0";"-0.275"
"2019-03-14";"E";"-0.422"
"2019-03-14";"K";"-0.083"
"2019-03-14";"P";"0.02"
"2019-03-14";"GK";"0.122"
"2019-03-14";"IKH";"0.588"
"2019-03-15";"2J";"-0.724"
"2019-03-15";"10J0";"-0.281"
"2019-03-15";"E";"-0.427"
"2019-03-15";"K";"-0.093"
"2019-03-15";"P";"0.011"
"2019-03-15";"GK";"0.112"
"2019-03-15";"IKH";"0.572"
"2019-03-18";"2J";"-0.737"
"2019-03-18";"10J0";"-0.295"
"2019-03-18";"E";"-0.444"
"2019-03-18";"K";"-0.102"
"2019-03-18";"P";"0.005"
"2019-03-18";"GK";"0.106"
"2019-03-18";"IKH";"0.572"
"2019-03-19";"2J";"-0.737"
"2019-03-19";"10J0";"-0.295"
"2019-03-19";"E";"-0.444"
"2019-03-19";"K";"-0.105"
"2019-03-19";"P";"0.004"
"2019-03-19";"GK";"0.099"
"2019-03-19";"IKH";"0.562"
"2019-03-20";"2J";"-0.717"
"2019-03-20";"10J0";"-0.283"
"2019-03-20";"E";"-0.436"
"2019-03-20";"K";"-0.105"
"2019-03-20";"P";"0.008"
"2019-03-20";"GK";"0.102"
"2019-03-20";"IKH";"0.559"
"2019-03-21";"2J";"-0.734"
"2019-03-21";"10J0";"-0.326"
"2019-03-21";"E";"-0.475"
"2019-03-21";"K";"-0.145"
"2019-03-21";"P";"-0.026"
"2019-03-21";"GK";"0.07"
"2019-03-21";"IKH";"0.525"
"2019-03-22";"2J";"-0.736"
"2019-03-22";"10J0";"-0.38"
"2019-03-22";"E";"-0.526"
"2019-03-22";"K";"-0.199"
"2019-03-22";"P";"-0.069"
"2019-03-22";"GK";"0.019"
"2019-03-22";"IKH";"0.479"
"2019-03-25";"2J";"-0.728"
"2019-03-25";"10J0";"-0.373"
"2019-03-25";"E";"-0.524"
"2019-03-25";"K";"-0.2"
"2019-03-25";"P";"-0.073"
"2019-03-25";"GK";"0.014"
"2019-03-25";"IKH";"0.454"
"2019-03-26";"2J";"-0.721"
"2019-03-26";"10J0";"-0.382"
"2019-03-26";"E";"-0.531"
"2019-03-26";"K";"-0.211"
"2019-03-26";"P";"-0.081"
"2019-03-26";"GK";"0.005"
"2019-03-26";"IKH";"0.459"
"2019-03-27";"2J";"-0.726"
"2019-03-27";"10J0";"-0.355"
"2019-03-27";"E";"-0.508"
"2019-03-27";"K";"-0.205"
"2019-03-27";"P";"-0.075"
"2019-03-27";"GK";"0.012"
"2019-03-27";"IKH";"0.451"
"2019-03-28";"2J";"-0.74"
"2019-03-28";"10J0";"-0.376"
"2019-03-28";"E";"-0.526"
"2019-03-28";"K";"-0.229"
"2019-03-28";"P";"-0.109"
"2019-03-28";"GK";"-0.018"
"2019-03-28";"IKH";"0.418"
"2019-03-29";"2J";"-0.723"
"2019-03-29";"10J0";"-0.352"
"2019-03-29";"E";"-0.502"
"2019-03-29";"K";"-0.203"
"2019-03-29";"P";"-0.086"
"2019-03-29";"GK";"0.004"
"2019-03-29";"IKH";"0.43"
"2019-04-01";"2J";"-0.734"
"2019-04-01";"10J0";"-0.32"
"2019-04-01";"E";"-0.466"
"2019-04-01";"K";"-0.181"
"2019-04-01";"P";"-0.061"
"2019-04-01";"GK";"0.025"
"2019-04-01";"IKH";"0.45"
"2019-04-02";"2J";"-0.722"
"2019-04-02";"10J0";"-0.317"
"2019-04-02";"E";"-0.464"
"2019-04-02";"K";"-0.181"
"2019-04-02";"P";"-0.06"
"2019-04-02";"GK";"0.027"
"2019-04-02";"IKH";"0.453"
"2019-04-03";"2J";"-0.735"
"2019-04-03";"10J0";"-0.28"
"2019-04-03";"E";"-0.43"
"2019-04-03";"K";"-0.171"
"2019-04-03";"P";"-0.051"
"2019-04-03";"GK";"0.037"
"2019-04-03";"IKH";"0.465"
"2019-04-04";"2J";"-0.741"
"2019-04-04";"10J0";"-0.276"
"2019-04-04";"E";"-0.424"
"2019-04-04";"K";"-0.165"
"2019-04-04";"P";"-0.044"
"2019-04-04";"GK";"0.046"
"2019-04-04";"IKH";"0.466"
"2019-04-05";"2J";"-0.726"
"2019-04-05";"10J0";"-0.271"
"2019-04-05";"E";"-0.42"
"2019-04-05";"K";"-0.157"
"2019-04-05";"P";"-0.037"
"2019-04-05";"GK";"0.051"
"2019-04-05";"IKH";"0.464"
"2019-04-08";"2J";"-0.707"
"2019-04-08";"10J0";"-0.259"
"2019-04-08";"E";"-0.411"
"2019-04-08";"K";"-0.157"
"2019-04-08";"P";"-0.039"
"2019-04-08";"GK";"0.051"
"2019-04-08";"IKH";"0.462"
"2019-04-09";"2J";"-0.699"
"2019-04-09";"10J0";"-0.258"
"2019-04-09";"E";"-0.412"
"2019-04-09";"K";"-0.157"
"2019-04-09";"P";"-0.04"
"2019-04-09";"GK";"0.049"
"2019-04-09";"IKH";"0.458"
"2019-04-10";"2J";"-0.696"
"2019-04-10";"10J0";"-0.253"
"2019-04-10";"E";"-0.411"
"2019-04-10";"K";"-0.165"
"2019-04-10";"P";"-0.049"
"2019-04-10";"GK";"0.039"
"2019-04-10";"IKH";"0.447"
"2019-04-11";"2J";"-0.712"
"2019-04-11";"10J0";"-0.266"
"2019-04-11";"E";"-0.423"
"2019-04-11";"K";"-0.177"
"2019-04-11";"P";"-0.061"
"2019-04-11";"GK";"0.028"
"2019-04-11";"IKH";"0.437"
"2019-04-12";"2J";"-0.703"
"2019-04-12";"10J0";"-0.265"
"2019-04-12";"E";"-0.419"
"2019-04-12";"K";"-0.167"
"2019-04-12";"P";"-0.05"
"2019-04-12";"GK";"0.036"
"2019-04-12";"IKH";"0.444"
"2019-04-15";"2J";"-0.69"
"2019-04-15";"10J0";"-0.22"
"2019-04-15";"E";"-0.374"
"2019-04-15";"K";"-0.121"
"2019-04-15";"P";"-0.001"
"2019-04-15";"GK";"0.085"
"2019-04-15";"IKH";"0.489"
"2019-04-16";"2J";"-0.699"
"2019-04-16";"10J0";"-0.22"
"2019-04-16";"E";"-0.373"
"2019-04-16";"K";"-0.119"
"2019-04-16";"P";"0"
"2019-04-16";"GK";"0.085"
"2019-04-16";"IKH";"0.487"
"2019-04-17";"2J";"-0.674"
"2019-04-17";"10J0";"-0.191"
"2019-04-17";"E";"-0.345"
"2019-04-17";"K";"-0.091"
"2019-04-17";"P";"0.026"
"2019-04-17";"GK";"0.109"
"2019-04-17";"IKH";"0.506"
"2019-04-18";"2J";"-0.678"
"2019-04-18";"10J0";"-0.226"
"2019-04-18";"E";"-0.383"
"2019-04-18";"K";"-0.13"
"2019-04-18";"P";"-0.014"
"2019-04-18";"GK";"0.071"
"2019-04-18";"IKH";"0.465"
"2019-04-19";"2J";
"2019-04-19";"10J0";
"2019-04-19";"E";
"2019-04-19";"K";
"2019-04-19";"P";
"2019-04-19";"GK";
"2019-04-19";"IKH";
"2019-04-22";"2J";
"2019-04-22";"10J0";
"2019-04-22";"E";
"2019-04-22";"K";
"2019-04-22";"P";
"2019-04-22";"GK";
"2019-04-22";"IKH";
"2019-04-23";"2J";"-0.692"
"2019-04-23";"10J0";"-0.246"
"2019-04-23";"E";"-0.401"
"2019-04-23";"K";"-0.133"
"2019-04-23";"P";"-0.016"
"2019-04-23";"GK";"0.067"
"2019-04-23";"IKH";"0.455"
"2019-04-24";"2J";"-0.701"
"2019-04-24";"10J0";"-0.258"
"2019-04-24";"E";"-0.412"
"2019-04-24";"K";"-0.149"
"2019-04-24";"P";"-0.033"
"2019-04-24";"GK";"0.05"
"2019-04-24";"IKH";"0.446"
"2019-04-25";"2J";"-0.697"
"2019-04-25";"10J0";"-0.285"
"2019-04-25";"E";"-0.438"
"2019-04-25";"K";"-0.17"
"2019-04-25";"P";"-0.053"
"2019-04-25";"GK";"0.027"
"2019-04-25";"IKH";"0.416"
"2019-04-26";"2J";"-0.694"
"2019-04-26";"10J0";"-0.277"
"2019-04-26";"E";"-0.43"
"2019-04-26";"K";"-0.168"
"2019-04-26";"P";"-0.052"
"2019-04-26";"GK";"0.032"
"2019-04-26";"IKH";"0.419"
"2019-04-29";"2J";"-0.695"
"2019-04-29";"10J0";"-0.26"
"2019-04-29";"E";"-0.413"
"2019-04-29";"K";"-0.153"
"2019-04-29";"P";"-0.037"
"2019-04-29";"GK";"0.042"
"2019-04-29";"IKH";"0.429"
"2019-04-30";"2J";"-0.681"
"2019-04-30";"10J0";"-0.267"
"2019-04-30";"E";"-0.418"
"2019-04-30";"K";"-0.153"
"2019-04-30";"P";"-0.036"
"2019-04-30";"GK";"0.041"
"2019-04-30";"IKH";"0.414"
"2019-05-01";"2J";
"2019-05-01";"10J0";
"2019-05-01";"E";
"2019-05-01";"K";
"2019-05-01";"P";
"2019-05-01";"GK";
"2019-05-01";"IKH";
"2019-05-02";"2J";"-0.686"
"2019-05-02";"10J0";"-0.255"
"2019-05-02";"E";"-0.407"
"2019-05-02";"K";"-0.147"
"2019-05-02";"P";"-0.031"
"2019-05-02";"GK";"0.049"
"2019-05-02";"IKH";"0.422"
"2019-05-03";"2J";"-0.681"
"2019-05-03";"10J0";"-0.23"
"2019-05-03";"E";"-0.384"
"2019-05-03";"K";"-0.123"
"2019-05-03";"P";"-0.008"
"2019-05-03";"GK";"0.074"
"2019-05-03";"IKH";"0.423"
"2019-05-06";"2J";"-0.696"
"2019-05-06";"10J0";"-0.268"
"2019-05-06";"E";"-0.421"
"2019-05-06";"K";"-0.158"
"2019-05-06";"P";"-0.044"
"2019-05-06";"GK";"0.037"
"2019-05-06";"IKH";"0.385"
"2019-05-07";"2J";"-0.7"
"2019-05-07";"10J0";"-0.277"
"2019-05-07";"E";"-0.43"
"2019-05-07";"K";"-0.172"
"2019-05-07";"P";"-0.054"
"2019-05-07";"GK";"0.026"
"2019-05-07";"IKH";"0.373"
"2019-05-08";"2J";"-0.7"
"2019-05-08";"10J0";"-0.287"
"2019-05-08";"E";"-0.44"
"2019-05-08";"K";"-0.183"
"2019-05-08";"P";"-0.069"
"2019-05-08";"GK";"0.013"
"2019-05-08";"IKH";"0.354"
"2019-05-09";"2J";"-0.699"
"2019-05-09";"10J0";"-0.308"
"2019-05-09";"E";"-0.461"
"2019-05-09";"K";"-0.199"
"2019-05-09";"P";"-0.086"
"2019-05-09";"GK";"-0.002"
"2019-05-09";"IKH";"0.328"
"2019-05-10";"2J";"-0.702"
"2019-05-10";"10J0";"-0.305"
"2019-05-10";"E";"-0.459"
"2019-05-10";"K";"-0.197"
"2019-05-10";"P";"-0.086"
"2019-05-10";"GK";"-0.003"
"2019-05-10";"IKH";"0.329"
"2019-05-13";"2J";"-0.717"
"2019-05-13";"10J0";"-0.311"
"2019-05-13";"E";"-0.467"
"2019-05-13";"K";"-0.206"
"2019-05-13";"P";"-0.093"
"2019-05-13";"GK";"-0.012"
"2019-05-13";"IKH";"0.32"
"2019-05-14";"2J";"-0.719"
"2019-05-14";"10J0";"-0.315"
"2019-05-14";"E";"-0.473"
"2019-05-14";"K";"-0.219"
"2019-05-14";"P";"-0.106"
"2019-05-14";"GK";"-0.025"
"2019-05-14";"IKH";"0.313"
"2019-05-15";"2J";"-0.728"
"2019-05-15";"10J0";"-0.337"
"2019-05-15";"E";"-0.494"
"2019-05-15";"K";"-0.233"
"2019-05-15";"P";"-0.119"
"2019-05-15";"GK";"-0.038"
"2019-05-15";"IKH";"0.3"
"2019-05-16";"2J";"-0.726"
"2019-05-16";"10J0";"-0.353"
"2019-05-16";"E";"-0.508"
"2019-05-16";"K";"-0.25"
"2019-05-16";"P";"-0.133"
"2019-05-16";"GK";"-0.052"
"2019-05-16";"IKH";"0.278"
"2019-05-17";"2J";"-0.723"
"2019-05-17";"10J0";"-0.341"
"2019-05-17";"E";"-0.496"
"2019-05-17";"K";"-0.239"
"2019-05-17";"P";"-0.126"
"2019-05-17";"GK";"-0.044"
"2019-05-17";"IKH";"0.276"
"2019-05-20";"2J";"-0.723"
"2019-05-20";"10J0";"-0.336"
"2019-05-20";"E";"-0.492"
"2019-05-20";"K";"-0.231"
"2019-05-20";"P";"-0.116"
"2019-05-20";"GK";"-0.038"
"2019-05-20";"IKH";"0.282"
"2019-05-21";"2J";"-0.717"
"2019-05-21";"10J0";"-0.337"
"2019-05-21";"E";"-0.492"
"2019-05-21";"K";"-0.233"
"2019-05-21";"P";"-0.118"
"2019-05-21";"GK";"-0.035"
"2019-05-21";"IKH";"0.288"
"2019-05-22";"2J";"-0.722"
"2019-05-22";"10J0";"-0.336"
"2019-05-22";"E";"-0.491"
"2019-05-22";"K";"-0.236"
"2019-05-22";"P";"-0.117"
"2019-05-22";"GK";"-0.038"
"2019-05-22";"IKH";"0.29"
"2019-05-23";"2J";"-0.721"
"2019-05-23";"10J0";"-0.352"
"2019-05-23";"E";"-0.507"
"2019-05-23";"K";"-0.252"
"2019-05-23";"P";"-0.135"
"2019-05-23";"GK";"-0.05"
"2019-05-23";"IKH";"0.273"
"2019-05-24";"2J";"-0.738"
"2019-05-24";"10J0";"-0.377"
"2019-05-24";"E";"-0.533"
"2019-05-24";"K";"-0.266"
"2019-05-24";"P";"-0.148"
"2019-05-24";"GK";"-0.065"
"2019-05-24";"IKH";"0.271"
"2019-05-27";"2J";"-0.743"
"2019-05-27";"10J0";"-0.383"
"2019-05-27";"E";"-0.541"
"2019-05-27";"K";"-0.27"
"2019-05-27";"P";"-0.156"
"2019-05-27";"GK";"-0.073"
"2019-05-27";"IKH";"0.259"
"2019-05-28";"2J";"-0.751"
"2019-05-28";"10J0";"-0.407"
"2019-05-28";"E";"-0.564"
"2019-05-28";"K";"-0.29"
"2019-05-28";"P";"-0.177"
"2019-05-28";"GK";"-0.093"
"2019-05-28";"IKH";"0.244"
"2019-05-29";"2J";"-0.728"
"2019-05-29";"10J0";"-0.413"
"2019-05-29";"E";"-0.569"
"2019-05-29";"K";"-0.294"
"2019-05-29";"P";"-0.181"
"2019-05-29";"GK";"-0.097"
"2019-05-29";"IKH";"0.237"
"2019-05-30";"2J";
"2019-05-30";"10J0";
"2019-05-30";"E";
"2019-05-30";"K";
"2019-05-30";"P";
"2019-05-30";"GK";
"2019-05-30";"IKH";
"2019-05-31";"2J";"-0.742"
"2019-05-31";"10J0";"-0.445"
"2019-05-31";"E";"-0.598"
"2019-05-31";"K";"-0.324"
"2019-05-31";"P";"-0.214"
"2019-05-31";"GK";"-0.127"
"2019-05-31";"IKH";"0.222"
"2019-06-03";"2J";"-0.751"
"2019-06-03";"10J0";"-0.458"
"2019-06-03";"E";"-0.612"
"2019-06-03";"K";"-0.338"
"2019-06-03";"P";"-0.226"
"2019-06-03";"GK";"-0.14"
"2019-06-03";"IKH";"0.221"
"2019-06-04";"2J";"-0.762"
"2019-06-04";"10J0";"-0.459"
"2019-06-04";"E";"-0.613"
"2019-06-04";"K";"-0.343"
"2019-06-04";"P";"-0.227"
"2019-06-04";"GK";"-0.146"
"2019-06-04";"IKH";"0.229"
"2019-06-05";"2J";"-0.764"
"2019-06-05";"10J0";"-0.446"
"2019-06-05";"E";"-0.597"
"2019-06-05";"K";"-0.34"
"2019-06-05";"P";"-0.23"
"2019-06-05";"GK";"-0.148"
"2019-06-05";"IKH";"0.232"
"2019-06-06";"2J";"-0.765"
"2019-06-06";"10J0";"-0.459"
"2019-06-06";"E";"-0.613"
"2019-06-06";"K";"-0.352"
"2019-06-06";"P";"-0.237"
"2019-06-06";"GK";"-0.151"
"2019-06-06";"IKH";"0.217"
"2019-06-07";"2J";"-0.769"
"2019-06-07";"10J0";"-0.459"
"2019-06-07";"E";"-0.609"
"2019-06-07";"K";"-0.345"
"2019-06-07";"P";"-0.237"
"2019-06-07";"GK";"-0.145"
"2019-06-07";"IKH";"0.229"
"2019-06-10";"2J";
"2019-06-10";"10J0";
"2019-06-10";"E";
"2019-06-10";"K";
"2019-06-10";"P";
"2019-06-10";"GK";
"2019-06-10";"IKH";
"2019-06-11";"2J";"-0.767"
"2019-06-11";"10J0";"-0.449"
"2019-06-11";"E";"-0.6"
"2019-06-11";"K";"-0.334"
"2019-06-11";"P";"-0.223"
"2019-06-11";"GK";"-0.134"
"2019-06-11";"IKH";"0.239"
"2019-06-12";"2J";"-0.759"
"2019-06-12";"10J0";"-0.437"
"2019-06-12";"E";"-0.587"
"2019-06-12";"K";"-0.324"
"2019-06-12";"P";"-0.211"
"2019-06-12";"GK";"-0.118"
"2019-06-12";"IKH";"0.255"
"2019-06-13";"2J";"-0.765"
"2019-06-13";"10J0";"-0.43"
"2019-06-13";"E";"-0.583"
"2019-06-13";"K";"-0.317"
"2019-06-13";"P";"-0.194"
"2019-06-13";"GK";"-0.108"
"2019-06-13";"IKH";"0.256"
"2019-06-14";"2J";"-0.781"
"2019-06-14";"10J0";"-0.443"
"2019-06-14";"E";"-0.599"
"2019-06-14";"K";"-0.337"
"2019-06-14";"P";"-0.218"
"2019-06-14";"GK";"-0.128"
"2019-06-14";"IKH";"0.243"
"2019-06-17";"2J";"-0.788"
"2019-06-17";"10J0";"-0.448"
"2019-06-17";"E";"-0.603"
"2019-06-17";"K";"-0.338"
"2019-06-17";"P";"-0.217"
"2019-06-17";"GK";"-0.127"
"2019-06-17";"IKH";"0.244"
"2019-06-18";"2J";"-0.797"
"2019-06-18";"10J0";"-0.464"
"2019-06-18";"E";"-0.621"
"2019-06-18";"K";"-0.359"
"2019-06-18";"P";"-0.235"
"2019-06-18";"GK";"-0.148"
"2019-06-18";"IKH";"0.239"
"2019-06-19";"2J";"-0.816"
"2019-06-19";"10J0";"-0.489"
"2019-06-19";"E";"-0.644"
"2019-06-19";"K";"-0.371"
"2019-06-19";"P";"-0.239"
"2019-06-19";"GK";"-0.155"
"2019-06-19";"IKH";"0.21"
"2019-06-20";"2J";"-0.808"
"2019-06-20";"10J0";"-0.481"
"2019-06-20";"E";"-0.636"
"2019-06-20";"K";"-0.365"
"2019-06-20";"P";"-0.228"
"2019-06-20";"GK";"-0.156"
"2019-06-20";"IKH";"0.213"
"2019-06-21";"2J";"-0.803"
"2019-06-21";"10J0";"-0.461"
"2019-06-21";"E";"-0.617"
"2019-06-21";"K";"-0.347"
"2019-06-21";"P";"-0.206"
"2019-06-21";"GK";"-0.134"
"2019-06-21";"IKH";"0.219"
"2019-06-24";"2J";"-0.808"
"2019-06-24";"10J0";"-0.465"
"2019-06-24";"E";"-0.619"
"2019-06-24";"K";"-0.346"
"2019-06-24";"P";"-0.208"
"2019-06-24";"GK";"-0.131"
"2019-06-24";"IKH";"0.21"
"2019-06-25";"2J";"-0.825"
"2019-06-25";"10J0";"-0.487"
"2019-06-25";"E";"-0.642"
"2019-06-25";"K";"-0.357"
"2019-06-25";"P";"-0.212"
"2019-06-25";"GK";"-0.14"
"2019-06-25";"IKH";"0.195"
"2019-06-26";"2J";"-0.816"
"2019-06-26";"10J0";"-0.476"
"2019-06-26";"E";"-0.629"
"2019-06-26";"K";"-0.359"
"2019-06-26";"P";"-0.212"
"2019-06-26";"GK";"-0.149"
"2019-06-26";"IKH";"0.182"
"2019-06-27";"2J";"-0.808"
"2019-06-27";"10J0";"-0.462"
"2019-06-27";"E";"-0.614"
"2019-06-27";"K";"-0.345"
"2019-06-27";"P";"-0.2"
"2019-06-27";"GK";"-0.128"
"2019-06-27";"IKH";"0.187"
"2019-06-28";"2J";"-0.791"
"2019-06-28";"10J0";"-0.482"
"2019-06-28";"E";"-0.634"
"2019-06-28";"K";"-0.364"
"2019-06-28";"P";"-0.218"
"2019-06-28";"GK";"-0.156"
"2019-06-28";"IKH";"0.164"
"2019-07-01";"2J";"-0.804"
"2019-07-01";"10J0";"-0.488"
"2019-07-01";"E";"-0.639"
"2019-07-01";"K";"-0.368"
"2019-07-01";"P";"-0.221"
"2019-07-01";"GK";"-0.159"
"2019-07-01";"IKH";"0.164"
"2019-07-02";"2J";"-0.83"
"2019-07-02";"10J0";"-0.516"
"2019-07-02";"E";"-0.672"
"2019-07-02";"K";"-0.39"
"2019-07-02";"P";"-0.246"
"2019-07-02";"GK";"-0.184"
"2019-07-02";"IKH";"0.149"
"2019-07-03";"2J";"-0.845"
"2019-07-03";"10J0";"-0.568"
"2019-07-03";"E";"-0.726"
"2019-07-03";"K";"-0.426"
"2019-07-03";"P";"-0.285"
"2019-07-03";"GK";"-0.212"
"2019-07-03";"IKH";"0.107"
"2019-07-04";"2J";"-0.83"
"2019-07-04";"10J0";"-0.585"
"2019-07-04";"E";"-0.739"
"2019-07-04";"K";"-0.429"
"2019-07-04";"P";"-0.287"
"2019-07-04";"GK";"-0.222"
"2019-07-04";"IKH";"0.095"
"2019-07-05";"2J";"-0.827"
"2019-07-05";"10J0";"-0.602"
"2019-07-05";"E";"-0.753"
"2019-07-05";"K";"-0.438"
"2019-07-05";"P";"-0.297"
"2019-07-05";"GK";"-0.23"
"2019-07-05";"IKH";"0.081"
"2019-07-08";"2J";"-0.824"
"2019-07-08";"10J0";"-0.58"
"2019-07-08";"E";"-0.73"
"2019-07-08";"K";"-0.423"
"2019-07-08";"P";"-0.282"
"2019-07-08";"GK";"-0.213"
"2019-07-08";"IKH";"0.092"
"2019-07-09";"2J";"-0.823"
"2019-07-09";"10J0";"-0.565"
"2019-07-09";"E";"-0.715"
"2019-07-09";"K";"-0.408"
"2019-07-09";"P";"-0.268"
"2019-07-09";"GK";"-0.2"
"2019-07-09";"IKH";"0.09"
"2019-07-10";"2J";"-0.807"
"2019-07-10";"10J0";"-0.463"
"2019-07-10";"E";"-0.617"
"2019-07-10";"K";"-0.322"
"2019-07-10";"P";"-0.18"
"2019-07-10";"GK";"-0.113"
"2019-07-10";"IKH";"0.16"
"2019-07-11";"2J";"-0.815"
"2019-07-11";"10J0";"-0.488"
"2019-07-11";"E";"-0.644"
"2019-07-11";"K";"-0.339"
"2019-07-11";"P";"-0.2"
"2019-07-11";"GK";"-0.129"
"2019-07-11";"IKH";"0.159"
"2019-07-12";"2J";"-0.816"
"2019-07-12";"10J0";"-0.438"
"2019-07-12";"E";"-0.597"
"2019-07-12";"K";"-0.291"
"2019-07-12";"P";"-0.154"
"2019-07-12";"GK";"-0.078"
"2019-07-12";"IKH";"0.213"
"2019-07-15";"2J";"-0.83"
"2019-07-15";"10J0";"-0.456"
"2019-07-15";"E";"-0.617"
"2019-07-15";"K";"-0.314"
"2019-07-15";"P";"-0.182"
"2019-07-15";"GK";"-0.105"
"2019-07-15";"IKH";"0.192"
"2019-07-16";"2J";"-0.839"
"2019-07-16";"10J0";"-0.481"
"2019-07-16";"E";"-0.641"
"2019-07-16";"K";"-0.338"
"2019-07-16";"P";"-0.209"
"2019-07-16";"GK";"-0.126"
"2019-07-16";"IKH";"0.163"
"2019-07-17";"2J";"-0.842"
"2019-07-17";"10J0";"-0.507"
"2019-07-17";"E";"-0.666"
"2019-07-17";"K";"-0.366"
"2019-07-17";"P";"-0.239"
"2019-07-17";"GK";"-0.164"
"2019-07-17";"IKH";"0.127"
"2019-07-18";"2J";"-0.858"
"2019-07-18";"10J0";"-0.54"
"2019-07-18";"E";"-0.696"
"2019-07-18";"K";"-0.394"
"2019-07-18";"P";"-0.27"
"2019-07-18";"GK";"-0.191"
"2019-07-18";"IKH";"0.111"
"2019-07-19";"2J";"-0.874"
"2019-07-19";"10J0";"-0.558"
"2019-07-19";"E";"-0.715"
"2019-07-19";"K";"-0.416"
"2019-07-19";"P";"-0.291"
"2019-07-19";"GK";"-0.206"
"2019-07-19";"IKH";"0.093"
"2019-07-22";"2J";"-0.888"
"2019-07-22";"10J0";"-0.565"
"2019-07-22";"E";"-0.723"
"2019-07-22";"K";"-0.423"
"2019-07-22";"P";"-0.296"
"2019-07-22";"GK";"-0.213"
"2019-07-22";"IKH";"0.087"
"2019-07-23";"2J";"-0.889"
"2019-07-23";"10J0";"-0.567"
"2019-07-23";"E";"-0.725"
"2019-07-23";"K";"-0.419"
"2019-07-23";"P";"-0.291"
"2019-07-23";"GK";"-0.215"
"2019-07-23";"IKH";"0.084"
"2019-07-24";"2J";"-0.901"
"2019-07-24";"10J0";"-0.603"
"2019-07-24";"E";"-0.758"
"2019-07-24";"K";"-0.464"
"2019-07-24";"P";"-0.336"
"2019-07-24";"GK";"-0.264"
"2019-07-24";"IKH";"0.059"
"2019-07-25";"2J";"-0.897"
"2019-07-25";"10J0";"-0.639"
"2019-07-25";"E";"-0.787"
"2019-07-25";"K";"-0.492"
"2019-07-25";"P";"-0.356"
"2019-07-25";"GK";"-0.288"
"2019-07-25";"IKH";"0.029"
"2019-07-26";"2J";"-0.884"
"2019-07-26";"10J0";"-0.625"
"2019-07-26";"E";"-0.772"
"2019-07-26";"K";"-0.482"
"2019-07-26";"P";"-0.352"
"2019-07-26";"GK";"-0.279"
"2019-07-26";"IKH";"0.024"
"2019-07-29";"2J";"-0.889"
"2019-07-29";"10J0";"-0.643"
"2019-07-29";"E";"-0.788"
"2019-07-29";"K";"-0.488"
"2019-07-29";"P";"-0.373"
"2019-07-29";"GK";"-0.29"
"2019-07-29";"IKH";"0.025"
"2019-07-30";"2J";"-0.892"
"2019-07-30";"10J0";"-0.651"
"2019-07-30";"E";"-0.795"
"2019-07-30";"K";"-0.501"
"2019-07-30";"P";"-0.385"
"2019-07-30";"GK";"-0.305"
"2019-07-30";"IKH";"0.013"
"2019-07-31";"2J";"-0.896"
"2019-07-31";"10J0";"-0.654"
"2019-07-31";"E";"-0.797"
"2019-07-31";"K";"-0.507"
"2019-07-31";"P";"-0.403"
"2019-07-31";"GK";"-0.313"
"2019-07-31";"IKH";"-0.006"
"2019-08-01";"2J";
"2019-08-01";"10J0";
"2019-08-01";"E";
"2019-08-01";"K";
"2019-08-01";"P";
"2019-08-01";"GK";
"2019-08-01";"IKH";
"2019-08-02";"2J";"-0.915"
"2019-08-02";"10J0";"-0.772"
"2019-08-02";"E";"-0.906"
"2019-08-02";"K";"-0.594"
"2019-08-02";"P";"-0.491"
"2019-08-02";"GK";"-0.401"
"2019-08-02";"IKH";"-0.096"
"2019-08-05";"2J";"-0.988"
"2019-08-05";"10J0";"-0.811"
"2019-08-05";"E";"-0.928"
"2019-08-05";"K";"-0.637"
"2019-08-05";"P";"-0.533"
"2019-08-05";"GK";"-0.444"
"2019-08-05";"IKH";"-0.117"
"2019-08-06";"2J";"-0.985"
"2019-08-06";"10J0";"-0.822"
"2019-08-06";"E";"-0.931"
"2019-08-06";"K";"-0.634"
"2019-08-06";"P";"-0.53"
"2019-08-06";"GK";"-0.44"
"2019-08-06";"IKH";"-0.114"
"2019-08-07";"2J";"-1"
"2019-08-07";"10J0";"-0.855"
"2019-08-07";"E";"-0.962"
"2019-08-07";"K";"-0.666"
"2019-08-07";"P";"-0.557"
"2019-08-07";"GK";"-0.472"
"2019-08-07";"IKH";"-0.007"
"2019-08-08";"2J";"-0.987"
"2019-08-08";"10J0";"-0.888"
"2019-08-08";"E";"-0.986"
"2019-08-08";"K";"-0.65"
"2019-08-08";"P";"-0.54"
"2019-08-08";"GK";"-0.461"
"2019-08-08";"IKH";"-0.135"
"2019-08-09";"2J";"-0.995"
"2019-08-09";"10J0";"-0.908"
"2019-08-09";"E";"-1.003"
"2019-08-09";"K";"-0.661"
"2019-08-09";"P";"-0.557"
"2019-08-09";"GK";"-0.472"
"2019-08-09";"IKH";"-0.144"
"2019-08-12";"2J";"-0.997"
"2019-08-12";"10J0";"-0.908"
"2019-08-12";"E";"-1.003"
"2019-08-12";"K";"-0.665"
"2019-08-12";"P";"-0.56"
"2019-08-12";"GK";"-0.474"
"2019-08-12";"IKH";"-0.143"
"2019-08-13";"2J";"-1.004"
"2019-08-13";"10J0";"-0.932"
"2019-08-13";"E";"-1.026"
"2019-08-13";"K";"-0.691"
"2019-08-13";"P";"-0.588"
"2019-08-13";"GK";"-0.505"
"2019-08-13";"IKH";"-0.166"
"2019-08-14";"2J";"-1.005"
"2019-08-14";"10J0";"-0.96"
"2019-08-14";"E";"-1.048"
"2019-08-14";"K";"-0.701"
"2019-08-14";"P";"-0.604"
"2019-08-14";"GK";"-0.513"
"2019-08-14";"IKH";"-0.176"
"2019-08-15";"2J";"-1.01"
"2019-08-15";"10J0";"-1.006"
"2019-08-15";"E";"-1.085"
"2019-08-15";"K";"-0.753"
"2019-08-15";"P";"-0.653"
"2019-08-15";"GK";"-0.561"
"2019-08-15";"IKH";"-0.222"
"2019-08-16";"2J";"-1.028"
"2019-08-16";"10J0";"-1.072"
"2019-08-16";"E";"-1.144"
"2019-08-16";"K";"-0.819"
"2019-08-16";"P";"-0.73"
"2019-08-16";"GK";"-0.63"
"2019-08-16";"IKH";"-0.284"
"2019-08-19";"2J";"-1.034"
"2019-08-19";"10J0";"-1.052"
"2019-08-19";"E";"-1.12"
"2019-08-19";"K";"-0.789"
"2019-08-19";"P";"-0.699"
"2019-08-19";"GK";"-0.603"
"2019-08-19";"IKH";"-0.261"
"2019-08-20";"2J";"-1.032"
"2019-08-20";"10J0";"-1.022"
"2019-08-20";"E";"-1.093"
"2019-08-20";"K";"-0.761"
"2019-08-20";"P";"-0.667"
"2019-08-20";"GK";"-0.573"
"2019-08-20";"IKH";"-0.229"
"2019-08-21";"2J";"-1.035"
"2019-08-21";"10J0";"-1.002"
"2019-08-21";"E";"-1.078"
"2019-08-21";"K";"-0.735"
"2019-08-21";"P";"-0.64"
"2019-08-21";"GK";"-0.55"
"2019-08-21";"IKH";"-0.203"
"2019-08-22";"2J";"-1.03"
"2019-08-22";"10J0";"-0.93"
"2019-08-22";"E";"-1.014"
"2019-08-22";"K";"-0.689"
"2019-08-22";"P";"-0.594"
"2019-08-22";"GK";"-0.493"
"2019-08-22";"IKH";"-0.156"
"2019-08-23";"2J";"-0.989"
"2019-08-23";"10J0";"-0.863"
"2019-08-23";"E";"-0.945"
"2019-08-23";"K";"-0.632"
"2019-08-23";"P";"-0.534"
"2019-08-23";"GK";"-0.434"
"2019-08-23";"IKH";"-0.093"
"2019-08-26";"2J";"-1.026"
"2019-08-26";"10J0";"-0.928"
"2019-08-26";"E";"-1.013"
"2019-08-26";"K";"-0.68"
"2019-08-26";"P";"-0.592"
"2019-08-26";"GK";"-0.488"
"2019-08-26";"IKH";"-0.148"
"2019-08-27";"2J";"-1.017"
"2019-08-27";"10J0";"-0.941"
"2019-08-27";"E";"-1.024"
"2019-08-27";"K";"-0.685"
"2019-08-27";"P";"-0.598"
"2019-08-27";"GK";"-0.491"
"2019-08-27";"IKH";"-0.154"
"2019-08-28";"2J";"-1.054"
"2019-08-28";"10J0";"-1.007"
"2019-08-28";"E";"-1.086"
"2019-08-28";"K";"-0.754"
"2019-08-28";"P";"-0.662"
"2019-08-28";"GK";"-0.56"
"2019-08-28";"IKH";"-0.2"
"2019-08-29";"2J";"-1.044"
"2019-08-29";"10J0";"-0.997"
"2019-08-29";"E";"-1.074"
"2019-08-29";"K";"-0.736"
"2019-08-29";"P";"-0.632"
"2019-08-29";"GK";"-0.543"
"2019-08-29";"IKH";"-0.203"
"2019-08-30";"2J";"-1.064"
"2019-08-30";"10J0";"-0.975"
"2019-08-30";"E";"-1.057"
"2019-08-30";"K";"-0.721"
"2019-08-30";"P";"-0.612"
"2019-08-30";"GK";"-0.526"
"2019-08-30";"IKH";"-0.181"
"2019-09-02";"2J";"-1.066"
"2019-09-02";"10J0";"-0.977"
"2019-09-02";"E";"-1.059"
"2019-09-02";"K";"-0.714"
"2019-09-02";"P";"-0.605"
"2019-09-02";"GK";"-0.518"
"2019-09-02";"IKH";"-0.178"
"2019-09-03";"2J";"-1.068"
"2019-09-03";"10J0";"-0.986"
"2019-09-03";"E";"-1.068"
"2019-09-03";"K";"-0.722"
"2019-09-03";"P";"-0.61"
"2019-09-03";"GK";"-0.526"
"2019-09-03";"IKH";"-0.182"
"2019-09-04";"2J";"-1.062"
"2019-09-04";"10J0";"-0.95"
"2019-09-04";"E";"-1.036"
"2019-09-04";"K";"-0.688"
"2019-09-04";"P";"-0.575"
"2019-09-04";"GK";"-0.494"
"2019-09-04";"IKH";"-0.15"
"2019-09-05";"2J";"-1.066"
"2019-09-05";"10J0";"-0.903"
"2019-09-05";"E";"-0.994"
"2019-09-05";"K";"-0.648"
"2019-09-05";"P";"-0.537"
"2019-09-05";"GK";"-0.455"
"2019-09-05";"IKH";"-0.118"
"2019-09-06";"2J";"-1.036"
"2019-09-06";"10J0";"-0.843"
"2019-09-06";"E";"-0.941"
"2019-09-06";"K";"-0.601"
"2019-09-06";"P";"-0.489"
"2019-09-06";"GK";"-0.405"
"2019-09-06";"IKH";"-0.074"
"2019-09-09";"2J";"-1.023"
"2019-09-09";"10J0";"-0.848"
"2019-09-09";"E";"-0.947"
"2019-09-09";"K";"-0.608"
"2019-09-09";"P";"-0.492"
"2019-09-09";"GK";"-0.412"
"2019-09-09";"IKH";"-0.08"
"2019-09-10";"2J";"-1.036"
"2019-09-10";"10J0";"-0.804"
"2019-09-10";"E";"-0.908"
"2019-09-10";"K";"-0.599"
"2019-09-10";"P";"-0.47"
"2019-09-10";"GK";"-0.393"
"2019-09-10";"IKH";"-0.05"
"2019-09-11";"2J";"-1.022"
"2019-09-11";"10J0";"-0.738"
"2019-09-11";"E";"-0.846"
"2019-09-11";"K";"-0.535"
"2019-09-11";"P";"-0.408"
"2019-09-11";"GK";"-0.336"
"2019-09-11";"IKH";"0.007"
"2019-09-12";"2J";"-0.956"
"2019-09-12";"10J0";"-0.707"
"2019-09-12";"E";"-0.813"
"2019-09-12";"K";"-0.514"
"2019-09-12";"P";"-0.386"
"2019-09-12";"GK";"-0.312"
"2019-09-12";"IKH";"0.012"
"2019-09-13";"2J";"-0.918"
"2019-09-13";"10J0";"-0.671"
"2019-09-13";"E";"-0.767"
"2019-09-13";"K";"-0.449"
"2019-09-13";"P";"-0.324"
"2019-09-13";"GK";"-0.247"
"2019-09-13";"IKH";"0.095"
"2019-09-16";"2J";"-0.876"
"2019-09-16";"10J0";"-0.626"
"2019-09-16";"E";"-0.733"
"2019-09-16";"K";"-0.426"
"2019-09-16";"P";"-0.293"
"2019-09-16";"GK";"-0.215"
"2019-09-16";"IKH";"0.105"
"2019-09-17";"2J";"-0.911"
"2019-09-17";"10J0";"-0.713"
"2019-09-17";"E";"-0.811"
"2019-09-17";"K";"-0.492"
"2019-09-17";"P";"-0.364"
"2019-09-17";"GK";"-0.284"
"2019-09-17";"IKH";"0.047"
"2019-09-18";"2J";"-0.904"
"2019-09-18";"10J0";"-0.722"
"2019-09-18";"E";"-0.816"
"2019-09-18";"K";"-0.512"
"2019-09-18";"P";"-0.385"
"2019-09-18";"GK";"-0.303"
"2019-09-18";"IKH";"0.024"
"2019-09-19";"2J";"-0.869"
"2019-09-19";"10J0";"-0.704"
"2019-09-19";"E";"-0.793"
"2019-09-19";"K";"-0.479"
"2019-09-19";"P";"-0.35"
"2019-09-19";"GK";"-0.267"
"2019-09-19";"IKH";"0.174"
"2019-09-20";"2J";"-0.844"
"2019-09-20";"10J0";"-0.705"
"2019-09-20";"E";"-0.791"
"2019-09-20";"K";"-0.496"
"2019-09-20";"P";"-0.367"
"2019-09-20";"GK";"-0.285"
"2019-09-20";"IKH";"0.036"
"2019-09-23";"2J";"-0.853"
"2019-09-23";"10J0";"-0.764"
"2019-09-23";"E";"-0.843"
"2019-09-23";"K";"-0.548"
"2019-09-23";"P";"-0.418"
"2019-09-23";"GK";"-0.332"
"2019-09-23";"IKH";"0.01"
"2019-09-24";"2J";"-0.852"
"2019-09-24";"10J0";"-0.772"
"2019-09-24";"E";"-0.848"
"2019-09-24";"K";"-0.548"
"2019-09-24";"P";"-0.426"
"2019-09-24";"GK";"-0.337"
"2019-09-24";"IKH";"0.006"
"2019-09-25";"2J";"-0.871"
"2019-09-25";"10J0";"-0.81"
"2019-09-25";"E";"-0.877"
"2019-09-25";"K";"-0.575"
"2019-09-25";"P";"-0.453"
"2019-09-25";"GK";"-0.364"
"2019-09-25";"IKH";"-0.023"
"2019-09-26";"2J";"-0.861"
"2019-09-26";"10J0";"-0.765"
"2019-09-26";"E";"-0.838"
"2019-09-26";"K";"-0.536"
"2019-09-26";"P";"-0.414"
"2019-09-26";"GK";"-0.327"
"2019-09-26";"IKH";"0.016"
"2019-09-27";"2J";"-0.85"
"2019-09-27";"10J0";"-0.746"
"2019-09-27";"E";"-0.82"
"2019-09-27";"K";"-0.533"
"2019-09-27";"P";"-0.409"
"2019-09-27";"GK";"-0.326"
"2019-09-27";"IKH";"0.117"
"2019-09-30";"2J";"-0.847"
"2019-09-30";"10J0";"-0.7"
"2019-09-30";"E";"-0.782"
"2019-09-30";"K";"-0.501"
"2019-09-30";"P";"-0.373"
"2019-09-30";"GK";"-0.292"
"2019-09-30";"IKH";"0.043"
"2019-10-01";"2J";"-0.833"
"2019-10-01";"10J0";"-0.675"
"2019-10-01";"E";"-0.762"
"2019-10-01";"K";"-0.483"
"2019-10-01";"P";"-0.349"
"2019-10-01";"GK";"-0.269"
"2019-10-01";"IKH";"0.058"
"2019-10-02";"2J";"-0.853"
"2019-10-02";"10J0";"-0.677"
"2019-10-02";"E";"-0.765"
"2019-10-02";"K";"-0.494"
"2019-10-02";"P";"-0.361"
"2019-10-02";"GK";"-0.278"
"2019-10-02";"IKH";"0.046"
"2019-10-03";"2J";"-0.853"
"2019-10-03";"10J0";"-0.71"
"2019-10-03";"E";"-0.796"
"2019-10-03";"K";"-0.52"
"2019-10-03";"P";"-0.392"
"2019-10-03";"GK";"-0.307"
"2019-10-03";"IKH";"0.021"
"2019-10-04";"2J";"-0.871"
"2019-10-04";"10J0";"-0.752"
"2019-10-04";"E";"-0.835"
"2019-10-04";"K";"-0.537"
"2019-10-04";"P";"-0.413"
"2019-10-04";"GK";"-0.33"
"2019-10-04";"IKH";"-0.006"
"2019-10-07";"2J";"-0.889"
"2019-10-07";"10J0";"-0.765"
"2019-10-07";"E";"-0.848"
"2019-10-07";"K";"-0.558"
"2019-10-07";"P";"-0.43"
"2019-10-07";"GK";"-0.349"
"2019-10-07";"IKH";"-0.021"
"2019-10-08";"2J";"-0.891"
"2019-10-08";"10J0";"-0.737"
"2019-10-08";"E";"-0.822"
"2019-10-08";"K";"-0.534"
"2019-10-08";"P";"-0.41"
"2019-10-08";"GK";"-0.323"
"2019-10-08";"IKH";"0.012"
"2019-10-09";"2J";"-0.869"
"2019-10-09";"10J0";"-0.734"
"2019-10-09";"E";"-0.818"
"2019-10-09";"K";"-0.512"
"2019-10-09";"P";"-0.391"
"2019-10-09";"GK";"-0.305"
"2019-10-09";"IKH";"0.02"
"2019-10-10";"2J";"-0.862"
"2019-10-10";"10J0";"-0.707"
"2019-10-10";"E";"-0.797"
"2019-10-10";"K";"-0.49"
"2019-10-10";"P";"-0.372"
"2019-10-10";"GK";"-0.283"
"2019-10-10";"IKH";"0.038"
"2019-10-11";"2J";"-0.828"
"2019-10-11";"10J0";"-0.666"
"2019-10-11";"E";"-0.75"
"2019-10-11";"K";"-0.453"
"2019-10-11";"P";"-0.339"
"2019-10-11";"GK";"-0.243"
"2019-10-11";"IKH";"0.076"
"2019-10-14";"2J";"-0.828"
"2019-10-14";"10J0";"-0.64"
"2019-10-14";"E";"-0.728"
"2019-10-14";"K";"-0.42"
"2019-10-14";"P";"-0.308"
"2019-10-14";"GK";"-0.211"
"2019-10-14";"IKH";"0.113"
"2019-10-15";"2J";"-0.823"
"2019-10-15";"10J0";"-0.627"
"2019-10-15";"E";"-0.718"
"2019-10-15";"K";"-0.41"
"2019-10-15";"P";"-0.299"
"2019-10-15";"GK";"-0.202"
"2019-10-15";"IKH";"0.11"
"2019-10-16";"2J";"-0.815"
"2019-10-16";"10J0";"-0.588"
"2019-10-16";"E";"-0.676"
"2019-10-16";"K";"-0.369"
"2019-10-16";"P";"-0.259"
"2019-10-16";"GK";"-0.163"
"2019-10-16";"IKH";"0.154"
"2019-10-17";"2J";"-0.792"
"2019-10-17";"10J0";"-0.544"
"2019-10-17";"E";"-0.639"
"2019-10-17";"K";"-0.335"
"2019-10-17";"P";"-0.221"
"2019-10-17";"GK";"-0.125"
"2019-10-17";"IKH";"0.196"
"2019-10-18";"2J";"-0.787"
"2019-10-18";"10J0";"-0.563"
"2019-10-18";"E";"-0.658"
"2019-10-18";"K";"-0.365"
"2019-10-18";"P";"-0.247"
"2019-10-18";"GK";"-0.15"
"2019-10-18";"IKH";"0.175"
"2019-10-21";"2J";"-0.764"
"2019-10-21";"10J0";"-0.509"
"2019-10-21";"E";"-0.606"
"2019-10-21";"K";"-0.314"
"2019-10-21";"P";"-0.194"
"2019-10-21";"GK";"-0.101"
"2019-10-21";"IKH";"0.209"
"2019-10-22";"2J";"-0.766"
"2019-10-22";"10J0";"-0.516"
"2019-10-22";"E";"-0.612"
"2019-10-22";"K";"-0.33"
"2019-10-22";"P";"-0.205"
"2019-10-22";"GK";"-0.115"
"2019-10-22";"IKH";"0.203"
"2019-10-23";"2J";"-0.773"
"2019-10-23";"10J0";"-0.56"
"2019-10-23";"E";"-0.653"
"2019-10-23";"K";"-0.366"
"2019-10-23";"P";"-0.236"
"2019-10-23";"GK";"-0.151"
"2019-10-23";"IKH";"0.166"
"2019-10-24";"2J";"-0.771"
"2019-10-24";"10J0";"-0.561"
"2019-10-24";"E";"-0.652"
"2019-10-24";"K";"-0.356"
"2019-10-24";"P";"-0.23"
"2019-10-24";"GK";"-0.14"
"2019-10-24";"IKH";"0.175"
"2019-10-25";"2J";"-0.764"
"2019-10-25";"10J0";"-0.539"
"2019-10-25";"E";"-0.63"
"2019-10-25";"K";"-0.335"
"2019-10-25";"P";"-0.208"
"2019-10-25";"GK";"-0.126"
"2019-10-25";"IKH";"0.188"
"2019-10-28";"2J";"-0.758"
"2019-10-28";"10J0";"-0.51"
"2019-10-28";"E";"-0.603"
"2019-10-28";"K";"-0.306"
"2019-10-28";"P";"-0.173"
"2019-10-28";"GK";"-0.098"
"2019-10-28";"IKH";"0.219"
"2019-10-29";"2J";"-0.732"
"2019-10-29";"10J0";"-0.493"
"2019-10-29";"E";"-0.585"
"2019-10-29";"K";"-0.292"
"2019-10-29";"P";"-0.17"
"2019-10-29";"GK";"-0.09"
"2019-10-29";"IKH";"0.331"
"2019-10-30";"2J";"-0.736"
"2019-10-30";"10J0";"-0.467"
"2019-10-30";"E";"-0.562"
"2019-10-30";"K";"-0.28"
"2019-10-30";"P";"-0.153"
"2019-10-30";"GK";"-0.076"
"2019-10-30";"IKH";"0.347"
"2019-10-31";"2J";"-0.74"
"2019-10-31";"10J0";"-0.511"
"2019-10-31";"E";"-0.602"
"2019-10-31";"K";"-0.327"
"2019-10-31";"P";"-0.195"
"2019-10-31";"GK";"-0.119"
"2019-10-31";"IKH";"0.191"
"2019-11-01";"2J";"-0.691"
"2019-11-01";"10J0";"-0.509"
"2019-11-01";"E";"-0.601"
"2019-11-01";"K";"-0.319"
"2019-11-01";"P";"-0.186"
"2019-11-01";"GK";"-0.117"
"2019-11-01";"IKH";"0.304"
"2019-11-04";"2J";"-0.692"
"2019-11-04";"10J0";"-0.473"
"2019-11-04";"E";"-0.563"
"2019-11-04";"K";"-0.297"
"2019-11-04";"P";"-0.162"
"2019-11-04";"GK";"-0.095"
"2019-11-04";"IKH";"0.211"
"2019-11-05";"2J";"-0.703"
"2019-11-05";"10J0";"-0.415"
"2019-11-05";"E";"-0.514"
"2019-11-05";"K";"-0.249"
"2019-11-05";"P";"-0.126"
"2019-11-05";"GK";"-0.048"
"2019-11-05";"IKH";"0.247"
"2019-11-06";"2J";"-0.689"
"2019-11-06";"10J0";"-0.395"
"2019-11-06";"E";"-0.493"
"2019-11-06";"K";"-0.247"
"2019-11-06";"P";"-0.128"
"2019-11-06";"GK";"-0.048"
"2019-11-06";"IKH";"0.254"
"2019-11-07";"2J";"-0.695"
"2019-11-07";"10J0";"-0.406"
"2019-11-07";"E";"-0.503"
"2019-11-07";"K";"-0.254"
"2019-11-07";"P";"-0.136"
"2019-11-07";"GK";"-0.054"
"2019-11-07";"IKH";"0.259"
"2019-11-08";"2J";"-0.677"
"2019-11-08";"10J0";"-0.359"
"2019-11-08";"E";"-0.457"
"2019-11-08";"K";"-0.225"
"2019-11-08";"P";"-0.106"
"2019-11-08";"GK";"-0.024"
"2019-11-08";"IKH";"0.281"
"2019-11-11";"2J";"-0.697"
"2019-11-11";"10J0";"-0.365"
"2019-11-11";"E";"-0.466"
"2019-11-11";"K";"-0.229"
"2019-11-11";"P";"-0.111"
"2019-11-11";"GK";"-0.03"
"2019-11-11";"IKH";"0.274"
"2019-11-12";"2J";"-0.695"
"2019-11-12";"10J0";"-0.337"
"2019-11-12";"E";"-0.44"
"2019-11-12";"K";"-0.21"
"2019-11-12";"P";"-0.106"
"2019-11-12";"GK";"-0.014"
"2019-11-12";"IKH";"0.298"
"2019-11-13";"2J";"-0.705"
"2019-11-13";"10J0";"-0.384"
"2019-11-13";"E";"-0.483"
"2019-11-13";"K";"-0.257"
"2019-11-13";"P";"-0.151"
"2019-11-13";"GK";"-0.061"
"2019-11-13";"IKH";"0.245"
"2019-11-14";"2J";"-0.717"
"2019-11-14";"10J0";"-0.455"
"2019-11-14";"E";"-0.549"
"2019-11-14";"K";"-0.305"
"2019-11-14";"P";"-0.199"
"2019-11-14";"GK";"-0.112"
"2019-11-14";"IKH";"0.323"
"2019-11-15";"2J";"-0.739"
"2019-11-15";"10J0";"-0.468"
"2019-11-15";"E";"-0.564"
"2019-11-15";"K";"-0.309"
"2019-11-15";"P";"-0.199"
"2019-11-15";"GK";"-0.115"
"2019-11-15";"IKH";"0.2"
"2019-11-18";"2J";"-0.736"
"2019-11-18";"10J0";"-0.464"
"2019-11-18";"E";"-0.561"
"2019-11-18";"K";"-0.299"
"2019-11-18";"P";"-0.184"
"2019-11-18";"GK";"-0.102"
"2019-11-18";"IKH";"0.21"
"2019-11-19";"2J";"-0.734"
"2019-11-19";"10J0";"-0.464"
"2019-11-19";"E";"-0.559"
"2019-11-19";"K";"-0.303"
"2019-11-19";"P";"-0.188"
"2019-11-19";"GK";"-0.113"
"2019-11-19";"IKH";"0.185"
"2019-11-20";"2J";"-0.748"
"2019-11-20";"10J0";"-0.536"
"2019-11-20";"E";"-0.627"
"2019-11-20";"K";"-0.38"
"2019-11-20";"P";"-0.269"
"2019-11-20";"GK";"-0.187"
"2019-11-20";"IKH";"0.122"
"2019-11-21";"2J";"-0.748"
"2019-11-21";"10J0";"-0.509"
"2019-11-21";"E";"-0.598"
"2019-11-21";"K";"-0.344"
"2019-11-21";"P";"-0.234"
"2019-11-21";"GK";"-0.156"
"2019-11-21";"IKH";"0.15"
"2019-11-22";"2J";"-0.736"
"2019-11-22";"10J0";"-0.517"
"2019-11-22";"E";"-0.601"
"2019-11-22";"K";"-0.356"
"2019-11-22";"P";"-0.249"
"2019-11-22";"GK";"-0.162"
"2019-11-22";"IKH";"0.274"
"2019-11-25";"2J";"-0.748"
"2019-11-25";"10J0";"-0.545"
"2019-11-25";"E";"-0.628"
"2019-11-25";"K";"-0.371"
"2019-11-25";"P";"-0.265"
"2019-11-25";"GK";"-0.181"
"2019-11-25";"IKH";"0.136"
"2019-11-26";"2J";"-0.757"
"2019-11-26";"10J0";"-0.552"
"2019-11-26";"E";"-0.633"
"2019-11-26";"K";"-0.383"
"2019-11-26";"P";"-0.276"
"2019-11-26";"GK";"-0.191"
"2019-11-26";"IKH";"0.121"
"2019-11-27";"2J";"-0.765"
"2019-11-27";"10J0";"-0.563"
"2019-11-27";"E";"-0.647"
"2019-11-27";"K";"-0.396"
"2019-11-27";"P";"-0.288"
"2019-11-27";"GK";"-0.203"
"2019-11-27";"IKH";"0.228"
"2019-11-28";"2J";"-0.757"
"2019-11-28";"10J0";"-0.594"
"2019-11-28";"E";"-0.67"
"2019-11-28";"K";"-0.431"
"2019-11-28";"P";"-0.338"
"2019-11-28";"GK";"-0.237"
"2019-11-28";"IKH";"0.069"
"2019-11-29";"2J";"-0.755"
"2019-11-29";"10J0";"-0.58"
"2019-11-29";"E";"-0.659"
"2019-11-29";"K";"-0.418"
"2019-11-29";"P";"-0.326"
"2019-11-29";"GK";"-0.222"
"2019-11-29";"IKH";"0.09"
"2019-12-02";"2J";"-0.757"
"2019-12-02";"10J0";"-0.54"
"2019-12-02";"E";"-0.622"
"2019-12-02";"K";"-0.362"
"2019-12-02";"P";"-0.278"
"2019-12-02";"GK";"-0.175"
"2019-12-02";"IKH";"0.114"
"2019-12-03";"2J";"-0.75"
"2019-12-03";"10J0";"-0.552"
"2019-12-03";"E";"-0.629"
"2019-12-03";"K";"-0.368"
"2019-12-03";"P";"-0.274"
"2019-12-03";"GK";"-0.176"
"2019-12-03";"IKH";"0.125"
"2019-12-04";"2J";"-0.761"
"2019-12-04";"10J0";"-0.606"
"2019-12-04";"E";"-0.678"
"2019-12-04";"K";"-0.419"
"2019-12-04";"P";"-0.334"
"2019-12-04";"GK";"-0.231"
"2019-12-04";"IKH";"0.089"
"2019-12-05";"2J";"-0.746"
"2019-12-05";"10J0";"-0.577"
"2019-12-05";"E";"-0.652"
"2019-12-05";"K";"-0.39"
"2019-12-05";"P";"-0.308"
"2019-12-05";"GK";"-0.203"
"2019-12-05";"IKH";"0.099"
"2019-12-06";"2J";"-0.732"
"2019-12-06";"10J0";"-0.565"
"2019-12-06";"E";"-0.634"
"2019-12-06";"K";"-0.382"
"2019-12-06";"P";"-0.3"
"2019-12-06";"GK";"-0.195"
"2019-12-06";"IKH";"0.108"
"2019-12-09";"2J";"-0.728"
"2019-12-09";"10J0";"-0.569"
"2019-12-09";"E";"-0.641"
"2019-12-09";"K";"-0.389"
"2019-12-09";"P";"-0.303"
"2019-12-09";"GK";"-0.202"
"2019-12-09";"IKH";"0.115"
"2019-12-10";"2J";"-0.727"
"2019-12-10";"10J0";"-0.541"
"2019-12-10";"E";"-0.616"
"2019-12-10";"K";"-0.375"
"2019-12-10";"P";"-0.289"
"2019-12-10";"GK";"-0.191"
"2019-12-10";"IKH";"0.121"
"2019-12-11";"2J";"-0.705"
"2019-12-11";"10J0";"-0.524"
"2019-12-11";"E";"-0.604"
"2019-12-11";"K";"-0.374"
"2019-12-11";"P";"-0.284"
"2019-12-11";"GK";"-0.19"
"2019-12-11";"IKH";"0.128"
"2019-12-12";"2J";"-0.717"
"2019-12-12";"10J0";"-0.548"
"2019-12-12";"E";"-0.622"
"2019-12-12";"K";"-0.381"
"2019-12-12";"P";"-0.293"
"2019-12-12";"GK";"-0.197"
"2019-12-12";"IKH";"0.235"
"2019-12-13";"2J";"-0.71"
"2019-12-13";"10J0";"-0.49"
"2019-12-13";"E";"-0.568"
"2019-12-13";"K";"-0.331"
"2019-12-13";"P";"-0.251"
"2019-12-13";"GK";"-0.142"
"2019-12-13";"IKH";"0.166"
"2019-12-16";"2J";"-0.724"
"2019-12-16";"10J0";"-0.538"
"2019-12-16";"E";"-0.616"
"2019-12-16";"K";"-0.375"
"2019-12-16";"P";"-0.293"
"2019-12-16";"GK";"-0.184"
"2019-12-16";"IKH";"0.139"
"2019-12-17";"2J";"-0.718"
"2019-12-17";"10J0";"-0.528"
"2019-12-17";"E";"-0.607"
"2019-12-17";"K";"-0.356"
"2019-12-17";"P";"-0.272"
"2019-12-17";"GK";"-0.167"
"2019-12-17";"IKH";"0.167"
"2019-12-18";"2J";"-0.719"
"2019-12-18";"10J0";"-0.521"
"2019-12-18";"E";"-0.599"
"2019-12-18";"K";"-0.342"
"2019-12-18";"P";"-0.262"
"2019-12-18";"GK";"-0.156"
"2019-12-18";"IKH";"0.154"
"2019-12-19";"2J";"-0.705"
"2019-12-19";"10J0";"-0.473"
"2019-12-19";"E";"-0.554"
"2019-12-19";"K";"-0.308"
"2019-12-19";"P";"-0.225"
"2019-12-19";"GK";"-0.123"
"2019-12-19";"IKH";"0.18"
"2019-12-20";"2J";"-0.702"
"2019-12-20";"10J0";"-0.468"
"2019-12-20";"E";"-0.548"
"2019-12-20";"K";"-0.295"
"2019-12-20";"P";"-0.214"
"2019-12-20";"GK";"-0.111"
"2019-12-20";"IKH";"0.189"
"2019-12-23";"2J";"-0.711"
"2019-12-23";"10J0";"-0.487"
"2019-12-23";"E";"-0.565"
"2019-12-23";"K";"-0.305"
"2019-12-23";"P";"-0.222"
"2019-12-23";"GK";"-0.124"
"2019-12-23";"IKH";"0.178"
"2019-12-24";"2J";
"2019-12-24";"10J0";
"2019-12-24";"E";
"2019-12-24";"K";
"2019-12-24";"P";
"2019-12-24";"GK";
"2019-12-24";"IKH";
"2019-12-25";"2J";
"2019-12-25";"10J0";
"2019-12-25";"E";
"2019-12-25";"K";
"2019-12-25";"P";
"2019-12-25";"GK";
"2019-12-25";"IKH";
"2019-12-26";"2J";
"2019-12-26";"10J0";
"2019-12-26";"E";
"2019-12-26";"K";
"2019-12-26";"P";
"2019-12-26";"GK";
"2019-12-26";"IKH";
"2019-12-27";"2J";"-0.711"
"2019-12-27";"10J0";"-0.484"
"2019-12-27";"E";"-0.563"
"2019-12-27";"K";"-0.298"
"2019-12-27";"P";"-0.216"
"2019-12-27";"GK";"-0.115"
"2019-12-27";"IKH";"0.193"
"2019-12-30";"2J";"-0.711"
"2019-12-30";"10J0";"-0.456"
"2019-12-30";"E";"-0.538"
"2019-12-30";"K";"-0.279"
"2019-12-30";"P";"-0.198"
"2019-12-30";"GK";"-0.099"
"2019-12-30";"IKH";"0.19"
"2019-12-31";"2J";
"2019-12-31";"10J0";
"2019-12-31";"E";
"2019-12-31";"K";
"2019-12-31";"P";
"2019-12-31";"GK";
"2019-12-31";"IKH";
"2020-01-01";"2J";
"2020-01-01";"10J0";
"2020-01-01";"E";
"2020-01-01";"K";
"2020-01-01";"P";
"2020-01-01";"GK";
"2020-01-01";"IKH";
"2020-01-02";"2J";
"2020-01-02";"10J0";
"2020-01-02";"E";
"2020-01-02";"K";
"2020-01-02";"P";
"2020-01-02";"GK";
"2020-01-02";"IKH";
"2020-01-03";"2J";"-0.709"
"2020-01-03";"10J0";"-0.509"
"2020-01-03";"E";"-0.587"
"2020-01-03";"K";"-0.328"
"2020-01-03";"P";"-0.244"
"2020-01-03";"GK";"-0.145"
"2020-01-03";"IKH";"0.157"
"2020-01-06";"2J";"-0.74"
"2020-01-06";"10J0";"-0.534"
"2020-01-06";"E";"-0.612"
"2020-01-06";"K";"-0.351"
"2020-01-06";"P";"-0.264"
"2020-01-06";"GK";"-0.17"
"2020-01-06";"IKH";"0.14"
"2020-01-07";"2J";"-0.726"
"2020-01-07";"10J0";"-0.528"
"2020-01-07";"E";"-0.607"
"2020-01-07";"K";"-0.349"
"2020-01-07";"P";"-0.264"
"2020-01-07";"GK";"-0.166"
"2020-01-07";"IKH";"0.252"
"2020-01-08";"2J";"-0.735"
"2020-01-08";"10J0";"-0.529"
"2020-01-08";"E";"-0.609"
"2020-01-08";"K";"-0.358"
"2020-01-08";"P";"-0.265"
"2020-01-08";"GK";"-0.181"
"2020-01-08";"IKH";"0.127"
"2020-01-09";"2J";"-0.713"
"2020-01-09";"10J0";"-0.486"
"2020-01-09";"E";"-0.57"
"2020-01-09";"K";"-0.311"
"2020-01-09";"P";"-0.218"
"2020-01-09";"GK";"-0.135"
"2020-01-09";"IKH";"0.163"
"2020-01-10";"2J";"-0.709"
"2020-01-10";"10J0";"-0.488"
"2020-01-10";"E";"-0.571"
"2020-01-10";"K";"-0.311"
"2020-01-10";"P";"-0.217"
"2020-01-10";"GK";"-0.137"
"2020-01-10";"IKH";"0.16"
"2020-01-13";"2J";"-0.715"
"2020-01-13";"10J0";"-0.479"
"2020-01-13";"E";"-0.562"
"2020-01-13";"K";"-0.305"
"2020-01-13";"P";"-0.214"
"2020-01-13";"GK";"-0.132"
"2020-01-13";"IKH";"0.161"
"2020-01-14";"2J";"-0.715"
"2020-01-14";"10J0";"-0.47"
"2020-01-14";"E";"-0.558"
"2020-01-14";"K";"-0.296"
"2020-01-14";"P";"-0.203"
"2020-01-14";"GK";"-0.12"
"2020-01-14";"IKH";"0.168"
"2020-01-15";"2J";"-0.716"
"2020-01-15";"10J0";"-0.51"
"2020-01-15";"E";"-0.592"
"2020-01-15";"K";"-0.331"
"2020-01-15";"P";"-0.236"
"2020-01-15";"GK";"-0.155"
"2020-01-15";"IKH";"0.139"
"2020-01-16";"2J";"-0.724"
"2020-01-16";"10J0";"-0.524"
"2020-01-16";"E";"-0.603"
"2020-01-16";"K";"-0.344"
"2020-01-16";"P";"-0.255"
"2020-01-16";"GK";"-0.167"
"2020-01-16";"IKH";"0.248"
"2020-01-17";"2J";"-0.724"
"2020-01-17";"10J0";"-0.554"
"2020-01-17";"E";"-0.635"
"2020-01-17";"K";"-0.371"
"2020-01-17";"P";"-0.277"
"2020-01-17";"GK";"-0.181"
"2020-01-17";"IKH";"0.097"
"2020-01-20";"2J";"-0.733"
"2020-01-20";"10J0";"-0.545"
"2020-01-20";"E";"-0.628"
"2020-01-20";"K";"-0.362"
"2020-01-20";"P";"-0.268"
"2020-01-20";"GK";"-0.177"
"2020-01-20";"IKH";"0.226"
"2020-01-21";"2J";"-0.735"
"2020-01-21";"10J0";"-0.575"
"2020-01-21";"E";"-0.656"
"2020-01-21";"K";"-0.395"
"2020-01-21";"P";"-0.3"
"2020-01-21";"GK";"-0.204"
"2020-01-21";"IKH";"0.079"
"2020-01-22";"2J";"-0.735"
"2020-01-22";"10J0";"-0.595"
"2020-01-22";"E";"-0.672"
"2020-01-22";"K";"-0.41"
"2020-01-22";"P";"-0.317"
"2020-01-22";"GK";"-0.222"
"2020-01-22";"IKH";"0.062"
"2020-01-23";"2J";"-0.718"
"2020-01-23";"10J0";"-0.633"
"2020-01-23";"E";"-0.706"
"2020-01-23";"K";"-0.445"
"2020-01-23";"P";"-0.351"
"2020-01-23";"GK";"-0.248"
"2020-01-23";"IKH";"0.027"
"2020-01-24";"2J";"-0.732"
"2020-01-24";"10J0";"-0.641"
"2020-01-24";"E";"-0.711"
"2020-01-24";"K";"-0.448"
"2020-01-24";"P";"-0.355"
"2020-01-24";"GK";"-0.24"
"2020-01-24";"IKH";"0.022"
"2020-01-27";"2J";"-0.742"
"2020-01-27";"10J0";"-0.701"
"2020-01-27";"E";"-0.769"
"2020-01-27";"K";"-0.505"
"2020-01-27";"P";"-0.41"
"2020-01-27";"GK";"-0.297"
"2020-01-27";"IKH";"-0.032"
"2020-01-28";"2J";"-0.713"
"2020-01-28";"10J0";"-0.737"
"2020-01-28";"E";"-0.807"
"2020-01-28";"K";"-0.537"
"2020-01-28";"P";"-0.436"
"2020-01-28";"GK";"-0.325"
"2020-01-28";"IKH";"-0.064"
"2020-01-29";"2J";"-0.703"
"2020-01-29";"10J0";"-0.686"
"2020-01-29";"E";"-0.759"
"2020-01-29";"K";"-0.498"
"2020-01-29";"P";"-0.392"
"2020-01-29";"GK";"-0.287"
"2020-01-29";"IKH";"-0.025"
"2020-01-30";"2J";"-0.704"
"2020-01-30";"10J0";"-0.708"
"2020-01-30";"E";"-0.775"
"2020-01-30";"K";"-0.508"
"2020-01-30";"P";"-0.399"
"2020-01-30";"GK";"-0.295"
"2020-01-30";"IKH";"-0.04"
"2020-01-31";"2J";"-0.707"
"2020-01-31";"10J0";"-0.698"
"2020-01-31";"E";"-0.765"
"2020-01-31";"K";"-0.496"
"2020-01-31";"P";"-0.387"
"2020-01-31";"GK";"-0.283"
"2020-01-31";"IKH";"-0.023"
"2020-02-03";"2J";"-0.728"
"2020-02-03";"10J0";"-0.719"
"2020-02-03";"E";"-0.784"
"2020-02-03";"K";"-0.516"
"2020-02-03";"P";"-0.409"
"2020-02-03";"GK";"-0.3"
"2020-02-03";"IKH";"-0.045"
"2020-02-04";"2J";"-0.706"
"2020-02-04";"10J0";"-0.687"
"2020-02-04";"E";"-0.752"
"2020-02-04";"K";"-0.492"
"2020-02-04";"P";"-0.377"
"2020-02-04";"GK";"-0.275"
"2020-02-04";"IKH";"-0.003"
"2020-02-05";"2J";"-0.691"
"2020-02-05";"10J0";"-0.661"
"2020-02-05";"E";"-0.729"
"2020-02-05";"K";"-0.461"
"2020-02-05";"P";"-0.346"
"2020-02-05";"GK";"-0.245"
"2020-02-05";"IKH";"0"
"2020-02-06";"2J";"-0.676"
"2020-02-06";"10J0";"-0.635"
"2020-02-06";"E";"-0.703"
"2020-02-06";"K";"-0.43"
"2020-02-06";"P";"-0.319"
"2020-02-06";"GK";"-0.216"
"2020-02-06";"IKH";"0.031"
"2020-02-07";"2J";"-0.679"
"2020-02-07";"10J0";"-0.658"
"2020-02-07";"E";"-0.725"
"2020-02-07";"K";"-0.454"
"2020-02-07";"P";"-0.343"
"2020-02-07";"GK";"-0.24"
"2020-02-07";"IKH";"0.007"
"2020-02-10";"2J";"-0.689"
"2020-02-10";"10J0";"-0.672"
"2020-02-10";"E";"-0.743"
"2020-02-10";"K";"-0.478"
"2020-02-10";"P";"-0.364"
"2020-02-10";"GK";"-0.265"
"2020-02-10";"IKH";"-0.013"
"2020-02-11";"2J";"-0.694"
"2020-02-11";"10J0";"-0.664"
"2020-02-11";"E";"-0.738"
"2020-02-11";"K";"-0.476"
"2020-02-11";"P";"-0.367"
"2020-02-11";"GK";"-0.263"
"2020-02-11";"IKH";"0.104"
"2020-02-12";"2J";"-0.691"
"2020-02-12";"10J0";"-0.638"
"2020-02-12";"E";"-0.714"
"2020-02-12";"K";"-0.454"
"2020-02-12";"P";"-0.344"
"2020-02-12";"GK";"-0.243"
"2020-02-12";"IKH";"0.023"
"2020-02-13";"2J";"-0.695"
"2020-02-13";"10J0";"-0.685"
"2020-02-13";"E";"-0.753"
"2020-02-13";"K";"-0.491"
"2020-02-13";"P";"-0.378"
"2020-02-13";"GK";"-0.282"
"2020-02-13";"IKH";"0.092"
"2020-02-14";"2J";"-0.712"
"2020-02-14";"10J0";"-0.679"
"2020-02-14";"E";"-0.752"
"2020-02-14";"K";"-0.489"
"2020-02-14";"P";"-0.374"
"2020-02-14";"GK";"-0.28"
"2020-02-14";"IKH";"0.084"
"2020-02-17";"2J";"-0.732"
"2020-02-17";"10J0";"-0.684"
"2020-02-17";"E";"-0.757"
"2020-02-17";"K";"-0.49"
"2020-02-17";"P";"-0.369"
"2020-02-17";"GK";"-0.283"
"2020-02-17";"IKH";"-0.024"
"2020-02-18";"2J";"-0.73"
"2020-02-18";"10J0";"-0.692"
"2020-02-18";"E";"-0.766"
"2020-02-18";"K";"-0.514"
"2020-02-18";"P";"-0.392"
"2020-02-18";"GK";"-0.306"
"2020-02-18";"IKH";"-0.052"
"2020-02-19";"2J";"-0.743"
"2020-02-19";"10J0";"-0.689"
"2020-02-19";"E";"-0.763"
"2020-02-19";"K";"-0.525"
"2020-02-19";"P";"-0.396"
"2020-02-19";"GK";"-0.316"
"2020-02-19";"IKH";"-0.064"
"2020-02-20";"2J";"-0.753"
"2020-02-20";"10J0";"-0.704"
"2020-02-20";"E";"-0.777"
"2020-02-20";"K";"-0.537"
"2020-02-20";"P";"-0.413"
"2020-02-20";"GK";"-0.333"
"2020-02-20";"IKH";"0.033"
"2020-02-21";"2J";"-0.754"
"2020-02-21";"10J0";"-0.74"
"2020-02-21";"E";"-0.81"
"2020-02-21";"K";"-0.556"
"2020-02-21";"P";"-0.44"
"2020-02-21";"GK";"-0.354"
"2020-02-21";"IKH";"-0.123"
"2020-02-24";"2J";"-0.773"
"2020-02-24";"10J0";"-0.783"
"2020-02-24";"E";"-0.846"
"2020-02-24";"K";"-0.589"
"2020-02-24";"P";"-0.476"
"2020-02-24";"GK";"-0.391"
"2020-02-24";"IKH";"-0.137"
"2020-02-25";"2J";"-0.767"
"2020-02-25";"10J0";"-0.771"
"2020-02-25";"E";"-0.837"
"2020-02-25";"K";"-0.573"
"2020-02-25";"P";"-0.462"
"2020-02-25";"GK";"-0.377"
"2020-02-25";"IKH";"-0.01"
"2020-02-26";"2J";"-0.784"
"2020-02-26";"10J0";"-0.793"
"2020-02-26";"E";"-0.857"
"2020-02-26";"K";"-0.596"
"2020-02-26";"P";"-0.489"
"2020-02-26";"GK";"-0.401"
"2020-02-26";"IKH";"-0.129"
"2020-02-27";"2J";"-0.77"
"2020-02-27";"10J0";"-0.781"
"2020-02-27";"E";"-0.845"
"2020-02-27";"K";"-0.587"
"2020-02-27";"P";"-0.477"
"2020-02-27";"GK";"-0.387"
"2020-02-27";"IKH";"-0.12"
"2020-02-28";"2J";"-0.785"
"2020-02-28";"10J0";"-0.832"
"2020-02-28";"E";"-0.888"
"2020-02-28";"K";"-0.626"
"2020-02-28";"P";"-0.51"
"2020-02-28";"GK";"-0.426"
"2020-02-28";"IKH";"-0.143"
"2020-03-02";"2J";"-0.813"
"2020-03-02";"10J0";"-0.833"
"2020-03-02";"E";"-0.889"
"2020-03-02";"K";"-0.631"
"2020-03-02";"P";"-0.513"
"2020-03-02";"GK";"-0.428"
"2020-03-02";"IKH";"-0.137"
"2020-03-03";"2J";"-0.797"
"2020-03-03";"10J0";"-0.816"
"2020-03-03";"E";"-0.868"
"2020-03-03";"K";"-0.604"
"2020-03-03";"P";"-0.491"
"2020-03-03";"GK";"-0.403"
"2020-03-03";"IKH";"-0.106"
"2020-03-04";"2J";"-0.769"
"2020-03-04";"10J0";"-0.821"
"2020-03-04";"E";"-0.873"
"2020-03-04";"K";"-0.61"
"2020-03-04";"P";"-0.498"
"2020-03-04";"GK";"-0.414"
"2020-03-04";"IKH";"-0.11"
"2020-03-05";"2J";"-0.832"
"2020-03-05";"10J0";"-0.766"
"2020-03-05";"E";"-0.83"
"2020-03-05";"K";"-0.566"
"2020-03-05";"P";"-0.461"
"2020-03-05";"GK";"-0.372"
"2020-03-05";"IKH";"0.039"
"2020-03-06";"2J";"-0.858"
"2020-03-06";"10J0";"-0.811"
"2020-03-06";"E";"-0.872"
"2020-03-06";"K";"-0.591"
"2020-03-06";"P";"-0.48"
"2020-03-06";"GK";"-0.394"
"2020-03-06";"IKH";"0.039"
"2020-03-09";"2J";"-0.835"
"2020-03-09";"10J0";"-0.889"
"2020-03-09";"E";"-0.952"
"2020-03-09";"K";"-0.615"
"2020-03-09";"P";"-0.507"
"2020-03-09";"GK";"-0.406"
"2020-03-09";"IKH";"0.027"
"2020-03-10";"2J";"-0.892"
"2020-03-10";"10J0";"-0.866"
"2020-03-10";"E";"-0.92"
"2020-03-10";"K";"-0.548"
"2020-03-10";"P";"-0.415"
"2020-03-10";"GK";"-0.326"
"2020-03-10";"IKH";"0.111"
"2020-03-11";"2J";"-0.884"
"2020-03-11";"10J0";"-0.805"
"2020-03-11";"E";"-0.86"
"2020-03-11";"K";"-0.56"
"2020-03-11";"P";"-0.421"
"2020-03-11";"GK";"-0.332"
"2020-03-11";"IKH";"0.095"
"2020-03-12";"2J";"-0.939"
"2020-03-12";"10J0";"-0.81"
"2020-03-12";"E";"-0.849"
"2020-03-12";"K";"-0.561"
"2020-03-12";"P";"-0.428"
"2020-03-12";"GK";"-0.319"
"2020-03-12";"IKH";"0.229"
"2020-03-13";"2J";"-0.889"
"2020-03-13";"10J0";"-0.661"
"2020-03-13";"E";"-0.698"
"2020-03-13";"K";"-0.414"
"2020-03-13";"P";"-0.292"
"2020-03-13";"GK";"-0.213"
"2020-03-13";"IKH";"0.393"
"2020-03-16";"2J";"-0.89"
"2020-03-16";"10J0";"-0.577"
"2020-03-16";"E";"-0.625"
"2020-03-16";"K";"-0.303"
"2020-03-16";"P";"-0.161"
"2020-03-16";"GK";"-0.052"
"2020-03-16";"IKH";"0.56"
"2020-03-17";"2J";"-0.892"
"2020-03-17";"10J0";"-0.485"
"2020-03-17";"E";"-0.55"
"2020-03-17";"K";"-0.211"
"2020-03-17";"P";"-0.052"
"2020-03-17";"GK";"0.071"
"2020-03-17";"IKH";"0.716"
"2020-03-18";"2J";"-0.888"
"2020-03-18";"10J0";"-0.494"
"2020-03-18";"E";"-0.544"
"2020-03-18";"K";"-0.158"
"2020-03-18";"P";"0.011"
"2020-03-18";"GK";"0.15"
"2020-03-18";"IKH";"0.765"
"2020-03-19";"2J";"-0.917"
"2020-03-19";"10J0";"-0.39"
"2020-03-19";"E";"-0.447"
"2020-03-19";"K";"-0.114"
"2020-03-19";"P";"0.054"
"2020-03-19";"GK";"0.199"
"2020-03-19";"IKH";"0.849"
"2020-03-20";"2J";"-0.936"
"2020-03-20";"10J0";"-0.334"
"2020-03-20";"E";"-0.406"
"2020-03-20";"K";"-0.043"
"2020-03-20";"P";"0.108"
"2020-03-20";"GK";"0.254"
"2020-03-20";"IKH";"0.921"
"2020-03-23";"2J";"-0.791"
"2020-03-23";"10J0";"-0.416"
"2020-03-23";"E";"-0.486"
"2020-03-23";"K";"-0.114"
"2020-03-23";"P";"0.034"
"2020-03-23";"GK";"0.193"
"2020-03-23";"IKH";"0.922"
"2020-03-24";"2J";"-0.761"
"2020-03-24";"10J0";"-0.36"
"2020-03-24";"E";"-0.429"
"2020-03-24";"K";"-0.072"
"2020-03-24";"P";"0.08"
"2020-03-24";"GK";"0.255"
"2020-03-24";"IKH";"0.964"
"2020-03-25";"2J";"-0.725"
"2020-03-25";"10J0";"-0.281"
"2020-03-25";"E";"-0.36"
"2020-03-25";"K";"-0.015"
"2020-03-25";"P";"0.165"
"2020-03-25";"GK";"0.317"
"2020-03-25";"IKH";"1.022"
"2020-03-26";"2J";"-0.703"
"2020-03-26";"10J0";"-0.284"
"2020-03-26";"E";"-0.365"
"2020-03-26";"K";"0.003"
"2020-03-26";"P";"0.17"
"2020-03-26";"GK";"0.286"
"2020-03-26";"IKH";"1.011"
"2020-03-27";"2J";"-0.674"
"2020-03-27";"10J0";"-0.32"
"2020-03-27";"E";"-0.4"
"2020-03-27";"K";"-0.033"
"2020-03-27";"P";"0.134"
"2020-03-27";"GK";"0.296"
"2020-03-27";"IKH";"1.005"
"2020-03-30";"2J";"-0.7"
"2020-03-30";"10J0";"-0.375"
"2020-03-30";"E";"-0.456"
"2020-03-30";"K";"-0.12"
"2020-03-30";"P";"0.068"
"2020-03-30";"GK";"0.228"
"2020-03-30";"IKH";"0.783"
"2020-03-31";"2J";"-0.625"
"2020-03-31";"10J0";"-0.368"
"2020-03-31";"E";"-0.428"
"2020-03-31";"K";"-0.104"
"2020-03-31";"P";"0.084"
"2020-03-31";"GK";"0.202"
"2020-03-31";"IKH";"0.933"
"2020-04-01";"2J";"-0.599"
"2020-04-01";"10J0";"-0.354"
"2020-04-01";"E";"-0.43"
"2020-04-01";"K";"-0.112"
"2020-04-01";"P";"0.065"
"2020-04-01";"GK";"0.184"
"2020-04-01";"IKH";"0.891"
"2020-04-02";"2J";"-0.58"
"2020-04-02";"10J0";"-0.317"
"2020-04-02";"E";"-0.395"
"2020-04-02";"K";"-0.084"
"2020-04-02";"P";"0.085"
"2020-04-02";"GK";"0.215"
"2020-04-02";"IKH";"0.917"
"2020-04-03";"2J";"-0.586"
"2020-04-03";"10J0";"-0.324"
"2020-04-03";"E";"-0.394"
"2020-04-03";"K";"-0.137"
"2020-04-03";"P";"0.039"
"2020-04-03";"GK";"0.147"
"2020-04-03";"IKH";"0.862"
"2020-04-06";"2J";"-0.607"
"2020-04-06";"10J0";"-0.33"
"2020-04-06";"E";"-0.39"
"2020-04-06";"K";"-0.111"
"2020-04-06";"P";"0.063"
"2020-04-06";"GK";"0.212"
"2020-04-06";"IKH";"0.885"
"2020-04-07";"2J";"-0.589"
"2020-04-07";"10J0";"-0.283"
"2020-04-07";"E";"-0.355"
"2020-04-07";"K";"-0.076"
"2020-04-07";"P";"0.089"
"2020-04-07";"GK";"0.255"
"2020-04-07";"IKH";"0.887"
"2020-04-08";"2J";"-0.56"
"2020-04-08";"10J0";"-0.252"
"2020-04-08";"E";"-0.328"
"2020-04-08";"K";"-0.057"
"2020-04-08";"P";"0.104"
"2020-04-08";"GK";"0.273"
"2020-04-08";"IKH";"0.911"
"2020-04-09";"2J";"-0.562"
"2020-04-09";"10J0";"-0.259"
"2020-04-09";"E";"-0.334"
"2020-04-09";"K";"-0.034"
"2020-04-09";"P";"0.119"
"2020-04-09";"GK";"0.287"
"2020-04-09";"IKH";"0.909"
"2020-04-10";"2J";
"2020-04-10";"10J0";
"2020-04-10";"E";
"2020-04-10";"K";
"2020-04-10";"P";
"2020-04-10";"GK";
"2020-04-10";"IKH";
"2020-04-13";"2J";
"2020-04-13";"10J0";
"2020-04-13";"E";
"2020-04-13";"K";
"2020-04-13";"P";
"2020-04-13";"GK";
"2020-04-13";"IKH";
"2020-04-14";"2J";"-0.609"
"2020-04-14";"10J0";"-0.322"
"2020-04-14";"E";"-0.403"
"2020-04-14";"K";"-0.065"
"2020-04-14";"P";"0.08"
"2020-04-14";"GK";"0.239"
"2020-04-14";"IKH";"0.839"
"2020-04-15";"2J";"-0.612"
"2020-04-15";"10J0";"-0.37"
"2020-04-15";"E";"-0.444"
"2020-04-15";"K";"-0.104"
"2020-04-15";"P";"0.041"
"2020-04-15";"GK";"0.203"
"2020-04-15";"IKH";"0.771"
"2020-04-16";"2J";"-0.61"
"2020-04-16";"10J0";"-0.366"
"2020-04-16";"E";"-0.44"
"2020-04-16";"K";"-0.1"
"2020-04-16";"P";"0.046"
"2020-04-16";"GK";"0.215"
"2020-04-16";"IKH";"0.793"
"2020-04-17";"2J";"-0.634"
"2020-04-17";"10J0";"-0.419"
"2020-04-17";"E";"-0.49"
"2020-04-17";"K";"-0.133"
"2020-04-17";"P";"0.009"
"2020-04-17";"GK";"0.178"
"2020-04-17";"IKH";"0.738"
"2020-04-20";"2J";"-0.67"
"2020-04-20";"10J0";"-0.472"
"2020-04-20";"E";"-0.54"
"2020-04-20";"K";"-0.169"
"2020-04-20";"P";"-0.026"
"2020-04-20";"GK";"0.146"
"2020-04-20";"IKH";"0.72"
"2020-04-21";"2J";"-0.657"
"2020-04-21";"10J0";"-0.436"
"2020-04-21";"E";"-0.505"
"2020-04-21";"K";"-0.141"
"2020-04-21";"P";"0.01"
"2020-04-21";"GK";"0.175"
"2020-04-21";"IKH";"0.727"
"2020-04-22";"2J";"-0.654"
"2020-04-22";"10J0";"-0.428"
"2020-04-22";"E";"-0.492"
"2020-04-22";"K";"-0.128"
"2020-04-22";"P";"0.021"
"2020-04-22";"GK";"0.191"
"2020-04-22";"IKH";"0.754"
"2020-04-23";"2J";"-0.619"
"2020-04-23";"10J0";"-0.378"
"2020-04-23";"E";"-0.442"
"2020-04-23";"K";"-0.089"
"2020-04-23";"P";"0.058"
"2020-04-23";"GK";"0.228"
"2020-04-23";"IKH";"0.783"
"2020-04-24";"2J";"-0.619"
"2020-04-24";"10J0";"-0.425"
"2020-04-24";"E";"-0.491"
"2020-04-24";"K";"-0.123"
"2020-04-24";"P";"0.034"
"2020-04-24";"GK";"0.192"
"2020-04-24";"IKH";"0.721"
"2020-04-27";"2J";"-0.672"
"2020-04-27";"10J0";"-0.463"
"2020-04-27";"E";"-0.528"
"2020-04-27";"K";"-0.162"
"2020-04-27";"P";"-0.008"
"2020-04-27";"GK";"0.146"
"2020-04-27";"IKH";"0.571"
"2020-04-28";"2J";"-0.647"
"2020-04-28";"10J0";"-0.449"
"2020-04-28";"E";"-0.511"
"2020-04-28";"K";"-0.15"
"2020-04-28";"P";"-0.004"
"2020-04-28";"GK";"0.155"
"2020-04-28";"IKH";"0.572"
"2020-04-29";"2J";"-0.644"
"2020-04-29";"10J0";"-0.48"
"2020-04-29";"E";"-0.54"
"2020-04-29";"K";"-0.173"
"2020-04-29";"P";"-0.04"
"2020-04-29";"GK";"0.129"
"2020-04-29";"IKH";"0.657"
"2020-04-30";"2J";"-0.652"
"2020-04-30";"10J0";"-0.487"
"2020-04-30";"E";"-0.544"
"2020-04-30";"K";"-0.171"
"2020-04-30";"P";"-0.035"
"2020-04-30";"GK";"0.127"
"2020-04-30";"IKH";"0.529"
"2020-05-01";"2J";
"2020-05-01";"10J0";
"2020-05-01";"E";
"2020-05-01";"K";
"2020-05-01";"P";
"2020-05-01";"GK";
"2020-05-01";"IKH";
"2020-05-04";"2J";"-0.657"
"2020-05-04";"10J0";"-0.522"
"2020-05-04";"E";"-0.577"
"2020-05-04";"K";"-0.209"
"2020-05-04";"P";"-0.073"
"2020-05-04";"GK";"0.096"
"2020-05-04";"IKH";"0.609"
"2020-05-05";"2J";"-0.652"
"2020-05-05";"10J0";"-0.513"
"2020-05-05";"E";"-0.577"
"2020-05-05";"K";"-0.192"
"2020-05-05";"P";"-0.06"
"2020-05-05";"GK";"0.108"
"2020-05-05";"IKH";"0.633"
"2020-05-06";"2J";"-0.649"
"2020-05-06";"10J0";"-0.533"
"2020-05-06";"E";"-0.592"
"2020-05-06";"K";"-0.235"
"2020-05-06";"P";"-0.099"
"2020-05-06";"GK";"0.072"
"2020-05-06";"IKH";"0.58"
"2020-05-07";"2J";"-0.65"
"2020-05-07";"10J0";"-0.494"
"2020-05-07";"E";"-0.557"
"2020-05-07";"K";"-0.209"
"2020-05-07";"P";"-0.072"
"2020-05-07";"GK";"0.087"
"2020-05-07";"IKH";"0.598"
"2020-05-08";"2J";"-0.658"
"2020-05-08";"10J0";"-0.529"
"2020-05-08";"E";"-0.581"
"2020-05-08";"K";"-0.235"
"2020-05-08";"P";"-0.098"
"2020-05-08";"GK";"0.058"
"2020-05-08";"IKH";"0.588"
"2020-05-11";"2J";"-0.646"
"2020-05-11";"10J0";"-0.506"
"2020-05-11";"E";"-0.559"
"2020-05-11";"K";"-0.217"
"2020-05-11";"P";"-0.073"
"2020-05-11";"GK";"0.079"
"2020-05-11";"IKH";"0.603"
"2020-05-12";"2J";"-0.637"
"2020-05-12";"10J0";"-0.479"
"2020-05-12";"E";"-0.532"
"2020-05-12";"K";"-0.215"
"2020-05-12";"P";"-0.071"
"2020-05-12";"GK";"0.081"
"2020-05-12";"IKH";"0.608"
"2020-05-13";"2J";"-0.654"
"2020-05-13";"10J0";"-0.541"
"2020-05-13";"E";"-0.586"
"2020-05-13";"K";"-0.266"
"2020-05-13";"P";"-0.116"
"2020-05-13";"GK";"0.037"
"2020-05-13";"IKH";"0.569"
"2020-05-14";"2J";"-0.539"
"2020-05-14";"10J0";"-0.526"
"2020-05-14";"E";"-0.527"
"2020-05-14";"K";"-0.276"
"2020-05-14";"P";"-0.132"
"2020-05-14";"GK";"0.027"
"2020-05-14";"IKH";"0.557"
"2020-05-15";"2J";"-0.647"
"2020-05-15";"10J0";"-0.524"
"2020-05-15";"E";"-0.568"
"2020-05-15";"K";"-0.26"
"2020-05-15";"P";"-0.12"
"2020-05-15";"GK";"0.037"
"2020-05-15";"IKH";"0.576"
"2020-05-18";"2J";"-0.665"
"2020-05-18";"10J0";"-0.552"
"2020-05-18";"E";"-0.595"
"2020-05-18";"K";"-0.27"
"2020-05-18";"P";"-0.134"
"2020-05-18";"GK";"0.035"
"2020-05-18";"IKH";"0.459"
"2020-05-19";"2J";"-0.643"
"2020-05-19";"10J0";"-0.52"
"2020-05-19";"E";"-0.57"
"2020-05-19";"K";"-0.247"
"2020-05-19";"P";"-0.11"
"2020-05-19";"GK";"0.051"
"2020-05-19";"IKH";"0.569"
"2020-05-20";"2J";"-0.656"
"2020-05-20";"10J0";"-0.502"
"2020-05-20";"E";"-0.548"
"2020-05-20";"K";"-0.241"
"2020-05-20";"P";"-0.1"
"2020-05-20";"GK";"0.064"
"2020-05-20";"IKH";"0.578"
"2020-05-21";"2J";
"2020-05-21";"10J0";
"2020-05-21";"E";
"2020-05-21";"K";
"2020-05-21";"P";
"2020-05-21";"GK";
"2020-05-21";"IKH";
"2020-05-22";"2J";"-0.673"
"2020-05-22";"10J0";"-0.514"
"2020-05-22";"E";"-0.563"
"2020-05-22";"K";"-0.243"
"2020-05-22";"P";"-0.113"
"2020-05-22";"GK";"0.056"
"2020-05-22";"IKH";"0.471"
"2020-05-25";"2J";"-0.669"
"2020-05-25";"10J0";"-0.512"
"2020-05-25";"E";"-0.56"
"2020-05-25";"K";"-0.237"
"2020-05-25";"P";"-0.104"
"2020-05-25";"GK";"0.06"
"2020-05-25";"IKH";"0.469"
"2020-05-26";"2J";"-0.663"
"2020-05-26";"10J0";"-0.465"
"2020-05-26";"E";"-0.516"
"2020-05-26";"K";"-0.193"
"2020-05-26";"P";"-0.052"
"2020-05-26";"GK";"0.1"
"2020-05-26";"IKH";"0.603"
"2020-05-27";"2J";"-0.652"
"2020-05-27";"10J0";"-0.474"
"2020-05-27";"E";"-0.525"
"2020-05-27";"K";"-0.19"
"2020-05-27";"P";"-0.053"
"2020-05-27";"GK";"0.103"
"2020-05-27";"IKH";"0.594"
"2020-05-28";"2J";"-0.645"
"2020-05-28";"10J0";"-0.445"
"2020-05-28";"E";"-0.496"
"2020-05-28";"K";"-0.183"
"2020-05-28";"P";"-0.054"
"2020-05-28";"GK";"0.112"
"2020-05-28";"IKH";"0.602"
"2020-05-29";"2J";"-0.639"
"2020-05-29";"10J0";"-0.471"
"2020-05-29";"E";"-0.522"
"2020-05-29";"K";"-0.201"
"2020-05-29";"P";"-0.072"
"2020-05-29";"GK";"0.102"
"2020-05-29";"IKH";"0.475"
"2020-06-01";"2J";
"2020-06-01";"10J0";
"2020-06-01";"E";
"2020-06-01";"K";
"2020-06-01";"P";
"2020-06-01";"GK";
"2020-06-01";"IKH";
"2020-06-02";"2J";"-0.646"
"2020-06-02";"10J0";"-0.432"
"2020-06-02";"E";"-0.486"
"2020-06-02";"K";"-0.179"
"2020-06-02";"P";"-0.05"
"2020-06-02";"GK";"0.11"
"2020-06-02";"IKH";"0.585"
"2020-06-03";"2J";"-0.64"
"2020-06-03";"10J0";"-0.403"
"2020-06-03";"E";"-0.459"
"2020-06-03";"K";"-0.154"
"2020-06-03";"P";"-0.025"
"2020-06-03";"GK";"0.133"
"2020-06-03";"IKH";"0.492"
"2020-06-04";"2J";"-0.616"
"2020-06-04";"10J0";"-0.374"
"2020-06-04";"E";"-0.433"
"2020-06-04";"K";"-0.144"
"2020-06-04";"P";"-0.016"
"2020-06-04";"GK";"0.139"
"2020-06-04";"IKH";"0.498"
"2020-06-05";"2J";"-0.621"
"2020-06-05";"10J0";"-0.334"
"2020-06-05";"E";"-0.397"
"2020-06-05";"K";"-0.099"
"2020-06-05";"P";"0.022"
"2020-06-05";"GK";"0.175"
"2020-06-05";"IKH";"0.62"
"2020-06-08";"2J";"-0.604"
"2020-06-08";"10J0";"-0.3"
"2020-06-08";"E";"-0.366"
"2020-06-08";"K";"-0.089"
"2020-06-08";"P";"0.021"
"2020-06-08";"GK";"0.187"
"2020-06-08";"IKH";"0.619"
"2020-06-09";"2J";"-0.587"
"2020-06-09";"10J0";"-0.324"
"2020-06-09";"E";"-0.393"
"2020-06-09";"K";"-0.113"
"2020-06-09";"P";"-0.012"
"2020-06-09";"GK";"0.135"
"2020-06-09";"IKH";"0.588"
"2020-06-10";"2J";"-0.627"
"2020-06-10";"10J0";"-0.297"
"2020-06-10";"E";"-0.364"
"2020-06-10";"K";"-0.103"
"2020-06-10";"P";"0.005"
"2020-06-10";"GK";"0.137"
"2020-06-10";"IKH";"0.588"
"2020-06-11";"2J";"-0.633"
"2020-06-11";"10J0";"-0.36"
"2020-06-11";"E";"-0.421"
"2020-06-11";"K";"-0.123"
"2020-06-11";"P";"-0.019"
"2020-06-11";"GK";"0.121"
"2020-06-11";"IKH";"0.568"
"2020-06-12";"2J";"-0.657"
"2020-06-12";"10J0";"-0.437"
"2020-06-12";"E";"-0.495"
"2020-06-12";"K";"-0.161"
"2020-06-12";"P";"-0.057"
"2020-06-12";"GK";"0.096"
"2020-06-12";"IKH";"0.451"
"2020-06-15";"2J";"-0.656"
"2020-06-15";"10J0";"-0.483"
"2020-06-15";"E";"-0.539"
"2020-06-15";"K";"-0.192"
"2020-06-15";"P";"-0.086"
"2020-06-15";"GK";"0.059"
"2020-06-15";"IKH";"0.504"
"2020-06-16";"2J";"-0.632"
"2020-06-16";"10J0";"-0.406"
"2020-06-16";"E";"-0.471"
"2020-06-16";"K";"-0.149"
"2020-06-16";"P";"-0.044"
"2020-06-16";"GK";"0.1"
"2020-06-16";"IKH";"0.457"
"2020-06-17";"2J";"-0.632"
"2020-06-17";"10J0";"-0.378"
"2020-06-17";"E";"-0.447"
"2020-06-17";"K";"-0.135"
"2020-06-17";"P";"-0.043"
"2020-06-17";"GK";"0.11"
"2020-06-17";"IKH";"0.555"
"2020-06-18";"2J";"-0.621"
"2020-06-18";"10J0";"-0.402"
"2020-06-18";"E";"-0.47"
"2020-06-18";"K";"-0.168"
"2020-06-18";"P";"-0.068"
"2020-06-18";"GK";"0.087"
"2020-06-18";"IKH";"0.526"
"2020-06-19";"2J";"-0.622"
"2020-06-19";"10J0";"-0.399"
"2020-06-19";"E";"-0.464"
"2020-06-19";"K";"-0.162"
"2020-06-19";"P";"-0.068"
"2020-06-19";"GK";"0.085"
"2020-06-19";"IKH";"0.523"
"2020-06-22";"2J";"-0.649"
"2020-06-22";"10J0";"-0.406"
"2020-06-22";"E";"-0.472"
"2020-06-22";"K";"-0.167"
"2020-06-22";"P";"-0.074"
"2020-06-22";"GK";"0.088"
"2020-06-22";"IKH";"0.505"
"2020-06-23";"2J";"-0.623"
"2020-06-23";"10J0";"-0.393"
"2020-06-23";"E";"-0.459"
"2020-06-23";"K";"-0.146"
"2020-06-23";"P";"-0.053"
"2020-06-23";"GK";"0.105"
"2020-06-23";"IKH";"0.421"
"2020-06-24";"2J";"-0.634"
"2020-06-24";"10J0";"-0.377"
"2020-06-24";"E";"-0.443"
"2020-06-24";"K";"-0.126"
"2020-06-24";"P";"-0.033"
"2020-06-24";"GK";"0.124"
"2020-06-24";"IKH";"0.466"
"2020-06-25";"2J";"-0.634"
"2020-06-25";"10J0";"-0.418"
"2020-06-25";"E";"-0.474"
"2020-06-25";"K";"-0.147"
"2020-06-25";"P";"-0.056"
"2020-06-25";"GK";"0.101"
"2020-06-25";"IKH";"0.54"
"2020-06-26";"2J";"-0.628"
"2020-06-26";"10J0";"-0.43"
"2020-06-26";"E";"-0.483"
"2020-06-26";"K";"-0.158"
"2020-06-26";"P";"-0.061"
"2020-06-26";"GK";"0.087"
"2020-06-26";"IKH";"0.426"
"2020-06-29";"2J";"-0.637"
"2020-06-29";"10J0";"-0.435"
"2020-06-29";"E";"-0.49"
"2020-06-29";"K";"-0.162"
"2020-06-29";"P";"-0.066"
"2020-06-29";"GK";"0.084"
"2020-06-29";"IKH";"0.524"
"2020-06-30";"2J";"-0.652"
"2020-06-30";"10J0";"-0.439"
"2020-06-30";"E";"-0.493"
"2020-06-30";"K";"-0.167"
"2020-06-30";"P";"-0.074"
"2020-06-30";"GK";"0.08"
"2020-06-30";"IKH";"0.427"
"2020-07-01";"2J";"-0.649"
"2020-07-01";"10J0";"-0.435"
"2020-07-01";"E";"-0.493"
"2020-07-01";"K";"-0.152"
"2020-07-01";"P";"-0.059"
"2020-07-01";"GK";"0.094"
"2020-07-01";"IKH";"0.537"
"2020-07-02";"2J";"-0.669"
"2020-07-02";"10J0";"-0.404"
"2020-07-02";"E";"-0.462"
"2020-07-02";"K";"-0.14"
"2020-07-02";"P";"-0.048"
"2020-07-02";"GK";"0.101"
"2020-07-02";"IKH";"0.438"
"2020-07-03";"2J";"-0.664"
"2020-07-03";"10J0";"-0.399"
"2020-07-03";"E";"-0.463"
"2020-07-03";"K";"-0.154"
"2020-07-03";"P";"-0.067"
"2020-07-03";"GK";"0.09"
"2020-07-03";"IKH";"0.531"
"2020-07-06";"2J";"-0.653"
"2020-07-06";"10J0";"-0.383"
"2020-07-06";"E";"-0.449"
"2020-07-06";"K";"-0.152"
"2020-07-06";"P";"-0.059"
"2020-07-06";"GK";"0.092"
"2020-07-06";"IKH";"0.529"
"2020-07-07";"2J";"-0.661"
"2020-07-07";"10J0";"-0.387"
"2020-07-07";"E";"-0.455"
"2020-07-07";"K";"-0.157"
"2020-07-07";"P";"-0.066"
"2020-07-07";"GK";"0.087"
"2020-07-07";"IKH";"0.422"
"2020-07-08";"2J";"-0.668"
"2020-07-08";"10J0";"-0.38"
"2020-07-08";"E";"-0.445"
"2020-07-08";"K";"-0.159"
"2020-07-08";"P";"-0.066"
"2020-07-08";"GK";"0.083"
"2020-07-08";"IKH";"0.419"
"2020-07-09";"2J";"-0.694"
"2020-07-09";"10J0";"-0.415"
"2020-07-09";"E";"-0.476"
"2020-07-09";"K";"-0.164"
"2020-07-09";"P";"-0.076"
"2020-07-09";"GK";"0.079"
"2020-07-09";"IKH";"0.514"
"2020-07-10";"2J";"-0.717"
"2020-07-10";"10J0";"-0.448"
"2020-07-10";"E";"-0.511"
"2020-07-10";"K";"-0.205"
"2020-07-10";"P";"-0.131"
"2020-07-10";"GK";"0.036"
"2020-07-10";"IKH";"0.48"
"2020-07-13";"2J";"-0.739"
"2020-07-13";"10J0";"-0.437"
"2020-07-13";"E";"-0.505"
"2020-07-13";"K";"-0.197"
"2020-07-13";"P";"-0.124"
"2020-07-13";"GK";"0.04"
"2020-07-13";"IKH";"0.491"
"2020-07-14";"2J";"-0.732"
"2020-07-14";"10J0";"-0.419"
"2020-07-14";"E";"-0.487"
"2020-07-14";"K";"-0.176"
"2020-07-14";"P";"-0.107"
"2020-07-14";"GK";"0.063"
"2020-07-14";"IKH";"0.515"
"2020-07-15";"2J";"-0.738"
"2020-07-15";"10J0";"-0.431"
"2020-07-15";"E";"-0.498"
"2020-07-15";"K";"-0.195"
"2020-07-15";"P";"-0.117"
"2020-07-15";"GK";"0.048"
"2020-07-15";"IKH";"0.506"
"2020-07-16";"2J";"-0.731"
"2020-07-16";"10J0";"-0.434"
"2020-07-16";"E";"-0.501"
"2020-07-16";"K";"-0.191"
"2020-07-16";"P";"-0.118"
"2020-07-16";"GK";"0.051"
"2020-07-16";"IKH";"0.407"
"2020-07-17";"2J";"-0.758"
"2020-07-17";"10J0";"-0.445"
"2020-07-17";"E";"-0.512"
"2020-07-17";"K";"-0.204"
"2020-07-17";"P";"-0.132"
"2020-07-17";"GK";"0.034"
"2020-07-17";"IKH";"0.489"
"2020-07-20";"2J";"-0.737"
"2020-07-20";"10J0";"-0.425"
"2020-07-20";"E";"-0.493"
"2020-07-20";"K";"-0.184"
"2020-07-20";"P";"-0.112"
"2020-07-20";"GK";"0.054"
"2020-07-20";"IKH";"0.507"
"2020-07-21";"2J";"-0.744"
"2020-07-21";"10J0";"-0.42"
"2020-07-21";"E";"-0.488"
"2020-07-21";"K";"-0.175"
"2020-07-21";"P";"-0.103"
"2020-07-21";"GK";"0.062"
"2020-07-21";"IKH";"0.508"
"2020-07-22";"2J";"-0.745"
"2020-07-22";"10J0";"-0.449"
"2020-07-22";"E";"-0.514"
"2020-07-22";"K";"-0.21"
"2020-07-22";"P";"-0.135"
"2020-07-22";"GK";"0.031"
"2020-07-22";"IKH";"0.486"
"2020-07-23";"2J";"-0.761"
"2020-07-23";"10J0";"-0.472"
"2020-07-23";"E";"-0.532"
"2020-07-23";"K";"-0.232"
"2020-07-23";"P";"-0.164"
"2020-07-23";"GK";"0.012"
"2020-07-23";"IKH";"0.465"
"2020-07-24";"2J";"-0.748"
"2020-07-24";"10J0";"-0.486"
"2020-07-24";"E";"-0.544"
"2020-07-24";"K";"-0.231"
"2020-07-24";"P";"-0.173"
"2020-07-24";"GK";"-0.003"
"2020-07-24";"IKH";"0.455"
"2020-07-27";"2J";"-0.761"
"2020-07-27";"10J0";"-0.475"
"2020-07-27";"E";"-0.537"
"2020-07-27";"K";"-0.218"
"2020-07-27";"P";"-0.158"
"2020-07-27";"GK";"0.004"
"2020-07-27";"IKH";"0.469"
"2020-07-28";"2J";"-0.76"
"2020-07-28";"10J0";"-0.499"
"2020-07-28";"E";"-0.558"
"2020-07-28";"K";"-0.24"
"2020-07-28";"P";"-0.179"
"2020-07-28";"GK";"-0.018"
"2020-07-28";"IKH";"0.447"
"2020-07-29";"2J";"-0.765"
"2020-07-29";"10J0";"-0.516"
"2020-07-29";"E";"-0.571"
"2020-07-29";"K";"-0.245"
"2020-07-29";"P";"-0.192"
"2020-07-29";"GK";"-0.027"
"2020-07-29";"IKH";"0.331"
"2020-07-30";"2J";"-0.76"
"2020-07-30";"10J0";"-0.516"
"2020-07-30";"E";"-0.569"
"2020-07-30";"K";"-0.254"
"2020-07-30";"P";"-0.206"
"2020-07-30";"GK";"-0.035"
"2020-07-30";"IKH";"0.321"
"2020-07-31";"2J";"-0.76"
"2020-07-31";"10J0";"-0.529"
"2020-07-31";"E";"-0.581"
"2020-07-31";"K";"-0.259"
"2020-07-31";"P";"-0.217"
"2020-07-31";"GK";"-0.045"
"2020-07-31";"IKH";"0.317"
"2020-08-03";"2J";"-0.771"
"2020-08-03";"10J0";"-0.52"
"2020-08-03";"E";"-0.57"
"2020-08-03";"K";"-0.253"
"2020-08-03";"P";"-0.215"
"2020-08-03";"GK";"-0.041"
"2020-08-03";"IKH";"0.314"
"2020-08-04";"2J";"-0.768"
"2020-08-04";"10J0";"-0.491"
"2020-08-04";"E";"-0.546"
"2020-08-04";"K";"-0.233"
"2020-08-04";"P";"-0.199"
"2020-08-04";"GK";"-0.018"
"2020-08-04";"IKH";"0.337"
"2020-08-05";"2J";"-0.776"
"2020-08-05";"10J0";"-0.495"
"2020-08-05";"E";"-0.55"
"2020-08-05";"K";"-0.234"
"2020-08-05";"P";"-0.184"
"2020-08-05";"GK";"-0.016"
"2020-08-05";"IKH";"0.333"
"2020-08-06";"2J";"-0.761"
"2020-08-06";"10J0";"-0.486"
"2020-08-06";"E";"-0.542"
"2020-08-06";"K";"-0.215"
"2020-08-06";"P";"-0.172"
"2020-08-06";"GK";"0.004"
"2020-08-06";"IKH";"0.446"
"2020-08-07";"2J";"-0.77"
"2020-08-07";"10J0";"-0.512"
"2020-08-07";"E";"-0.566"
"2020-08-07";"K";"-0.241"
"2020-08-07";"P";"-0.184"
"2020-08-07";"GK";"-0.027"
"2020-08-07";"IKH";"0.318"
"2020-08-10";"2J";"-0.797"
"2020-08-10";"10J0";"-0.516"
"2020-08-10";"E";"-0.571"
"2020-08-10";"K";"-0.245"
"2020-08-10";"P";"-0.19"
"2020-08-10";"GK";"-0.029"
"2020-08-10";"IKH";"0.415"
"2020-08-11";"2J";"-0.775"
"2020-08-11";"10J0";"-0.522"
"2020-08-11";"E";"-0.578"
"2020-08-11";"K";"-0.252"
"2020-08-11";"P";"-0.192"
"2020-08-11";"GK";"-0.039"
"2020-08-11";"IKH";"0.321"
"2020-08-12";"2J";"-0.771"
"2020-08-12";"10J0";"-0.454"
"2020-08-12";"E";"-0.515"
"2020-08-12";"K";"-0.2"
"2020-08-12";"P";"-0.132"
"2020-08-12";"GK";"0.014"
"2020-08-12";"IKH";"0.364"
"2020-08-13";"2J";"-0.762"
"2020-08-13";"10J0";"-0.455"
"2020-08-13";"E";"-0.517"
"2020-08-13";"K";"-0.188"
"2020-08-13";"P";"-0.138"
"2020-08-13";"GK";"0.025"
"2020-08-13";"IKH";"0.457"
"2020-08-14";"2J";"-0.755"
"2020-08-14";"10J0";"-0.422"
"2020-08-14";"E";"-0.484"
"2020-08-14";"K";"-0.159"
"2020-08-14";"P";"-0.112"
"2020-08-14";"GK";"0.051"
"2020-08-14";"IKH";"0.489"
"2020-08-17";"2J";"-0.763"
"2020-08-17";"10J0";"-0.442"
"2020-08-17";"E";"-0.504"
"2020-08-17";"K";"-0.169"
"2020-08-17";"P";"-0.12"
"2020-08-17";"GK";"0.038"
"2020-08-17";"IKH";"0.472"
"2020-08-18";"2J";"-0.761"
"2020-08-18";"10J0";"-0.454"
"2020-08-18";"E";"-0.517"
"2020-08-18";"K";"-0.178"
"2020-08-18";"P";"-0.12"
"2020-08-18";"GK";"0.032"
"2020-08-18";"IKH";"0.331"
"2020-08-19";"2J";"-0.765"
"2020-08-19";"10J0";"-0.471"
"2020-08-19";"E";"-0.531"
"2020-08-19";"K";"-0.196"
"2020-08-19";"P";"-0.133"
"2020-08-19";"GK";"0.011"
"2020-08-19";"IKH";"0.336"
"2020-08-20";"2J";"-0.761"
"2020-08-20";"10J0";"-0.463"
"2020-08-20";"E";"-0.524"
"2020-08-20";"K";"-0.193"
"2020-08-20";"P";"-0.147"
"2020-08-20";"GK";"0.023"
"2020-08-20";"IKH";"0.338"
"2020-08-21";"2J";"-0.773"
"2020-08-21";"10J0";"-0.498"
"2020-08-21";"E";"-0.558"
"2020-08-21";"K";"-0.225"
"2020-08-21";"P";"-0.176"
"2020-08-21";"GK";"-0.024"
"2020-08-21";"IKH";"0.32"
"2020-08-24";"2J";"-0.77"
"2020-08-24";"10J0";"-0.483"
"2020-08-24";"E";"-0.544"
"2020-08-24";"K";"-0.215"
"2020-08-24";"P";"-0.163"
"2020-08-24";"GK";"-0.015"
"2020-08-24";"IKH";"0.326"
"2020-08-25";"2J";"-0.776"
"2020-08-25";"10J0";"-0.45"
"2020-08-25";"E";"-0.513"
"2020-08-25";"K";"-0.188"
"2020-08-25";"P";"-0.127"
"2020-08-25";"GK";"0.014"
"2020-08-25";"IKH";"0.34"
"2020-08-26";"2J";"-0.767"
"2020-08-26";"10J0";"-0.422"
"2020-08-26";"E";"-0.484"
"2020-08-26";"K";"-0.166"
"2020-08-26";"P";"-0.118"
"2020-08-26";"GK";"0.035"
"2020-08-26";"IKH";"0.468"
"2020-08-27";"2J";"-0.769"
"2020-08-27";"10J0";"-0.46"
"2020-08-27";"E";"-0.522"
"2020-08-27";"K";"-0.193"
"2020-08-27";"P";"-0.147"
"2020-08-27";"GK";"0.008"
"2020-08-27";"IKH";"0.338"
"2020-08-28";"2J";"-0.764"
"2020-08-28";"10J0";"-0.389"
"2020-08-28";"E";"-0.462"
"2020-08-28";"K";"-0.147"
"2020-08-28";"P";"-0.091"
"2020-08-28";"GK";"0.059"
"2020-08-28";"IKH";"0.392"
"2020-08-31";"2J";"-0.774"
"2020-08-31";"10J0";"-0.41"
"2020-08-31";"E";"-0.482"
"2020-08-31";"K";"-0.155"
"2020-08-31";"P";"-0.106"
"2020-08-31";"GK";"0.045"
"2020-08-31";"IKH";"0.372"
"2020-09-01";"2J";"-0.754"
"2020-09-01";"10J0";"-0.395"
"2020-09-01";"E";"-0.473"
"2020-09-01";"K";"-0.153"
"2020-09-01";"P";"-0.105"
"2020-09-01";"GK";"0.047"
"2020-09-01";"IKH";"0.374"
"2020-09-02";"2J";"-0.776"
"2020-09-02";"10J0";"-0.438"
"2020-09-02";"E";"-0.512"
"2020-09-02";"K";"-0.192"
"2020-09-02";"P";"-0.145"
"2020-09-02";"GK";"0.007"
"2020-09-02";"IKH";"0.352"
"2020-09-03";"2J";"-0.774"
"2020-09-03";"10J0";"-0.461"
"2020-09-03";"E";"-0.532"
"2020-09-03";"K";"-0.219"
"2020-09-03";"P";"-0.17"
"2020-09-03";"GK";"-0.022"
"2020-09-03";"IKH";"0.418"
"2020-09-04";"2J";"-0.781"
"2020-09-04";"10J0";"-0.47"
"2020-09-04";"E";"-0.54"
"2020-09-04";"K";"-0.23"
"2020-09-04";"P";"-0.167"
"2020-09-04";"GK";"-0.033"
"2020-09-04";"IKH";"0.289"
"2020-09-07";"2J";"-0.785"
"2020-09-07";"10J0";"-0.453"
"2020-09-07";"E";"-0.524"
"2020-09-07";"K";"-0.22"
"2020-09-07";"P";"-0.164"
"2020-09-07";"GK";"-0.021"
"2020-09-07";"IKH";"0.322"
"2020-09-08";"2J";"-0.774"
"2020-09-08";"10J0";"-0.449"
"2020-09-08";"E";"-0.52"
"2020-09-08";"K";"-0.215"
"2020-09-08";"P";"-0.16"
"2020-09-08";"GK";"-0.02"
"2020-09-08";"IKH";"0.301"
"2020-09-09";"2J";"-0.791"
"2020-09-09";"10J0";"-0.466"
"2020-09-09";"E";"-0.534"
"2020-09-09";"K";"-0.236"
"2020-09-09";"P";"-0.18"
"2020-09-09";"GK";"-0.038"
"2020-09-09";"IKH";"0.289"
"2020-09-10";"2J";"-0.785"
"2020-09-10";"10J0";"-0.454"
"2020-09-10";"E";"-0.525"
"2020-09-10";"K";"-0.216"
"2020-09-10";"P";"-0.161"
"2020-09-10";"GK";"-0.019"
"2020-09-10";"IKH";"0.309"
"2020-09-11";"2J";"-0.782"
"2020-09-11";"10J0";"-0.443"
"2020-09-11";"E";"-0.512"
"2020-09-11";"K";"-0.221"
"2020-09-11";"P";"-0.165"
"2020-09-11";"GK";"-0.022"
"2020-09-11";"IKH";"0.3"
"2020-09-14";"2J";"-0.791"
"2020-09-14";"10J0";"-0.467"
"2020-09-14";"E";"-0.533"
"2020-09-14";"K";"-0.235"
"2020-09-14";"P";"-0.181"
"2020-09-14";"GK";"-0.04"
"2020-09-14";"IKH";"0.401"
"2020-09-15";"2J";"-0.788"
"2020-09-15";"10J0";"-0.462"
"2020-09-15";"E";"-0.53"
"2020-09-15";"K";"-0.237"
"2020-09-15";"P";"-0.178"
"2020-09-15";"GK";"-0.039"
"2020-09-15";"IKH";"0.395"
"2020-09-16";"2J";"-0.788"
"2020-09-16";"10J0";"-0.471"
"2020-09-16";"E";"-0.538"
"2020-09-16";"K";"-0.244"
"2020-09-16";"P";"-0.184"
"2020-09-16";"GK";"-0.047"
"2020-09-16";"IKH";"0.28"
"2020-09-17";"2J";"-0.785"
"2020-09-17";"10J0";"-0.465"
"2020-09-17";"E";"-0.532"
"2020-09-17";"K";"-0.232"
"2020-09-17";"P";"-0.18"
"2020-09-17";"GK";"-0.037"
"2020-09-17";"IKH";"0.287"
"2020-09-18";"2J";"-0.788"
"2020-09-18";"10J0";"-0.476"
"2020-09-18";"E";"-0.543"
"2020-09-18";"K";"-0.248"
"2020-09-18";"P";"-0.189"
"2020-09-18";"GK";"-0.056"
"2020-09-18";"IKH";"0.389"
"2020-09-21";"2J";"-0.798"
"2020-09-21";"10J0";"-0.491"
"2020-09-21";"E";"-0.556"
"2020-09-21";"K";"-0.257"
"2020-09-21";"P";"-0.194"
"2020-09-21";"GK";"-0.059"
"2020-09-21";"IKH";"0.293"
"2020-09-22";"2J";"-0.797"
"2020-09-22";"10J0";"-0.495"
"2020-09-22";"E";"-0.563"
"2020-09-22";"K";"-0.223"
"2020-09-22";"P";"-0.21"
"2020-09-22";"GK";"-0.069"
"2020-09-22";"IKH";"0.27"
"2020-09-23";"2J";"-0.793"
"2020-09-23";"10J0";"-0.492"
"2020-09-23";"E";"-0.557"
"2020-09-23";"K";"-0.269"
"2020-09-23";"P";"-0.204"
"2020-09-23";"GK";"-0.065"
"2020-09-23";"IKH";"0.272"
"2020-09-24";"2J";"-0.783"
"2020-09-24";"10J0";"-0.486"
"2020-09-24";"E";"-0.549"
"2020-09-24";"K";"-0.262"
"2020-09-24";"P";"-0.197"
"2020-09-24";"GK";"-0.058"
"2020-09-24";"IKH";"0.274"
"2020-09-25";"2J";"-0.788"
"2020-09-25";"10J0";"-0.484"
"2020-09-25";"E";"-0.549"
"2020-09-25";"K";"-0.259"
"2020-09-25";"P";"-0.196"
"2020-09-25";"GK";"-0.059"
"2020-09-25";"IKH";"0.275"
"2020-09-28";"2J";"-0.806"
"2020-09-28";"10J0";"-0.493"
"2020-09-28";"E";"-0.557"
"2020-09-28";"K";"-0.27"
"2020-09-28";"P";"-0.197"
"2020-09-28";"GK";"-0.064"
"2020-09-28";"IKH";"0.276"
"2020-09-29";"2J";"-0.797"
"2020-09-29";"10J0";"-0.503"
"2020-09-29";"E";"-0.569"
"2020-09-29";"K";"-0.274"
"2020-09-29";"P";"-0.197"
"2020-09-29";"GK";"-0.072"
"2020-09-29";"IKH";"0.354"
"2020-09-30";"2J";"-0.807"
"2020-09-30";"10J0";"-0.5"
"2020-09-30";"E";"-0.566"
"2020-09-30";"K";"-0.272"
"2020-09-30";"P";"-0.191"
"2020-09-30";"GK";"-0.073"
"2020-09-30";"IKH";"0.266"
"2020-10-01";"2J";"-0.792"
"2020-10-01";"10J0";"-0.489"
"2020-10-01";"E";"-0.556"
"2020-10-01";"K";"-0.258"
"2020-10-01";"P";"-0.176"
"2020-10-01";"GK";"-0.06"
"2020-10-01";"IKH";"0.367"
"2020-10-02";"2J";"-0.794"
"2020-10-02";"10J0";"-0.504"
"2020-10-02";"E";"-0.57"
"2020-10-02";"K";"-0.269"
"2020-10-02";"P";"-0.189"
"2020-10-02";"GK";"-0.074"
"2020-10-02";"IKH";"0.259"
"2020-10-05";"2J";"-0.82"
"2020-10-05";"10J0";"-0.501"
"2020-10-05";"E";"-0.571"
"2020-10-05";"K";"-0.265"
"2020-10-05";"P";"-0.184"
"2020-10-05";"GK";"-0.066"
"2020-10-05";"IKH";"0.268"
"2020-10-06";"2J";"-0.802"
"2020-10-06";"10J0";"-0.488"
"2020-10-06";"E";"-0.558"
"2020-10-06";"K";"-0.255"
"2020-10-06";"P";"-0.175"
"2020-10-06";"GK";"-0.057"
"2020-10-06";"IKH";"0.272"
"2020-10-07";"2J";"-0.807"
"2020-10-07";"10J0";"-0.491"
"2020-10-07";"E";"-0.561"
"2020-10-07";"K";"-0.258"
"2020-10-07";"P";"-0.178"
"2020-10-07";"GK";"-0.062"
"2020-10-07";"IKH";"0.361"
"2020-10-08";"2J";"-0.79"
"2020-10-08";"10J0";"-0.476"
"2020-10-08";"E";"-0.549"
"2020-10-08";"K";"-0.249"
"2020-10-08";"P";"-0.176"
"2020-10-08";"GK";"-0.054"
"2020-10-08";"IKH";"0.367"
"2020-10-09";"2J";"-0.79"
"2020-10-09";"10J0";"-0.495"
"2020-10-09";"E";"-0.567"
"2020-10-09";"K";"-0.267"
"2020-10-09";"P";"-0.194"
"2020-10-09";"GK";"-0.071"
"2020-10-09";"IKH";"0.351"
"2020-10-12";"2J";"-0.803"
"2020-10-12";"10J0";"-0.487"
"2020-10-12";"E";"-0.558"
"2020-10-12";"K";"-0.266"
"2020-10-12";"P";"-0.193"
"2020-10-12";"GK";"-0.067"
"2020-10-12";"IKH";"0.248"
"2020-10-13";"2J";"-0.799"
"2020-10-13";"10J0";"-0.488"
"2020-10-13";"E";"-0.559"
"2020-10-13";"K";"-0.274"
"2020-10-13";"P";"-0.2"
"2020-10-13";"GK";"-0.077"
"2020-10-13";"IKH";"0.254"
"2020-10-14";"2J";"-0.8"
"2020-10-14";"10J0";"-0.488"
"2020-10-14";"E";"-0.563"
"2020-10-14";"K";"-0.275"
"2020-10-14";"P";"-0.203"
"2020-10-14";"GK";"-0.08"
"2020-10-14";"IKH";"0.242"
"2020-10-15";"2J";"-0.799"
"2020-10-15";"10J0";"-0.521"
"2020-10-15";"E";"-0.593"
"2020-10-15";"K";"-0.298"
"2020-10-15";"P";"-0.226"
"2020-10-15";"GK";"-0.102"
"2020-10-15";"IKH";"0.321"
"2020-10-16";"2J";"-0.804"
"2020-10-16";"10J0";"-0.528"
"2020-10-16";"E";"-0.598"
"2020-10-16";"K";"-0.297"
"2020-10-16";"P";"-0.227"
"2020-10-16";"GK";"-0.099"
"2020-10-16";"IKH";"0.232"
"2020-10-19";"2J";"-0.819"
"2020-10-19";"10J0";"-0.523"
"2020-10-19";"E";"-0.592"
"2020-10-19";"K";"-0.294"
"2020-10-19";"P";"-0.22"
"2020-10-19";"GK";"-0.096"
"2020-10-19";"IKH";"0.326"
"2020-10-20";"2J";"-0.814"
"2020-10-20";"10J0";"-0.524"
"2020-10-20";"E";"-0.597"
"2020-10-20";"K";"-0.287"
"2020-10-20";"P";"-0.214"
"2020-10-20";"GK";"-0.089"
"2020-10-20";"IKH";"0.243"
"2020-10-21";"2J";"-0.813"
"2020-10-21";"10J0";"-0.491"
"2020-10-21";"E";"-0.567"
"2020-10-21";"K";"-0.261"
"2020-10-21";"P";"-0.191"
"2020-10-21";"GK";"-0.065"
"2020-10-21";"IKH";"0.348"
"2020-10-22";"2J";"-0.811"
"2020-10-22";"10J0";"-0.496"
"2020-10-22";"E";"-0.569"
"2020-10-22";"K";"-0.259"
"2020-10-22";"P";"-0.197"
"2020-10-22";"GK";"-0.06"
"2020-10-22";"IKH";"0.263"
"2020-10-23";"2J";"-0.81"
"2020-10-23";"10J0";"-0.489"
"2020-10-23";"E";"-0.561"
"2020-10-23";"K";"-0.251"
"2020-10-23";"P";"-0.189"
"2020-10-23";"GK";"-0.059"
"2020-10-23";"IKH";"0.268"
"2020-10-26";"2J";"-0.815"
"2020-10-26";"10J0";"-0.505"
"2020-10-26";"E";"-0.575"
"2020-10-26";"K";"-0.255"
"2020-10-26";"P";"-0.191"
"2020-10-26";"GK";"-0.058"
"2020-10-26";"IKH";"0.353"
"2020-10-27";"2J";"-0.83"
"2020-10-27";"10J0";"-0.494"
"2020-10-27";"E";"-0.564"
"2020-10-27";"K";"-0.249"
"2020-10-27";"P";"-0.187"
"2020-10-27";"GK";"-0.05"
"2020-10-27";"IKH";"0.355"
"2020-10-28";"2J";"-0.82"
"2020-10-28";"10J0";"-0.533"
"2020-10-28";"E";"-0.6"
"2020-10-28";"K";"-0.279"
"2020-10-28";"P";"-0.224"
"2020-10-28";"GK";"-0.08"
"2020-10-28";"IKH";"0.334"
"2020-10-29";"2J";"-0.812"
"2020-10-29";"10J0";"-0.521"
"2020-10-29";"E";"-0.588"
"2020-10-29";"K";"-0.276"
"2020-10-29";"P";"-0.215"
"2020-10-29";"GK";"-0.072"
"2020-10-29";"IKH";"0.261"
"2020-10-30";"2J";"-0.802"
"2020-10-30";"10J0";"-0.518"
"2020-10-30";"E";"-0.585"
"2020-10-30";"K";"-0.274"
"2020-10-30";"P";"-0.213"
"2020-10-30";"GK";"-0.072"
"2020-10-30";"IKH";"0.268"
"2020-11-02";"2J";"-0.826"
"2020-11-02";"10J0";"-0.508"
"2020-11-02";"E";"-0.576"
"2020-11-02";"K";"-0.268"
"2020-11-02";"P";"-0.207"
"2020-11-02";"GK";"-0.069"
"2020-11-02";"IKH";"0.35"
"2020-11-03";"2J";"-0.806"
"2020-11-03";"10J0";"-0.498"
"2020-11-03";"E";"-0.567"
"2020-11-03";"K";"-0.248"
"2020-11-03";"P";"-0.187"
"2020-11-03";"GK";"-0.048"
"2020-11-03";"IKH";"0.289"
"2020-11-04";"2J";"-0.803"
"2020-11-04";"10J0";"-0.506"
"2020-11-04";"E";"-0.57"
"2020-11-04";"K";"-0.252"
"2020-11-04";"P";"-0.191"
"2020-11-04";"GK";"-0.053"
"2020-11-04";"IKH";"0.361"
"2020-11-05";"2J";"-0.792"
"2020-11-05";"10J0";"-0.51"
"2020-11-05";"E";"-0.572"
"2020-11-05";"K";"-0.262"
"2020-11-05";"P";"-0.201"
"2020-11-05";"GK";"-0.058"
"2020-11-05";"IKH";"0.271"
"2020-11-06";"2J";"-0.789"
"2020-11-06";"10J0";"-0.516"
"2020-11-06";"E";"-0.579"
"2020-11-06";"K";"-0.263"
"2020-11-06";"P";"-0.204"
"2020-11-06";"GK";"-0.058"
"2020-11-06";"IKH";"0.36"
"2020-11-09";"2J";"-0.793"
"2020-11-09";"10J0";"-0.507"
"2020-11-09";"E";"-0.574"
"2020-11-09";"K";"-0.263"
"2020-11-09";"P";"-0.204"
"2020-11-09";"GK";"-0.06"
"2020-11-09";"IKH";"0.274"
"2020-11-10";"2J";"-0.806"
"2020-11-10";"10J0";"-0.421"
"2020-11-10";"E";"-0.497"
"2020-11-10";"K";"-0.197"
"2020-11-10";"P";"-0.138"
"2020-11-10";"GK";"0.004"
"2020-11-10";"IKH";"0.395"
"2020-11-11";"2J";"-0.791"
"2020-11-11";"10J0";"-0.377"
"2020-11-11";"E";"-0.459"
"2020-11-11";"K";"-0.163"
"2020-11-11";"P";"-0.109"
"2020-11-11";"GK";"0.035"
"2020-11-11";"IKH";"0.348"
"2020-11-12";"2J";"-0.768"
"2020-11-12";"10J0";"-0.424"
"2020-11-12";"E";"-0.499"
"2020-11-12";"K";"-0.185"
"2020-11-12";"P";"-0.132"
"2020-11-12";"GK";"0.013"
"2020-11-12";"IKH";"0.317"
"2020-11-13";"2J";"-0.777"
"2020-11-13";"10J0";"-0.462"
"2020-11-13";"E";"-0.535"
"2020-11-13";"K";"-0.227"
"2020-11-13";"P";"-0.175"
"2020-11-13";"GK";"-0.027"
"2020-11-13";"IKH";"0.359"
"2020-11-16";"2J";"-0.774"
"2020-11-16";"10J0";"-0.477"
"2020-11-16";"E";"-0.548"
"2020-11-16";"K";"-0.235"
"2020-11-16";"P";"-0.185"
"2020-11-16";"GK";"-0.037"
"2020-11-16";"IKH";"0.348"
"2020-11-17";"2J";"-0.775"
"2020-11-17";"10J0";"-0.467"
"2020-11-17";"E";"-0.537"
"2020-11-17";"K";"-0.222"
"2020-11-17";"P";"-0.172"
"2020-11-17";"GK";"-0.025"
"2020-11-17";"IKH";"0.273"
"2020-11-18";"2J";"-0.774"
"2020-11-18";"10J0";"-0.461"
"2020-11-18";"E";"-0.53"
"2020-11-18";"K";"-0.215"
"2020-11-18";"P";"-0.17"
"2020-11-18";"GK";"-0.024"
"2020-11-18";"IKH";"0.27"
"2020-11-19";"2J";"-0.772"
"2020-11-19";"10J0";"-0.466"
"2020-11-19";"E";"-0.532"
"2020-11-19";"K";"-0.228"
"2020-11-19";"P";"-0.185"
"2020-11-19";"GK";"-0.033"
"2020-11-19";"IKH";"0.269"
"2020-11-20";"2J";"-0.758"
"2020-11-20";"10J0";"-0.466"
"2020-11-20";"E";"-0.533"
"2020-11-20";"K";"-0.228"
"2020-11-20";"P";"-0.188"
"2020-11-20";"GK";"-0.036"
"2020-11-20";"IKH";"0.254"
"2020-11-23";"2J";"-0.779"
"2020-11-23";"10J0";"-0.466"
"2020-11-23";"E";"-0.534"
"2020-11-23";"K";"-0.231"
"2020-11-23";"P";"-0.195"
"2020-11-23";"GK";"-0.039"
"2020-11-23";"IKH";"0.337"
"2020-11-24";"2J";"-0.768"
"2020-11-24";"10J0";"-0.465"
"2020-11-24";"E";"-0.53"
"2020-11-24";"K";"-0.23"
"2020-11-24";"P";"-0.197"
"2020-11-24";"GK";"-0.039"
"2020-11-24";"IKH";"0.323"
"2020-11-25";"2J";"-0.769"
"2020-11-25";"10J0";"-0.467"
"2020-11-25";"E";"-0.531"
"2020-11-25";"K";"-0.227"
"2020-11-25";"P";"-0.197"
"2020-11-25";"GK";"-0.033"
"2020-11-25";"IKH";"0.329"
"2020-11-26";"2J";"-0.765"
"2020-11-26";"10J0";"-0.478"
"2020-11-26";"E";"-0.54"
"2020-11-26";"K";"-0.231"
"2020-11-26";"P";"-0.199"
"2020-11-26";"GK";"-0.035"
"2020-11-26";"IKH";"0.319"
"2020-11-27";"2J";"-0.763"
"2020-11-27";"10J0";"-0.485"
"2020-11-27";"E";"-0.551"
"2020-11-27";"K";"-0.228"
"2020-11-27";"P";"-0.197"
"2020-11-27";"GK";"-0.031"
"2020-11-27";"IKH";"0.23"
"2020-11-30";"2J";"-0.778"
"2020-11-30";"10J0";"-0.509"
"2020-11-30";"E";"-0.577"
"2020-11-30";"K";"-0.237"
"2020-11-30";"P";"-0.21"
"2020-11-30";"GK";"-0.043"
"2020-11-30";"IKH";"0.219"
"2020-12-01";"2J";"-0.809"
"2020-12-01";"10J0";"-0.504"
"2020-12-01";"E";"-0.566"
"2020-12-01";"K";"-0.248"
"2020-12-01";"P";"-0.229"
"2020-12-01";"GK";"-0.058"
"2020-12-01";"IKH";"0.281"
"2020-12-02";"2J";"-0.788"
"2020-12-02";"10J0";"-0.504"
"2020-12-02";"E";"-0.562"
"2020-12-02";"K";"-0.248"
"2020-12-02";"P";"-0.235"
"2020-12-02";"GK";"-0.057"
"2020-12-02";"IKH";"0.274"
"2020-12-03";"2J";"-0.786"
"2020-12-03";"10J0";"-0.52"
"2020-12-03";"E";"-0.581"
"2020-12-03";"K";"-0.263"
"2020-12-03";"P";"-0.249"
"2020-12-03";"GK";"-0.071"
"2020-12-03";"IKH";"0.18"
"2020-12-04";"2J";"-0.793"
"2020-12-04";"10J0";"-0.539"
"2020-12-04";"E";"-0.601"
"2020-12-04";"K";"-0.271"
"2020-12-04";"P";"-0.253"
"2020-12-04";"GK";"-0.078"
"2020-12-04";"IKH";"0.259"
"2020-12-07";"2J";"-0.798"
"2020-12-07";"10J0";"-0.517"
"2020-12-07";"E";"-0.58"
"2020-12-07";"K";"-0.271"
"2020-12-07";"P";"-0.254"
"2020-12-07";"GK";"-0.082"
"2020-12-07";"IKH";"0.172"
"2020-12-08";"2J";"-0.789"
"2020-12-08";"10J0";"-0.511"
"2020-12-08";"E";"-0.575"
"2020-12-08";"K";"-0.268"
"2020-12-08";"P";"-0.255"
"2020-12-08";"GK";"-0.084"
"2020-12-08";"IKH";"0.239"
"2020-12-09";"2J";"-0.789"
"2020-12-09";"10J0";"-0.505"
"2020-12-09";"E";"-0.566"
"2020-12-09";"K";"-0.286"
"2020-12-09";"P";"-0.277"
"2020-12-09";"GK";"-0.094"
"2020-12-09";"IKH";"0.144"
"2020-12-10";"2J";"-0.812"
"2020-12-10";"10J0";"-0.546"
"2020-12-10";"E";"-0.609"
"2020-12-10";"K";"-0.299"
"2020-12-10";"P";"-0.288"
"2020-12-10";"GK";"-0.109"
"2020-12-10";"IKH";"0.144"
"2020-12-11";"2J";"-0.8"
"2020-12-11";"10J0";"-0.552"
"2020-12-11";"E";"-0.617"
"2020-12-11";"K";"-0.314"
"2020-12-11";"P";"-0.302"
"2020-12-11";"GK";"-0.122"
"2020-12-11";"IKH";"0.119"
"2020-12-14";"2J";"-0.809"
"2020-12-14";"10J0";"-0.556"
"2020-12-14";"E";"-0.621"
"2020-12-14";"K";"-0.317"
"2020-12-14";"P";"-0.308"
"2020-12-14";"GK";"-0.122"
"2020-12-14";"IKH";"0.111"
"2020-12-15";"2J";"-0.811"
"2020-12-15";"10J0";"-0.547"
"2020-12-15";"E";"-0.612"
"2020-12-15";"K";"-0.306"
"2020-12-15";"P";"-0.294"
"2020-12-15";"GK";"-0.117"
"2020-12-15";"IKH";"0.202"
"2020-12-16";"2J";"-0.801"
"2020-12-16";"10J0";"-0.532"
"2020-12-16";"E";"-0.595"
"2020-12-16";"K";"-0.293"
"2020-12-16";"P";"-0.281"
"2020-12-16";"GK";"-0.102"
"2020-12-16";"IKH";"0.211"
"2020-12-17";"2J";"-0.735"
"2020-12-17";"10J0";"-0.53"
"2020-12-17";"E";"-0.574"
"2020-12-17";"K";"-0.286"
"2020-12-17";"P";"-0.285"
"2020-12-17";"GK";"-0.09"
"2020-12-17";"IKH";"0.131"
"2020-12-18";"2J";"-0.792"
"2020-12-18";"10J0";"-0.533"
"2020-12-18";"E";"-0.611"
"2020-12-18";"K";"-0.283"
"2020-12-18";"P";"-0.283"
"2020-12-18";"GK";"-0.093"
"2020-12-18";"IKH";"0.124"
"2020-12-21";"2J";"-0.81"
"2020-12-21";"10J0";"-0.564"
"2020-12-21";"E";"-0.624"
"2020-12-21";"K";"-0.319"
"2020-12-21";"P";"-0.322"
"2020-12-21";"GK";"-0.123"
"2020-12-21";"IKH";"0.19"
"2020-12-22";"2J";"-0.81"
"2020-12-22";"10J0";"-0.543"
"2020-12-22";"E";"-0.604"
"2020-12-22";"K";"-0.298"
"2020-12-22";"P";"-0.3"
"2020-12-22";"GK";"-0.097"
"2020-12-22";"IKH";"0.122"
"2020-12-23";"2J";"-0.799"
"2020-12-23";"10J0";"-0.541"
"2020-12-23";"E";"-0.6"
"2020-12-23";"K";"-0.289"
"2020-12-23";"P";"-0.293"
"2020-12-23";"GK";"-0.097"
"2020-12-23";"IKH";"0.135"
"2020-12-24";"2J";
"2020-12-24";"10J0";
"2020-12-24";"E";
"2020-12-24";"K";
"2020-12-24";"P";
"2020-12-24";"GK";
"2020-12-24";"IKH";
"2020-12-25";"2J";
"2020-12-25";"10J0";
"2020-12-25";"E";
"2020-12-25";"K";
"2020-12-25";"P";
"2020-12-25";"GK";
"2020-12-25";"IKH";
"2020-12-28";"2J";"-0.792"
"2020-12-28";"10J0";"-0.513"
"2020-12-28";"E";"-0.573"
"2020-12-28";"K";"-0.264"
"2020-12-28";"P";"-0.27"
"2020-12-28";"GK";"-0.075"
"2020-12-28";"IKH";"0.137"
"2020-12-29";"2J";"-0.798"
"2020-12-29";"10J0";"-0.527"
"2020-12-29";"E";"-0.589"
"2020-12-29";"K";"-0.28"
"2020-12-29";"P";"-0.284"
"2020-12-29";"GK";"-0.089"
"2020-12-29";"IKH";"0.125"
"2020-12-30";"2J";"-0.782"
"2020-12-30";"10J0";"-0.525"
"2020-12-30";"E";"-0.585"
"2020-12-30";"K";"-0.275"
"2020-12-30";"P";"-0.279"
"2020-12-30";"GK";"-0.085"
"2020-12-30";"IKH";"0.125"
"2020-12-31";"2J";
"2020-12-31";"10J0";
"2020-12-31";"E";
"2020-12-31";"K";
"2020-12-31";"P";
"2020-12-31";"GK";
"2020-12-31";"IKH";
"2021-01-01";"2J";
"2021-01-01";"10J0";
"2021-01-01";"E";
"2021-01-01";"K";
"2021-01-01";"P";
"2021-01-01";"GK";
"2021-01-01";"IKH";
"2021-01-04";"2J";"-0.823"
"2021-01-04";"10J0";"-0.551"
"2021-01-04";"E";"-0.631"
"2021-01-04";"K";"-0.306"
"2021-01-04";"P";"-0.311"
"2021-01-04";"GK";"-0.128"
"2021-01-04";"IKH";"0.117"
"2021-01-05";"2J";"-0.814"
"2021-01-05";"10J0";"-0.563"
"2021-01-05";"E";"-0.642"
"2021-01-05";"K";"-0.312"
"2021-01-05";"P";"-0.315"
"2021-01-05";"GK";"-0.132"
"2021-01-05";"IKH";"0.105"
"2021-01-06";"2J";"-0.813"
"2021-01-06";"10J0";"-0.539"
"2021-01-06";"E";"-0.623"
"2021-01-06";"K";"-0.301"
"2021-01-06";"P";"-0.289"
"2021-01-06";"GK";"-0.118"
"2021-01-06";"IKH";"0.123"
"2021-01-07";"2J";"-0.804"
"2021-01-07";"10J0";"-0.543"
"2021-01-07";"E";"-0.623"
"2021-01-07";"K";"-0.318"
"2021-01-07";"P";"-0.302"
"2021-01-07";"GK";"-0.115"
"2021-01-07";"IKH";"0.117"
"2021-01-08";"2J";"-0.799"
"2021-01-08";"10J0";"-0.527"
"2021-01-08";"E";"-0.607"
"2021-01-08";"K";"-0.312"
"2021-01-08";"P";"-0.296"
"2021-01-08";"GK";"-0.115"
"2021-01-08";"IKH";"0.108"
"2021-01-11";"2J";"-0.8"
"2021-01-11";"10J0";"-0.526"
"2021-01-11";"E";"-0.606"
"2021-01-11";"K";"-0.319"
"2021-01-11";"P";"-0.298"
"2021-01-11";"GK";"-0.112"
"2021-01-11";"IKH";"0.173"
"2021-01-12";"2J";"-0.785"
"2021-01-12";"10J0";"-0.47"
"2021-01-12";"E";"-0.557"
"2021-01-12";"K";"-0.28"
"2021-01-12";"P";"-0.249"
"2021-01-12";"GK";"-0.072"
"2021-01-12";"IKH";"0.14"
"2021-01-13";"2J";"-0.77"
"2021-01-13";"10J0";"-0.464"
"2021-01-13";"E";"-0.55"
"2021-01-13";"K";"-0.272"
"2021-01-13";"P";"-0.245"
"2021-01-13";"GK";"-0.062"
"2021-01-13";"IKH";"0.149"
"2021-01-14";"2J";"-0.759"
"2021-01-14";"10J0";"-0.474"
"2021-01-14";"E";"-0.552"
"2021-01-14";"K";"-0.297"
"2021-01-14";"P";"-0.265"
"2021-01-14";"GK";"-0.083"
"2021-01-14";"IKH";"0.128"
"2021-01-15";"2J";"-0.761"
"2021-01-15";"10J0";"-0.477"
"2021-01-15";"E";"-0.556"
"2021-01-15";"K";"-0.305"
"2021-01-15";"P";"-0.274"
"2021-01-15";"GK";"-0.091"
"2021-01-15";"IKH";"0.127"
"2021-01-18";"2J";"-0.774"
"2021-01-18";"10J0";"-0.491"
"2021-01-18";"E";"-0.571"
"2021-01-18";"K";"-0.315"
"2021-01-18";"P";"-0.285"
"2021-01-18";"GK";"-0.105"
"2021-01-18";"IKH";"0.11"
"2021-01-19";"2J";"-0.765"
"2021-01-19";"10J0";"-0.468"
"2021-01-19";"E";"-0.549"
"2021-01-19";"K";"-0.297"
"2021-01-19";"P";"-0.266"
"2021-01-19";"GK";"-0.091"
"2021-01-19";"IKH";"0.127"
"2021-01-20";"2J";"-0.782"
"2021-01-20";"10J0";"-0.472"
"2021-01-20";"E";"-0.535"
"2021-01-20";"K";"-0.308"
"2021-01-20";"P";"-0.274"
"2021-01-20";"GK";"-0.1"
"2021-01-20";"IKH";"0.119"
"2021-01-21";"2J";"-0.76"
"2021-01-21";"10J0";"-0.473"
"2021-01-21";"E";"-0.553"
"2021-01-21";"K";"-0.301"
"2021-01-21";"P";"-0.268"
"2021-01-21";"GK";"-0.09"
"2021-01-21";"IKH";"0.124"
"2021-01-22";"2J";"-0.763"
"2021-01-22";"10J0";"-0.451"
"2021-01-22";"E";"-0.536"
"2021-01-22";"K";"-0.287"
"2021-01-22";"P";"-0.25"
"2021-01-22";"GK";"-0.075"
"2021-01-22";"IKH";"0.127"
"2021-01-25";"2J";"-0.775"
"2021-01-25";"10J0";"-0.47"
"2021-01-25";"E";"-0.554"
"2021-01-25";"K";"-0.303"
"2021-01-25";"P";"-0.265"
"2021-01-25";"GK";"-0.087"
"2021-01-25";"IKH";"0.121"
"2021-01-26";"2J";"-0.775"
"2021-01-26";"10J0";"-0.479"
"2021-01-26";"E";"-0.562"
"2021-01-26";"K";"-0.315"
"2021-01-26";"P";"-0.279"
"2021-01-26";"GK";"-0.1"
"2021-01-26";"IKH";"0.119"
"2021-01-27";"2J";"-0.777"
"2021-01-27";"10J0";"-0.474"
"2021-01-27";"E";"-0.558"
"2021-01-27";"K";"-0.324"
"2021-01-27";"P";"-0.278"
"2021-01-27";"GK";"-0.097"
"2021-01-27";"IKH";"0.106"
"2021-01-28";"2J";"-0.782"
"2021-01-28";"10J0";"-0.49"
"2021-01-28";"E";"-0.574"
"2021-01-28";"K";"-0.334"
"2021-01-28";"P";"-0.289"
"2021-01-28";"GK";"-0.112"
"2021-01-28";"IKH";"0.092"
"2021-01-29";"2J";"-0.78"
"2021-01-29";"10J0";"-0.454"
"2021-01-29";"E";"-0.543"
"2021-01-29";"K";"-0.304"
"2021-01-29";"P";"-0.26"
"2021-01-29";"GK";"-0.091"
"2021-01-29";"IKH";"0.111"
"2021-02-01";"2J";"-0.791"
"2021-02-01";"10J0";"-0.439"
"2021-02-01";"E";"-0.534"
"2021-02-01";"K";"-0.291"
"2021-02-01";"P";"-0.249"
"2021-02-01";"GK";"-0.078"
"2021-02-01";"IKH";"0.123"
"2021-02-02";"2J";"-0.774"
"2021-02-02";"10J0";"-0.435"
"2021-02-02";"E";"-0.528"
"2021-02-02";"K";"-0.277"
"2021-02-02";"P";"-0.231"
"2021-02-02";"GK";"-0.066"
"2021-02-02";"IKH";"0.14"
"2021-02-03";"2J";"-0.781"
"2021-02-03";"10J0";"-0.417"
"2021-02-03";"E";"-0.514"
"2021-02-03";"K";"-0.267"
"2021-02-03";"P";"-0.216"
"2021-02-03";"GK";"-0.058"
"2021-02-03";"IKH";"0.151"
"2021-02-04";"2J";"-0.77"
"2021-02-04";"10J0";"-0.409"
"2021-02-04";"E";"-0.506"
"2021-02-04";"K";"-0.265"
"2021-02-04";"P";"-0.204"
"2021-02-04";"GK";"-0.047"
"2021-02-04";"IKH";"0.146"
"2021-02-05";"2J";"-0.768"
"2021-02-05";"10J0";"-0.389"
"2021-02-05";"E";"-0.489"
"2021-02-05";"K";"-0.248"
"2021-02-05";"P";"-0.182"
"2021-02-05";"GK";"-0.036"
"2021-02-05";"IKH";"0.171"
"2021-02-08";"2J";"-0.764"
"2021-02-08";"10J0";"-0.349"
"2021-02-08";"E";"-0.456"
"2021-02-08";"K";"-0.226"
"2021-02-08";"P";"-0.156"
"2021-02-08";"GK";"-0.014"
"2021-02-08";"IKH";"0.196"
"2021-02-09";"2J";"-0.764"
"2021-02-09";"10J0";"-0.369"
"2021-02-09";"E";"-0.475"
"2021-02-09";"K";"-0.247"
"2021-02-09";"P";"-0.18"
"2021-02-09";"GK";"-0.033"
"2021-02-09";"IKH";"0.188"
"2021-02-10";"2J";"-0.774"
"2021-02-10";"10J0";"-0.35"
"2021-02-10";"E";"-0.462"
"2021-02-10";"K";"-0.235"
"2021-02-10";"P";"-0.168"
"2021-02-10";"GK";"-0.025"
"2021-02-10";"IKH";"0.182"
"2021-02-11";"2J";"-0.781"
"2021-02-11";"10J0";"-0.383"
"2021-02-11";"E";"-0.488"
"2021-02-11";"K";"-0.246"
"2021-02-11";"P";"-0.183"
"2021-02-11";"GK";"-0.045"
"2021-02-11";"IKH";"0.154"
"2021-02-12";"2J";"-0.77"
"2021-02-12";"10J0";"-0.391"
"2021-02-12";"E";"-0.493"
"2021-02-12";"K";"-0.25"
"2021-02-12";"P";"-0.189"
"2021-02-12";"GK";"-0.049"
"2021-02-12";"IKH";"0.151"
"2021-02-15";"2J";"-0.784"
"2021-02-15";"10J0";"-0.326"
"2021-02-15";"E";"-0.442"
"2021-02-15";"K";"-0.211"
"2021-02-15";"P";"-0.148"
"2021-02-15";"GK";"-0.013"
"2021-02-15";"IKH";"0.183"
"2021-02-16";"2J";"-0.782"
"2021-02-16";"10J0";"-0.317"
"2021-02-16";"E";"-0.434"
"2021-02-16";"K";"-0.208"
"2021-02-16";"P";"-0.148"
"2021-02-16";"GK";"-0.009"
"2021-02-16";"IKH";"0.198"
"2021-02-17";"2J";"-0.775"
"2021-02-17";"10J0";"-0.288"
"2021-02-17";"E";"-0.406"
"2021-02-17";"K";"-0.183"
"2021-02-17";"P";"-0.122"
"2021-02-17";"GK";"0.016"
"2021-02-17";"IKH";"0.207"
"2021-02-18";"2J";"-0.77"
"2021-02-18";"10J0";"-0.306"
"2021-02-18";"E";"-0.418"
"2021-02-18";"K";"-0.209"
"2021-02-18";"P";"-0.145"
"2021-02-18";"GK";"-0.004"
"2021-02-18";"IKH";"0.201"
"2021-02-19";"2J";"-0.752"
"2021-02-19";"10J0";"-0.281"
"2021-02-19";"E";"-0.395"
"2021-02-19";"K";"-0.187"
"2021-02-19";"P";"-0.125"
"2021-02-19";"GK";"0.015"
"2021-02-19";"IKH";"0.211"
"2021-02-22";"2J";"-0.772"
"2021-02-22";"10J0";"-0.252"
"2021-02-22";"E";"-0.372"
"2021-02-22";"K";"-0.166"
"2021-02-22";"P";"-0.094"
"2021-02-22";"GK";"0.049"
"2021-02-22";"IKH";"0.25"
"2021-02-23";"2J";"-0.775"
"2021-02-23";"10J0";"-0.269"
"2021-02-23";"E";"-0.387"
"2021-02-23";"K";"-0.171"
"2021-02-23";"P";"-0.098"
"2021-02-23";"GK";"0.036"
"2021-02-23";"IKH";"0.242"
"2021-02-24";"2J";"-0.781"
"2021-02-24";"10J0";"-0.277"
"2021-02-24";"E";"-0.396"
"2021-02-24";"K";"-0.164"
"2021-02-24";"P";"-0.12"
"2021-02-24";"GK";"0.026"
"2021-02-24";"IKH";"0.218"
"2021-02-25";"2J";"-0.768"
"2021-02-25";"10J0";"-0.246"
"2021-02-25";"E";"-0.36"
"2021-02-25";"K";"-0.144"
"2021-02-25";"P";"-0.089"
"2021-02-25";"GK";"0.059"
"2021-02-25";"IKH";"0.242"
"2021-02-26";"2J";"-0.761"
"2021-02-26";"10J0";"-0.229"
"2021-02-26";"E";"-0.347"
"2021-02-26";"K";"-0.118"
"2021-02-26";"P";"-0.067"
"2021-02-26";"GK";"0.083"
"2021-02-26";"IKH";"0.276"
"2021-03-01";"2J";"-0.774"
"2021-03-01";"10J0";"-0.259"
"2021-03-01";"E";"-0.372"
"2021-03-01";"K";"-0.149"
"2021-03-01";"P";"-0.102"
"2021-03-01";"GK";"0.054"
"2021-03-01";"IKH";"0.248"
"2021-03-02";"2J";"-0.773"
"2021-03-02";"10J0";"-0.291"
"2021-03-02";"E";"-0.402"
"2021-03-02";"K";"-0.187"
"2021-03-02";"P";"-0.128"
"2021-03-02";"GK";"0.016"
"2021-03-02";"IKH";"0.206"
"2021-03-03";"2J";"-0.774"
"2021-03-03";"10J0";"-0.296"
"2021-03-03";"E";"-0.407"
"2021-03-03";"K";"-0.187"
"2021-03-03";"P";"-0.126"
"2021-03-03";"GK";"0.019"
"2021-03-03";"IKH";"0.207"
"2021-03-04";"2J";"-0.771"
"2021-03-04";"10J0";"-0.29"
"2021-03-04";"E";"-0.403"
"2021-03-04";"K";"-0.188"
"2021-03-04";"P";"-0.127"
"2021-03-04";"GK";"0.02"
"2021-03-04";"IKH";"0.207"
"2021-03-05";"2J";"-0.77"
"2021-03-05";"10J0";"-0.274"
"2021-03-05";"E";"-0.391"
"2021-03-05";"K";
"2021-03-05";"P";
"2021-03-05";"GK";
"2021-03-05";"IKH";
"2021-03-08";"2J";"-0.774"
"2021-03-08";"10J0";"-0.266"
"2021-03-08";"E";"-0.384"
"2021-03-08";"K";"-0.176"
"2021-03-08";"P";"-0.111"
"2021-03-08";"GK";"0.025"
"2021-03-08";"IKH";"0.207"
"2021-03-09";"2J";"-0.773"
"2021-03-09";"10J0";"-0.27"
"2021-03-09";"E";"-0.385"
"2021-03-09";"K";"-0.193"
"2021-03-09";"P";"-0.123"
"2021-03-09";"GK";"0.007"
"2021-03-09";"IKH";"0.198"
"2021-03-10";"2J";"-0.771"
"2021-03-10";"10J0";"-0.257"
"2021-03-10";"E";"-0.373"
"2021-03-10";"K";"-0.19"
"2021-03-10";"P";"-0.117"
"2021-03-10";"GK";"0.021"
"2021-03-10";"IKH";"0.195"
"2021-03-11";"2J";"-0.779"
"2021-03-11";"10J0";"-0.313"
"2021-03-11";"E";"-0.424"
"2021-03-11";"K";"-0.236"
"2021-03-11";"P";"-0.157"
"2021-03-11";"GK";"-0.033"
"2021-03-11";"IKH";"0.159"
"2021-03-12";"2J";"-0.765"
"2021-03-12";"10J0";"-0.299"
"2021-03-12";"E";"-0.41"
"2021-03-12";"K";"-0.208"
"2021-03-12";"P";"-0.134"
"2021-03-12";"GK";"-0.008"
"2021-03-12";"IKH";"0.181"
"2021-03-15";"2J";"-0.773"
"2021-03-15";"10J0";"-0.277"
"2021-03-15";"E";"-0.393"
"2021-03-15";"K";"-0.193"
"2021-03-15";"P";"-0.119"
"2021-03-15";"GK";"0.008"
"2021-03-15";"IKH";"0.184"
"2021-03-16";"2J";"-0.769"
"2021-03-16";"10J0";"-0.292"
"2021-03-16";"E";"-0.402"
"2021-03-16";"K";"-0.215"
"2021-03-16";"P";"-0.14"
"2021-03-16";"GK";"-0.015"
"2021-03-16";"IKH";"0.172"
"2021-03-17";"2J";"-0.787"
"2021-03-17";"10J0";"-0.292"
"2021-03-17";"E";"-0.407"
"2021-03-17";"K";"-0.213"
"2021-03-17";"P";"-0.143"
"2021-03-17";"GK";"-0.015"
"2021-03-17";"IKH";"0.166"
"2021-03-18";"2J";"-0.76"
"2021-03-18";"10J0";"-0.236"
"2021-03-18";"E";"-0.358"
"2021-03-18";"K";"-0.185"
"2021-03-18";"P";"-0.11"
"2021-03-18";"GK";"0.015"
"2021-03-18";"IKH";"0.193"
"2021-03-19";"2J";"-0.77"
"2021-03-19";"10J0";"-0.265"
"2021-03-19";"E";"-0.385"
"2021-03-19";"K";"-0.197"
"2021-03-19";"P";"-0.122"
"2021-03-19";"GK";"0.004"
"2021-03-19";"IKH";"0.187"
"2021-03-22";"2J";"-0.775"
"2021-03-22";"10J0";"-0.287"
"2021-03-22";"E";"-0.405"
"2021-03-22";"K";"-0.21"
"2021-03-22";"P";"-0.131"
"2021-03-22";"GK";"-0.012"
"2021-03-22";"IKH";"0.175"
"2021-03-23";"2J";"-0.799"
"2021-03-23";"10J0";"-0.298"
"2021-03-23";"E";"-0.42"
"2021-03-23";"K";"-0.209"
"2021-03-23";"P";"-0.132"
"2021-03-23";"GK";"-0.01"
"2021-03-23";"IKH";"0.173"
"2021-03-24";"2J";"-0.798"
"2021-03-24";"10J0";"-0.32"
"2021-03-24";"E";"-0.44"
"2021-03-24";"K";"-0.233"
"2021-03-24";"P";"-0.148"
"2021-03-24";"GK";"-0.031"
"2021-03-24";"IKH";"0.143"
"2021-03-25";"2J";"-0.792"
"2021-03-25";"10J0";"-0.339"
"2021-03-25";"E";"-0.455"
"2021-03-25";"K";"-0.237"
"2021-03-25";"P";"-0.152"
"2021-03-25";"GK";"-0.035"
"2021-03-25";"IKH";"0.15"
"2021-03-26";"2J";"-0.796"
"2021-03-26";"10J0";"-0.329"
"2021-03-26";"E";"-0.446"
"2021-03-26";"K";"-0.231"
"2021-03-26";"P";"-0.15"
"2021-03-26";"GK";"-0.037"
"2021-03-26";"IKH";"0.148"
"2021-03-29";"2J";"-0.803"
"2021-03-29";"10J0";"-0.317"
"2021-03-29";"E";"-0.438"
"2021-03-29";"K";"-0.224"
"2021-03-29";"P";"-0.137"
"2021-03-29";"GK";"-0.024"
"2021-03-29";"IKH";"0.157"
"2021-03-30";"2J";"-0.795"
"2021-03-30";"10J0";"-0.265"
"2021-03-30";"E";"-0.391"
"2021-03-30";"K";"-0.191"
"2021-03-30";"P";"-0.091"
"2021-03-30";"GK";"0.026"
"2021-03-30";"IKH";"0.195"
"2021-03-31";"2J";"-0.776"
"2021-03-31";"10J0";"-0.267"
"2021-03-31";"E";"-0.389"
"2021-03-31";"K";"-0.206"
"2021-03-31";"P";"-0.104"
"2021-03-31";"GK";"0.017"
"2021-03-31";"IKH";"0.199"
"2021-04-01";"2J";"-0.781"
"2021-04-01";"10J0";"-0.285"
"2021-04-01";"E";"-0.405"
"2021-04-01";"K";"-0.222"
"2021-04-01";"P";"-0.118"
"2021-04-01";"GK";"0.003"
"2021-04-01";"IKH";"0.18"
"2021-04-02";"2J";
"2021-04-02";"10J0";
"2021-04-02";"E";
"2021-04-02";"K";
"2021-04-02";"P";
"2021-04-02";"GK";
"2021-04-02";"IKH";
"2021-04-05";"2J";
"2021-04-05";"10J0";
"2021-04-05";"E";
"2021-04-05";"K";
"2021-04-05";"P";
"2021-04-05";"GK";
"2021-04-05";"IKH";
"2021-04-06";"2J";"-0.791"
"2021-04-06";"10J0";"-0.287"
"2021-04-06";"E";"-0.41"
"2021-04-06";"K";"-0.23"
"2021-04-06";"P";"-0.125"
"2021-04-06";"GK";"-0.005"
"2021-04-06";"IKH";"0.175"
"2021-04-07";"2J";"-0.789"
"2021-04-07";"10J0";"-0.303"
"2021-04-07";"E";"-0.423"
"2021-04-07";"K";"-0.24"
"2021-04-07";"P";"-0.149"
"2021-04-07";"GK";"-0.028"
"2021-04-07";"IKH";"0.169"
"2021-04-08";"2J";"-0.787"
"2021-04-08";"10J0";"-0.292"
"2021-04-08";"E";"-0.411"
"2021-04-08";"K";"-0.248"
"2021-04-08";"P";"-0.145"
"2021-04-08";"GK";"-0.032"
"2021-04-08";"IKH";"0.175"
"2021-04-09";"2J";"-0.778"
"2021-04-09";"10J0";"-0.267"
"2021-04-09";"E";"-0.389"
"2021-04-09";"K";"-0.234"
"2021-04-09";"P";"-0.132"
"2021-04-09";"GK";"-0.015"
"2021-04-09";"IKH";"0.188"
"2021-04-12";"2J";"-0.779"
"2021-04-12";"10J0";"-0.273"
"2021-04-12";"E";"-0.396"
"2021-04-12";"K";"-0.251"
"2021-04-12";"P";"-0.145"
"2021-04-12";"GK";"-0.027"
"2021-04-12";"IKH";"0.173"
"2021-04-13";"2J";"-0.773"
"2021-04-13";"10J0";"-0.241"
"2021-04-13";"E";"-0.366"
"2021-04-13";"K";"-0.224"
"2021-04-13";"P";"-0.121"
"2021-04-13";"GK";"0.003"
"2021-04-13";"IKH";"0.195"
"2021-04-14";"2J";"-0.768"
"2021-04-14";"10J0";"-0.227"
"2021-04-14";"E";"-0.352"
"2021-04-14";"K";"-0.23"
"2021-04-14";"P";"-0.124"
"2021-04-14";"GK";"-0.008"
"2021-04-14";"IKH";"0.183"
"2021-04-15";"2J";"-0.772"
"2021-04-15";"10J0";"-0.233"
"2021-04-15";"E";"-0.355"
"2021-04-15";"K";"-0.22"
"2021-04-15";"P";"-0.115"
"2021-04-15";"GK";"0"
"2021-04-15";"IKH";"0.196"
"2021-04-16";"2J";"-0.779"
"2021-04-16";"10J0";"-0.236"
"2021-04-16";"E";"-0.358"
"2021-04-16";"K";"-0.227"
"2021-04-16";"P";"-0.122"
"2021-04-16";"GK";"-0.013"
"2021-04-16";"IKH";"0.186"
"2021-04-19";"2J";"-0.784"
"2021-04-19";"10J0";"-0.234"
"2021-04-19";"E";"-0.359"
"2021-04-19";"K";"-0.226"
"2021-04-19";"P";"-0.121"
"2021-04-19";"GK";"-0.011"
"2021-04-19";"IKH";"0.186"
"2021-04-20";"2J";"-0.776"
"2021-04-20";"10J0";"-0.222"
"2021-04-20";"E";"-0.347"
"2021-04-20";"K";"-0.209"
"2021-04-20";"P";"-0.105"
"2021-04-20";"GK";"0.003"
"2021-04-20";"IKH";"0.2"
"2021-04-21";"2J";"-0.788"
"2021-04-21";"10J0";"-0.233"
"2021-04-21";"E";"-0.359"
"2021-04-21";"K";"-0.23"
"2021-04-21";"P";"-0.121"
"2021-04-21";"GK";"-0.012"
"2021-04-21";"IKH";"0.191"
"2021-04-22";"2J";"-0.781"
"2021-04-22";"10J0";"-0.269"
"2021-04-22";"E";"-0.389"
"2021-04-22";"K";"-0.261"
"2021-04-22";"P";"-0.157"
"2021-04-22";"GK";"-0.039"
"2021-04-22";"IKH";"0.158"
"2021-04-23";"2J";"-0.776"
"2021-04-23";"10J0";"-0.263"
"2021-04-23";"E";"-0.382"
"2021-04-23";"K";"-0.251"
"2021-04-23";"P";"-0.141"
"2021-04-23";"GK";"-0.034"
"2021-04-23";"IKH";"0.172"
"2021-04-26";"2J";"-0.782"
"2021-04-26";"10J0";"-0.253"
"2021-04-26";"E";"-0.373"
"2021-04-26";"K";"-0.24"
"2021-04-26";"P";"-0.129"
"2021-04-26";"GK";"-0.028"
"2021-04-26";"IKH";"0.177"
"2021-04-27";"2J";"-0.782"
"2021-04-27";"10J0";"-0.251"
"2021-04-27";"E";"-0.372"
"2021-04-27";"K";"-0.226"
"2021-04-27";"P";"-0.129"
"2021-04-27";"GK";"-0.025"
"2021-04-27";"IKH";"0.183"
"2021-04-28";"2J";"-0.781"
"2021-04-28";"10J0";"-0.226"
"2021-04-28";"E";"-0.348"
"2021-04-28";"K";"-0.204"
"2021-04-28";"P";"-0.111"
"2021-04-28";"GK";"-0.006"
"2021-04-28";"IKH";"0.196"
"2021-04-29";"2J";"-0.771"
"2021-04-29";"10J0";"-0.222"
"2021-04-29";"E";"-0.344"
"2021-04-29";"K";"-0.201"
"2021-04-29";"P";"-0.106"
"2021-04-29";"GK";"-0.004"
"2021-04-29";"IKH";"0.189"
"2021-04-30";"2J";"-0.773"
"2021-04-30";"10J0";"-0.21"
"2021-04-30";"E";"-0.335"
"2021-04-30";"K";"-0.188"
"2021-04-30";"P";"-0.089"
"2021-04-30";"GK";"0.014"
"2021-04-30";"IKH";"0.212"
"2021-05-03";"2J";"-0.77"
"2021-05-03";"10J0";"-0.191"
"2021-05-03";"E";"-0.314"
"2021-05-03";"K";"-0.174"
"2021-05-03";"P";"-0.075"
"2021-05-03";"GK";"0.021"
"2021-05-03";"IKH";"0.214"
"2021-05-04";"2J";"-0.777"
"2021-05-04";"10J0";"-0.189"
"2021-05-04";"E";"-0.317"
"2021-05-04";"K";"-0.186"
"2021-05-04";"P";"-0.092"
"2021-05-04";"GK";"0"
"2021-05-04";"IKH";"0.198"
"2021-05-05";"2J";"-0.769"
"2021-05-05";"10J0";"-0.224"
"2021-05-05";"E";"-0.349"
"2021-05-05";"K";"-0.216"
"2021-05-05";"P";"-0.124"
"2021-05-05";"GK";"-0.022"
"2021-05-05";"IKH";"0.177"
"2021-05-06";"2J";"-0.745"
"2021-05-06";"10J0";"-0.215"
"2021-05-06";"E";"-0.336"
"2021-05-06";"K";"-0.213"
"2021-05-06";"P";"-0.119"
"2021-05-06";"GK";"-0.018"
"2021-05-06";"IKH";"0.181"
"2021-05-07";"2J";"-0.755"
"2021-05-07";"10J0";"-0.193"
"2021-05-07";"E";"-0.318"
"2021-05-07";"K";"-0.187"
"2021-05-07";"P";"-0.098"
"2021-05-07";"GK";"-0.002"
"2021-05-07";"IKH";"0.194"
"2021-05-10";"2J";"-0.767"
"2021-05-10";"10J0";"-0.2"
"2021-05-10";"E";"-0.325"
"2021-05-10";"K";"-0.189"
"2021-05-10";"P";"-0.106"
"2021-05-10";"GK";"-0.01"
"2021-05-10";"IKH";"0.19"
"2021-05-11";"2J";"-0.75"
"2021-05-11";"10J0";"-0.159"
"2021-05-11";"E";"-0.285"
"2021-05-11";"K";"-0.161"
"2021-05-11";"P";"-0.076"
"2021-05-11";"GK";"0.014"
"2021-05-11";"IKH";"0.207"
"2021-05-12";"2J";"-0.743"
"2021-05-12";"10J0";"-0.146"
"2021-05-12";"E";"-0.276"
"2021-05-12";"K";"-0.158"
"2021-05-12";"P";"-0.075"
"2021-05-12";"GK";"0.015"
"2021-05-12";"IKH";"0.208"
"2021-05-13";"2J";
"2021-05-13";"10J0";
"2021-05-13";"E";
"2021-05-13";"K";
"2021-05-13";"P";
"2021-05-13";"GK";
"2021-05-13";"IKH";
"2021-05-14";"2J";"-0.746"
"2021-05-14";"10J0";"-0.126"
"2021-05-14";"E";"-0.258"
"2021-05-14";"K";"-0.134"
"2021-05-14";"P";"-0.051"
"2021-05-14";"GK";"0.038"
"2021-05-14";"IKH";"0.218"
"2021-05-17";"2J";"-0.753"
"2021-05-17";"10J0";"-0.138"
"2021-05-17";"E";"-0.27"
"2021-05-17";"K";"-0.141"
"2021-05-17";"P";"-0.059"
"2021-05-17";"GK";"0.033"
"2021-05-17";"IKH";"0.218"
"2021-05-18";"2J";"-0.748"
"2021-05-18";"10J0";"-0.12"
"2021-05-18";"E";"-0.252"
"2021-05-18";"K";"-0.134"
"2021-05-18";"P";"-0.055"
"2021-05-18";"GK";"0.036"
"2021-05-18";"IKH";"0.223"
"2021-05-19";"2J";"-0.751"
"2021-05-19";"10J0";"-0.1"
"2021-05-19";"E";"-0.234"
"2021-05-19";"K";"-0.102"
"2021-05-19";"P";"-0.029"
"2021-05-19";"GK";"0.059"
"2021-05-19";"IKH";"0.248"
"2021-05-20";"2J";"-0.746"
"2021-05-20";"10J0";"-0.113"
"2021-05-20";"E";"-0.244"
"2021-05-20";"K";"-0.109"
"2021-05-20";"P";"-0.034"
"2021-05-20";"GK";"0.053"
"2021-05-20";"IKH";"0.238"
"2021-05-21";"2J";"-0.75"
"2021-05-21";"10J0";"-0.138"
"2021-05-21";"E";"-0.269"
"2021-05-21";"K";"-0.135"
"2021-05-21";"P";"-0.059"
"2021-05-21";"GK";"0.031"
"2021-05-21";"IKH";"0.22"
"2021-05-24";"2J";
"2021-05-24";"10J0";
"2021-05-24";"E";
"2021-05-24";"K";
"2021-05-24";"P";
"2021-05-24";"GK";
"2021-05-24";"IKH";
"2021-05-25";"2J";"-0.764"
"2021-05-25";"10J0";"-0.154"
"2021-05-25";"E";"-0.284"
"2021-05-25";"K";"-0.154"
"2021-05-25";"P";"-0.081"
"2021-05-25";"GK";"0.006"
"2021-05-25";"IKH";"0.185"
"2021-05-26";"2J";"-0.766"
"2021-05-26";"10J0";"-0.178"
"2021-05-26";"E";"-0.304"
"2021-05-26";"K";"-0.181"
"2021-05-26";"P";"-0.104"
"2021-05-26";"GK";"-0.013"
"2021-05-26";"IKH";"0.173"
"2021-05-27";"2J";"-0.76"
"2021-05-27";"10J0";"-0.185"
"2021-05-27";"E";"-0.313"
"2021-05-27";"K";"-0.193"
"2021-05-27";"P";"-0.116"
"2021-05-27";"GK";"-0.025"
"2021-05-27";"IKH";"0.159"
"2021-05-28";"2J";"-0.749"
"2021-05-28";"10J0";"-0.142"
"2021-05-28";"E";"-0.277"
"2021-05-28";"K";"-0.154"
"2021-05-28";"P";"-0.088"
"2021-05-28";"GK";"0.007"
"2021-05-28";"IKH";"0.181"
"2021-05-31";"2J";"-0.761"
"2021-05-31";"10J0";"-0.134"
"2021-05-31";"E";"-0.272"
"2021-05-31";"K";"-0.146"
"2021-05-31";"P";"-0.07"
"2021-05-31";"GK";"0.022"
"2021-05-31";"IKH";"0.198"
"2021-06-01";"2J";"-0.755"
"2021-06-01";"10J0";"-0.14"
"2021-06-01";"E";"-0.277"
"2021-06-01";"K";"-0.156"
"2021-06-01";"P";"-0.08"
"2021-06-01";"GK";"0.01"
"2021-06-01";"IKH";"0.187"
"2021-06-02";"2J";"-0.753"
"2021-06-02";"10J0";"-0.135"
"2021-06-02";"E";"-0.271"
"2021-06-02";"K";"-0.136"
"2021-06-02";"P";"-0.078"
"2021-06-02";"GK";"0.011"
"2021-06-02";"IKH";"0.188"
"2021-06-03";"2J";"-0.747"
"2021-06-03";"10J0";"-0.111"
"2021-06-03";"E";"-0.25"
"2021-06-03";"K";"-0.119"
"2021-06-03";"P";"-0.067"
"2021-06-03";"GK";"0.026"
"2021-06-03";"IKH";"0.206"
"2021-06-04";"2J";"-0.743"
"2021-06-04";"10J0";"-0.104"
"2021-06-04";"E";"-0.245"
"2021-06-04";"K";"-0.118"
"2021-06-04";"P";"-0.065"
"2021-06-04";"GK";"0.027"
"2021-06-04";"IKH";"0.212"
"2021-06-07";"2J";"-0.754"
"2021-06-07";"10J0";"-0.125"
"2021-06-07";"E";"-0.262"
"2021-06-07";"K";"-0.128"
"2021-06-07";"P";"-0.071"
"2021-06-07";"GK";"0.02"
"2021-06-07";"IKH";"0.196"
"2021-06-08";"2J";"-0.745"
"2021-06-08";"10J0";"-0.13"
"2021-06-08";"E";"-0.267"
"2021-06-08";"K";"-0.127"
"2021-06-08";"P";"-0.073"
"2021-06-08";"GK";"0.017"
"2021-06-08";"IKH";"0.192"
"2021-06-09";"2J";"-0.745"
"2021-06-09";"10J0";"-0.165"
"2021-06-09";"E";"-0.295"
"2021-06-09";"K";"-0.175"
"2021-06-09";"P";"-0.113"
"2021-06-09";"GK";"-0.016"
"2021-06-09";"IKH";"0.163"
"2021-06-10";"2J";"-0.75"
"2021-06-10";"10J0";"-0.178"
"2021-06-10";"E";"-0.308"
"2021-06-10";"K";"-0.176"
"2021-06-10";"P";"-0.112"
"2021-06-10";"GK";"-0.021"
"2021-06-10";"IKH";"0.161"
"2021-06-11";"2J";"-0.758"
"2021-06-11";"10J0";"-0.225"
"2021-06-11";"E";"-0.35"
"2021-06-11";"K";"-0.205"
"2021-06-11";"P";"-0.146"
"2021-06-11";"GK";"-0.049"
"2021-06-11";"IKH";"0.129"
"2021-06-14";"2J";"-0.781"
"2021-06-14";"10J0";"-0.216"
"2021-06-14";"E";"-0.345"
"2021-06-14";"K";"-0.196"
"2021-06-14";"P";"-0.141"
"2021-06-14";"GK";"-0.047"
"2021-06-14";"IKH";"0.128"
"2021-06-15";"2J";"-0.767"
"2021-06-15";"10J0";"-0.227"
"2021-06-15";"E";"-0.353"
"2021-06-15";"K";"-0.186"
"2021-06-15";"P";"-0.124"
"2021-06-15";"GK";"-0.032"
"2021-06-15";"IKH";"0.142"
"2021-06-16";"2J";"-0.77"
"2021-06-16";"10J0";"-0.204"
"2021-06-16";"E";"-0.332"
"2021-06-16";"K";"-0.177"
"2021-06-16";"P";"-0.113"
"2021-06-16";"GK";"-0.017"
"2021-06-16";"IKH";"0.153"
"2021-06-17";"2J";"-0.751"
"2021-06-17";"10J0";"-0.187"
"2021-06-17";"E";"-0.315"
"2021-06-17";"K";"-0.163"
"2021-06-17";"P";"-0.088"
"2021-06-17";"GK";"0.007"
"2021-06-17";"IKH";"0.173"
"2021-06-18";"2J";"-0.763"
"2021-06-18";"10J0";"-0.223"
"2021-06-18";"E";"-0.346"
"2021-06-18";"K";"-0.176"
"2021-06-18";"P";"-0.11"
"2021-06-18";"GK";"-0.011"
"2021-06-18";"IKH";"0.156"
"2021-06-21";"2J";"-0.757"
"2021-06-21";"10J0";"-0.228"
"2021-06-21";"E";"-0.346"
"2021-06-21";"K";"-0.183"
"2021-06-21";"P";"-0.116"
"2021-06-21";"GK";"-0.019"
"2021-06-21";"IKH";"0.15"
"2021-06-22";"2J";"-0.749"
"2021-06-22";"10J0";"-0.175"
"2021-06-22";"E";"-0.297"
"2021-06-22";"K";"-0.138"
"2021-06-22";"P";"-0.067"
"2021-06-22";"GK";"0.028"
"2021-06-22";"IKH";"0.177"
"2021-06-23";"2J";"-0.752"
"2021-06-23";"10J0";"-0.192"
"2021-06-23";"E";"-0.313"
"2021-06-23";"K";"-0.162"
"2021-06-23";"P";"-0.087"
"2021-06-23";"GK";"0.015"
"2021-06-23";"IKH";"0.18"
"2021-06-24";"2J";"-0.748"
"2021-06-24";"10J0";"-0.183"
"2021-06-24";"E";"-0.306"
"2021-06-24";"K";"-0.147"
"2021-06-24";"P";"-0.084"
"2021-06-24";"GK";"0.015"
"2021-06-24";"IKH";"0.182"
"2021-06-25";"2J";"-0.759"
"2021-06-25";"10J0";"-0.209"
"2021-06-25";"E";"-0.332"
"2021-06-25";"K";"-0.166"
"2021-06-25";"P";"-0.093"
"2021-06-25";"GK";"0.014"
"2021-06-25";"IKH";"0.176"
"2021-06-28";"2J";"-0.762"
"2021-06-28";"10J0";"-0.184"
"2021-06-28";"E";"-0.309"
"2021-06-28";"K";"-0.141"
"2021-06-28";"P";"-0.076"
"2021-06-28";"GK";"0.029"
"2021-06-28";"IKH";"0.188"
"2021-06-29";"2J";"-0.754"
"2021-06-29";"10J0";"-0.191"
"2021-06-29";"E";"-0.314"
"2021-06-29";"K";"-0.144"
"2021-06-29";"P";"-0.075"
"2021-06-29";"GK";"0.028"
"2021-06-29";"IKH";"0.184"
"2021-06-30";"2J";"-0.758"
"2021-06-30";"10J0";"-0.2"
"2021-06-30";"E";"-0.324"
"2021-06-30";"K";"-0.154"
"2021-06-30";"P";"-0.085"
"2021-06-30";"GK";"0.018"
"2021-06-30";"IKH";"0.179"
"2021-07-01";"2J";"-0.754"
"2021-07-01";"10J0";"-0.214"
"2021-07-01";"E";"-0.336"
"2021-07-01";"K";"-0.172"
"2021-07-01";"P";"-0.093"
"2021-07-01";"GK";"0.014"
"2021-07-01";"IKH";"0.175"
"2021-07-02";"2J";"-0.754"
"2021-07-02";"10J0";"-0.229"
"2021-07-02";"E";"-0.35"
"2021-07-02";"K";"-0.174"
"2021-07-02";"P";"-0.103"
"2021-07-02";"GK";"-0.001"
"2021-07-02";"IKH";"0.16"
"2021-07-05";"2J";"-0.767"
"2021-07-05";"10J0";"-0.224"
"2021-07-05";"E";"-0.346"
"2021-07-05";"K";"-0.175"
"2021-07-05";"P";"-0.106"
"2021-07-05";"GK";"-0.007"
"2021-07-05";"IKH";"0.15"
"2021-07-06";"2J";"-0.761"
"2021-07-06";"10J0";"-0.223"
"2021-07-06";"E";"-0.345"
"2021-07-06";"K";"-0.169"
"2021-07-06";"P";"-0.104"
"2021-07-06";"GK";"0.002"
"2021-07-06";"IKH";"0.146"
"2021-07-07";"2J";"-0.775"
"2021-07-07";"10J0";"-0.285"
"2021-07-07";"E";"-0.405"
"2021-07-07";"K";"-0.223"
"2021-07-07";"P";"-0.162"
"2021-07-07";"GK";"-0.056"
"2021-07-07";"IKH";"0.109"
"2021-07-08";"2J";"-0.778"
"2021-07-08";"10J0";"-0.324"
"2021-07-08";"E";"-0.436"
"2021-07-08";"K";"-0.26"
"2021-07-08";"P";"-0.204"
"2021-07-08";"GK";"-0.088"
"2021-07-08";"IKH";"0.061"
"2021-07-09";"2J";"-0.778"
"2021-07-09";"10J0";"-0.314"
"2021-07-09";"E";"-0.424"
"2021-07-09";"K";"-0.253"
"2021-07-09";"P";"-0.192"
"2021-07-09";"GK";"-0.078"
"2021-07-09";"IKH";"0.083"
"2021-07-12";"2J";"-0.804"
"2021-07-12";"10J0";"-0.303"
"2021-07-12";"E";"-0.415"
"2021-07-12";"K";"-0.251"
"2021-07-12";"P";"-0.186"
"2021-07-12";"GK";"-0.074"
"2021-07-12";"IKH";"0.072"
"2021-07-13";"2J";"-0.79"
"2021-07-13";"10J0";"-0.274"
"2021-07-13";"E";"-0.392"
"2021-07-13";"K";"-0.23"
"2021-07-13";"P";"-0.157"
"2021-07-13";"GK";"-0.053"
"2021-07-13";"IKH";"0.098"
"2021-07-14";"2J";"-0.791"
"2021-07-14";"10J0";"-0.253"
"2021-07-14";"E";"-0.374"
"2021-07-14";"K";"-0.22"
"2021-07-14";"P";"-0.147"
"2021-07-14";"GK";"-0.038"
"2021-07-14";"IKH";"0.112"
"2021-07-15";"2J";"-0.795"
"2021-07-15";"10J0";"-0.315"
"2021-07-15";"E";"-0.429"
"2021-07-15";"K";"-0.255"
"2021-07-15";"P";"-0.185"
"2021-07-15";"GK";"-0.073"
"2021-07-15";"IKH";"0.082"
"2021-07-16";"2J";"-0.786"
"2021-07-16";"10J0";"-0.312"
"2021-07-16";"E";"-0.425"
"2021-07-16";"K";"-0.257"
"2021-07-16";"P";"-0.179"
"2021-07-16";"GK";"-0.076"
"2021-07-16";"IKH";"0.084"
"2021-07-19";"2J";"-0.798"
"2021-07-19";"10J0";"-0.337"
"2021-07-19";"E";"-0.45"
"2021-07-19";"K";"-0.279"
"2021-07-19";"P";"-0.205"
"2021-07-19";"GK";"-0.095"
"2021-07-19";"IKH";"0.061"
"2021-07-20";"2J";"-0.807"
"2021-07-20";"10J0";"-0.37"
"2021-07-20";"E";"-0.477"
"2021-07-20";"K";"-0.304"
"2021-07-20";"P";"-0.228"
"2021-07-20";"GK";"-0.115"
"2021-07-20";"IKH";"0.029"
"2021-07-21";"2J";"-0.811"
"2021-07-21";"10J0";"-0.363"
"2021-07-21";"E";"-0.472"
"2021-07-21";"K";"-0.295"
"2021-07-21";"P";"-0.222"
"2021-07-21";"GK";"-0.112"
"2021-07-21";"IKH";"0.03"
"2021-07-22";"2J";"-0.792"
"2021-07-22";"10J0";"-0.345"
"2021-07-22";"E";"-0.453"
"2021-07-22";"K";"-0.287"
"2021-07-22";"P";"-0.203"
"2021-07-22";"GK";"-0.097"
"2021-07-22";"IKH";"0.054"
"2021-07-23";"2J";"-0.794"
"2021-07-23";"10J0";"-0.369"
"2021-07-23";"E";"-0.474"
"2021-07-23";"K";"-0.299"
"2021-07-23";"P";"-0.222"
"2021-07-23";"GK";"-0.118"
"2021-07-23";"IKH";"0.041"
"2021-07-26";"2J";"-0.805"
"2021-07-26";"10J0";"-0.393"
"2021-07-26";"E";"-0.496"
"2021-07-26";"K";"-0.317"
"2021-07-26";"P";"-0.24"
"2021-07-26";"GK";"-0.134"
"2021-07-26";"IKH";"0.013"
"2021-07-27";"2J";"-0.808"
"2021-07-27";"10J0";"-0.378"
"2021-07-27";"E";"-0.485"
"2021-07-27";"K";"-0.308"
"2021-07-27";"P";"-0.229"
"2021-07-27";"GK";"-0.125"
"2021-07-27";"IKH";"0.022"
"2021-07-28";"2J";"-0.798"
"2021-07-28";"10J0";"-0.373"
"2021-07-28";"E";"-0.477"
"2021-07-28";"K";"-0.303"
"2021-07-28";"P";"-0.227"
"2021-07-28";"GK";"-0.119"
"2021-07-28";"IKH";"0.028"
"2021-07-29";"2J";"-0.791"
"2021-07-29";"10J0";"-0.368"
"2021-07-29";"E";"-0.474"
"2021-07-29";"K";"-0.303"
"2021-07-29";"P";"-0.22"
"2021-07-29";"GK";"-0.117"
"2021-07-29";"IKH";"0.032"
"2021-07-30";"2J";"-0.8"
"2021-07-30";"10J0";"-0.373"
"2021-07-30";"E";"-0.479"
"2021-07-30";"K";"-0.302"
"2021-07-30";"P";"-0.224"
"2021-07-30";"GK";"-0.119"
"2021-07-30";"IKH";"0.03"
"2021-08-02";"2J";"-0.799"
"2021-08-02";"10J0";"-0.382"
"2021-08-02";"E";"-0.487"
"2021-08-02";"K";"-0.307"
"2021-08-02";"P";"-0.234"
"2021-08-02";"GK";"-0.125"
"2021-08-02";"IKH";"0.029"
"2021-08-03";"2J";"-0.804"
"2021-08-03";"10J0";"-0.393"
"2021-08-03";"E";"-0.498"
"2021-08-03";"K";"-0.324"
"2021-08-03";"P";"-0.248"
"2021-08-03";"GK";"-0.142"
"2021-08-03";"IKH";"0.011"
"2021-08-04";"2J";"-0.808"
"2021-08-04";"10J0";"-0.425"
"2021-08-04";"E";"-0.526"
"2021-08-04";"K";"-0.353"
"2021-08-04";"P";"-0.258"
"2021-08-04";"GK";"-0.167"
"2021-08-04";"IKH";"-0.012"
"2021-08-05";"2J";"-0.802"
"2021-08-05";"10J0";"-0.434"
"2021-08-05";"E";"-0.53"
"2021-08-05";"K";"-0.352"
"2021-08-05";"P";"-0.267"
"2021-08-05";"GK";"-0.173"
"2021-08-05";"IKH";"-0.015"
"2021-08-06";"2J";"-0.794"
"2021-08-06";"10J0";"-0.421"
"2021-08-06";"E";"-0.517"
"2021-08-06";"K";"-0.335"
"2021-08-06";"P";"-0.247"
"2021-08-06";"GK";"-0.152"
"2021-08-06";"IKH";"-0.012"
"2021-08-09";"2J";"-0.816"
"2021-08-09";"10J0";"-0.404"
"2021-08-09";"E";"-0.479"
"2021-08-09";"K";"-0.324"
"2021-08-09";"P";"-0.232"
"2021-08-09";"GK";"-0.142"
"2021-08-09";"IKH";"0.002"
"2021-08-10";"2J";"-0.793"
"2021-08-10";"10J0";"-0.388"
"2021-08-10";"E";"-0.49"
"2021-08-10";"K";"-0.313"
"2021-08-10";"P";"-0.222"
"2021-08-10";"GK";"-0.132"
"2021-08-10";"IKH";"0.01"
"2021-08-11";"2J";"-0.796"
"2021-08-11";"10J0";"-0.386"
"2021-08-11";"E";"-0.488"
"2021-08-11";"K";"-0.309"
"2021-08-11";"P";"-0.221"
"2021-08-11";"GK";"-0.128"
"2021-08-11";"IKH";"0.011"
"2021-08-12";"2J";"-0.801"
"2021-08-12";"10J0";"-0.4"
"2021-08-12";"E";"-0.477"
"2021-08-12";"K";"-0.317"
"2021-08-12";"P";"-0.237"
"2021-08-12";"GK";"-0.142"
"2021-08-12";"IKH";"-0.003"
"2021-08-13";"2J";"-0.798"
"2021-08-13";"10J0";"-0.396"
"2021-08-13";"E";"-0.472"
"2021-08-13";"K";"-0.317"
"2021-08-13";"P";"-0.237"
"2021-08-13";"GK";"-0.142"
"2021-08-13";"IKH";"0.003"
"2021-08-16";"2J";"-0.794"
"2021-08-16";"10J0";"-0.402"
"2021-08-16";"E";"-0.501"
"2021-08-16";"K";"-0.325"
"2021-08-16";"P";"-0.243"
"2021-08-16";"GK";"-0.15"
"2021-08-16";"IKH";"-0.01"
"2021-08-17";"2J";"-0.787"
"2021-08-17";"10J0";"-0.398"
"2021-08-17";"E";"-0.497"
"2021-08-17";"K";"-0.333"
"2021-08-17";"P";"-0.253"
"2021-08-17";"GK";"-0.159"
"2021-08-17";"IKH";"-0.01"
"2021-08-18";"2J";"-0.79"
"2021-08-18";"10J0";"-0.387"
"2021-08-18";"E";"-0.487"
"2021-08-18";"K";"-0.317"
"2021-08-18";"P";"-0.243"
"2021-08-18";"GK";"-0.149"
"2021-08-18";"IKH";"-0.011"
"2021-08-19";"2J";"-0.779"
"2021-08-19";"10J0";"-0.386"
"2021-08-19";"E";"-0.48"
"2021-08-19";"K";"-0.318"
"2021-08-19";"P";"-0.252"
"2021-08-19";"GK";"-0.153"
"2021-08-19";"IKH";"-0.014"
"2021-08-20";"2J";"-0.773"
"2021-08-20";"10J0";"-0.395"
"2021-08-20";"E";"-0.491"
"2021-08-20";"K";"-0.329"
"2021-08-20";"P";"-0.246"
"2021-08-20";"GK";"-0.153"
"2021-08-20";"IKH";"-0.006"
"2021-08-23";"2J";"-0.777"
"2021-08-23";"10J0";"-0.377"
"2021-08-23";"E";"-0.476"
"2021-08-23";"K";"-0.301"
"2021-08-23";"P";"-0.226"
"2021-08-23";"GK";"-0.132"
"2021-08-23";"IKH";"0.013"
"2021-08-24";"2J";"-0.782"
"2021-08-24";"10J0";"-0.384"
"2021-08-24";"E";"-0.482"
"2021-08-24";"K";"-0.314"
"2021-08-24";"P";"-0.238"
"2021-08-24";"GK";"-0.141"
"2021-08-24";"IKH";"0.009"
"2021-08-25";"2J";"-0.779"
"2021-08-25";"10J0";"-0.374"
"2021-08-25";"E";"-0.475"
"2021-08-25";"K";"-0.305"
"2021-08-25";"P";"-0.23"
"2021-08-25";"GK";"-0.133"
"2021-08-25";"IKH";"0.01"
"2021-08-26";"2J";"-0.766"
"2021-08-26";"10J0";"-0.337"
"2021-08-26";"E";"-0.44"
"2021-08-26";"K";"-0.278"
"2021-08-26";"P";"-0.194"
"2021-08-26";"GK";"-0.094"
"2021-08-26";"IKH";"0.049"
"2021-08-27";"2J";"-0.772"
"2021-08-27";"10J0";"-0.334"
"2021-08-27";"E";"-0.439"
"2021-08-27";"K";"-0.277"
"2021-08-27";"P";"-0.192"
"2021-08-27";"GK";"-0.093"
"2021-08-27";"IKH";"0.038"
"2021-08-30";"2J";"-0.786"
"2021-08-30";"10J0";"-0.337"
"2021-08-30";"E";"-0.445"
"2021-08-30";"K";"-0.275"
"2021-08-30";"P";"-0.202"
"2021-08-30";"GK";"-0.098"
"2021-08-30";"IKH";"0.042"
"2021-08-31";"2J";"-0.771"
"2021-08-31";"10J0";"-0.347"
"2021-08-31";"E";"-0.452"
"2021-08-31";"K";"-0.283"
"2021-08-31";"P";"-0.204"
"2021-08-31";"GK";"-0.103"
"2021-08-31";"IKH";"0.028"
"2021-09-01";"2J";"-0.774"
"2021-09-01";"10J0";"-0.318"
"2021-09-01";"E";"-0.427"
"2021-09-01";"K";"-0.263"
"2021-09-01";"P";"-0.179"
"2021-09-01";"GK";"-0.081"
"2021-09-01";"IKH";"0.061"
"2021-09-02";"2J";"-0.762"
"2021-09-02";"10J0";"-0.322"
"2021-09-02";"E";"-0.428"
"2021-09-02";"K";"-0.268"
"2021-09-02";"P";"-0.185"
"2021-09-02";"GK";"-0.085"
"2021-09-02";"IKH";"0.06"
"2021-09-03";"2J";"-0.768"
"2021-09-03";"10J0";"-0.332"
"2021-09-03";"E";"-0.437"
"2021-09-03";"K";"-0.28"
"2021-09-03";"P";"-0.199"
"2021-09-03";"GK";"-0.096"
"2021-09-03";"IKH";"0.048"
"2021-09-06";"2J";"-0.766"
"2021-09-06";"10J0";"-0.313"
"2021-09-06";"E";"-0.424"
"2021-09-06";"K";"-0.268"
"2021-09-06";"P";"-0.183"
"2021-09-06";"GK";"-0.084"
"2021-09-06";"IKH";"0.056"
"2021-09-07";"2J";"-0.76"
"2021-09-07";"10J0";"-0.281"
"2021-09-07";"E";"-0.396"
"2021-09-07";"K";"-0.242"
"2021-09-07";"P";"-0.16"
"2021-09-07";"GK";"-0.061"
"2021-09-07";"IKH";"0.077"
"2021-09-08";"2J";"-0.737"
"2021-09-08";"10J0";"-0.247"
"2021-09-08";"E";"-0.362"
"2021-09-08";"K";"-0.207"
"2021-09-08";"P";"-0.119"
"2021-09-08";"GK";"-0.029"
"2021-09-08";"IKH";"0.109"
"2021-09-09";"2J";"-0.747"
"2021-09-09";"10J0";"-0.273"
"2021-09-09";"E";"-0.384"
"2021-09-09";"K";"-0.223"
"2021-09-09";"P";"-0.122"
"2021-09-09";"GK";"-0.031"
"2021-09-09";"IKH";"0.109"
"2021-09-10";"2J";"-0.751"
"2021-09-10";"10J0";"-0.282"
"2021-09-10";"E";"-0.391"
"2021-09-10";"K";"-0.229"
"2021-09-10";"P";"-0.139"
"2021-09-10";"GK";"-0.047"
"2021-09-10";"IKH";"0.097"
"2021-09-13";"2J";"-0.756"
"2021-09-13";"10J0";"-0.263"
"2021-09-13";"E";"-0.375"
"2021-09-13";"K";"-0.219"
"2021-09-13";"P";"-0.109"
"2021-09-13";"GK";"-0.021"
"2021-09-13";"IKH";"0.107"
"2021-09-14";"2J";"-0.75"
"2021-09-14";"10J0";"-0.242"
"2021-09-14";"E";"-0.357"
"2021-09-14";"K";"-0.189"
"2021-09-14";"P";"-0.093"
"2021-09-14";"GK";"-0.005"
"2021-09-14";"IKH";"0.118"
"2021-09-15";"2J";"-0.748"
"2021-09-15";"10J0";"-0.272"
"2021-09-15";"E";"-0.382"
"2021-09-15";"K";"-0.212"
"2021-09-15";"P";"-0.116"
"2021-09-15";"GK";"-0.025"
"2021-09-15";"IKH";"0.109"
"2021-09-16";"2J";"-0.726"
"2021-09-16";"10J0";"-0.234"
"2021-09-16";"E";"-0.345"
"2021-09-16";"K";"-0.172"
"2021-09-16";"P";"-0.076"
"2021-09-16";"GK";"0.01"
"2021-09-16";"IKH";"0.138"
"2021-09-17";"2J";"-0.726"
"2021-09-17";"10J0";"-0.222"
"2021-09-17";"E";"-0.334"
"2021-09-17";"K";"-0.15"
"2021-09-17";"P";"-0.049"
"2021-09-17";"GK";"0.038"
"2021-09-17";"IKH";"0.165"
"2021-09-20";"2J";"-0.748"
"2021-09-20";"10J0";"-0.239"
"2021-09-20";"E";"-0.352"
"2021-09-20";"K";"-0.169"
"2021-09-20";"P";"-0.063"
"2021-09-20";"GK";"0.025"
"2021-09-20";"IKH";"0.157"
"2021-09-21";"2J";"-0.748"
"2021-09-21";"10J0";"-0.224"
"2021-09-21";"E";"-0.34"
"2021-09-21";"K";"-0.155"
"2021-09-21";"P";"-0.049"
"2021-09-21";"GK";"0.036"
"2021-09-21";"IKH";"0.171"
"2021-09-22";"2J";"-0.752"
"2021-09-22";"10J0";"-0.234"
"2021-09-22";"E";"-0.347"
"2021-09-22";"K";"-0.172"
"2021-09-22";"P";"-0.065"
"2021-09-22";"GK";"0.02"
"2021-09-22";"IKH";"0.157"
"2021-09-23";"2J";"-0.731"
"2021-09-23";"10J0";"-0.235"
"2021-09-23";"E";"-0.342"
"2021-09-23";"K";"-0.167"
"2021-09-23";"P";"-0.062"
"2021-09-23";"GK";"0.025"
"2021-09-23";"IKH";"0.156"
"2021-09-24";"2J";"-0.697"
"2021-09-24";"10J0";"-0.171"
"2021-09-24";"E";"-0.28"
"2021-09-24";"K";"-0.108"
"2021-09-24";"P";"0.003"
"2021-09-24";"GK";"0.086"
"2021-09-24";"IKH";"0.209"
"2021-09-27";"2J";"-0.713"
"2021-09-27";"10J0";"-0.147"
"2021-09-27";"E";"-0.261"
"2021-09-27";"K";"-0.101"
"2021-09-27";"P";"0.016"
"2021-09-27";"GK";"0.1"
"2021-09-27";"IKH";"0.236"
"2021-09-28";"2J";"-0.717"
"2021-09-28";"10J0";"-0.127"
"2021-09-28";"E";"-0.239"
"2021-09-28";"K";"-0.074"
"2021-09-28";"P";"0.042"
"2021-09-28";"GK";"0.127"
"2021-09-28";"IKH";"0.268"
"2021-09-29";"2J";"-0.718"
"2021-09-29";"10J0";"-0.125"
"2021-09-29";"E";"-0.239"
"2021-09-29";"K";"-0.079"
"2021-09-29";"P";"0.035"
"2021-09-29";"GK";"0.12"
"2021-09-29";"IKH";"0.259"
"2021-09-30";"2J";"-0.713"
"2021-09-30";"10J0";"-0.166"
"2021-09-30";"E";"-0.275"
"2021-09-30";"K";"-0.12"
"2021-09-30";"P";"0.01"
"2021-09-30";"GK";"0.096"
"2021-09-30";"IKH";"0.24"
"2021-10-01";"2J";"-0.715"
"2021-10-01";"10J0";"-0.176"
"2021-10-01";"E";"-0.284"
"2021-10-01";"K";"-0.132"
"2021-10-01";"P";"0.004"
"2021-10-01";"GK";"0.091"
"2021-10-01";"IKH";"0.236"
"2021-10-04";"2J";"-0.733"
"2021-10-04";"10J0";"-0.161"
"2021-10-04";"E";"-0.273"
"2021-10-04";"K";"-0.124"
"2021-10-04";"P";"0.003"
"2021-10-04";"GK";"0.083"
"2021-10-04";"IKH";"0.224"
"2021-10-05";"2J";"-0.736"
"2021-10-05";"10J0";"-0.158"
"2021-10-05";"E";"-0.272"
"2021-10-05";"K";"-0.114"
"2021-10-05";"P";"0.005"
"2021-10-05";"GK";"0.096"
"2021-10-05";"IKH";"0.223"
"2021-10-06";"2J";"-0.717"
"2021-10-06";"10J0";"-0.107"
"2021-10-06";"E";"-0.225"
"2021-10-06";"K";"-0.062"
"2021-10-06";"P";"0.049"
"2021-10-06";"GK";"0.139"
"2021-10-06";"IKH";"0.279"
"2021-10-07";"2J";"-0.715"
"2021-10-07";"10J0";"-0.131"
"2021-10-07";"E";"-0.247"
"2021-10-07";"K";"-0.076"
"2021-10-07";"P";"0.031"
"2021-10-07";"GK";"0.108"
"2021-10-07";"IKH";"0.264"
"2021-10-08";"2J";"-0.704"
"2021-10-08";"10J0";"-0.09"
"2021-10-08";"E";"-0.209"
"2021-10-08";"K";"-0.045"
"2021-10-08";"P";"0.052"
"2021-10-08";"GK";"0.15"
"2021-10-08";"IKH";"0.312"
"2021-10-11";"2J";"-0.7"
"2021-10-11";"10J0";"-0.065"
"2021-10-11";"E";"-0.185"
"2021-10-11";"K";"-0.017"
"2021-10-11";"P";"0.087"
"2021-10-11";"GK";"0.175"
"2021-10-11";"IKH";"0.309"
"2021-10-12";"2J";"-0.697"
"2021-10-12";"10J0";"-0.039"
"2021-10-12";"E";"-0.163"
"2021-10-12";"K";"-0.001"
"2021-10-12";"P";"0.103"
"2021-10-12";"GK";"0.188"
"2021-10-12";"IKH";"0.326"
"2021-10-13";"2J";"-0.682"
"2021-10-13";"10J0";"-0.048"
"2021-10-13";"E";"-0.164"
"2021-10-13";"K";"-0.002"
"2021-10-13";"P";"0.095"
"2021-10-13";"GK";"0.188"
"2021-10-13";"IKH";"0.322"
"2021-10-14";"2J";"-0.682"
"2021-10-14";"10J0";"-0.106"
"2021-10-14";"E";"-0.211"
"2021-10-14";"K";"-0.044"
"2021-10-14";"P";"0.06"
"2021-10-14";"GK";"0.154"
"2021-10-14";"IKH";"0.278"
"2021-10-15";"2J";"-0.694"
"2021-10-15";"10J0";"-0.128"
"2021-10-15";"E";"-0.232"
"2021-10-15";"K";"-0.059"
"2021-10-15";"P";"0.045"
"2021-10-15";"GK";"0.134"
"2021-10-15";"IKH";"0.261"
"2021-10-18";"2J";"-0.666"
"2021-10-18";"10J0";"-0.071"
"2021-10-18";"E";"-0.171"
"2021-10-18";"K";"-0.013"
"2021-10-18";"P";"0.096"
"2021-10-18";"GK";"0.19"
"2021-10-18";"IKH";"0.308"
"2021-10-19";"2J";"-0.676"
"2021-10-19";"10J0";"-0.088"
"2021-10-19";"E";"-0.18"
"2021-10-19";"K";"-0.015"
"2021-10-19";"P";"0.088"
"2021-10-19";"GK";"0.185"
"2021-10-19";"IKH";"0.308"
"2021-10-20";"2J";"-0.653"
"2021-10-20";"10J0";"-0.064"
"2021-10-20";"E";"-0.161"
"2021-10-20";"K";"0.013"
"2021-10-20";"P";"0.116"
"2021-10-20";"GK";"0.211"
"2021-10-20";"IKH";"0.335"
"2021-10-21";"2J";"-0.653"
"2021-10-21";"10J0";"-0.064"
"2021-10-21";"E";"-0.164"
"2021-10-21";"K";"0.002"
"2021-10-21";"P";"0.099"
"2021-10-21";"GK";"0.204"
"2021-10-21";"IKH";"0.324"
"2021-10-22";"2J";"-0.624"
"2021-10-22";"10J0";"-0.042"
"2021-10-22";"E";"-0.137"
"2021-10-22";"K";"0.036"
"2021-10-22";"P";"0.118"
"2021-10-22";"GK";"0.232"
"2021-10-22";"IKH";"0.357"
"2021-10-25";"2J";"-0.647"
"2021-10-25";"10J0";"-0.039"
"2021-10-25";"E";"-0.132"
"2021-10-25";"K";"0.031"
"2021-10-25";"P";"0.118"
"2021-10-25";"GK";"0.235"
"2021-10-25";"IKH";"0.367"
"2021-10-26";"2J";"-0.658"
"2021-10-26";"10J0";"-0.057"
"2021-10-26";"E";"-0.145"
"2021-10-26";"K";"0.008"
"2021-10-26";"P";"0.087"
"2021-10-26";"GK";"0.204"
"2021-10-26";"IKH";"0.383"
"2021-10-27";"2J";"-0.646"
"2021-10-27";"10J0";"-0.078"
"2021-10-27";"E";"-0.166"
"2021-10-27";"K";"-0.021"
"2021-10-27";"P";"0.082"
"2021-10-27";"GK";"0.187"
"2021-10-27";"IKH";"0.363"
"2021-10-28";"2J";"-0.602"
"2021-10-28";"10J0";"-0.114"
"2021-10-28";"E";"-0.19"
"2021-10-28";"K";"-0.023"
"2021-10-28";"P";"0.06"
"2021-10-28";"GK";"0.179"
"2021-10-28";"IKH";"0.312"
"2021-10-29";"2J";"-0.559"
"2021-10-29";"10J0";"-0.046"
"2021-10-29";"E";"-0.118"
"2021-10-29";"K";"0.037"
"2021-10-29";"P";"0.142"
"2021-10-29";"GK";"0.25"
"2021-10-29";"IKH";"0.381"
"2021-11-01";"2J";"-0.574"
"2021-11-01";"10J0";"-0.013"
"2021-11-01";"E";"-0.085"
"2021-11-01";"K";"0.075"
"2021-11-01";"P";"0.158"
"2021-11-01";"GK";"0.275"
"2021-11-01";"IKH";"0.416"
"2021-11-02";"2J";"-0.623"
"2021-11-02";"10J0";"-0.069"
"2021-11-02";"E";"-0.141"
"2021-11-02";"K";"0.037"
"2021-11-02";"P";"0.103"
"2021-11-02";"GK";"0.222"
"2021-11-02";"IKH";"0.367"
"2021-11-03";"2J";"-0.64"
"2021-11-03";"10J0";"-0.124"
"2021-11-03";"E";"-0.197"
"2021-11-03";"K";"-0.011"
"2021-11-03";"P";"0.08"
"2021-11-03";"GK";"0.176"
"2021-11-03";"IKH";"0.317"
"2021-11-04";"2J";"-0.649"
"2021-11-04";"10J0";"-0.126"
"2021-11-04";"E";"-0.205"
"2021-11-04";"K";"-0.023"
"2021-11-04";"P";"0.055"
"2021-11-04";"GK";"0.168"
"2021-11-04";"IKH";"0.309"
"2021-11-05";"2J";"-0.678"
"2021-11-05";"10J0";"-0.156"
"2021-11-05";"E";"-0.246"
"2021-11-05";"K";"-0.063"
"2021-11-05";"P";"0.014"
"2021-11-05";"GK";"0.136"
"2021-11-05";"IKH";"0.268"
"2021-11-08";"2J";"-0.69"
"2021-11-08";"10J0";"-0.181"
"2021-11-08";"E";"-0.265"
"2021-11-08";"K";"-0.082"
"2021-11-08";"P";"-0.002"
"2021-11-08";"GK";"0.099"
"2021-11-08";"IKH";"0.24"
"2021-11-09";"2J";"-0.682"
"2021-11-09";"10J0";"-0.176"
"2021-11-09";"E";"-0.262"
"2021-11-09";"K";"-0.094"
"2021-11-09";"P";"-0.021"
"2021-11-09";"GK";"0.096"
"2021-11-09";"IKH";"0.239"
"2021-11-10";"2J";"-0.672"
"2021-11-10";"10J0";"-0.184"
"2021-11-10";"E";"-0.262"
"2021-11-10";"K";"-0.094"
"2021-11-10";"P";"-0.02"
"2021-11-10";"GK";"0.093"
"2021-11-10";"IKH";"0.232"
"2021-11-11";"2J";"-0.62"
"2021-11-11";"10J0";"-0.135"
"2021-11-11";"E";"-0.21"
"2021-11-11";"K";"-0.03"
"2021-11-11";"P";"0.045"
"2021-11-11";"GK";"0.176"
"2021-11-11";"IKH";"0.334"
"2021-11-12";"2J";"-0.61"
"2021-11-12";"10J0";"-0.103"
"2021-11-12";"E";"-0.178"
"2021-11-12";"K";"-0.006"
"2021-11-12";"P";"0.094"
"2021-11-12";"GK";"0.19"
"2021-11-12";"IKH";"0.332"
"2021-11-15";"2J";"-0.665"
"2021-11-15";"10J0";"-0.153"
"2021-11-15";"E";"-0.229"
"2021-11-15";"K";"-0.058"
"2021-11-15";"P";"0.044"
"2021-11-15";"GK";"0.134"
"2021-11-15";"IKH";"0.277"
"2021-11-16";"2J";"-0.668"
"2021-11-16";"10J0";"-0.096"
"2021-11-16";"E";"-0.173"
"2021-11-16";"K";"0.008"
"2021-11-16";"P";"0.067"
"2021-11-16";"GK";"0.184"
"2021-11-16";"IKH";"0.324"
"2021-11-17";"2J";"-0.679"
"2021-11-17";"10J0";"-0.107"
"2021-11-17";"E";"-0.186"
"2021-11-17";"K";"-0.015"
"2021-11-17";"P";"0.056"
"2021-11-17";"GK";"0.171"
"2021-11-17";"IKH";"0.308"
"2021-11-18";"2J";"-0.664"
"2021-11-18";"10J0";"-0.136"
"2021-11-18";"E";"-0.216"
"2021-11-18";"K";"-0.037"
"2021-11-18";"P";"0.032"
"2021-11-18";"GK";"0.159"
"2021-11-18";"IKH";"0.278"
"2021-11-19";"2J";"-0.666"
"2021-11-19";"10J0";"-0.151"
"2021-11-19";"E";"-0.233"
"2021-11-19";"K";"-0.061"
"2021-11-19";"P";"0.019"
"2021-11-19";"GK";"0.118"
"2021-11-19";"IKH";"0.294"
"2021-11-22";"2J";"-0.694"
"2021-11-22";"10J0";"-0.197"
"2021-11-22";"E";"-0.278"
"2021-11-22";"K";"-0.096"
"2021-11-22";"P";"-0.026"
"2021-11-22";"GK";"0.087"
"2021-11-22";"IKH";"0.217"
"2021-11-23";"2J";"-0.695"
"2021-11-23";"10J0";"-0.152"
"2021-11-23";"E";"-0.237"
"2021-11-23";"K";"-0.065"
"2021-11-23";"P";"0.008"
"2021-11-23";"GK";"0.12"
"2021-11-23";"IKH";"0.289"
"2021-11-24";"2J";"-0.657"
"2021-11-24";"10J0";"-0.124"
"2021-11-24";"E";"-0.211"
"2021-11-24";"K";"-0.038"
"2021-11-24";"P";"0.052"
"2021-11-24";"GK";"0.148"
"2021-11-24";"IKH";"0.279"
"2021-11-25";"2J";"-0.686"
"2021-11-25";"10J0";"-0.143"
"2021-11-25";"E";"-0.232"
"2021-11-25";"K";"-0.053"
"2021-11-25";"P";"0.022"
"2021-11-25";"GK";"0.133"
"2021-11-25";"IKH";"0.309"
"2021-11-26";"2J";"-0.717"
"2021-11-26";"10J0";"-0.188"
"2021-11-26";"E";"-0.28"
"2021-11-26";"K";"-0.096"
"2021-11-26";"P";"0.003"
"2021-11-26";"GK";"0.09"
"2021-11-26";"IKH";"0.265"
"2021-11-29";"2J";"-0.725"
"2021-11-29";"10J0";"-0.198"
"2021-11-29";"E";"-0.287"
"2021-11-29";"K";"-0.1"
"2021-11-29";"P";"-0.01"
"2021-11-29";"GK";"0.085"
"2021-11-29";"IKH";"0.264"
"2021-11-30";"2J";"-0.732"
"2021-11-30";"10J0";"-0.234"
"2021-11-30";"E";"-0.323"
"2021-11-30";"K";"-0.135"
"2021-11-30";"P";"-0.043"
"2021-11-30";"GK";"0.06"
"2021-11-30";"IKH";"0.199"
"2021-12-01";"2J";"-0.693"
"2021-12-01";"10J0";"-0.195"
"2021-12-01";"E";"-0.277"
"2021-12-01";"K";"-0.076"
"2021-12-01";"P";"0.019"
"2021-12-01";"GK";"0.098"
"2021-12-01";"IKH";"0.237"
"2021-12-02";"2J";"-0.691"
"2021-12-02";"10J0";"-0.25"
"2021-12-02";"E";"-0.323"
"2021-12-02";"K";"-0.15"
"2021-12-02";"P";"-0.063"
"2021-12-02";"GK";"0.038"
"2021-12-02";"IKH";"0.218"
"2021-12-03";"2J";"-0.697"
"2021-12-03";"10J0";"-0.257"
"2021-12-03";"E";"-0.331"
"2021-12-03";"K";"-0.161"
"2021-12-03";"P";"-0.063"
"2021-12-03";"GK";"0.022"
"2021-12-03";"IKH";"0.16"
"2021-12-06";"2J";"-0.715"
"2021-12-06";"10J0";"-0.28"
"2021-12-06";"E";"-0.356"
"2021-12-06";"K";"-0.172"
"2021-12-06";"P";"-0.09"
"2021-12-06";"GK";"0.013"
"2021-12-06";"IKH";"0.154"
"2021-12-07";"2J";"-0.726"
"2021-12-07";"10J0";"-0.273"
"2021-12-07";"E";"-0.351"
"2021-12-07";"K";"-0.176"
"2021-12-07";"P";"-0.096"
"2021-12-07";"GK";"0.011"
"2021-12-07";"IKH";"0.153"
"2021-12-08";"2J";"-0.705"
"2021-12-08";"10J0";"-0.286"
"2021-12-08";"E";"-0.36"
"2021-12-08";"K";"-0.185"
"2021-12-08";"P";"-0.107"
"2021-12-08";"GK";"0.016"
"2021-12-08";"IKH";"0.174"
"2021-12-09";"2J";"-0.678"
"2021-12-09";"10J0";"-0.282"
"2021-12-09";"E";"-0.352"
"2021-12-09";"K";"-0.163"
"2021-12-09";"P";"-0.059"
"2021-12-09";"GK";"0.024"
"2021-12-09";"IKH";"0.162"
"2021-12-10";"2J";"-0.686"
"2021-12-10";"10J0";"-0.287"
"2021-12-10";"E";"-0.359"
"2021-12-10";"K";"-0.164"
"2021-12-10";"P";"-0.089"
"2021-12-10";"GK";"0.015"
"2021-12-10";"IKH";"0.158"
"2021-12-13";"2J";"-0.709"
"2021-12-13";"10J0";"-0.309"
"2021-12-13";"E";"-0.383"
"2021-12-13";"K";"-0.191"
"2021-12-13";"P";"-0.105"
"2021-12-13";"GK";"-0.001"
"2021-12-13";"IKH";"0.133"
"2021-12-14";"2J";"-0.717"
"2021-12-14";"10J0";"-0.287"
"2021-12-14";"E";"-0.361"
"2021-12-14";"K";"-0.18"
"2021-12-14";"P";"-0.077"
"2021-12-14";"GK";"0.009"
"2021-12-14";"IKH";"0.177"
"2021-12-15";"2J";"-0.691"
"2021-12-15";"10J0";"-0.276"
"2021-12-15";"E";"-0.348"
"2021-12-15";"K";"-0.17"
"2021-12-15";"P";"-0.085"
"2021-12-15";"GK";"0.02"
"2021-12-15";"IKH";"0.155"
"2021-12-16";"2J";"-0.664"
"2021-12-16";"10J0";"-0.26"
"2021-12-16";"E";"-0.331"
"2021-12-16";"K";"-0.145"
"2021-12-16";"P";"-0.047"
"2021-12-16";"GK";"0.038"
"2021-12-16";"IKH";"0.21"
"2021-12-17";"2J";"-0.665"
"2021-12-17";"10J0";"-0.276"
"2021-12-17";"E";"-0.346"
"2021-12-17";"K";"-0.152"
"2021-12-17";"P";"-0.061"
"2021-12-17";"GK";"0.031"
"2021-12-17";"IKH";"0.162"
"2021-12-20";"2J";"-0.702"
"2021-12-20";"10J0";"-0.295"
"2021-12-20";"E";"-0.366"
"2021-12-20";"K";"-0.176"
"2021-12-20";"P";"-0.086"
"2021-12-20";"GK";"0.009"
"2021-12-20";"IKH";"0.14"
"2021-12-21";"2J";"-0.702"
"2021-12-21";"10J0";"-0.27"
"2021-12-21";"E";"-0.341"
"2021-12-21";"K";"-0.162"
"2021-12-21";"P";"-0.061"
"2021-12-21";"GK";"0.031"
"2021-12-21";"IKH";"0.158"
"2021-12-22";"2J";"-0.668"
"2021-12-22";"10J0";"-0.196"
"2021-12-22";"E";"-0.286"
"2021-12-22";"K";"-0.109"
"2021-12-22";"P";"0.011"
"2021-12-22";"GK";"0.101"
"2021-12-22";"IKH";"0.266"
"2021-12-23";"2J";"-0.652"
"2021-12-23";"10J0";"-0.194"
"2021-12-23";"E";"-0.279"
"2021-12-23";"K";"-0.088"
"2021-12-23";"P";"0.014"
"2021-12-23";"GK";"0.107"
"2021-12-23";"IKH";"0.283"
"2021-12-24";"2J";
"2021-12-24";"10J0";
"2021-12-24";"E";
"2021-12-24";"K";
"2021-12-24";"P";
"2021-12-24";"GK";
"2021-12-24";"IKH";
"2021-12-27";"2J";"-0.678"
"2021-12-27";"10J0";"-0.163"
"2021-12-27";"E";"-0.254"
"2021-12-27";"K";"-0.055"
"2021-12-27";"P";"0.023"
"2021-12-27";"GK";"0.134"
"2021-12-27";"IKH";"0.308"
"2021-12-28";"2J";"-0.677"
"2021-12-28";"10J0";"-0.178"
"2021-12-28";"E";"-0.253"
"2021-12-28";"K";"-0.06"
"2021-12-28";"P";"0.037"
"2021-12-28";"GK";"0.132"
"2021-12-28";"IKH";"0.304"
"2021-12-29";"2J";"-0.65"
"2021-12-29";"10J0";"-0.159"
"2021-12-29";"E";"-0.246"
"2021-12-29";"K";"-0.047"
"2021-12-29";"P";"0.026"
"2021-12-29";"GK";"0.13"
"2021-12-29";"IKH";"0.31"
"2021-12-30";"2J";"-0.623"
"2021-12-30";"10J0";"-0.127"
"2021-12-30";"E";"-0.213"
"2021-12-30";"K";"-0.029"
"2021-12-30";"P";"0.054"
"2021-12-30";"GK";"0.158"
"2021-12-30";"IKH";"0.299"
"2021-12-31";"2J";
"2021-12-31";"10J0";
"2021-12-31";"E";
"2021-12-31";"K";
"2021-12-31";"P";
"2021-12-31";"GK";
"2021-12-31";"IKH";
"2022-01-03";"2J";"-0.626"
"2022-01-03";"10J0";"-0.112"
"2022-01-03";"E";"-0.201"
"2022-01-03";"K";"-0.009"
"2022-01-03";"P";"0.09"
"2022-01-03";"GK";"0.181"
"2022-01-03";"IKH";"0.353"
"2022-01-04";"2J";"-0.615"
"2022-01-04";"10J0";"-0.079"
"2022-01-04";"E";"-0.169"
"2022-01-04";"K";"0.01"
"2022-01-04";"P";"0.098"
"2022-01-04";"GK";"0.203"
"2022-01-04";"IKH";"0.373"
"2022-01-05";"2J";"-0.613"
"2022-01-05";"10J0";"-0.045"
"2022-01-05";"E";"-0.139"
"2022-01-05";"K";"0.042"
"2022-01-05";"P";"0.131"
"2022-01-05";"GK";"0.251"
"2022-01-05";"IKH";"0.365"
"2022-01-06";"2J";"-0.586"
"2022-01-06";"10J0";"-0.029"
"2022-01-06";"E";"-0.122"
"2022-01-06";"K";"0.065"
"2022-01-06";"P";"0.146"
"2022-01-06";"GK";"0.256"
"2022-01-06";"IKH";"0.428"
"2022-01-07";"2J";"-0.583"
"2022-01-07";"10J0";"-0.003"
"2022-01-07";"E";"-0.085"
"2022-01-07";"K";"0.093"
"2022-01-07";"P";"0.179"
"2022-01-07";"GK";"0.289"
"2022-01-07";"IKH";"0.417"
"2022-01-10";"2J";"-0.553"
"2022-01-10";"10J0";"0.066"
"2022-01-10";"E";"-0.025"
"2022-01-10";"K";"0.142"
"2022-01-10";"P";"0.229"
"2022-01-10";"GK";"0.34"
"2022-01-10";"IKH";"0.466"
"2022-01-11";"2J";"-0.556"
"2022-01-11";"10J0";"0.046"
"2022-01-11";"E";"-0.048"
"2022-01-11";"K";"0.124"
"2022-01-11";"P";"0.214"
"2022-01-11";"GK";"0.344"
"2022-01-11";"IKH";"0.46"
"2022-01-12";"2J";"-0.551"
"2022-01-12";"10J0";"0.058"
"2022-01-12";"E";"-0.037"
"2022-01-12";"K";"0.126"
"2022-01-12";"P";"0.233"
"2022-01-12";"GK";"0.326"
"2022-01-12";"IKH";"0.462"
"2022-01-13";"2J";"-0.553"
"2022-01-13";"10J0";"0.008"
"2022-01-13";"E";"-0.081"
"2022-01-13";"K";"0.097"
"2022-01-13";"P";"0.196"
"2022-01-13";"GK";"0.298"
"2022-01-13";"IKH";"0.428"
"2022-01-14";"2J";"-0.555"
"2022-01-14";"10J0";"-0.002"
"2022-01-14";"E";"-0.088"
"2022-01-14";"K";"0.08"
"2022-01-14";"P";"0.176"
"2022-01-14";"GK";"0.302"
"2022-01-14";"IKH";"0.416"
"2022-01-17";"2J";"-0.541"
"2022-01-17";"10J0";"0.023"
"2022-01-17";"E";"-0.062"
"2022-01-17";"K";"0.118"
"2022-01-17";"P";"0.226"
"2022-01-17";"GK";"0.314"
"2022-01-17";"IKH";"0.442"
"2022-01-18";"2J";"-0.539"
"2022-01-18";"10J0";"0.058"
"2022-01-18";"E";"-0.027"
"2022-01-18";"K";"0.136"
"2022-01-18";"P";"0.229"
"2022-01-18";"GK";"0.356"
"2022-01-18";"IKH";"0.466"
"2022-01-19";"2J";"-0.541"
"2022-01-19";"10J0";"0.057"
"2022-01-19";"E";"-0.02"
"2022-01-19";"K";"0.151"
"2022-01-19";"P";"0.242"
"2022-01-19";"GK";"0.351"
"2022-01-19";"IKH";"0.483"
"2022-01-20";"2J";"-0.515"
"2022-01-20";"10J0";"0.023"
"2022-01-20";"E";"-0.061"
"2022-01-20";"K";"0.128"
"2022-01-20";"P";"0.215"
"2022-01-20";"GK";"0.325"
"2022-01-20";"IKH";"0.455"
"2022-01-21";"2J";"-0.54"
"2022-01-21";"10J0";"0.002"
"2022-01-21";"E";"-0.081"
"2022-01-21";"K";"0.102"
"2022-01-21";"P";"0.185"
"2022-01-21";"GK";"0.295"
"2022-01-21";"IKH";"0.467"
"2022-01-24";"2J";"-0.564"
"2022-01-24";"10J0";"-0.024"
"2022-01-24";"E";"-0.106"
"2022-01-24";"K";"0.079"
"2022-01-24";"P";"0.182"
"2022-01-24";"GK";"0.293"
"2022-01-24";"IKH";"0.416"
"2022-01-25";"2J";"-0.542"
"2022-01-25";"10J0";"0.003"
"2022-01-25";"E";"-0.079"
"2022-01-25";"K";"0.103"
"2022-01-25";"P";"0.19"
"2022-01-25";"GK";"0.301"
"2022-01-25";"IKH";"0.467"
"2022-01-26";"2J";"-0.576"
"2022-01-26";"10J0";"-0.002"
"2022-01-26";"E";"-0.087"
"2022-01-26";"K";"0.095"
"2022-01-26";"P";"0.174"
"2022-01-26";"GK";"0.289"
"2022-01-26";"IKH";"0.428"
"2022-01-27";"2J";"-0.545"
"2022-01-27";"10J0";"0.029"
"2022-01-27";"E";"-0.053"
"2022-01-27";"K";"0.128"
"2022-01-27";"P";"0.234"
"2022-01-27";"GK";"0.341"
"2022-01-27";"IKH";"0.46"
"2022-01-28";"2J";"-0.515"
"2022-01-28";"10J0";"0.02"
"2022-01-28";"E";"-0.055"
"2022-01-28";"K";"0.13"
"2022-01-28";"P";"0.235"
"2022-01-28";"GK";"0.321"
"2022-01-28";"IKH";"0.489"
"2022-01-31";"2J";"-0.524"
"2022-01-31";"10J0";"0.045"
"2022-01-31";"E";"-0.029"
"2022-01-31";"K";"0.164"
"2022-01-31";"P";"0.247"
"2022-01-31";"GK";"0.371"
"2022-01-31";"IKH";"0.518"
"2022-02-01";"2J";"-0.518"
"2022-02-01";"10J0";"0.071"
"2022-02-01";"E";"0"
"2022-02-01";"K";"0.191"
"2022-02-01";"P";"0.287"
"2022-02-01";"GK";"0.397"
"2022-02-01";"IKH";"0.523"
"2022-02-02";"2J";"-0.48"
"2022-02-02";"10J0";"0.097"
"2022-02-02";"E";"0.023"
"2022-02-02";"K";"0.201"
"2022-02-02";"P";"0.29"
"2022-02-02";"GK";"0.392"
"2022-02-02";"IKH";"0.54"
"2022-02-03";"2J";"-0.462"
"2022-02-03";"10J0";"0.102"
"2022-02-03";"E";"0.03"
"2022-02-03";"K";"0.21"
"2022-02-03";"P";"0.303"
"2022-02-03";"GK";"0.422"
"2022-02-03";"IKH";"0.55"
"2022-02-04";"2J";"-0.34"
"2022-02-04";"10J0";"0.194"
"2022-02-04";"E";"0.145"
"2022-02-04";"K";"0.318"
"2022-02-04";"P";"0.384"
"2022-02-04";"GK";"0.541"
"2022-02-04";"IKH";"0.7"
"2022-02-07";"2J";"-0.301"
"2022-02-07";"10J0";"0.271"
"2022-02-07";"E";"0.221"
"2022-02-07";"K";"0.404"
"2022-02-07";"P";"0.486"
"2022-02-07";"GK";"0.618"
"2022-02-07";"IKH";"0.766"
"2022-02-08";"2J";"-0.307"
"2022-02-08";"10J0";"0.3"
"2022-02-08";"E";"0.242"
"2022-02-08";"K";"0.402"
"2022-02-08";"P";"0.522"
"2022-02-08";"GK";"0.637"
"2022-02-08";"IKH";"0.802"
"2022-02-09";"2J";"-0.389"
"2022-02-09";"10J0";"0.3"
"2022-02-09";"E";"0.249"
"2022-02-09";"K";"0.389"
"2022-02-09";"P";"0.5"
"2022-02-09";"GK";"0.619"
"2022-02-09";"IKH";"0.797"
"2022-02-10";"2J";"-0.375"
"2022-02-10";"10J0";"0.287"
"2022-02-10";"E";"0.234"
"2022-02-10";"K";"0.402"
"2022-02-10";"P";"0.502"
"2022-02-10";"GK";"0.636"
"2022-02-10";"IKH";"0.81"
"2022-02-11";"2J";"-0.312"
"2022-02-11";"10J0";"0.314"
"2022-02-11";"E";"0.27"
"2022-02-11";"K";"0.449"
"2022-02-11";"P";"0.56"
"2022-02-11";"GK";"0.664"
"2022-02-11";"IKH";"0.845"
"2022-02-14";"2J";"-0.34"
"2022-02-14";"10J0";"0.257"
"2022-02-14";"E";"0.198"
"2022-02-14";"K";"0.37"
"2022-02-14";"P";"0.451"
"2022-02-14";"GK";"0.606"
"2022-02-14";"IKH";"0.792"
"2022-02-15";"2J";"-0.313"
"2022-02-15";"10J0";"0.331"
"2022-02-15";"E";"0.266"
"2022-02-15";"K";"0.457"
"2022-02-15";"P";"0.561"
"2022-02-15";"GK";"0.678"
"2022-02-15";"IKH";"0.851"
"2022-02-16";"2J";"-0.373"
"2022-02-16";"10J0";"0.285"
"2022-02-16";"E";"0.227"
"2022-02-16";"K";"0.419"
"2022-02-16";"P";"0.519"
"2022-02-16";"GK";"0.643"
"2022-02-16";"IKH";"0.831"
"2022-02-17";"2J";"-0.405"
"2022-02-17";"10J0";"0.279"
"2022-02-17";"E";"0.21"
"2022-02-17";"K";"0.422"
"2022-02-17";"P";"0.482"
"2022-02-17";"GK";"0.634"
"2022-02-17";"IKH";"0.825"
"2022-02-18";"2J";"-0.422"
"2022-02-18";"10J0";"0.251"
"2022-02-18";"E";"0.179"
"2022-02-18";"K";"0.38"
"2022-02-18";"P";"0.467"
"2022-02-18";"GK";"0.578"
"2022-02-18";"IKH";"0.79"
"2022-02-21";"2J";"-0.466"
"2022-02-21";"10J0";"0.234"
"2022-02-21";"E";"0.16"
"2022-02-21";"K";"0.375"
"2022-02-21";"P";"0.469"
"2022-02-21";"GK";"0.597"
"2022-02-21";"IKH";"0.753"
"2022-02-22";"2J";"-0.459"
"2022-02-22";"10J0";"0.216"
"2022-02-22";"E";"0.142"
"2022-02-22";"K";"0.358"
"2022-02-22";"P";"0.444"
"2022-02-22";"GK";"0.558"
"2022-02-22";"IKH";"0.745"
"2022-02-23";"2J";"-0.413"
"2022-02-23";"10J0";"0.268"
"2022-02-23";"E";"0.198"
"2022-02-23";"K";"0.41"
"2022-02-23";"P";"0.482"
"2022-02-23";"GK";"0.638"
"2022-02-23";"IKH";"0.797"
"2022-02-24";"2J";"-0.439"
"2022-02-24";"10J0";"0.222"
"2022-02-24";"E";"0.143"
"2022-02-24";"K";"0.384"
"2022-02-24";"P";"0.459"
"2022-02-24";"GK";"0.586"
"2022-02-24";"IKH";"0.783"
"2022-02-25";"2J";"-0.418"
"2022-02-25";"10J0";"0.257"
"2022-02-25";"E";"0.172"
"2022-02-25";"K";"0.394"
"2022-02-25";"P";"0.503"
"2022-02-25";"GK";"0.627"
"2022-02-25";"IKH";"0.848"
"2022-02-28";"2J";"-0.449"
"2022-02-28";"10J0";"0.263"
"2022-02-28";"E";"0.176"
"2022-02-28";"K";"0.416"
"2022-02-28";"P";"0.52"
"2022-02-28";"GK";"0.618"
"2022-02-28";"IKH";"0.837"
"2022-03-01";"2J";"-0.517"
"2022-03-01";"10J0";"0.185"
"2022-03-01";"E";"0.098"
"2022-03-01";"K";"0.314"
"2022-03-01";"P";"0.412"
"2022-03-01";"GK";"0.515"
"2022-03-01";"IKH";"0.802"
"2022-03-02";"2J";"-0.566"
"2022-03-02";"10J0";"0.081"
"2022-03-02";"E";"-0.022"
"2022-03-02";"K";"0.237"
"2022-03-02";"P";"0.355"
"2022-03-02";"GK";"0.46"
"2022-03-02";"IKH";"0.741"
"2022-03-03";"2J";"-0.502"
"2022-03-03";"10J0";"0.18"
"2022-03-03";"E";"0.082"
"2022-03-03";"K";"0.3"
"2022-03-03";"P";"0.408"
"2022-03-03";"GK";"0.513"
"2022-03-03";"IKH";"0.801"
"2022-03-04";"2J";"-0.514"
"2022-03-04";"10J0";"0.157"
"2022-03-04";"E";"0.064"
"2022-03-04";"K";"0.33"
"2022-03-04";"P";"0.446"
"2022-03-04";"GK";"0.542"
"2022-03-04";"IKH";"0.857"
"2022-03-07";"2J";"-0.567"
"2022-03-07";"10J0";"0.13"
"2022-03-07";"E";"0.039"
"2022-03-07";"K";"0.304"
"2022-03-07";"P";"0.406"
"2022-03-07";"GK";"0.529"
"2022-03-07";"IKH";"0.873"
"2022-03-08";"2J";"-0.534"
"2022-03-08";"10J0";"0.199"
"2022-03-08";"E";"0.11"
"2022-03-08";"K";"0.355"
"2022-03-08";"P";"0.469"
"2022-03-08";"GK";"0.59"
"2022-03-08";"IKH";"0.94"
"2022-03-09";"2J";"-0.524"
"2022-03-09";"10J0";"0.252"
"2022-03-09";"E";"0.153"
"2022-03-09";"K";"0.411"
"2022-03-09";"P";"0.531"
"2022-03-09";"GK";"0.645"
"2022-03-09";"IKH";"0.996"
"2022-03-10";"2J";"-0.494"
"2022-03-10";"10J0";"0.252"
"2022-03-10";"E";"0.156"
"2022-03-10";"K";"0.452"
"2022-03-10";"P";"0.555"
"2022-03-10";"GK";"0.703"
"2022-03-10";"IKH";"1.018"
"2022-03-11";"2J";"-0.424"
"2022-03-11";"10J0";"0.329"
"2022-03-11";"E";"0.233"
"2022-03-11";"K";"0.523"
"2022-03-11";"P";"0.638"
"2022-03-11";"GK";"0.75"
"2022-03-11";"IKH";"1.071"
"2022-03-14";"2J";"-0.388"
"2022-03-14";"10J0";"0.378"
"2022-03-14";"E";"0.284"
"2022-03-14";"K";"0.579"
"2022-03-14";"P";"0.696"
"2022-03-14";"GK";"0.802"
"2022-03-14";"IKH";"1.095"
"2022-03-15";"2J";"-0.391"
"2022-03-15";"10J0";"0.38"
"2022-03-15";"E";"0.281"
"2022-03-15";"K";"0.569"
"2022-03-15";"P";"0.693"
"2022-03-15";"GK";"0.808"
"2022-03-15";"IKH";"1.129"
"2022-03-16";"2J";"-0.403"
"2022-03-16";"10J0";"0.425"
"2022-03-16";"E";"0.317"
"2022-03-16";"K";"0.596"
"2022-03-16";"P";"0.72"
"2022-03-16";"GK";"0.838"
"2022-03-16";"IKH";"1.148"
"2022-03-17";"2J";"-0.379"
"2022-03-17";"10J0";"0.389"
"2022-03-17";"E";"0.291"
"2022-03-17";"K";"0.543"
"2022-03-17";"P";"0.69"
"2022-03-17";"GK";"0.803"
"2022-03-17";"IKH";"1.076"
"2022-03-18";"2J";"-0.415"
"2022-03-18";"10J0";"0.37"
"2022-03-18";"E";"0.269"
"2022-03-18";"K";"0.556"
"2022-03-18";"P";"0.695"
"2022-03-18";"GK";"0.797"
"2022-03-18";"IKH";"1.109"
"2022-03-21";"2J";"-0.417"
"2022-03-21";"10J0";"0.383"
"2022-03-21";"E";"0.279"
"2022-03-21";"K";"0.561"
"2022-03-21";"P";"0.702"
"2022-03-21";"GK";"0.797"
"2022-03-21";"IKH";"1.104"
"2022-03-22";"2J";"-0.365"
"2022-03-22";"10J0";"0.469"
"2022-03-22";"E";"0.367"
"2022-03-22";"K";"0.653"
"2022-03-22";"P";"0.778"
"2022-03-22";"GK";"0.892"
"2022-03-22";"IKH";"1.196"
"2022-03-23";"2J";"-0.385"
"2022-03-23";"10J0";"0.409"
"2022-03-23";"E";"0.335"
"2022-03-23";"K";"0.631"
"2022-03-23";"P";"0.759"
"2022-03-23";"GK";"0.875"
"2022-03-23";"IKH";"1.177"
"2022-03-24";"2J";"-0.369"
"2022-03-24";"10J0";"0.436"
"2022-03-24";"E";"0.364"
"2022-03-24";"K";"0.665"
"2022-03-24";"P";"0.799"
"2022-03-24";"GK";"0.917"
"2022-03-24";"IKH";"1.194"
"2022-03-25";"2J";"-0.338"
"2022-03-25";"10J0";"0.483"
"2022-03-25";"E";"0.376"
"2022-03-25";"K";"0.667"
"2022-03-25";"P";"0.795"
"2022-03-25";"GK";"0.912"
"2022-03-25";"IKH";"1.188"
"2022-03-28";"2J";"-0.248"
"2022-03-28";"10J0";"0.606"
"2022-03-28";"E";"0.5"
"2022-03-28";"K";"0.783"
"2022-03-28";"P";"0.918"
"2022-03-28";"GK";"1.03"
"2022-03-28";"IKH";"1.278"
"2022-03-29";"2J";"-0.245"
"2022-03-29";"10J0";"0.683"
"2022-03-29";"E";"0.573"
"2022-03-29";"K";"0.84"
"2022-03-29";"P";"0.965"
"2022-03-29";"GK";"1.059"
"2022-03-29";"IKH";"1.336"
"2022-03-30";"2J";"-0.187"
"2022-03-30";"10J0";"0.716"
"2022-03-30";"E";"0.622"
"2022-03-30";"K";"0.893"
"2022-03-30";"P";"1.019"
"2022-03-30";"GK";"1.118"
"2022-03-30";"IKH";"1.378"
"2022-03-31";"2J";"-0.204"
"2022-03-31";"10J0";"0.677"
"2022-03-31";"E";"0.58"
"2022-03-31";"K";"0.853"
"2022-03-31";"P";"0.985"
"2022-03-31";"GK";"1.08"
"2022-03-31";"IKH";"1.337"
"2022-04-01";"2J";"-0.218"
"2022-04-01";"10J0";"0.64"
"2022-04-01";"E";"0.544"
"2022-04-01";"K";"0.829"
"2022-04-01";"P";"0.95"
"2022-04-01";"GK";"1.064"
"2022-04-01";"IKH";"1.271"
"2022-04-04";"2J";"-0.268"
"2022-04-04";"10J0";"0.533"
"2022-04-04";"E";"0.446"
"2022-04-04";"K";"0.746"
"2022-04-04";"P";"0.872"
"2022-04-04";"GK";"0.974"
"2022-04-04";"IKH";"1.227"
"2022-04-05";"2J";"-0.245"
"2022-04-05";"10J0";"0.555"
"2022-04-05";"E";"0.475"
"2022-04-05";"K";"0.772"
"2022-04-05";"P";"0.887"
"2022-04-05";"GK";"0.981"
"2022-04-05";"IKH";"1.242"
"2022-04-06";"2J";"-0.206"
"2022-04-06";"10J0";"0.663"
"2022-04-06";"E";"0.574"
"2022-04-06";"K";"0.874"
"2022-04-06";"P";"1.009"
"2022-04-06";"GK";"1.094"
"2022-04-06";"IKH";"1.329"
"2022-04-07";"2J";"-0.223"
"2022-04-07";"10J0";"0.627"
"2022-04-07";"E";"0.539"
"2022-04-07";"K";"0.855"
"2022-04-07";"P";"0.992"
"2022-04-07";"GK";"1.091"
"2022-04-07";"IKH";"1.281"
"2022-04-08";"2J";"-0.195"
"2022-04-08";"10J0";"0.705"
"2022-04-08";"E";"0.61"
"2022-04-08";"K";"0.913"
"2022-04-08";"P";"1.023"
"2022-04-08";"GK";"1.145"
"2022-04-08";"IKH";"1.361"
"2022-04-11";"2J";"-0.151"
"2022-04-11";"10J0";"0.755"
"2022-04-11";"E";"0.666"
"2022-04-11";"K";"0.989"
"2022-04-11";"P";"1.115"
"2022-04-11";"GK";"1.216"
"2022-04-11";"IKH";"1.442"
"2022-04-12";"2J";"-0.085"
"2022-04-12";"10J0";"0.885"
"2022-04-12";"E";"0.792"
"2022-04-12";"K";"1.088"
"2022-04-12";"P";"1.239"
"2022-04-12";"GK";"1.317"
"2022-04-12";"IKH";"1.525"
"2022-04-13";"2J";"-0.098"
"2022-04-13";"10J0";"0.933"
"2022-04-13";"E";"0.819"
"2022-04-13";"K";"1.121"
"2022-04-13";"P";"1.277"
"2022-04-13";"GK";"1.354"
"2022-04-13";"IKH";"1.597"
"2022-04-14";"2J";"-0.168"
"2022-04-14";"10J0";"0.781"
"2022-04-14";"E";"0.675"
"2022-04-14";"K";"1.02"
"2022-04-14";"P";"1.175"
"2022-04-14";"GK";"1.252"
"2022-04-14";"IKH";"1.497"
"2022-04-15";"2J";
"2022-04-15";"10J0";
"2022-04-15";"E";
"2022-04-15";"K";
"2022-04-15";"P";
"2022-04-15";"GK";
"2022-04-15";"IKH";
"2022-04-18";"2J";
"2022-04-18";"10J0";
"2022-04-18";"E";
"2022-04-18";"K";
"2022-04-18";"P";
"2022-04-18";"GK";
"2022-04-18";"IKH";
"2022-04-19";"2J";"-0.172"
"2022-04-19";"10J0";"0.894"
"2022-04-19";"E";"0.779"
"2022-04-19";"K";"1.145"
"2022-04-19";"P";"1.284"
"2022-04-19";"GK";"1.36"
"2022-04-19";"IKH";"1.578"
"2022-04-20";"2J";"-0.202"
"2022-04-20";"10J0";"0.894"
"2022-04-20";"E";"0.767"
"2022-04-20";"K";"1.119"
"2022-04-20";"P";"1.249"
"2022-04-20";"GK";"1.333"
"2022-04-20";"IKH";"1.55"
"2022-04-21";"2J";"-0.144"
"2022-04-21";"10J0";"0.884"
"2022-04-21";"E";"0.764"
"2022-04-21";"K";"1.123"
"2022-04-21";"P";"1.227"
"2022-04-21";"GK";"1.343"
"2022-04-21";"IKH";"1.534"
"2022-04-22";"2J";"-0.105"
"2022-04-22";"10J0";"0.91"
"2022-04-22";"E";"0.795"
"2022-04-22";"K";"1.14"
"2022-04-22";"P";"1.278"
"2022-04-22";"GK";"1.376"
"2022-04-22";"IKH";"1.569"
"2022-04-25";"2J";"-0.117"
"2022-04-25";"10J0";"0.853"
"2022-04-25";"E";"0.747"
"2022-04-25";"K";"1.085"
"2022-04-25";"P";"1.21"
"2022-04-25";"GK";"1.318"
"2022-04-25";"IKH";"1.543"
"2022-04-26";"2J";"-0.144"
"2022-04-26";"10J0";"0.836"
"2022-04-26";"E";"0.721"
"2022-04-26";"K";"1.063"
"2022-04-26";"P";"1.219"
"2022-04-26";"GK";"1.297"
"2022-04-26";"IKH";"1.488"
"2022-04-27";"2J";"-0.157"
"2022-04-27";"10J0";"0.785"
"2022-04-27";"E";"0.681"
"2022-04-27";"K";"1.015"
"2022-04-27";"P";"1.162"
"2022-04-27";"GK";"1.251"
"2022-04-27";"IKH";"1.446"
"2022-04-28";"2J";"-0.166"
"2022-04-28";"10J0";"0.766"
"2022-04-28";"E";"0.655"
"2022-04-28";"K";"1.001"
"2022-04-28";"P";"1.132"
"2022-04-28";"GK";"1.24"
"2022-04-28";"IKH";"1.428"
"2022-04-29";"2J";"-0.091"
"2022-04-29";"10J0";"0.824"
"2022-04-29";"E";"0.713"
"2022-04-29";"K";"1.084"
"2022-04-29";"P";"1.244"
"2022-04-29";"GK";"1.327"
"2022-04-29";"IKH";"1.504"
"2022-05-02";"2J";"-0.122"
"2022-05-02";"10J0";"0.859"
"2022-05-02";"E";"0.747"
"2022-05-02";"K";"1.127"
"2022-05-02";"P";"1.246"
"2022-05-02";"GK";"1.365"
"2022-05-02";"IKH";"1.544"
"2022-05-03";"2J";"-0.107"
"2022-05-03";"10J0";"0.888"
"2022-05-03";"E";"0.775"
"2022-05-03";"K";"1.146"
"2022-05-03";"P";"1.298"
"2022-05-03";"GK";"1.407"
"2022-05-03";"IKH";"1.582"
"2022-05-04";"2J";"-0.069"
"2022-05-04";"10J0";"0.857"
"2022-05-04";"E";"0.744"
"2022-05-04";"K";"1.127"
"2022-05-04";"P";"1.271"
"2022-05-04";"GK";"1.369"
"2022-05-04";"IKH";"1.551"
"2022-05-05";"2J";"-0.101"
"2022-05-05";"10J0";"0.868"
"2022-05-05";"E";"0.752"
"2022-05-05";"K";"1.121"
"2022-05-05";"P";"1.284"
"2022-05-05";"GK";"1.372"
"2022-05-05";"IKH";"1.557"
"2022-05-06";"2J";"-0.075"
"2022-05-06";"10J0";"0.903"
"2022-05-06";"E";"0.78"
"2022-05-06";"K";"1.153"
"2022-05-06";"P";"1.275"
"2022-05-06";"GK";"1.409"
"2022-05-06";"IKH";"1.594"
"2022-05-09";"2J";"-0.085"
"2022-05-09";"10J0";"0.991"
"2022-05-09";"E";"0.864"
"2022-05-09";"K";"1.243"
"2022-05-09";"P";"1.37"
"2022-05-09";"GK";"1.504"
"2022-05-09";"IKH";"1.685"
"2022-05-10";"2J";"-0.137"
"2022-05-10";"10J0";"0.955"
"2022-05-10";"E";"0.823"
"2022-05-10";"K";"1.212"
"2022-05-10";"P";"1.3"
"2022-05-10";"GK";"1.45"
"2022-05-10";"IKH";"1.647"
"2022-05-11";"2J";"-0.19"
"2022-05-11";"10J0";"0.9"
"2022-05-11";"E";"0.759"
"2022-05-11";"K";"1.147"
"2022-05-11";"P";"1.259"
"2022-05-11";"GK";"1.413"
"2022-05-11";"IKH";"1.599"
"2022-05-12";"2J";"-0.277"
"2022-05-12";"10J0";"0.744"
"2022-05-12";"E";"0.599"
"2022-05-12";"K";"1.018"
"2022-05-12";"P";"1.163"
"2022-05-12";"GK";"1.284"
"2022-05-12";"IKH";"1.464"
"2022-05-13";"2J";"-0.315"
"2022-05-13";"10J0";"0.701"
"2022-05-13";"E";"0.547"
"2022-05-13";"K";"0.964"
"2022-05-13";"P";"1.081"
"2022-05-13";"GK";"1.236"
"2022-05-13";"IKH";"1.409"
"2022-05-16";"2J";"-0.245"
"2022-05-16";"10J0";"0.747"
"2022-05-16";"E";"0.601"
"2022-05-16";"K";"1.038"
"2022-05-16";"P";"1.137"
"2022-05-16";"GK";"1.299"
"2022-05-16";"IKH";"1.465"
"2022-05-17";"2J";"-0.216"
"2022-05-17";"10J0";"0.746"
"2022-05-17";"E";"0.606"
"2022-05-17";"K";"1.036"
"2022-05-17";"P";"1.134"
"2022-05-17";"GK";"1.303"
"2022-05-17";"IKH";"1.481"
"2022-05-18";"2J";"-0.199"
"2022-05-18";"10J0";"0.753"
"2022-05-18";"E";"0.629"
"2022-05-18";"K";"1.033"
"2022-05-18";"P";"1.196"
"2022-05-18";"GK";"1.331"
"2022-05-18";"IKH";"1.53"
"2022-05-19";"2J";"-0.223"
"2022-05-19";"10J0";"0.684"
"2022-05-19";"E";"0.566"
"2022-05-19";"K";"0.976"
"2022-05-19";"P";"1.111"
"2022-05-19";"GK";"1.273"
"2022-05-19";"IKH";"1.466"
"2022-05-20";"2J";"-0.153"
"2022-05-20";"10J0";"0.688"
"2022-05-20";"E";"0.569"
"2022-05-20";"K";"1.014"
"2022-05-20";"P";"1.147"
"2022-05-20";"GK";"1.313"
"2022-05-20";"IKH";"1.517"
"2022-05-23";"2J";"-0.248"
"2022-05-23";"10J0";"0.664"
"2022-05-23";"E";"0.542"
"2022-05-23";"K";"0.975"
"2022-05-23";"P";"1.119"
"2022-05-23";"GK";"1.279"
"2022-05-23";"IKH";"1.497"
"2022-05-24";"2J";"-0.214"
"2022-05-24";"10J0";"0.704"
"2022-05-24";"E";"0.586"
"2022-05-24";"K";"1.04"
"2022-05-24";"P";"1.148"
"2022-05-24";"GK";"1.327"
"2022-05-24";"IKH";"1.533"
"2022-05-25";"2J";"-0.239"
"2022-05-25";"10J0";"0.679"
"2022-05-25";"E";"0.553"
"2022-05-25";"K";"1.013"
"2022-05-25";"P";"1.117"
"2022-05-25";"GK";"1.309"
"2022-05-25";"IKH";"1.526"
"2022-05-26";"2J";
"2022-05-26";"10J0";
"2022-05-26";"E";
"2022-05-26";"K";
"2022-05-26";"P";
"2022-05-26";"GK";
"2022-05-26";"IKH";
"2022-05-27";"2J";"-0.191"
"2022-05-27";"10J0";"0.737"
"2022-05-27";"E";"0.609"
"2022-05-27";"K";"1.057"
"2022-05-27";"P";"1.185"
"2022-05-27";"GK";"1.363"
"2022-05-27";"IKH";"1.568"
"2022-05-30";"2J";"-0.159"
"2022-05-30";"10J0";"0.776"
"2022-05-30";"E";"0.648"
"2022-05-30";"K";"1.107"
"2022-05-30";"P";"1.234"
"2022-05-30";"GK";"1.414"
"2022-05-30";"IKH";"1.631"
"2022-05-31";"2J";"-0.128"
"2022-05-31";"10J0";"0.779"
"2022-05-31";"E";"0.651"
"2022-05-31";"K";"1.109"
"2022-05-31";"P";"1.241"
"2022-05-31";"GK";"1.422"
"2022-05-31";"IKH";"1.628"
"2022-06-01";"2J";"-0.038"
"2022-06-01";"10J0";"0.866"
"2022-06-01";"E";"0.742"
"2022-06-01";"K";"1.179"
"2022-06-01";"P";"1.328"
"2022-06-01";"GK";"1.502"
"2022-06-01";"IKH";"1.725"
"2022-06-02";"2J";"0.042"
"2022-06-02";"10J0";"0.93"
"2022-06-02";"E";"0.803"
"2022-06-02";"K";"1.245"
"2022-06-02";"P";"1.406"
"2022-06-02";"GK";"1.573"
"2022-06-02";"IKH";"1.782"
"2022-06-03";"2J";"0.088"
"2022-06-03";"10J0";"0.962"
"2022-06-03";"E";"0.836"
"2022-06-03";"K";"1.302"
"2022-06-03";"P";"1.438"
"2022-06-03";"GK";"1.611"
"2022-06-03";"IKH";"1.802"
"2022-06-06";"2J";
"2022-06-06";"10J0";
"2022-06-06";"E";
"2022-06-06";"K";
"2022-06-06";"P";
"2022-06-06";"GK";
"2022-06-06";"IKH";
"2022-06-07";"2J";"0.096"
"2022-06-07";"10J0";"0.982"
"2022-06-07";"E";"0.888"
"2022-06-07";"K";"1.346"
"2022-06-07";"P";"1.484"
"2022-06-07";"GK";"1.655"
"2022-06-07";"IKH";"1.852"
"2022-06-08";"2J";"0.111"
"2022-06-08";"10J0";"1.04"
"2022-06-08";"E";"0.904"
"2022-06-08";"K";"1.366"
"2022-06-08";"P";"1.514"
"2022-06-08";"GK";"1.677"
"2022-06-08";"IKH";"1.877"
"2022-06-09";"2J";"0.004"
"2022-06-09";"10J0";"1.024"
"2022-06-09";"E";"0.9"
"2022-06-09";"K";"1.348"
"2022-06-09";"P";"1.489"
"2022-06-09";"GK";"1.659"
"2022-06-09";"IKH";"1.871"
"2022-06-10";"2J";"0.184"
"2022-06-10";"10J0";"1.032"
"2022-06-10";"E";"0.909"
"2022-06-10";"K";"1.404"
"2022-06-10";"P";"1.538"
"2022-06-10";"GK";"1.727"
"2022-06-10";"IKH";"1.916"
"2022-06-13";"2J";"0.319"
"2022-06-13";"10J0";"1.149"
"2022-06-13";"E";"1.045"
"2022-06-13";"K";"1.551"
"2022-06-13";"P";"1.688"
"2022-06-13";"GK";"1.856"
"2022-06-13";"IKH";"2.063"
"2022-06-14";"2J";"0.46"
"2022-06-14";"10J0";"1.255"
"2022-06-14";"E";"1.164"
"2022-06-14";"K";"1.675"
"2022-06-14";"P";"1.823"
"2022-06-14";"GK";"1.996"
"2022-06-14";"IKH";"2.197"
"2022-06-15";"2J";"0.465"
"2022-06-15";"10J0";"1.429"
"2022-06-15";"E";"1.321"
"2022-06-15";"K";"1.811"
"2022-06-15";"P";"1.987"
"2022-06-15";"GK";"2.181"
"2022-06-15";"IKH";"2.348"
"2022-06-16";"2J";"0.432"
"2022-06-16";"10J0";"1.371"
"2022-06-16";"E";"1.274"
"2022-06-16";"K";"1.557"
"2022-06-16";"P";"1.969"
"2022-06-16";"GK";"2.106"
"2022-06-16";"IKH";"2.339"
"2022-06-17";"2J";"0.45"
"2022-06-17";"10J0";"1.369"
"2022-06-17";"E";"1.258"
"2022-06-17";"K";"1.723"
"2022-06-17";"P";"1.907"
"2022-06-17";"GK";"2.08"
"2022-06-17";"IKH";"2.344"
"2022-06-20";"2J";"0.406"
"2022-06-20";"10J0";"1.334"
"2022-06-20";"E";"1.228"
"2022-06-20";"K";"1.679"
"2022-06-20";"P";"1.876"
"2022-06-20";"GK";"2.051"
"2022-06-20";"IKH";"2.29"
"2022-06-21";"2J";"0.478"
"2022-06-21";"10J0";"1.45"
"2022-06-21";"E";"1.344"
"2022-06-21";"K";"1.791"
"2022-06-21";"P";"1.99"
"2022-06-21";"GK";"2.162"
"2022-06-21";"IKH";"2.412"
"2022-06-22";"2J";"0.424"
"2022-06-22";"10J0";"1.358"
"2022-06-22";"E";"1.248"
"2022-06-22";"K";"1.731"
"2022-06-22";"P";"1.93"
"2022-06-22";"GK";"2.117"
"2022-06-22";"IKH";"2.369"
"2022-06-23";"2J";"0.237"
"2022-06-23";"10J0";"1.291"
"2022-06-23";"E";"1.173"
"2022-06-23";"K";"1.563"
"2022-06-23";"P";"1.765"
"2022-06-23";"GK";"1.947"
"2022-06-23";"IKH";"2.222"
"2022-06-24";"2J";"0.172"
"2022-06-24";"10J0";"1.187"
"2022-06-24";"E";"1.044"
"2022-06-24";"K";"1.524"
"2022-06-24";"P";"1.706"
"2022-06-24";"GK";"1.9"
"2022-06-24";"IKH";"2.173"
"2022-06-27";"2J";"0.204"
"2022-06-27";"10J0";"1.292"
"2022-06-27";"E";"1.147"
"2022-06-27";"K";"1.644"
"2022-06-27";"P";"1.812"
"2022-06-27";"GK";"2.002"
"2022-06-27";"IKH";"2.266"
"2022-06-28";"2J";"0.328"
"2022-06-28";"10J0";"1.406"
"2022-06-28";"E";"1.269"
"2022-06-28";"K";"1.771"
"2022-06-28";"P";"1.935"
"2022-06-28";"GK";"2.124"
"2022-06-28";"IKH";"2.405"
"2022-06-29";"2J";"0.223"
"2022-06-29";"10J0";"1.296"
"2022-06-29";"E";"1.151"
"2022-06-29";"K";"1.658"
"2022-06-29";"P";"1.821"
"2022-06-29";"GK";"2.02"
"2022-06-29";"IKH";"2.304"
"2022-06-30";"2J";"0.104"
"2022-06-30";"10J0";"1.149"
"2022-06-30";"E";"0.996"
"2022-06-30";"K";"1.506"
"2022-06-30";"P";"1.683"
"2022-06-30";"GK";"1.882"
"2022-06-30";"IKH";"2.172"
"2022-07-01";"2J";"-0.017"
"2022-07-01";"10J0";"0.992"
"2022-07-01";"E";"0.849"
"2022-07-01";"K";"1.407"
"2022-07-01";"P";"1.586"
"2022-07-01";"GK";"1.793"
"2022-07-01";"IKH";"2.082"
"2022-07-04";"2J";"-0.109"
"2022-07-04";"10J0";"0.863"
"2022-07-04";"E";"0.711"
"2022-07-04";"K";"1.3"
"2022-07-04";"P";"1.475"
"2022-07-04";"GK";"1.676"
"2022-07-04";"IKH";"1.997"
"2022-07-05";"2J";"-0.088"
"2022-07-05";"10J0";"0.823"
"2022-07-05";"E";"0.669"
"2022-07-05";"K";"1.273"
"2022-07-05";"P";"1.448"
"2022-07-05";"GK";"1.662"
"2022-07-05";"IKH";"1.98"
"2022-07-06";"2J";"-0.165"
"2022-07-06";"10J0";"0.777"
"2022-07-06";"E";"0.617"
"2022-07-06";"K";"1.227"
"2022-07-06";"P";"1.397"
"2022-07-06";"GK";"1.611"
"2022-07-06";"IKH";"1.918"
"2022-07-07";"2J";"-0.094"
"2022-07-07";"10J0";"0.767"
"2022-07-07";"E";"0.618"
"2022-07-07";"K";"1.252"
"2022-07-07";"P";"1.435"
"2022-07-07";"GK";"1.646"
"2022-07-07";"IKH";"1.956"
"2022-07-08";"2J";"-0.068"
"2022-07-08";"10J0";"0.821"
"2022-07-08";"E";"0.669"
"2022-07-08";"K";"1.283"
"2022-07-08";"P";"1.472"
"2022-07-08";"GK";"1.683"
"2022-07-08";"IKH";"2.001"
"2022-07-11";"2J";"-0.113"
"2022-07-11";"10J0";"0.824"
"2022-07-11";"E";"0.668"
"2022-07-11";"K";"1.299"
"2022-07-11";"P";"1.485"
"2022-07-11";"GK";"1.693"
"2022-07-11";"IKH";"2.009"
"2022-07-12";"2J";"-0.182"
"2022-07-12";"10J0";"0.758"
"2022-07-12";"E";"0.596"
"2022-07-12";"K";"1.215"
"2022-07-12";"P";"1.402"
"2022-07-12";"GK";"1.609"
"2022-07-12";"IKH";"1.914"
"2022-07-13";"2J";"-0.193"
"2022-07-13";"10J0";"0.75"
"2022-07-13";"E";"0.598"
"2022-07-13";"K";"1.206"
"2022-07-13";"P";"1.397"
"2022-07-13";"GK";"1.603"
"2022-07-13";"IKH";"1.916"
"2022-07-14";"2J";"0.03"
"2022-07-14";"10J0";"0.786"
"2022-07-14";"E";"0.654"
"2022-07-14";"K";"1.279"
"2022-07-14";"P";"1.483"
"2022-07-14";"GK";"1.694"
"2022-07-14";"IKH";"1.99"
"2022-07-15";"2J";"-0.039"
"2022-07-15";"10J0";"0.699"
"2022-07-15";"E";"0.56"
"2022-07-15";"K";"1.203"
"2022-07-15";"P";"1.392"
"2022-07-15";"GK";"1.609"
"2022-07-15";"IKH";"1.927"
"2022-07-18";"2J";"0.009"
"2022-07-18";"10J0";"0.801"
"2022-07-18";"E";"0.662"
"2022-07-18";"K";"1.284"
"2022-07-18";"P";"1.484"
"2022-07-18";"GK";"1.698"
"2022-07-18";"IKH";"2.005"
"2022-07-19";"2J";"0.091"
"2022-07-19";"10J0";"0.838"
"2022-07-19";"E";"0.714"
"2022-07-19";"K";"1.342"
"2022-07-19";"P";"1.537"
"2022-07-19";"GK";"1.754"
"2022-07-19";"IKH";"2.055"
"2022-07-20";"2J";"0.107"
"2022-07-20";"10J0";"0.834"
"2022-07-20";"E";"0.714"
"2022-07-20";"K";"1.327"
"2022-07-20";"P";"1.522"
"2022-07-20";"GK";"1.742"
"2022-07-20";"IKH";"2.041"
"2022-07-21";"2J";"0.165"
"2022-07-21";"10J0";"0.874"
"2022-07-21";"E";"0.755"
"2022-07-21";"K";"1.369"
"2022-07-21";"P";"1.576"
"2022-07-21";"GK";"1.79"
"2022-07-21";"IKH";"2.084"
"2022-07-22";"2J";"0.045"
"2022-07-22";"10J0";"0.724"
"2022-07-22";"E";"0.607"
"2022-07-22";"K";"1.208"
"2022-07-22";"P";"1.408"
"2022-07-22";"GK";"1.64"
"2022-07-22";"IKH";"1.931"
"2022-07-25";"2J";"-0.038"
"2022-07-25";"10J0";"0.735"
"2022-07-25";"E";"0.607"
"2022-07-25";"K";"1.074"
"2022-07-25";"P";"1.437"
"2022-07-25";"GK";"1.561"
"2022-07-25";"IKH";"1.881"
"2022-07-26";"2J";"-0.045"
"2022-07-26";"10J0";"0.606"
"2022-07-26";"E";"0.483"
"2022-07-26";"K";"1.079"
"2022-07-26";"P";"1.278"
"2022-07-26";"GK";"1.492"
"2022-07-26";"IKH";"1.793"
"2022-07-27";"2J";"-0.063"
"2022-07-27";"10J0";"0.548"
"2022-07-27";"E";"0.427"
"2022-07-27";"K";"1.031"
"2022-07-27";"P";"1.232"
"2022-07-27";"GK";"1.448"
"2022-07-27";"IKH";"1.748"
"2022-07-28";"2J";"-0.054"
"2022-07-28";"10J0";"0.537"
"2022-07-28";"E";"0.419"
"2022-07-28";"K";"1.024"
"2022-07-28";"P";"1.216"
"2022-07-28";"GK";"1.42"
"2022-07-28";"IKH";"1.72"
"2022-07-29";"2J";"-0.04"
"2022-07-29";"10J0";"0.52"
"2022-07-29";"E";"0.412"
"2022-07-29";"K";"0.991"
"2022-07-29";"P";"1.189"
"2022-07-29";"GK";"1.396"
"2022-07-29";"IKH";"1.684"
"2022-08-01";"2J";
"2022-08-01";"10J0";
"2022-08-01";"E";
"2022-08-01";"K";
"2022-08-01";"P";
"2022-08-01";"GK";
"2022-08-01";"IKH";
"2022-08-02";"2J";"-0.111"
"2022-08-02";"10J0";"0.372"
"2022-08-02";"E";"0.27"
"2022-08-02";"K";"0.852"
"2022-08-02";"P";"1.045"
"2022-08-02";"GK";"1.261"
"2022-08-02";"IKH";"1.553"
"2022-08-03";"2J";"0.047"
"2022-08-03";"10J0";"0.474"
"2022-08-03";"E";"0.38"
"2022-08-03";"K";"0.98"
"2022-08-03";"P";"1.157"
"2022-08-03";"GK";"1.387"
"2022-08-03";"IKH";"1.684"
"2022-08-04";"2J";"0.074"
"2022-08-04";"10J0";"0.485"
"2022-08-04";"E";"0.394"
"2022-08-04";"K";"0.984"
"2022-08-04";"P";"1.172"
"2022-08-04";"GK";"1.387"
"2022-08-04";"IKH";"1.682"
"2022-08-05";"2J";"0.039"
"2022-08-05";"10J0";"0.434"
"2022-08-05";"E";"0.348"
"2022-08-05";"K";"0.94"
"2022-08-05";"P";"1.133"
"2022-08-05";"GK";"1.346"
"2022-08-05";"IKH";"1.633"
"2022-08-08";"2J";"0.044"
"2022-08-08";"10J0";"0.491"
"2022-08-08";"E";"0.413"
"2022-08-08";"K";"1.009"
"2022-08-08";"P";"1.198"
"2022-08-08";"GK";"1.406"
"2022-08-08";"IKH";"1.7"
"2022-08-09";"2J";"0.049"
"2022-08-09";"10J0";"0.498"
"2022-08-09";"E";"0.419"
"2022-08-09";"K";"1.014"
"2022-08-09";"P";"1.21"
"2022-08-09";"GK";"1.412"
"2022-08-09";"IKH";"1.717"
"2022-08-10";"2J";"0.084"
"2022-08-10";"10J0";"0.473"
"2022-08-10";"E";"0.399"
"2022-08-10";"K";"1.026"
"2022-08-10";"P";"1.181"
"2022-08-10";"GK";"1.391"
"2022-08-10";"IKH";"1.681"
"2022-08-11";"2J";"0.064"
"2022-08-11";"10J0";"0.453"
"2022-08-11";"E";"0.381"
"2022-08-11";"K";"1.015"
"2022-08-11";"P";"1.171"
"2022-08-11";"GK";"1.378"
"2022-08-11";"IKH";"1.67"
"2022-08-12";"2J";"0.084"
"2022-08-12";"10J0";"0.504"
"2022-08-12";"E";"0.438"
"2022-08-12";"K";"1.089"
"2022-08-12";"P";"1.245"
"2022-08-12";"GK";"1.452"
"2022-08-12";"IKH";"1.73"
"2022-08-15";"2J";"0.075"
"2022-08-15";"10J0";"0.46"
"2022-08-15";"E";"0.395"
"2022-08-15";"K";"1.039"
"2022-08-15";"P";"1.198"
"2022-08-15";"GK";"1.408"
"2022-08-15";"IKH";"1.697"
"2022-08-16";"2J";"0.057"
"2022-08-16";"10J0";"0.405"
"2022-08-16";"E";"0.34"
"2022-08-16";"K";"0.991"
"2022-08-16";"P";"1.145"
"2022-08-16";"GK";"1.357"
"2022-08-16";"IKH";"1.647"
"2022-08-17";"2J";"0.139"
"2022-08-17";"10J0";"0.513"
"2022-08-17";"E";"0.458"
"2022-08-17";"K";"1.111"
"2022-08-17";"P";"1.266"
"2022-08-17";"GK";"1.472"
"2022-08-17";"IKH";"1.764"
"2022-08-18";"2J";"0.224"
"2022-08-18";"10J0";"0.538"
"2022-08-18";"E";"0.486"
"2022-08-18";"K";"1.155"
"2022-08-18";"P";"1.316"
"2022-08-18";"GK";"1.521"
"2022-08-18";"IKH";"1.813"
"2022-08-19";"2J";"0.268"
"2022-08-19";"10J0";"0.594"
"2022-08-19";"E";"0.549"
"2022-08-19";"K";"1.214"
"2022-08-19";"P";"1.379"
"2022-08-19";"GK";"1.602"
"2022-08-19";"IKH";"1.881"
"2022-08-22";"2J";"0.266"
"2022-08-22";"10J0";"0.623"
"2022-08-22";"E";"0.575"
"2022-08-22";"K";"1.27"
"2022-08-22";"P";"1.418"
"2022-08-22";"GK";"1.629"
"2022-08-22";"IKH";"1.93"
"2022-08-23";"2J";"0.391"
"2022-08-23";"10J0";"0.733"
"2022-08-23";"E";"0.69"
"2022-08-23";"K";"1.403"
"2022-08-23";"P";"1.557"
"2022-08-23";"GK";"1.757"
"2022-08-23";"IKH";"2.049"
"2022-08-24";"2J";"0.377"
"2022-08-24";"10J0";"0.773"
"2022-08-24";"E";"0.725"
"2022-08-24";"K";"1.438"
"2022-08-24";"P";"1.602"
"2022-08-24";"GK";"1.802"
"2022-08-24";"IKH";"2.085"
"2022-08-25";"2J";"0.392"
"2022-08-25";"10J0";"0.796"
"2022-08-25";"E";"0.751"
"2022-08-25";"K";"1.458"
"2022-08-25";"P";"1.616"
"2022-08-25";"GK";"1.82"
"2022-08-25";"IKH";"2.109"
"2022-08-26";"2J";"0.422"
"2022-08-26";"10J0";"0.785"
"2022-08-26";"E";"0.74"
"2022-08-26";"K";"1.452"
"2022-08-26";"P";"1.603"
"2022-08-26";"GK";"1.809"
"2022-08-26";"IKH";"2.09"
"2022-08-29";"2J";"0.569"
"2022-08-29";"10J0";"0.927"
"2022-08-29";"E";"0.888"
"2022-08-29";"K";"1.613"
"2022-08-29";"P";"1.764"
"2022-08-29";"GK";"1.961"
"2022-08-29";"IKH";"2.226"
"2022-08-30";"2J";"0.497"
"2022-08-30";"10J0";"0.76"
"2022-08-30";"E";"0.727"
"2022-08-30";"K";"1.471"
"2022-08-30";"P";"1.632"
"2022-08-30";"GK";"1.86"
"2022-08-30";"IKH";"2.114"
"2022-08-31";"2J";"0.557"
"2022-08-31";"10J0";"0.786"
"2022-08-31";"E";"0.748"
"2022-08-31";"K";"1.517"
"2022-08-31";"P";"1.679"
"2022-08-31";"GK";"1.884"
"2022-08-31";"IKH";"2.158"
"2022-09-01";"2J";"0.62"
"2022-09-01";"10J0";"0.85"
"2022-09-01";"E";"0.815"
"2022-09-01";"K";"1.563"
"2022-09-01";"P";"1.716"
"2022-09-01";"GK";"1.915"
"2022-09-01";"IKH";"2.197"
"2022-09-02";"2J";"0.585"
"2022-09-02";"10J0";"0.856"
"2022-09-02";"E";"0.808"
"2022-09-02";"K";"1.555"
"2022-09-02";"P";"1.72"
"2022-09-02";"GK";"1.924"
"2022-09-02";"IKH";"2.198"
"2022-09-05";"2J";"0.597"
"2022-09-05";"10J0";"0.851"
"2022-09-05";"E";"0.802"
"2022-09-05";"K";"1.547"
"2022-09-05";"P";"1.713"
"2022-09-05";"GK";"1.914"
"2022-09-05";"IKH";"2.193"
"2022-09-06";"2J";"0.601"
"2022-09-06";"10J0";"0.856"
"2022-09-06";"E";"0.804"
"2022-09-06";"K";"1.551"
"2022-09-06";"P";"1.712"
"2022-09-06";"GK";"1.924"
"2022-09-06";"IKH";"2.194"
"2022-09-07";"2J";"0.573"
"2022-09-07";"10J0";"0.876"
"2022-09-07";"E";"0.819"
"2022-09-07";"K";"1.554"
"2022-09-07";"P";"1.728"
"2022-09-07";"GK";"1.939"
"2022-09-07";"IKH";"2.209"
"2022-09-08";"2J";"0.553"
"2022-09-08";"10J0";"0.859"
"2022-09-08";"E";"0.806"
"2022-09-08";"K";"1.557"
"2022-09-08";"P";"1.81"
"2022-09-08";"GK";"1.796"
"2022-09-08";"IKH";"2.207"
"2022-09-09";"2J";"0.746"
"2022-09-09";"10J0";"0.972"
"2022-09-09";"E";"0.929"
"2022-09-09";"K";"1.654"
"2022-09-09";"P";"1.825"
"2022-09-09";"GK";"2.036"
"2022-09-09";"IKH";"2.323"
"2022-09-12";"2J";"0.732"
"2022-09-12";"10J0";"0.969"
"2022-09-12";"E";"0.928"
"2022-09-12";"K";"1.647"
"2022-09-12";"P";"1.814"
"2022-09-12";"GK";"2.028"
"2022-09-12";"IKH";"2.316"
"2022-09-13";"2J";"0.777"
"2022-09-13";"10J0";"0.964"
"2022-09-13";"E";"0.93"
"2022-09-13";"K";"1.644"
"2022-09-13";"P";"1.81"
"2022-09-13";"GK";"2.017"
"2022-09-13";"IKH";"2.314"
"2022-09-14";"2J";"0.888"
"2022-09-14";"10J0";"1.049"
"2022-09-14";"E";"1.026"
"2022-09-14";"K";"1.751"
"2022-09-14";"P";"1.915"
"2022-09-14";"GK";"2.15"
"2022-09-14";"IKH";"2.425"
"2022-09-15";"2J";"0.909"
"2022-09-15";"10J0";"1.089"
"2022-09-15";"E";"1.051"
"2022-09-15";"K";"1.782"
"2022-09-15";"P";"1.953"
"2022-09-15";"GK";"2.164"
"2022-09-15";"IKH";"2.471"
"2022-09-16";"2J";"0.942"
"2022-09-16";"10J0";"1.073"
"2022-09-16";"E";"1.051"
"2022-09-16";"K";"1.78"
"2022-09-16";"P";"1.942"
"2022-09-16";"GK";"2.153"
"2022-09-16";"IKH";"2.46"
"2022-09-19";"2J";"0.882"
"2022-09-19";"10J0";"1.056"
"2022-09-19";"E";"1.031"
"2022-09-19";"K";"1.771"
"2022-09-19";"P";"1.93"
"2022-09-19";"GK";"2.147"
"2022-09-19";"IKH";"2.454"
"2022-09-20";"2J";"1.002"
"2022-09-20";"10J0";"1.172"
"2022-09-20";"E";"1.151"
"2022-09-20";"K";"1.87"
"2022-09-20";"P";"2.031"
"2022-09-20";"GK";"2.25"
"2022-09-20";"IKH";"2.555"
"2022-09-21";"2J";"0.967"
"2022-09-21";"10J0";"1.201"
"2022-09-21";"E";"1.177"
"2022-09-21";"K";"1.861"
"2022-09-21";"P";"2.02"
"2022-09-21";"GK";"2.266"
"2022-09-21";"IKH";"2.551"
"2022-09-22";"2J";"1.022"
"2022-09-22";"10J0";"1.193"
"2022-09-22";"E";"1.187"
"2022-09-22";"K";"1.802"
"2022-09-22";"P";"1.962"
"2022-09-22";"GK";"1.96"
"2022-09-22";"IKH";"2.509"
"2022-09-23";"2J";"0.905"
"2022-09-23";"10J0";"1.224"
"2022-09-23";"E";"1.199"
"2022-09-23";"K";"1.854"
"2022-09-23";"P";"2.011"
"2022-09-23";"GK";"2.281"
"2022-09-23";"IKH";"2.56"
"2022-09-26";"2J";"0.95"
"2022-09-26";"10J0";"1.337"
"2022-09-26";"E";"1.326"
"2022-09-26";"K";"1.982"
"2022-09-26";"P";"2.13"
"2022-09-26";"GK";"2.424"
"2022-09-26";"IKH";"2.702"
"2022-09-27";"2J";"0.897"
"2022-09-27";"10J0";"1.319"
"2022-09-27";"E";"1.301"
"2022-09-27";"K";"1.969"
"2022-09-27";"P";"2.105"
"2022-09-27";"GK";"2.419"
"2022-09-27";"IKH";"2.685"
"2022-09-28";"2J";"0.853"
"2022-09-28";"10J0";"1.483"
"2022-09-28";"E";"1.438"
"2022-09-28";"K";"2.078"
"2022-09-28";"P";"2.248"
"2022-09-28";"GK";"2.495"
"2022-09-28";"IKH";"2.837"
"2022-09-29";"2J";"0.695"
"2022-09-29";"10J0";"1.332"
"2022-09-29";"E";"1.276"
"2022-09-29";"K";"1.922"
"2022-09-29";"P";"2.094"
"2022-09-29";"GK";"2.361"
"2022-09-29";"IKH";"2.688"
"2022-09-30";"2J";"0.629"
"2022-09-30";"10J0";"1.163"
"2022-09-30";"E";"1.11"
"2022-09-30";"K";"1.804"
"2022-09-30";"P";"1.971"
"2022-09-30";"GK";"2.232"
"2022-09-30";"IKH";"2.562"
"2022-10-03";"2J";"0.634"
"2022-10-03";"10J0";"1.16"
"2022-10-03";"E";"1.109"
"2022-10-03";"K";"1.797"
"2022-10-03";"P";"1.955"
"2022-10-03";"GK";"2.227"
"2022-10-03";"IKH";"2.55"
"2022-10-04";"2J";"0.368"
"2022-10-04";"10J0";"0.921"
"2022-10-04";"E";"0.853"
"2022-10-04";"K";"1.532"
"2022-10-04";"P";"1.677"
"2022-10-04";"GK";"1.939"
"2022-10-04";"IKH";"2.265"
"2022-10-05";"2J";"0.432"
"2022-10-05";"10J0";"1.014"
"2022-10-05";"E";"0.946"
"2022-10-05";"K";"1.633"
"2022-10-05";"P";"1.781"
"2022-10-05";"GK";"2.051"
"2022-10-05";"IKH";"2.366"
"2022-10-06";"2J";"0.549"
"2022-10-06";"10J0";"1.151"
"2022-10-06";"E";"1.077"
"2022-10-06";"K";"1.761"
"2022-10-06";"P";"1.929"
"2022-10-06";"GK";"2.198"
"2022-10-06";"IKH";"2.506"
"2022-10-07";"2J";"0.596"
"2022-10-07";"10J0";"1.264"
"2022-10-07";"E";"1.209"
"2022-10-07";"K";"1.883"
"2022-10-07";"P";"2.038"
"2022-10-07";"GK";"2.297"
"2022-10-07";"IKH";"2.609"
"2022-10-10";"2J";"0.602"
"2022-10-10";"10J0";"1.352"
"2022-10-10";"E";"1.292"
"2022-10-10";"K";"1.958"
"2022-10-10";"P";"2.132"
"2022-10-10";"GK";"2.452"
"2022-10-10";"IKH";"2.71"
"2022-10-11";"2J";"0.674"
"2022-10-11";"10J0";"1.491"
"2022-10-11";"E";"1.424"
"2022-10-11";"K";"2.096"
"2022-10-11";"P";"2.319"
"2022-10-11";"GK";"2.517"
"2022-10-11";"IKH";"2.837"
"2022-10-12";"2J";"0.676"
"2022-10-12";"10J0";"1.475"
"2022-10-12";"E";"1.383"
"2022-10-12";"K";"2.057"
"2022-10-12";"P";"2.235"
"2022-10-12";"GK";"2.563"
"2022-10-12";"IKH";"2.809"
"2022-10-13";"2J";"0.547"
"2022-10-13";"10J0";"1.406"
"2022-10-13";"E";"1.311"
"2022-10-13";"K";"1.977"
"2022-10-13";"P";"2.142"
"2022-10-13";"GK";"2.409"
"2022-10-13";"IKH";"2.728"
"2022-10-14";"2J";"0.534"
"2022-10-14";"10J0";"1.269"
"2022-10-14";"E";"1.184"
"2022-10-14";"K";"1.865"
"2022-10-14";"P";"2.097"
"2022-10-14";"GK";"2.291"
"2022-10-14";"IKH";"2.61"
"2022-10-17";"2J";"0.528"
"2022-10-17";"10J0";"1.287"
"2022-10-17";"E";"1.198"
"2022-10-17";"K";"1.868"
"2022-10-17";"P";"2.049"
"2022-10-17";"GK";"2.307"
"2022-10-17";"IKH";"2.62"
"2022-10-18";"2J";"0.514"
"2022-10-18";"10J0";"1.337"
"2022-10-18";"E";"1.249"
"2022-10-18";"K";"1.921"
"2022-10-18";"P";"2.07"
"2022-10-18";"GK";"2.34"
"2022-10-18";"IKH";"2.648"
"2022-10-19";"2J";"0.556"
"2022-10-19";"10J0";"1.313"
"2022-10-19";"E";"1.223"
"2022-10-19";"K";"1.895"
"2022-10-19";"P";"2.061"
"2022-10-19";"GK";"2.33"
"2022-10-19";"IKH";"2.643"
"2022-10-20";"2J";"0.65"
"2022-10-20";"10J0";"1.334"
"2022-10-20";"E";"1.248"
"2022-10-20";"K";"1.906"
"2022-10-20";"P";"2.092"
"2022-10-20";"GK";"2.359"
"2022-10-20";"IKH";"2.666"
"2022-10-21";"2J";"0.641"
"2022-10-21";"10J0";"1.389"
"2022-10-21";"E";"1.306"
"2022-10-21";"K";"1.963"
"2022-10-21";"P";"2.148"
"2022-10-21";"GK";"2.413"
"2022-10-21";"IKH";"2.705"
"2022-10-24";"2J";"0.54"
"2022-10-24";"10J0";"1.298"
"2022-10-24";"E";"1.203"
"2022-10-24";"K";"1.889"
"2022-10-24";"P";"2.06"
"2022-10-24";"GK";"2.327"
"2022-10-24";"IKH";"2.631"
"2022-10-25";"2J";"0.543"
"2022-10-25";"10J0";"1.283"
"2022-10-25";"E";"1.189"
"2022-10-25";"K";"1.858"
"2022-10-25";"P";"2.036"
"2022-10-25";"GK";"2.308"
"2022-10-25";"IKH";"2.613"
"2022-10-26";"2J";"0.518"
"2022-10-26";"10J0";"1.19"
"2022-10-26";"E";"1.106"
"2022-10-26";"K";"1.769"
"2022-10-26";"P";"1.95"
"2022-10-26";"GK";"2.224"
"2022-10-26";"IKH";"2.516"
"2022-10-27";"2J";"0.586"
"2022-10-27";"10J0";"1.195"
"2022-10-27";"E";"1.108"
"2022-10-27";"K";"1.793"
"2022-10-27";"P";"1.973"
"2022-10-27";"GK";"2.243"
"2022-10-27";"IKH";"2.541"
"2022-10-28";"2J";"0.463"
"2022-10-28";"10J0";"1.056"
"2022-10-28";"E";"0.967"
"2022-10-28";"K";"1.646"
"2022-10-28";"P";"1.821"
"2022-10-28";"GK";"2.091"
"2022-10-28";"IKH";"2.377"
"2022-10-31";"2J";"0.533"
"2022-10-31";"10J0";"1.12"
"2022-10-31";"E";"1.032"
"2022-10-31";"K";"1.755"
"2022-10-31";"P";"1.897"
"2022-10-31";"GK";"2.16"
"2022-10-31";"IKH";"2.446"
"2022-11-01";"2J";"0.525"
"2022-11-01";"10J0";"1.06"
"2022-11-01";"E";"0.978"
"2022-11-01";"K";"1.678"
"2022-11-01";"P";"1.831"
"2022-11-01";"GK";"2.101"
"2022-11-01";"IKH";"2.386"
"2022-11-02";"2J";"0.54"
"2022-11-02";"10J0";"1.129"
"2022-11-02";"E";"1.043"
"2022-11-02";"K";"1.728"
"2022-11-02";"P";"1.899"
"2022-11-02";"GK";"2.16"
"2022-11-02";"IKH";"2.413"
"2022-11-03";"2J";"0.571"
"2022-11-03";"10J0";"1.158"
"2022-11-03";"E";"1.074"
"2022-11-03";"K";"1.78"
"2022-11-03";"P";"1.948"
"2022-11-03";"GK";"2.204"
"2022-11-03";"IKH";"2.484"
"2022-11-04";"2J";"0.544"
"2022-11-04";"10J0";"1.157"
"2022-11-04";"E";"1.069"
"2022-11-04";"K";"1.763"
"2022-11-04";"P";"1.929"
"2022-11-04";"GK";"2.186"
"2022-11-04";"IKH";"2.466"
"2022-11-07";"2J";"0.559"
"2022-11-07";"10J0";"1.19"
"2022-11-07";"E";"1.104"
"2022-11-07";"K";"1.768"
"2022-11-07";"P";"1.921"
"2022-11-07";"GK";"2.186"
"2022-11-07";"IKH";"2.466"
"2022-11-08";"2J";"0.528"
"2022-11-08";"10J0";"1.202"
"2022-11-08";"E";"1.111"
"2022-11-08";"K";"1.748"
"2022-11-08";"P";"1.919"
"2022-11-08";"GK";"2.176"
"2022-11-08";"IKH";"2.455"
"2022-11-09";"2J";"0.559"
"2022-11-09";"10J0";"1.097"
"2022-11-09";"E";"1.009"
"2022-11-09";"K";"1.666"
"2022-11-09";"P";"1.827"
"2022-11-09";"GK";"2.081"
"2022-11-09";"IKH";"2.359"
"2022-11-10";"2J";"0.597"
"2022-11-10";"10J0";"1.083"
"2022-11-10";"E";"1.004"
"2022-11-10";"K";"1.642"
"2022-11-10";"P";"1.812"
"2022-11-10";"GK";"2.096"
"2022-11-10";"IKH";"2.337"
"2022-11-11";"2J";"0.591"
"2022-11-11";"10J0";"1.019"
"2022-11-11";"E";"0.945"
"2022-11-11";"K";"1.591"
"2022-11-11";"P";"1.738"
"2022-11-11";"GK";"1.985"
"2022-11-11";"IKH";"2.257"
"2022-11-14";"2J";"0.693"
"2022-11-14";"10J0";"1.056"
"2022-11-14";"E";"0.985"
"2022-11-14";"K";"1.588"
"2022-11-14";"P";"1.768"
"2022-11-14";"GK";"2.016"
"2022-11-14";"IKH";"2.275"
"2022-11-15";"2J";"0.782"
"2022-11-15";"10J0";"1.105"
"2022-11-15";"E";"1.033"
"2022-11-15";"K";"1.578"
"2022-11-15";"P";"1.767"
"2022-11-15";"GK";"2.011"
"2022-11-15";"IKH";"2.266"
"2022-11-16";"2J";"0.744"
"2022-11-16";"10J0";"1.075"
"2022-11-16";"E";"1.003"
"2022-11-16";"K";"1.551"
"2022-11-16";"P";"1.745"
"2022-11-16";"GK";"1.981"
"2022-11-16";"IKH";"2.237"
"2022-11-17";"2J";"0.76"
"2022-11-17";"10J0";"1.018"
"2022-11-17";"E";"0.949"
"2022-11-17";"K";"1.489"
"2022-11-17";"P";"1.683"
"2022-11-17";"GK";"1.924"
"2022-11-17";"IKH";"2.175"
"2022-11-18";"2J";"0.758"
"2022-11-18";"10J0";"1.071"
"2022-11-18";"E";"1.008"
"2022-11-18";"K";"1.541"
"2022-11-18";"P";"1.742"
"2022-11-18";"GK";"1.982"
"2022-11-18";"IKH";"2.224"
"2022-11-21";"2J";"0.776"
"2022-11-21";"10J0";"1.039"
"2022-11-21";"E";"0.978"
"2022-11-21";"K";"1.483"
"2022-11-21";"P";"1.676"
"2022-11-21";"GK";"1.937"
"2022-11-21";"IKH";"2.169"
"2022-11-22";"2J";"0.762"
"2022-11-22";"10J0";"0.991"
"2022-11-22";"E";"0.945"
"2022-11-22";"K";"1.455"
"2022-11-22";"P";"1.626"
"2022-11-22";"GK";"1.887"
"2022-11-22";"IKH";"2.11"
"2022-11-23";"2J";"0.765"
"2022-11-23";"10J0";"1.007"
"2022-11-23";"E";"0.962"
"2022-11-23";"K";"1.458"
"2022-11-23";"P";"1.625"
"2022-11-23";"GK";"1.883"
"2022-11-23";"IKH";"2.109"
"2022-11-24";"2J";"0.762"
"2022-11-24";"10J0";"0.94"
"2022-11-24";"E";"0.903"
"2022-11-24";"K";"1.361"
"2022-11-24";"P";"1.554"
"2022-11-24";"GK";"1.783"
"2022-11-24";"IKH";"2.032"
"2022-11-25";"2J";"0.847"
"2022-11-25";"10J0";"1.008"
"2022-11-25";"E";"0.977"
"2022-11-25";"K";"1.425"
"2022-11-25";"P";"1.627"
"2022-11-25";"GK";"1.869"
"2022-11-25";"IKH";"2.091"
"2022-11-28";"2J";"0.878"
"2022-11-28";"10J0";"1.035"
"2022-11-28";"E";"1"
"2022-11-28";"K";"1.446"
"2022-11-28";"P";"1.647"
"2022-11-28";"GK";"1.896"
"2022-11-28";"IKH";"2.102"
"2022-11-29";"2J";"0.841"
"2022-11-29";"10J0";"1.009"
"2022-11-29";"E";"0.971"
"2022-11-29";"K";"1.401"
"2022-11-29";"P";"1.602"
"2022-11-29";"GK";"1.812"
"2022-11-29";"IKH";"2.065"
"2022-11-30";"2J";"0.892"
"2022-11-30";"10J0";"1.055"
"2022-11-30";"E";"1.014"
"2022-11-30";"K";"1.444"
"2022-11-30";"P";"1.643"
"2022-11-30";"GK";"1.852"
"2022-11-30";"IKH";"2.095"
"2022-12-01";"2J";"0.848"
"2022-12-01";"10J0";"1.037"
"2022-12-01";"E";"0.995"
"2022-12-01";"K";"1.384"
"2022-12-01";"P";"1.579"
"2022-12-01";"GK";"1.797"
"2022-12-01";"IKH";"2.037"
"2022-12-02";"2J";"0.827"
"2022-12-02";"10J0";"0.992"
"2022-12-02";"E";"0.953"
"2022-12-02";"K";"1.329"
"2022-12-02";"P";"1.526"
"2022-12-02";"GK";"1.742"
"2022-12-02";"IKH";"1.983"
"2022-12-05";"2J";"0.868"
"2022-12-05";"10J0";"1.013"
"2022-12-05";"E";"0.983"
"2022-12-05";"K";"1.351"
"2022-12-05";"P";"1.546"
"2022-12-05";"GK";"1.763"
"2022-12-05";"IKH";"2"
"2022-12-06";"2J";"0.847"
"2022-12-06";"10J0";"1.041"
"2022-12-06";"E";"1.009"
"2022-12-06";"K";"1.37"
"2022-12-06";"P";"1.562"
"2022-12-06";"GK";"1.773"
"2022-12-06";"IKH";"2.008"
"2022-12-07";"2J";"0.863"
"2022-12-07";"10J0";"0.976"
"2022-12-07";"E";"0.951"
"2022-12-07";"K";"1.303"
"2022-12-07";"P";"1.493"
"2022-12-07";"GK";"1.705"
"2022-12-07";"IKH";"1.932"
"2022-12-08";"2J";"0.887"
"2022-12-08";"10J0";"1.021"
"2022-12-08";"E";"0.99"
"2022-12-08";"K";"1.308"
"2022-12-08";"P";"1.49"
"2022-12-08";"GK";"1.702"
"2022-12-08";"IKH";"1.92"
"2022-12-09";"2J";"0.889"
"2022-12-09";"10J0";"1.044"
"2022-12-09";"E";"1.009"
"2022-12-09";"K";"1.291"
"2022-12-09";"P";"1.473"
"2022-12-09";"GK";"1.682"
"2022-12-09";"IKH";"1.909"
"2022-12-12";"2J";"0.886"
"2022-12-12";"10J0";"1.13"
"2022-12-12";"E";"1.097"
"2022-12-12";"K";"1.348"
"2022-12-12";"P";"1.529"
"2022-12-12";"GK";"1.737"
"2022-12-12";"IKH";"1.948"
"2022-12-13";"2J";"0.963"
"2022-12-13";"10J0";"1.196"
"2022-12-13";"E";"1.159"
"2022-12-13";"K";"1.397"
"2022-12-13";"P";"1.573"
"2022-12-13";"GK";"1.784"
"2022-12-13";"IKH";"1.995"
"2022-12-14";"2J";"0.902"
"2022-12-14";"10J0";"1.16"
"2022-12-14";"E";"1.113"
"2022-12-14";"K";"1.371"
"2022-12-14";"P";"1.54"
"2022-12-14";"GK";"1.75"
"2022-12-14";"IKH";"1.968"
"2022-12-15";"2J";"0.935"
"2022-12-15";"10J0";"1.138"
"2022-12-15";"E";"1.102"
"2022-12-15";"K";"1.356"
"2022-12-15";"P";"1.527"
"2022-12-15";"GK";"1.747"
"2022-12-15";"IKH";"1.941"
"2022-12-16";"2J";"1.025"
"2022-12-16";"10J0";"1.225"
"2022-12-16";"E";"1.2"
"2022-12-16";"K";"1.481"
"2022-12-16";"P";"1.683"
"2022-12-16";"GK";"1.855"
"2022-12-16";"IKH";"2.042"
"2022-12-19";"2J";"1.009"
"2022-12-19";"10J0";"1.261"
"2022-12-19";"E";"1.228"
"2022-12-19";"K";"1.503"
"2022-12-19";"P";"1.706"
"2022-12-19";"GK";"1.878"
"2022-12-19";"IKH";"2.089"
"2022-12-20";"2J";"1.042"
"2022-12-20";"10J0";"1.326"
"2022-12-20";"E";"1.29"
"2022-12-20";"K";"1.594"
"2022-12-20";"P";"1.764"
"2022-12-20";"GK";"1.973"
"2022-12-20";"IKH";"2.162"
"2022-12-21";"2J";"1.116"
"2022-12-21";"10J0";"1.425"
"2022-12-21";"E";"1.39"
"2022-12-21";"K";"1.688"
"2022-12-21";"P";"1.866"
"2022-12-21";"GK";"2.068"
"2022-12-21";"IKH";"2.245"
"2022-12-22";"2J";"1.202"
"2022-12-22";"10J0";"1.454"
"2022-12-22";"E";"1.423"
"2022-12-22";"K";"1.764"
"2022-12-22";"P";"1.938"
"2022-12-22";"GK";"2.126"
"2022-12-22";"IKH";"2.294"
"2022-12-23";"2J";"1.235"
"2022-12-23";"10J0";"1.489"
"2022-12-23";"E";"1.456"
"2022-12-23";"K";"1.822"
"2022-12-23";"P";"2.003"
"2022-12-23";"GK";"2.207"
"2022-12-23";"IKH";"2.373"
"2022-12-26";"2J";
"2022-12-26";"10J0";
"2022-12-26";"E";
"2022-12-26";"K";
"2022-12-26";"P";
"2022-12-26";"GK";
"2022-12-26";"IKH";
"2022-12-27";"2J";"1.285"
"2022-12-27";"10J0";"1.543"
"2022-12-27";"E";"1.512"
"2022-12-27";"K";"1.863"
"2022-12-27";"P";"2.06"
"2022-12-27";"GK";"2.248"
"2022-12-27";"IKH";"2.425"
"2022-12-28";"2J";"1.314"
"2022-12-28";"10J0";"1.508"
"2022-12-28";"E";"1.479"
"2022-12-28";"K";"1.852"
"2022-12-28";"P";"2.024"
"2022-12-28";"GK";"2.224"
"2022-12-28";"IKH";"2.411"
"2022-12-29";"2J";"1.215"
"2022-12-29";"10J0";"1.531"
"2022-12-29";"E";"1.5"
"2022-12-29";"K";"1.845"
"2022-12-29";"P";"2.017"
"2022-12-29";"GK";"2.227"
"2022-12-29";"IKH";"2.402"
"2022-12-30";"2J";"1.245"
"2022-12-30";"10J0";"1.565"
"2022-12-30";"E";"1.525"
"2022-12-30";"K";"1.869"
"2022-12-30";"P";"2.052"
"2022-12-30";"GK";"2.235"
"2022-12-30";"IKH";"2.423"
"2023-01-02";"2J";
"2023-01-02";"10J0";
"2023-01-02";"E";
"2023-01-02";"K";
"2023-01-02";"P";
"2023-01-02";"GK";
"2023-01-02";"IKH";
"2023-01-03";"2J";"1.197"
"2023-01-03";"10J0";"1.461"
"2023-01-03";"E";"1.429"
"2023-01-03";"K";"1.742"
"2023-01-03";"P";"1.91"
"2023-01-03";"GK";"2.116"
"2023-01-03";"IKH";"2.295"
"2023-01-04";"2J";"1.094"
"2023-01-04";"10J0";"1.373"
"2023-01-04";"E";"1.339"
"2023-01-04";"K";"1.65"
"2023-01-04";"P";"1.827"
"2023-01-04";"GK";"2.041"
"2023-01-04";"IKH";"2.215"
"2023-01-05";"2J";"1.184"
"2023-01-05";"10J0";"1.374"
"2023-01-05";"E";"1.336"
"2023-01-05";"K";"1.662"
"2023-01-05";"P";"1.84"
"2023-01-05";"GK";"2.049"
"2023-01-05";"IKH";"2.218"
"2023-01-06";"2J";"1.209"
"2023-01-06";"10J0";"1.422"
"2023-01-06";"E";"1.381"
"2023-01-06";"K";"1.687"
"2023-01-06";"P";"1.867"
"2023-01-06";"GK";"2.114"
"2023-01-06";"IKH";"2.241"
"2023-01-09";"2J";"1.154"
"2023-01-09";"10J0";"1.343"
"2023-01-09";"E";"1.298"
"2023-01-09";"K";"1.61"
"2023-01-09";"P";"1.784"
"2023-01-09";"GK";"1.993"
"2023-01-09";"IKH";"2.173"
"2023-01-10";"2J";"1.149"
"2023-01-10";"10J0";"1.364"
"2023-01-10";"E";"1.315"
"2023-01-10";"K";"1.61"
"2023-01-10";"P";"1.791"
"2023-01-10";"GK";"1.998"
"2023-01-10";"IKH";"2.176"
"2023-01-11";"2J";"1.094"
"2023-01-11";"10J0";"1.323"
"2023-01-11";"E";"1.271"
"2023-01-11";"K";"1.551"
"2023-01-11";"P";"1.734"
"2023-01-11";"GK";"1.944"
"2023-01-11";"IKH";"2.127"
"2023-01-12";"2J";"1.038"
"2023-01-12";"10J0";"1.201"
"2023-01-12";"E";"1.157"
"2023-01-12";"K";"1.45"
"2023-01-12";"P";"1.637"
"2023-01-12";"GK";"1.849"
"2023-01-12";"IKH";"2.023"
"2023-01-13";"2J";"0.957"
"2023-01-13";"10J0";"1.093"
"2023-01-13";"E";"1.046"
"2023-01-13";"K";"1.342"
"2023-01-13";"P";"1.525"
"2023-01-13";"GK";"1.732"
"2023-01-13";"IKH";"1.92"
"2023-01-16";"2J";"1.022"
"2023-01-16";"10J0";"1.127"
"2023-01-16";"E";"1.085"
"2023-01-16";"K";"1.402"
"2023-01-16";"P";"1.578"
"2023-01-16";"GK";"1.817"
"2023-01-16";"IKH";"1.956"
"2023-01-17";"2J";"1.008"
"2023-01-17";"10J0";"1.126"
"2023-01-17";"E";"1.084"
"2023-01-17";"K";"1.406"
"2023-01-17";"P";"1.585"
"2023-01-17";"GK";"1.795"
"2023-01-17";"IKH";"1.961"
"2023-01-18";"2J";"0.958"
"2023-01-18";"10J0";"1.078"
"2023-01-18";"E";"1.038"
"2023-01-18";"K";"1.374"
"2023-01-18";"P";"1.548"
"2023-01-18";"GK";"1.759"
"2023-01-18";"IKH";"1.908"
"2023-01-19";"2J";"0.94"
"2023-01-19";"10J0";"1.055"
"2023-01-19";"E";"1.011"
"2023-01-19";"K";"1.347"
"2023-01-19";"P";"1.517"
"2023-01-19";"GK";"1.725"
"2023-01-19";"IKH";"1.878"
"2023-01-20";"2J";"1.001"
"2023-01-20";"10J0";"1.139"
"2023-01-20";"E";"1.098"
"2023-01-20";"K";"1.43"
"2023-01-20";"P";"1.598"
"2023-01-20";"GK";"1.807"
"2023-01-20";"IKH";"1.96"
"2023-01-23";"2J";"0.998"
"2023-01-23";"10J0";"1.188"
"2023-01-23";"E";"1.14"
"2023-01-23";"K";"1.483"
"2023-01-23";"P";"1.647"
"2023-01-23";"GK";"1.884"
"2023-01-23";"IKH";"2.012"
"2023-01-24";"2J";"1.007"
"2023-01-24";"10J0";"1.225"
"2023-01-24";"E";"1.175"
"2023-01-24";"K";"1.515"
"2023-01-24";"P";"1.682"
"2023-01-24";"GK";"1.891"
"2023-01-24";"IKH";"2.046"
"2023-01-25";"2J";"0.952"
"2023-01-25";"10J0";"1.134"
"2023-01-25";"E";"1.087"
"2023-01-25";"K";"1.413"
"2023-01-25";"P";"1.579"
"2023-01-25";"GK";"1.789"
"2023-01-25";"IKH";"1.957"
"2023-01-26";"2J";"0.978"
"2023-01-26";"10J0";"1.203"
"2023-01-26";"E";"1.152"
"2023-01-26";"K";"1.474"
"2023-01-26";"P";"1.643"
"2023-01-26";"GK";"1.849"
"2023-01-26";"IKH";"1.998"
"2023-01-27";"2J";"0.995"
"2023-01-27";"10J0";"1.231"
"2023-01-27";"E";"1.181"
"2023-01-27";"K";"1.497"
"2023-01-27";"P";"1.668"
"2023-01-27";"GK";"1.875"
"2023-01-27";"IKH";"2.015"
"2023-01-30";"2J";"1.025"
"2023-01-30";"10J0";"1.268"
"2023-01-30";"E";"1.219"
"2023-01-30";"K";"1.542"
"2023-01-30";"P";"1.714"
"2023-01-30";"GK";"1.923"
"2023-01-30";"IKH";"2.055"
"2023-01-31";"2J";"0.996"
"2023-01-31";"10J0";"1.257"
"2023-01-31";"E";"1.209"
"2023-01-31";"K";"1.526"
"2023-01-31";"P";"1.693"
"2023-01-31";"GK";"1.902"
"2023-01-31";"IKH";"2.041"
"2023-02-01";"2J";"0.992"
"2023-02-01";"10J0";"1.243"
"2023-02-01";"E";"1.193"
"2023-02-01";"K";"1.499"
"2023-02-01";"P";"1.666"
"2023-02-01";"GK";"1.881"
"2023-02-01";"IKH";"2.027"
"2023-02-02";"2J";"1"
"2023-02-02";"10J0";"1.207"
"2023-02-02";"E";"1.16"
"2023-02-02";"K";"1.467"
"2023-02-02";"P";"1.643"
"2023-02-02";"GK";"1.848"
"2023-02-02";"IKH";"1.99"
"2023-02-03";"2J";"0.959"
"2023-02-03";"10J0";"1.181"
"2023-02-03";"E";"1.123"
"2023-02-03";"K";"1.434"
"2023-02-03";"P";"1.603"
"2023-02-03";"GK";"1.812"
"2023-02-03";"IKH";"1.947"
"2023-02-06";"2J";"1.033"
"2023-02-06";"10J0";"1.249"
"2023-02-06";"E";"1.198"
"2023-02-06";"K";"1.516"
"2023-02-06";"P";"1.693"
"2023-02-06";"GK";"1.891"
"2023-02-06";"IKH";"2.026"
"2023-02-07";"2J";"1.099"
"2023-02-07";"10J0";"1.35"
"2023-02-07";"E";"1.293"
"2023-02-07";"K";"1.589"
"2023-02-07";"P";"1.764"
"2023-02-07";"GK";"1.96"
"2023-02-07";"IKH";"2.092"
"2023-02-08";"2J";"1.078"
"2023-02-08";"10J0";"1.402"
"2023-02-08";"E";"1.342"
"2023-02-08";"K";"1.609"
"2023-02-08";"P";"1.736"
"2023-02-08";"GK";"1.966"
"2023-02-08";"IKH";"1.997"
"2023-02-09";"2J";"1.046"
"2023-02-09";"10J0";"1.298"
"2023-02-09";"E";"1.247"
"2023-02-09";"K";"1.573"
"2023-02-09";"P";"1.742"
"2023-02-09";"GK";"1.936"
"2023-02-09";"IKH";"2.076"
"2023-02-10";"2J";"1.083"
"2023-02-10";"10J0";"1.339"
"2023-02-10";"E";"1.291"
"2023-02-10";"K";"1.614"
"2023-02-10";"P";"1.793"
"2023-02-10";"GK";"1.986"
"2023-02-10";"IKH";"2.114"
"2023-02-13";"2J";"1.1"
"2023-02-13";"10J0";"1.376"
"2023-02-13";"E";"1.326"
"2023-02-13";"K";"1.655"
"2023-02-13";"P";"1.826"
"2023-02-13";"GK";"2.02"
"2023-02-13";"IKH";"2.147"
"2023-02-14";"2J";"1.1"
"2023-02-14";"10J0";"1.346"
"2023-02-14";"E";"1.305"
"2023-02-14";"K";"1.657"
"2023-02-14";"P";"1.82"
"2023-02-14";"GK";"2.011"
"2023-02-14";"IKH";"2.146"
"2023-02-15";"2J";"1.107"
"2023-02-15";"10J0";"1.376"
"2023-02-15";"E";"1.326"
"2023-02-15";"K";"1.693"
"2023-02-15";"P";"1.863"
"2023-02-15";"GK";"2.087"
"2023-02-15";"IKH";"2.172"
"2023-02-16";"2J";"1.098"
"2023-02-16";"10J0";"1.367"
"2023-02-16";"E";"1.321"
"2023-02-16";"K";"1.69"
"2023-02-16";"P";"1.871"
"2023-02-16";"GK";"2.08"
"2023-02-16";"IKH";"2.172"
"2023-02-17";"2J";"1.177"
"2023-02-17";"10J0";"1.427"
"2023-02-17";"E";"1.383"
"2023-02-17";"K";"1.77"
"2023-02-17";"P";"1.942"
"2023-02-17";"GK";"2.164"
"2023-02-17";"IKH";"2.252"
"2023-02-20";"2J";"1.152"
"2023-02-20";"10J0";"1.394"
"2023-02-20";"E";"1.353"
"2023-02-20";"K";"1.727"
"2023-02-20";"P";"1.897"
"2023-02-20";"GK";"2.117"
"2023-02-20";"IKH";"2.217"
"2023-02-21";"2J";"1.236"
"2023-02-21";"10J0";"1.376"
"2023-02-21";"E";"1.342"
"2023-02-21";"K";"1.719"
"2023-02-21";"P";"1.896"
"2023-02-21";"GK";"2.119"
"2023-02-21";"IKH";"2.213"
"2023-02-22";"2J";"1.185"
"2023-02-22";"10J0";"1.442"
"2023-02-22";"E";"1.406"
"2023-02-22";"K";"1.778"
"2023-02-22";"P";"1.962"
"2023-02-22";"GK";"2.18"
"2023-02-22";"IKH";"2.269"
"2023-02-23";"2J";"1.142"
"2023-02-23";"10J0";"1.417"
"2023-02-23";"E";"1.373"
"2023-02-23";"K";"1.748"
"2023-02-23";"P";"1.935"
"2023-02-23";"GK";"2.148"
"2023-02-23";"IKH";"2.235"
"2023-02-24";"2J";"1.24"
"2023-02-24";"10J0";"1.375"
"2023-02-24";"E";"1.337"
"2023-02-24";"K";"1.687"
"2023-02-24";"P";"1.886"
"2023-02-24";"GK";"2.064"
"2023-02-24";"IKH";"2.194"
"2023-02-27";"2J";"1.183"
"2023-02-27";"10J0";"1.382"
"2023-02-27";"E";"1.351"
"2023-02-27";"K";"1.714"
"2023-02-27";"P";"1.924"
"2023-02-27";"GK";"2.094"
"2023-02-27";"IKH";"2.215"
"2023-02-28";"2J";"1.245"
"2023-02-28";"10J0";"1.446"
"2023-02-28";"E";"1.417"
"2023-02-28";"K";"1.782"
"2023-02-28";"P";"1.997"
"2023-02-28";"GK";"2.197"
"2023-02-28";"IKH";"2.269"
"2023-03-01";"2J";"1.275"
"2023-03-01";"10J0";"1.456"
"2023-03-01";"E";"1.432"
"2023-03-01";"K";"1.811"
"2023-03-01";"P";"2.023"
"2023-03-01";"GK";"2.2"
"2023-03-01";"IKH";"2.301"
"2023-03-02";"2J";"1.332"
"2023-03-02";"10J0";"1.482"
"2023-03-02";"E";"1.458"
"2023-03-02";"K";"1.84"
"2023-03-02";"P";"2.058"
"2023-03-02";"GK";"2.221"
"2023-03-02";"IKH";"2.309"
"2023-03-03";"2J";"1.375"
"2023-03-03";"10J0";"1.487"
"2023-03-03";"E";"1.458"
"2023-03-03";"K";"1.823"
"2023-03-03";"P";"2.037"
"2023-03-03";"GK";"2.213"
"2023-03-03";"IKH";"2.314"
"2023-03-06";"2J";"1.433"
"2023-03-06";"10J0";"1.494"
"2023-03-06";"E";"1.471"
"2023-03-06";"K";"1.819"
"2023-03-06";"P";"2.045"
"2023-03-06";"GK";"2.211"
"2023-03-06";"IKH";"2.307"
"2023-03-07";"2J";"1.572"
"2023-03-07";"10J0";"1.498"
"2023-03-07";"E";"1.485"
"2023-03-07";"K";"1.834"
"2023-03-07";"P";"2.057"
"2023-03-07";"GK";"2.229"
"2023-03-07";"IKH";"2.323"
"2023-03-08";"2J";"1.638"
"2023-03-08";"10J0";"1.514"
"2023-03-08";"E";"1.503"
"2023-03-08";"K";"1.858"
"2023-03-08";"P";"2.046"
"2023-03-08";"GK";"2.211"
"2023-03-08";"IKH";"2.312"
"2023-03-09";"2J";"1.532"
"2023-03-09";"10J0";"1.41"
"2023-03-09";"E";"1.409"
"2023-03-09";"K";"1.856"
"2023-03-09";"P";"2.043"
"2023-03-09";"GK";"2.215"
"2023-03-09";"IKH";"2.31"
"2023-03-10";"2J";"1.475"
"2023-03-10";"10J0";"1.314"
"2023-03-10";"E";"1.324"
"2023-03-10";"K";"1.772"
"2023-03-10";"P";"1.95"
"2023-03-10";"GK";"2.136"
"2023-03-10";"IKH";"2.218"
"2023-03-13";"2J";"1.176"
"2023-03-13";"10J0";"1.122"
"2023-03-13";"E";"1.114"
"2023-03-13";"K";"1.531"
"2023-03-13";"P";"1.721"
"2023-03-13";"GK";"1.929"
"2023-03-13";"IKH";"2.056"
"2023-03-14";"2J";"0.98"
"2023-03-14";"10J0";"1.14"
"2023-03-14";"E";"1.105"
"2023-03-14";"K";"1.597"
"2023-03-14";"P";"1.798"
"2023-03-14";"GK";"2.043"
"2023-03-14";"IKH";"2.127"
"2023-03-15";"2J";"1.06"
"2023-03-15";"10J0";"1.113"
"2023-03-15";"E";"1.101"
"2023-03-15";"K";"1.639"
"2023-03-15";"P";"1.742"
"2023-03-15";"GK";"1.924"
"2023-03-15";"IKH";"2.075"
"2023-03-16";"2J";"0.817"
"2023-03-16";"10J0";"1.111"
"2023-03-16";"E";"1.122"
"2023-03-16";"K";"1.518"
"2023-03-16";"P";"1.725"
"2023-03-16";"GK";"1.942"
"2023-03-16";"IKH";"2.072"
"2023-03-17";"2J";"0.666"
"2023-03-17";"10J0";"1.042"
"2023-03-17";"E";"1.057"
"2023-03-17";"K";"1.469"
"2023-03-17";"P";"1.712"
"2023-03-17";"GK";"1.956"
"2023-03-17";"IKH";"2.004"
"2023-03-20";"2J";"0.511"
"2023-03-20";"10J0";"0.765"
"2023-03-20";"E";"0.735"
"2023-03-20";"K";"1.233"
"2023-03-20";"P";"1.49"
"2023-03-20";"GK";"2.082"
"2023-03-20";"IKH";"1.906"
"2023-03-21";"2J";"0.858"
"2023-03-21";"10J0";"1.008"
"2023-03-21";"E";"0.976"
"2023-03-21";"K";"1.488"
"2023-03-21";"P";"1.693"
"2023-03-21";"GK";"1.947"
"2023-03-21";"IKH";"2.046"
"2023-03-22";"2J";"0.943"
"2023-03-22";"10J0";"1.055"
"2023-03-22";"E";"1.072"
"2023-03-22";"K";"1.587"
"2023-03-22";"P";"1.796"
"2023-03-22";"GK";"2.061"
"2023-03-22";"IKH";"2.16"
"2023-03-23";"2J";"0.963"
"2023-03-23";"10J0";"1.105"
"2023-03-23";"E";"1.115"
"2023-03-23";"K";"1.638"
"2023-03-23";"P";"1.831"
"2023-03-23";"GK";"2.105"
"2023-03-23";"IKH";"2.149"
"2023-03-24";"2J";"0.901"
"2023-03-24";"10J0";"1.054"
"2023-03-24";"E";"1.028"
"2023-03-24";"K";"1.555"
"2023-03-24";"P";"1.758"
"2023-03-24";"GK";"1.987"
"2023-03-24";"IKH";"2.096"
"2023-03-27";"2J";"0.844"
"2023-03-27";"10J0";"1.087"
"2023-03-27";"E";"1.05"
"2023-03-27";"K";"1.588"
"2023-03-27";"P";"1.816"
"2023-03-27";"GK";"2.048"
"2023-03-27";"IKH";"2.136"
"2023-03-28";"2J";"0.944"
"2023-03-28";"10J0";"1.155"
"2023-03-28";"E";"1.125"
"2023-03-28";"K";"1.705"
"2023-03-28";"P";"1.922"
"2023-03-28";"GK";"2.128"
"2023-03-28";"IKH";"2.227"
"2023-03-29";"2J";"1.059"
"2023-03-29";"10J0";"1.153"
"2023-03-29";"E";"1.115"
"2023-03-29";"K";"1.735"
"2023-03-29";"P";"1.946"
"2023-03-29";"GK";"2.156"
"2023-03-29";"IKH";"2.251"
"2023-03-30";"2J";"0.979"
"2023-03-30";"10J0";"1.166"
"2023-03-30";"E";"1.146"
"2023-03-30";"K";"1.728"
"2023-03-30";"P";"1.937"
"2023-03-30";"GK";"2.142"
"2023-03-30";"IKH";"2.217"
"2023-03-31";"2J";"1.059"
"2023-03-31";"10J0";"1.227"
"2023-03-31";"E";"1.215"
"2023-03-31";"K";"1.795"
"2023-03-31";"P";"2.018"
"2023-03-31";"GK";"2.25"
"2023-03-31";"IKH";"2.289"
"2023-04-03";"2J";"1.099"
"2023-04-03";"10J0";"1.217"
"2023-04-03";"E";"1.195"
"2023-04-03";"K";"1.793"
"2023-04-03";"P";"2.012"
"2023-04-03";"GK";"2.22"
"2023-04-03";"IKH";"2.27"
"2023-04-04";"2J";"1.107"
"2023-04-04";"10J0";"1.223"
"2023-04-04";"E";"1.207"
"2023-04-04";"K";"1.774"
"2023-04-04";"P";"1.994"
"2023-04-04";"GK";"2.197"
"2023-04-04";"IKH";"2.253"
"2023-04-05";"2J";"1.092"
"2023-04-05";"10J0";"1.224"
"2023-04-05";"E";"1.206"
"2023-04-05";"K";"1.758"
"2023-04-05";"P";"1.996"
"2023-04-05";"GK";"2.198"
"2023-04-05";"IKH";"2.26"
"2023-04-06";"2J";"0.972"
"2023-04-06";"10J0";"1.084"
"2023-04-06";"E";"1.062"
"2023-04-06";"K";"1.637"
"2023-04-06";"P";"1.872"
"2023-04-06";"GK";"2.103"
"2023-04-06";"IKH";"2.142"
"2023-04-07";"2J";
"2023-04-07";"10J0";
"2023-04-07";"E";
"2023-04-07";"K";
"2023-04-07";"P";
"2023-04-07";"GK";
"2023-04-07";"IKH";
"2023-04-10";"2J";
"2023-04-10";"10J0";
"2023-04-10";"E";
"2023-04-10";"K";
"2023-04-10";"P";
"2023-04-10";"GK";
"2023-04-10";"IKH";
"2023-04-11";"2J";"1.006"
"2023-04-11";"10J0";"1.133"
"2023-04-11";"E";"1.116"
"2023-04-11";"K";"1.674"
"2023-04-11";"P";"1.918"
"2023-04-11";"GK";"2.141"
"2023-04-11";"IKH";"2.179"
"2023-04-12";"2J";"1.103"
"2023-04-12";"10J0";"1.176"
"2023-04-12";"E";"1.159"
"2023-04-12";"K";"1.746"
"2023-04-12";"P";"1.99"
"2023-04-12";"GK";"2.191"
"2023-04-12";"IKH";"2.24"
"2023-04-13";"2J";"0.953"
"2023-04-13";"10J0";"1.025"
"2023-04-13";"E";"1.002"
"2023-04-13";"K";"1.76"
"2023-04-13";"P";"1.999"
"2023-04-13";"GK";"2.192"
"2023-04-13";"IKH";"2.26"
"2023-04-14";"2J";"0.973"
"2023-04-14";"10J0";"1.112"
"2023-04-14";"E";"1.083"
"2023-04-14";"K";"1.761"
"2023-04-14";"P";"1.977"
"2023-04-14";"GK";"2.207"
"2023-04-14";"IKH";"2.238"
"2023-04-17";"2J";"0.966"
"2023-04-17";"10J0";"1.076"
"2023-04-17";"E";"1.05"
"2023-04-17";"K";"1.772"
"2023-04-17";"P";"1.989"
"2023-04-17";"GK";"2.226"
"2023-04-17";"IKH";"2.245"
"2023-04-18";"2J";"1.047"
"2023-04-18";"10J0";"1.076"
"2023-04-18";"E";"1.05"
"2023-04-18";"K";"1.794"
"2023-04-18";"P";"1.994"
"2023-04-18";"GK";"2.224"
"2023-04-18";"IKH";"2.242"
"2023-04-19";"2J";"1.02"
"2023-04-19";"10J0";"1.094"
"2023-04-19";"E";"1.065"
"2023-04-19";"K";"1.805"
"2023-04-19";"P";"2.009"
"2023-04-19";"GK";"2.253"
"2023-04-19";"IKH";"2.238"
"2023-04-20";"2J";"1.011"
"2023-04-20";"10J0";"1.105"
"2023-04-20";"E";"1.078"
"2023-04-20";"K";"1.789"
"2023-04-20";"P";"1.988"
"2023-04-20";"GK";"2.23"
"2023-04-20";"IKH";"2.245"
"2023-04-21";"2J";"0.981"
"2023-04-21";"10J0";"1.103"
"2023-04-21";"E";"1.071"
"2023-04-21";"K";"1.76"
"2023-04-21";"P";"1.959"
"2023-04-21";"GK";"2.195"
"2023-04-21";"IKH";"2.223"
"2023-04-24";"2J";"0.973"
"2023-04-24";"10J0";"1.099"
"2023-04-24";"E";"1.068"
"2023-04-24";"K";"1.763"
"2023-04-24";"P";"1.968"
"2023-04-24";"GK";"2.176"
"2023-04-24";"IKH";"2.188"
"2023-04-25";"2J";"1.007"
"2023-04-25";"10J0";"1.125"
"2023-04-25";"E";"1.095"
"2023-04-25";"K";"1.78"
"2023-04-25";"P";"1.985"
"2023-04-25";"GK";"2.204"
"2023-04-25";"IKH";"2.194"
"2023-04-26";"2J";"0.925"
"2023-04-26";"10J0";"1.047"
"2023-04-26";"E";"1.017"
"2023-04-26";"K";"1.681"
"2023-04-26";"P";"1.879"
"2023-04-26";"GK";"2.088"
"2023-04-26";"IKH";"2.114"
"2023-04-27";"2J";"1.004"
"2023-04-27";"10J0";"1.061"
"2023-04-27";"E";"1.036"
"2023-04-27";"K";"1.738"
"2023-04-27";"P";"1.94"
"2023-04-27";"GK";"2.156"
"2023-04-27";"IKH";"2.179"
"2023-04-28";"2J";"0.975"
"2023-04-28";"10J0";"1.08"
"2023-04-28";"E";"1.045"
"2023-04-28";"K";"1.723"
"2023-04-28";"P";"1.916"
"2023-04-28";"GK";"2.117"
"2023-04-28";"IKH";"2.154"
"2023-05-01";"2J";
"2023-05-01";"10J0";
"2023-05-01";"E";
"2023-05-01";"K";
"2023-05-01";"P";
"2023-05-01";"GK";
"2023-05-01";"IKH";
"2023-05-02";"2J";"0.96"
"2023-05-02";"10J0";"1.061"
"2023-05-02";"E";"1.021"
"2023-05-02";"K";"1.709"
"2023-05-02";"P";"1.91"
"2023-05-02";"GK";"2.101"
"2023-05-02";"IKH";"2.149"
"2023-05-03";"2J";"0.944"
"2023-05-03";"10J0";"1.031"
"2023-05-03";"E";"0.996"
"2023-05-03";"K";"1.68"
"2023-05-03";"P";"1.881"
"2023-05-03";"GK";"2.077"
"2023-05-03";"IKH";"2.1"
"2023-05-04";"2J";"1.004"
"2023-05-04";"10J0";"1.089"
"2023-05-04";"E";"1.056"
"2023-05-04";"K";"1.702"
"2023-05-04";"P";"1.909"
"2023-05-04";"GK";"2.132"
"2023-05-04";"IKH";"2.123"
"2023-05-05";"2J";"0.913"
"2023-05-05";"10J0";"1.042"
"2023-05-05";"E";"1.003"
"2023-05-05";"K";"1.6"
"2023-05-05";"P";"1.843"
"2023-05-05";"GK";"2.073"
"2023-05-05";"IKH";"2.056"
"2023-05-08";"2J";"1.009"
"2023-05-08";"10J0";"1.088"
"2023-05-08";"E";"1.042"
"2023-05-08";"K";"1.643"
"2023-05-08";"P";"1.885"
"2023-05-08";"GK";"2.09"
"2023-05-08";"IKH";"2.087"
"2023-05-09";"2J";"0.918"
"2023-05-09";"10J0";"1.06"
"2023-05-09";"E";"1.017"
"2023-05-09";"K";"1.603"
"2023-05-09";"P";"1.848"
"2023-05-09";"GK";"2.057"
"2023-05-09";"IKH";"2.052"
"2023-05-10";"2J";"0.936"
"2023-05-10";"10J0";"1.097"
"2023-05-10";"E";"1.049"
"2023-05-10";"K";"1.639"
"2023-05-10";"P";"1.884"
"2023-05-10";"GK";"2.1"
"2023-05-10";"IKH";"2.084"
"2023-05-11";"2J";"0.849"
"2023-05-11";"10J0";"0.968"
"2023-05-11";"E";"0.926"
"2023-05-11";"K";"1.548"
"2023-05-11";"P";"1.781"
"2023-05-11";"GK";"1.994"
"2023-05-11";"IKH";"2.016"
"2023-05-12";"2J";"0.895"
"2023-05-12";"10J0";"0.938"
"2023-05-12";"E";"0.893"
"2023-05-12";"K";"1.515"
"2023-05-12";"P";"1.744"
"2023-05-12";"GK";"1.982"
"2023-05-12";"IKH";"1.991"
"2023-05-15";"2J";"0.863"
"2023-05-15";"10J0";"0.978"
"2023-05-15";"E";"0.935"
"2023-05-15";"K";"1.533"
"2023-05-15";"P";"1.767"
"2023-05-15";"GK";"2"
"2023-05-15";"IKH";"1.996"
"2023-05-16";"2J";"0.868"
"2023-05-16";"10J0";"0.977"
"2023-05-16";"E";"0.93"
"2023-05-16";"K";"1.56"
"2023-05-16";"P";"1.769"
"2023-05-16";"GK";"2.017"
"2023-05-16";"IKH";"2.007"
"2023-05-17";"2J";"0.843"
"2023-05-17";"10J0";"0.959"
"2023-05-17";"E";"0.91"
"2023-05-17";"K";"1.558"
"2023-05-17";"P";"1.788"
"2023-05-17";"GK";"2.018"
"2023-05-17";"IKH";"2.01"
"2023-05-18";"2J";
"2023-05-18";"10J0";
"2023-05-18";"E";
"2023-05-18";"K";
"2023-05-18";"P";
"2023-05-18";"GK";
"2023-05-18";"IKH";
"2023-05-19";"2J";"0.894"
"2023-05-19";"10J0";"1.038"
"2023-05-19";"E";"0.988"
"2023-05-19";"K";"1.64"
"2023-05-19";"P";"1.865"
"2023-05-19";"GK";"2.074"
"2023-05-19";"IKH";"2.076"
"2023-05-22";"2J";"0.875"
"2023-05-22";"10J0";"0.987"
"2023-05-22";"E";"0.94"
"2023-05-22";"K";"1.596"
"2023-05-22";"P";"1.828"
"2023-05-22";"GK";"2.068"
"2023-05-22";"IKH";"2.062"
"2023-05-23";"2J";"0.943"
"2023-05-23";"10J0";"1.019"
"2023-05-23";"E";"0.977"
"2023-05-23";"K";"1.631"
"2023-05-23";"P";"1.863"
"2023-05-23";"GK";"2.099"
"2023-05-23";"IKH";"2.111"
"2023-05-24";"2J";"0.955"
"2023-05-24";"10J0";"1.046"
"2023-05-24";"E";"1.008"
"2023-05-24";"K";"1.655"
"2023-05-24";"P";"1.881"
"2023-05-24";"GK";"2.086"
"2023-05-24";"IKH";"2.1"
"2023-05-25";"2J";"0.955"
"2023-05-25";"10J0";"1.03"
"2023-05-25";"E";"0.991"
"2023-05-25";"K";"1.663"
"2023-05-25";"P";"1.881"
"2023-05-25";"GK";"2.112"
"2023-05-25";"IKH";"2.095"
"2023-05-26";"2J";"1.013"
"2023-05-26";"10J0";"1.06"
"2023-05-26";"E";"1.032"
"2023-05-26";"K";"1.723"
"2023-05-26";"P";"1.916"
"2023-05-26";"GK";"2.119"
"2023-05-26";"IKH";"2.124"
"2023-05-29";"2J";
"2023-05-29";"10J0";
"2023-05-29";"E";
"2023-05-29";"K";
"2023-05-29";"P";
"2023-05-29";"GK";
"2023-05-29";"IKH";
"2023-05-30";"2J";"0.952"
"2023-05-30";"10J0";"0.942"
"2023-05-30";"E";"0.91"
"2023-05-30";"K";"1.639"
"2023-05-30";"P";"1.831"
"2023-05-30";"GK";"2.051"
"2023-05-30";"IKH";"2.066"
"2023-05-31";"2J";"0.892"
"2023-05-31";"10J0";"0.848"
"2023-05-31";"E";"0.818"
"2023-05-31";"K";"1.553"
"2023-05-31";"P";"1.725"
"2023-05-31";"GK";"1.963"
"2023-05-31";"IKH";"1.979"
"2023-06-01";"2J";"0.912"
"2023-06-01";"10J0";"0.891"
"2023-06-01";"E";"0.863"
"2023-06-01";"K";"1.564"
"2023-06-01";"P";"1.729"
"2023-06-01";"GK";"1.96"
"2023-06-01";"IKH";"1.989"
"2023-06-02";"2J";"0.873"
"2023-06-02";"10J0";"0.841"
"2023-06-02";"E";"0.819"
"2023-06-02";"K";"1.563"
"2023-06-02";"P";"1.711"
"2023-06-02";"GK";"1.94"
"2023-06-02";"IKH";"1.969"
"2023-06-05";"2J";"0.954"
"2023-06-05";"10J0";"0.885"
"2023-06-05";"E";"0.865"
"2023-06-05";"K";"1.585"
"2023-06-05";"P";"1.742"
"2023-06-05";"GK";"1.976"
"2023-06-05";"IKH";"2.01"
"2023-06-06";"2J";"0.938"
"2023-06-06";"10J0";"0.865"
"2023-06-06";"E";"0.847"
"2023-06-06";"K";"1.568"
"2023-06-06";"P";"1.731"
"2023-06-06";"GK";"1.988"
"2023-06-06";"IKH";"1.975"
"2023-06-07";"2J";"0.96"
"2023-06-07";"10J0";"0.892"
"2023-06-07";"E";"0.863"
"2023-06-07";"K";"1.593"
"2023-06-07";"P";"1.757"
"2023-06-07";"GK";"2.006"
"2023-06-07";"IKH";"2.037"
"2023-06-08";"2J";"0.961"
"2023-06-08";"10J0";"0.953"
"2023-06-08";"E";"0.918"
"2023-06-08";"K";"1.638"
"2023-06-08";"P";"1.816"
"2023-06-08";"GK";"2.06"
"2023-06-08";"IKH";"2.069"
"2023-06-09";"2J";"1.046"
"2023-06-09";"10J0";"1.005"
"2023-06-09";"E";"0.972"
"2023-06-09";"K";"1.668"
"2023-06-09";"P";"1.853"
"2023-06-09";"GK";"2.102"
"2023-06-09";"IKH";"2.122"
"2023-06-12";"2J";"1.079"
"2023-06-12";"10J0";"0.962"
"2023-06-12";"E";"0.929"
"2023-06-12";"K";"1.646"
"2023-06-12";"P";"1.836"
"2023-06-12";"GK";"2.086"
"2023-06-12";"IKH";"2.087"
"2023-06-13";"2J";"1.063"
"2023-06-13";"10J0";"0.957"
"2023-06-13";"E";"0.923"
"2023-06-13";"K";"1.649"
"2023-06-13";"P";"1.863"
"2023-06-13";"GK";"2.093"
"2023-06-13";"IKH";"2.083"
"2023-06-14";"2J";"1.18"
"2023-06-14";"10J0";"0.983"
"2023-06-14";"E";"0.935"
"2023-06-14";"K";"1.693"
"2023-06-14";"P";"1.896"
"2023-06-14";"GK";"2.116"
"2023-06-14";"IKH";"2.121"
"2023-06-15";"2J";"1.213"
"2023-06-15";"10J0";"1.044"
"2023-06-15";"E";"1.01"
"2023-06-15";"K";"1.754"
"2023-06-15";"P";"1.937"
"2023-06-15";"GK";"2.169"
"2023-06-15";"IKH";"2.164"
"2023-06-16";"2J";"1.29"
"2023-06-16";"10J0";"1.048"
"2023-06-16";"E";"1.029"
"2023-06-16";"K";"1.76"
"2023-06-16";"P";"1.95"
"2023-06-16";"GK";"2.183"
"2023-06-16";"IKH";"2.195"
"2023-06-19";"2J";"1.286"
"2023-06-19";"10J0";"1.038"
"2023-06-19";"E";"1.018"
"2023-06-19";"K";"1.767"
"2023-06-19";"P";"1.944"
"2023-06-19";"GK";"2.184"
"2023-06-19";"IKH";"2.197"
"2023-06-20";"2J";"1.274"
"2023-06-20";"10J0";"1.012"
"2023-06-20";"E";"0.993"
"2023-06-20";"K";"1.734"
"2023-06-20";"P";"1.913"
"2023-06-20";"GK";"2.141"
"2023-06-20";"IKH";"2.196"
"2023-06-21";"2J";"1.263"
"2023-06-21";"10J0";"0.95"
"2023-06-21";"E";"0.944"
"2023-06-21";"K";"1.667"
"2023-06-21";"P";"1.843"
"2023-06-21";"GK";"2.092"
"2023-06-21";"IKH";"2.118"
"2023-06-22";"2J";"1.198"
"2023-06-22";"10J0";"0.939"
"2023-06-22";"E";"0.916"
"2023-06-22";"K";"1.639"
"2023-06-22";"P";"1.834"
"2023-06-22";"GK";"2.076"
"2023-06-22";"IKH";"2.085"
"2023-06-23";"2J";"1.168"
"2023-06-23";"10J0";"0.931"
"2023-06-23";"E";"0.916"
"2023-06-23";"K";"1.576"
"2023-06-23";"P";"1.749"
"2023-06-23";"GK";"1.991"
"2023-06-23";"IKH";"2.028"
"2023-06-26";"2J";"1.124"
"2023-06-26";"10J0";"0.872"
"2023-06-26";"E";"0.86"
"2023-06-26";"K";"1.516"
"2023-06-26";"P";"1.688"
"2023-06-26";"GK";"1.916"
"2023-06-26";"IKH";"1.96"
"2023-06-27";"2J";"1.142"
"2023-06-27";"10J0";"0.855"
"2023-06-27";"E";"0.845"
"2023-06-27";"K";"1.512"
"2023-06-27";"P";"1.674"
"2023-06-27";"GK";"1.904"
"2023-06-27";"IKH";"1.95"
"2023-06-28";"2J";"1.216"
"2023-06-28";"10J0";"0.878"
"2023-06-28";"E";"0.874"
"2023-06-28";"K";"1.531"
"2023-06-28";"P";"1.69"
"2023-06-28";"GK";"1.921"
"2023-06-28";"IKH";"1.963"
"2023-06-29";"2J";"1.229"
"2023-06-29";"10J0";"0.89"
"2023-06-29";"E";"0.891"
"2023-06-29";"K";"1.523"
"2023-06-29";"P";"1.682"
"2023-06-29";"GK";"1.917"
"2023-06-29";"IKH";"1.97"
"2023-06-30";"2J";"1.26"
"2023-06-30";"10J0";"0.966"
"2023-06-30";"E";"0.96"
"2023-06-30";"K";"1.597"
"2023-06-30";"P";"1.758"
"2023-06-30";"GK";"1.996"
"2023-06-30";"IKH";"2.037"
"2023-07-03";"2J";"1.237"
"2023-07-03";"10J0";"0.896"
"2023-07-03";"E";"0.897"
"2023-07-03";"K";"1.528"
"2023-07-03";"P";"1.69"
"2023-07-03";"GK";"1.928"
"2023-07-03";"IKH";"1.972"
"2023-07-04";"2J";"1.235"
"2023-07-04";"10J0";"0.91"
"2023-07-04";"E";"0.908"
"2023-07-04";"K";"1.545"
"2023-07-04";"P";"1.71"
"2023-07-04";"GK";"1.957"
"2023-07-04";"IKH";"2.008"
"2023-07-05";"2J";"1.193"
"2023-07-05";"10J0";"0.843"
"2023-07-05";"E";"0.841"
"2023-07-05";"K";"1.473"
"2023-07-05";"P";"1.64"
"2023-07-05";"GK";"1.882"
"2023-07-05";"IKH";"1.941"
"2023-07-06";"2J";"1.23"
"2023-07-06";"10J0";"0.932"
"2023-07-06";"E";"0.923"
"2023-07-06";"K";"1.543"
"2023-07-06";"P";"1.727"
"2023-07-06";"GK";"1.956"
"2023-07-06";"IKH";"2.015"
"2023-07-07";"2J";"1.29"
"2023-07-07";"10J0";"0.99"
"2023-07-07";"E";"0.988"
"2023-07-07";"K";"1.63"
"2023-07-07";"P";"1.813"
"2023-07-07";"GK";"2.06"
"2023-07-07";"IKH";"2.083"
"2023-07-10";"2J";"1.308"
"2023-07-10";"10J0";"1.065"
"2023-07-10";"E";"1.058"
"2023-07-10";"K";"1.676"
"2023-07-10";"P";"1.848"
"2023-07-10";"GK";"2.091"
"2023-07-10";"IKH";"2.127"
"2023-07-11";"2J";"1.29"
"2023-07-11";"10J0";"1.063"
"2023-07-11";"E";"1.056"
"2023-07-11";"K";"1.663"
"2023-07-11";"P";"1.837"
"2023-07-11";"GK";"2.077"
"2023-07-11";"IKH";"2.098"
"2023-07-12";"2J";"1.292"
"2023-07-12";"10J0";"1.049"
"2023-07-12";"E";"1.044"
"2023-07-12";"K";"1.65"
"2023-07-12";"P";"1.821"
"2023-07-12";"GK";"2.065"
"2023-07-12";"IKH";"2.096"
"2023-07-13";"2J";"1.194"
"2023-07-13";"10J0";"0.946"
"2023-07-13";"E";"0.934"
"2023-07-13";"K";"1.547"
"2023-07-13";"P";"1.709"
"2023-07-13";"GK";"1.943"
"2023-07-13";"IKH";"1.982"
"2023-07-14";"2J";"1.229"
"2023-07-14";"10J0";"0.941"
"2023-07-14";"E";"0.933"
"2023-07-14";"K";"1.541"
"2023-07-14";"P";"1.725"
"2023-07-14";"GK";"1.956"
"2023-07-14";"IKH";"1.994"
"2023-07-17";"2J";"1.199"
"2023-07-17";"10J0";"0.915"
"2023-07-17";"E";"0.914"
"2023-07-17";"K";"1.533"
"2023-07-17";"P";"1.697"
"2023-07-17";"GK";"1.918"
"2023-07-17";"IKH";"1.978"
"2023-07-18";"2J";"1.146"
"2023-07-18";"10J0";"0.866"
"2023-07-18";"E";"0.855"
"2023-07-18";"K";"1.48"
"2023-07-18";"P";"1.646"
"2023-07-18";"GK";"1.879"
"2023-07-18";"IKH";"1.914"
"2023-07-19";"2J";"1.108"
"2023-07-19";"10J0";"0.842"
"2023-07-19";"E";"0.831"
"2023-07-19";"K";"1.443"
"2023-07-19";"P";"1.609"
"2023-07-19";"GK";"1.821"
"2023-07-19";"IKH";"1.881"
"2023-07-20";"2J";"1.17"
"2023-07-20";"10J0";"0.894"
"2023-07-20";"E";"0.891"
"2023-07-20";"K";"1.494"
"2023-07-20";"P";"1.662"
"2023-07-20";"GK";"1.888"
"2023-07-20";"IKH";"1.949"
"2023-07-21";"2J";"1.226"
"2023-07-21";"10J0";"0.92"
"2023-07-21";"E";"0.92"
"2023-07-21";"K";"1.526"
"2023-07-21";"P";"1.695"
"2023-07-21";"GK";"1.919"
"2023-07-21";"IKH";"1.968"
"2023-07-24";"2J";"1.18"
"2023-07-24";"10J0";"0.881"
"2023-07-24";"E";"0.879"
"2023-07-24";"K";"1.477"
"2023-07-24";"P";"1.656"
"2023-07-24";"GK";"1.888"
"2023-07-24";"IKH";"1.933"
"2023-07-25";"2J";"1.158"
"2023-07-25";"10J0";"0.901"
"2023-07-25";"E";"0.892"
"2023-07-25";"K";"1.491"
"2023-07-25";"P";"1.668"
"2023-07-25";"GK";"1.888"
"2023-07-25";"IKH";"1.948"
"2023-07-26";"2J";"1.197"
"2023-07-26";"10J0";"0.908"
"2023-07-26";"E";"0.903"
"2023-07-26";"K";"1.52"
"2023-07-26";"P";"1.684"
"2023-07-26";"GK";"1.902"
"2023-07-26";"IKH";"1.947"
"2023-07-27";"2J";"1.255"
"2023-07-27";"10J0";"0.935"
"2023-07-27";"E";"0.935"
"2023-07-27";"K";"1.533"
"2023-07-27";"P";"1.718"
"2023-07-27";"GK";"1.93"
"2023-07-27";"IKH";"1.975"
"2023-07-28";"2J";"1.223"
"2023-07-28";"10J0";"0.974"
"2023-07-28";"E";"0.961"
"2023-07-28";"K";"1.546"
"2023-07-28";"P";"1.707"
"2023-07-28";"GK";"1.932"
"2023-07-28";"IKH";"1.976"
"2023-07-31";"2J";"1.222"
"2023-07-31";"10J0";"0.979"
"2023-07-31";"E";"0.97"
"2023-07-31";"K";"1.58"
"2023-07-31";"P";"1.74"
"2023-07-31";"GK";"1.967"
"2023-07-31";"IKH";"2.005"
"2023-08-01";"2J";
"2023-08-01";"10J0";
"2023-08-01";"E";
"2023-08-01";"K";
"2023-08-01";"P";
"2023-08-01";"GK";
"2023-08-01";"IKH";
"2023-08-02";"2J";"1.2"
"2023-08-02";"10J0";"0.998"
"2023-08-02";"E";"0.981"
"2023-08-02";"K";"1.559"
"2023-08-02";"P";"1.744"
"2023-08-02";"GK";"1.95"
"2023-08-02";"IKH";"2.008"
"2023-08-03";"2J";"1.139"
"2023-08-03";"10J0";"1.009"
"2023-08-03";"E";"0.981"
"2023-08-03";"K";"1.567"
"2023-08-03";"P";"1.738"
"2023-08-03";"GK";"1.962"
"2023-08-03";"IKH";"1.999"
"2023-08-04";"2J";"1.182"
"2023-08-04";"10J0";"1.042"
"2023-08-04";"E";"1.013"
"2023-08-04";"K";"1.608"
"2023-08-04";"P";"1.773"
"2023-08-04";"GK";"2"
"2023-08-04";"IKH";"2.029"
"2023-08-07";"2J";"1.17"
"2023-08-07";"10J0";"1.02"
"2023-08-07";"E";"0.996"
"2023-08-07";"K";"1.587"
"2023-08-07";"P";"1.757"
"2023-08-07";"GK";"1.974"
"2023-08-07";"IKH";"2.007"
"2023-08-08";"2J";"1.131"
"2023-08-08";"10J0";"0.952"
"2023-08-08";"E";"0.923"
"2023-08-08";"K";"1.519"
"2023-08-08";"P";"1.679"
"2023-08-08";"GK";"1.893"
"2023-08-08";"IKH";"1.947"
"2023-08-09";"2J";"1.106"
"2023-08-09";"10J0";"0.925"
"2023-08-09";"E";"0.899"
"2023-08-09";"K";"1.495"
"2023-08-09";"P";"1.65"
"2023-08-09";"GK";"1.887"
"2023-08-09";"IKH";"1.923"
"2023-08-10";"2J";"1.132"
"2023-08-10";"10J0";"0.971"
"2023-08-10";"E";"0.948"
"2023-08-10";"K";"1.544"
"2023-08-10";"P";"1.697"
"2023-08-10";"GK";"1.93"
"2023-08-10";"IKH";"1.961"
"2023-08-11";"2J";"1.139"
"2023-08-11";"10J0";"1.021"
"2023-08-11";"E";"0.994"
"2023-08-11";"K";"1.576"
"2023-08-11";"P";"1.734"
"2023-08-11";"GK";"1.943"
"2023-08-11";"IKH";"1.995"
"2023-08-14";"2J";"1.178"
"2023-08-14";"10J0";"1.037"
"2023-08-14";"E";"1.014"
"2023-08-14";"K";"1.591"
"2023-08-14";"P";"1.751"
"2023-08-14";"GK";"1.985"
"2023-08-14";"IKH";"2.016"
"2023-08-15";"2J";"1.194"
"2023-08-15";"10J0";"1.064"
"2023-08-15";"E";"1.043"
"2023-08-15";"K";"1.618"
"2023-08-15";"P";"1.78"
"2023-08-15";"GK";"1.999"
"2023-08-15";"IKH";"2.037"
"2023-08-16";"2J";"1.1"
"2023-08-16";"10J0";"1.01"
"2023-08-16";"E";"1.002"
"2023-08-16";"K";"1.56"
"2023-08-16";"P";"1.722"
"2023-08-16";"GK";"1.961"
"2023-08-16";"IKH";"1.993"
"2023-08-17";"2J";"1.114"
"2023-08-17";"10J0";"1.033"
"2023-08-17";"E";"1.028"
"2023-08-17";"K";"1.589"
"2023-08-17";"P";"1.746"
"2023-08-17";"GK";"1.98"
"2023-08-17";"IKH";"2.029"
"2023-08-18";"2J";"1.141"
"2023-08-18";"10J0";"1.004"
"2023-08-18";"E";"1.003"
"2023-08-18";"K";"1.559"
"2023-08-18";"P";"1.726"
"2023-08-18";"GK";"1.943"
"2023-08-18";"IKH";"1.994"
"2023-08-21";"2J";"1.084"
"2023-08-21";"10J0";"0.998"
"2023-08-21";"E";"0.997"
"2023-08-21";"K";"1.553"
"2023-08-21";"P";"1.717"
"2023-08-21";"GK";"1.948"
"2023-08-21";"IKH";"1.993"
"2023-08-22";"2J";"1.118"
"2023-08-22";"10J0";"1.015"
"2023-08-22";"E";"1.013"
"2023-08-22";"K";"1.564"
"2023-08-22";"P";"1.731"
"2023-08-22";"GK";"1.962"
"2023-08-22";"IKH";"2.017"
"2023-08-23";"2J";"1.064"
"2023-08-23";"10J0";"0.973"
"2023-08-23";"E";"0.977"
"2023-08-23";"K";"1.521"
"2023-08-23";"P";"1.685"
"2023-08-23";"GK";"1.904"
"2023-08-23";"IKH";"1.979"
"2023-08-24";"2J";"1.089"
"2023-08-24";"10J0";"0.972"
"2023-08-24";"E";"0.969"
"2023-08-24";"K";"1.515"
"2023-08-24";"P";"1.688"
"2023-08-24";"GK";"1.913"
"2023-08-24";"IKH";"1.985"
"2023-08-25";"2J";"1.09"
"2023-08-25";"10J0";"0.976"
"2023-08-25";"E";"0.976"
"2023-08-25";"K";"1.527"
"2023-08-25";"P";"1.69"
"2023-08-25";"GK";"1.916"
"2023-08-25";"IKH";"1.981"
"2023-08-28";"2J";"1.115"
"2023-08-28";"10J0";"0.981"
"2023-08-28";"E";"0.989"
"2023-08-28";"K";"1.532"
"2023-08-28";"P";"1.697"
"2023-08-28";"GK";"1.912"
"2023-08-28";"IKH";"1.987"
"2023-08-29";"2J";"1.102"
"2023-08-29";"10J0";"0.943"
"2023-08-29";"E";"0.945"
"2023-08-29";"K";"1.5"
"2023-08-29";"P";"1.668"
"2023-08-29";"GK";"1.89"
"2023-08-29";"IKH";"1.944"
"2023-08-30";"2J";"1.077"
"2023-08-30";"10J0";"0.952"
"2023-08-30";"E";"0.957"
"2023-08-30";"K";"1.506"
"2023-08-30";"P";"1.676"
"2023-08-30";"GK";"1.894"
"2023-08-30";"IKH";"1.962"
"2023-08-31";"2J";"1.082"
"2023-08-31";"10J0";"0.952"
"2023-08-31";"E";"0.955"
"2023-08-31";"K";"1.497"
"2023-08-31";"P";"1.674"
"2023-08-31";"GK";"1.904"
"2023-08-31";"IKH";"1.968"
"2023-09-01";"2J";"1.095"
"2023-09-01";"10J0";"0.914"
"2023-09-01";"E";"0.912"
"2023-09-01";"K";"1.459"
"2023-09-01";"P";"1.633"
"2023-09-01";"GK";"1.861"
"2023-09-01";"IKH";"1.918"
"2023-09-04";"2J";"1.032"
"2023-09-04";"10J0";"0.938"
"2023-09-04";"E";"0.938"
"2023-09-04";"K";"1.497"
"2023-09-04";"P";"1.654"
"2023-09-04";"GK";"1.876"
"2023-09-04";"IKH";"1.949"
"2023-09-05";"2J";"1.09"
"2023-09-05";"10J0";"0.951"
"2023-09-05";"E";"0.946"
"2023-09-05";"K";"1.506"
"2023-09-05";"P";"1.664"
"2023-09-05";"GK";"1.895"
"2023-09-05";"IKH";"1.961"
"2023-09-06";"2J";"1.038"
"2023-09-06";"10J0";"0.975"
"2023-09-06";"E";"0.968"
"2023-09-06";"K";"1.526"
"2023-09-06";"P";"1.688"
"2023-09-06";"GK";"1.926"
"2023-09-06";"IKH";"1.998"
"2023-09-07";"2J";"1.088"
"2023-09-07";"10J0";"0.988"
"2023-09-07";"E";"0.976"
"2023-09-07";"K";"1.54"
"2023-09-07";"P";"1.7"
"2023-09-07";"GK";"1.932"
"2023-09-07";"IKH";"2.004"
"2023-09-08";"2J";"1.11"
"2023-09-08";"10J0";"1.009"
"2023-09-08";"E";"0.999"
"2023-09-08";"K";"1.558"
"2023-09-08";"P";"1.712"
"2023-09-08";"GK";"1.944"
"2023-09-08";"IKH";"2.022"
"2023-09-11";"2J";"1.107"
"2023-09-11";"10J0";"1.053"
"2023-09-11";"E";"1.045"
"2023-09-11";"K";"1.558"
"2023-09-11";"P";"1.714"
"2023-09-11";"GK";"1.947"
"2023-09-11";"IKH";"2.027"
"2023-09-12";"2J";"1.201"
"2023-09-12";"10J0";"1.091"
"2023-09-12";"E";"1.072"
"2023-09-12";"K";"1.558"
"2023-09-12";"P";"1.709"
"2023-09-12";"GK";"1.942"
"2023-09-12";"IKH";"2.014"
"2023-09-13";"2J";"1.265"
"2023-09-13";"10J0";"1.088"
"2023-09-13";"E";"1.065"
"2023-09-13";"K";"1.593"
"2023-09-13";"P";"1.746"
"2023-09-13";"GK";"1.956"
"2023-09-13";"IKH";"2.032"
"2023-09-14";"2J";"1.26"
"2023-09-14";"10J0";"1.046"
"2023-09-14";"E";"1.03"
"2023-09-14";"K";"1.559"
"2023-09-14";"P";"1.74"
"2023-09-14";"GK";"1.947"
"2023-09-14";"IKH";"2.018"
"2023-09-15";"2J";"1.198"
"2023-09-15";"10J0";"1.055"
"2023-09-15";"E";"1.052"
"2023-09-15";"K";"1.578"
"2023-09-15";"P";"1.749"
"2023-09-15";"GK";"1.949"
"2023-09-15";"IKH";"2.023"
"2023-09-18";"2J";"1.262"
"2023-09-18";"10J0";"1.076"
"2023-09-18";"E";"1.069"
"2023-09-18";"K";"1.578"
"2023-09-18";"P";"1.777"
"2023-09-18";"GK";"1.973"
"2023-09-18";"IKH";"2.041"
"2023-09-19";"2J";"1.249"
"2023-09-19";"10J0";"1.058"
"2023-09-19";"E";"1.051"
"2023-09-19";"K";"1.589"
"2023-09-19";"P";"1.787"
"2023-09-19";"GK";"1.986"
"2023-09-19";"IKH";"2.053"
"2023-09-20";"2J";"1.299"
"2023-09-20";"10J0";"1.096"
"2023-09-20";"E";"1.093"
"2023-09-20";"K";"1.628"
"2023-09-20";"P";"1.823"
"2023-09-20";"GK";"2.031"
"2023-09-20";"IKH";"2.092"
"2023-09-21";"2J";"1.198"
"2023-09-21";"10J0";"1.035"
"2023-09-21";"E";"1.02"
"2023-09-21";"K";"1.578"
"2023-09-21";"P";"1.744"
"2023-09-21";"GK";"1.943"
"2023-09-21";"IKH";"2.02"
"2023-09-22";"2J";"1.145"
"2023-09-22";"10J0";"1.057"
"2023-09-22";"E";"1.045"
"2023-09-22";"K";"1.568"
"2023-09-22";"P";"1.766"
"2023-09-22";"GK";"1.939"
"2023-09-22";"IKH";"2.051"
"2023-09-25";"2J";"1.183"
"2023-09-25";"10J0";"1.083"
"2023-09-25";"E";"1.063"
"2023-09-25";"K";
"2023-09-25";"P";
"2023-09-25";"GK";
"2023-09-25";"IKH";
"2023-09-26";"2J";"1.158"
"2023-09-26";"10J0";"1.038"
"2023-09-26";"E";"1.02"
"2023-09-26";"K";"1.569"
"2023-09-26";"P";"1.764"
"2023-09-26";"GK";"1.961"
"2023-09-26";"IKH";"2.057"
"2023-09-27";"2J";"1.117"
"2023-09-27";"10J0";"1.046"
"2023-09-27";"E";"1.025"
"2023-09-27";"K";"1.575"
"2023-09-27";"P";"1.772"
"2023-09-27";"GK";"1.946"
"2023-09-27";"IKH";"2.054"
"2023-09-28";"2J";"1.114"
"2023-09-28";"10J0";"1.116"
"2023-09-28";"E";"1.103"
"2023-09-28";"K";"1.629"
"2023-09-28";"P";"1.825"
"2023-09-28";"GK";"2.029"
"2023-09-28";"IKH";"2.105"
"2023-09-29";"2J";"1.162"
"2023-09-29";"10J0";"1.087"
"2023-09-29";"E";"1.08"
"2023-09-29";"K";"1.597"
"2023-09-29";"P";"1.782"
"2023-09-29";"GK";"1.994"
"2023-09-29";"IKH";"2.077"
"2023-10-02";"2J";"1.25"
"2023-10-02";"10J0";"1.09"
"2023-10-02";"E";"1.071"
"2023-10-02";"K";"1.599"
"2023-10-02";"P";"1.782"
"2023-10-02";"GK";"1.982"
"2023-10-02";"IKH";"2.072"
"2023-10-03";"2J";"1.182"
"2023-10-03";"10J0";"1.085"
"2023-10-03";"E";"1.063"
"2023-10-03";"K";"1.576"
"2023-10-03";"P";"1.76"
"2023-10-03";"GK";"1.952"
"2023-10-03";"IKH";"2.04"
"2023-10-04";"2J";"1.18"
"2023-10-04";"10J0";"1.15"
"2023-10-04";"E";"1.125"
"2023-10-04";"K";"1.608"
"2023-10-04";"P";"1.79"
"2023-10-04";"GK";"1.977"
"2023-10-04";"IKH";"2.078"
"2023-10-05";"2J";"1.179"
"2023-10-05";"10J0";"1.161"
"2023-10-05";"E";"1.141"
"2023-10-05";"K";"1.594"
"2023-10-05";"P";"1.774"
"2023-10-05";"GK";"1.966"
"2023-10-05";"IKH";"2.078"
"2023-10-06";"2J";"1.206"
"2023-10-06";"10J0";"1.16"
"2023-10-06";"E";"1.132"
"2023-10-06";"K";"1.592"
"2023-10-06";"P";"1.78"
"2023-10-06";"GK";"1.967"
"2023-10-06";"IKH";"2.073"
"2023-10-09";"2J";"1.151"
"2023-10-09";"10J0";"1.124"
"2023-10-09";"E";"1.098"
"2023-10-09";"K";"1.566"
"2023-10-09";"P";"1.75"
"2023-10-09";"GK";"1.945"
"2023-10-09";"IKH";"2.049"
"2023-10-10";"2J";"1.155"
"2023-10-10";"10J0";"1.135"
"2023-10-10";"E";"1.112"
"2023-10-10";"K";"1.543"
"2023-10-10";"P";"1.728"
"2023-10-10";"GK";"1.918"
"2023-10-10";"IKH";"1.996"
"2023-10-11";"2J";"1.149"
"2023-10-11";"10J0";"1.053"
"2023-10-11";"E";"1.032"
"2023-10-11";"K";"1.459"
"2023-10-11";"P";"1.664"
"2023-10-11";"GK";"1.843"
"2023-10-11";"IKH";"1.961"
"2023-10-12";"2J";"1.216"
"2023-10-12";"10J0";"1.049"
"2023-10-12";"E";"1.028"
"2023-10-12";"K";"1.461"
"2023-10-12";"P";"1.667"
"2023-10-12";"GK";"1.868"
"2023-10-12";"IKH";"1.966"
"2023-10-13";"2J";"1.134"
"2023-10-13";"10J0";"1.082"
"2023-10-13";"E";"1.062"
"2023-10-13";"K";"1.489"
"2023-10-13";"P";"1.699"
"2023-10-13";"GK";"1.885"
"2023-10-13";"IKH";"1.973"
"2023-10-16";"2J";"1.198"
"2023-10-16";"10J0";"1.095"
"2023-10-16";"E";"1.071"
"2023-10-16";"K";"1.506"
"2023-10-16";"P";"1.724"
"2023-10-16";"GK";"1.893"
"2023-10-16";"IKH";"1.984"
"2023-10-17";"2J";"1.172"
"2023-10-17";"10J0";"1.096"
"2023-10-17";"E";"1.069"
"2023-10-17";"K";"1.511"
"2023-10-17";"P";"1.728"
"2023-10-17";"GK";"1.895"
"2023-10-17";"IKH";"1.992"
"2023-10-18";"2J";"1.192"
"2023-10-18";"10J0";"1.127"
"2023-10-18";"E";"1.101"
"2023-10-18";"K";"1.538"
"2023-10-18";"P";"1.749"
"2023-10-18";"GK";"1.915"
"2023-10-18";"IKH";"2.024"
"2023-10-19";"2J";"1.27"
"2023-10-19";"10J0";"1.164"
"2023-10-19";"E";"1.137"
"2023-10-19";"K";"1.576"
"2023-10-19";"P";"1.789"
"2023-10-19";"GK";"1.95"
"2023-10-19";"IKH";"2.02"
"2023-10-20";"2J";"1.139"
"2023-10-20";"10J0";"1.158"
"2023-10-20";"E";"1.13"
"2023-10-20";"K";"1.552"
"2023-10-20";"P";"1.77"
"2023-10-20";"GK";"1.931"
"2023-10-20";"IKH";"2.024"
"2023-10-23";"2J";"1.172"
"2023-10-23";"10J0";"1.158"
"2023-10-23";"E";"1.125"
"2023-10-23";"K";"1.565"
"2023-10-23";"P";"1.777"
"2023-10-23";"GK";"1.943"
"2023-10-23";"IKH";"2.053"
"2023-10-24";"2J";"1.198"
"2023-10-24";"10J0";"1.056"
"2023-10-24";"E";"1.029"
"2023-10-24";"K";"1.468"
"2023-10-24";"P";"1.677"
"2023-10-24";"GK";"1.849"
"2023-10-24";"IKH";"1.959"
"2023-10-25";"2J";"1.171"
"2023-10-25";"10J0";"1.069"
"2023-10-25";"E";"1.036"
"2023-10-25";"K";"1.478"
"2023-10-25";"P";"1.687"
"2023-10-25";"GK";"1.856"
"2023-10-25";"IKH";"1.974"
"2023-10-26";"2J";"1.194"
"2023-10-26";"10J0";"1.11"
"2023-10-26";"E";"1.068"
"2023-10-26";"K";"1.506"
"2023-10-26";"P";"1.716"
"2023-10-26";"GK";"1.881"
"2023-10-26";"IKH";"2.002"
"2023-10-27";"2J";"1.073"
"2023-10-27";"10J0";"1.094"
"2023-10-27";"E";"1.058"
"2023-10-27";"K";"1.471"
"2023-10-27";"P";"1.679"
"2023-10-27";"GK";"1.842"
"2023-10-27";"IKH";"1.976"
"2023-10-30";"2J";"1.144"
"2023-10-30";"10J0";"1.046"
"2023-10-30";"E";"1.004"
"2023-10-30";"K";"1.423"
"2023-10-30";"P";"1.623"
"2023-10-30";"GK";"1.812"
"2023-10-30";"IKH";"1.948"
"2023-10-31";"2J";"1.15"
"2023-10-31";"10J0";"1.046"
"2023-10-31";"E";"1.003"
"2023-10-31";"K";"1.411"
"2023-10-31";"P";"1.621"
"2023-10-31";"GK";"1.811"
"2023-10-31";"IKH";"1.953"
"2023-11-01";"2J";"1.195"
"2023-11-01";"10J0";"1.119"
"2023-11-01";"E";"1.058"
"2023-11-01";"K";"1.427"
"2023-11-01";"P";"1.69"
"2023-11-01";"GK";"1.853"
"2023-11-01";"IKH";"1.985"
"2023-11-02";"2J";"1.163"
"2023-11-02";"10J0";"1.047"
"2023-11-02";"E";"0.99"
"2023-11-02";"K";"1.366"
"2023-11-02";"P";"1.588"
"2023-11-02";"GK";"1.757"
"2023-11-02";"IKH";"1.944"
"2023-11-03";"2J";"1.189"
"2023-11-03";"10J0";"1.16"
"2023-11-03";"E";"1.115"
"2023-11-03";"K";"1.446"
"2023-11-03";"P";"1.631"
"2023-11-03";"GK";"1.824"
"2023-11-03";"IKH";"1.984"
"2023-11-06";"2J";"1.233"
"2023-11-06";"10J0";"1.123"
"2023-11-06";"E";"1.072"
"2023-11-06";"K";"1.359"
"2023-11-06";"P";"1.601"
"2023-11-06";"GK";"1.788"
"2023-11-06";"IKH";"1.961"
"2023-11-07";"2J";"1.171"
"2023-11-07";"10J0";"1.154"
"2023-11-07";"E";"1.107"
"2023-11-07";"K";"1.361"
"2023-11-07";"P";"1.594"
"2023-11-07";"GK";"1.787"
"2023-11-07";"IKH";"1.936"
"2023-11-08";"2J";"1.241"
"2023-11-08";"10J0";"1.155"
"2023-11-08";"E";"1.105"
"2023-11-08";"K";"1.37"
"2023-11-08";"P";"1.615"
"2023-11-08";"GK";"1.799"
"2023-11-08";"IKH";"1.962"
"2023-11-09";"2J";"1.243"
"2023-11-09";"10J0";"1.095"
"2023-11-09";"E";"1.064"
"2023-11-09";"K";"1.374"
"2023-11-09";"P";"1.62"
"2023-11-09";"GK";"1.797"
"2023-11-09";"IKH";"1.944"
"2023-11-10";"2J";"1.205"
"2023-11-10";"10J0";"1.15"
"2023-11-10";"E";"1.121"
"2023-11-10";"K";"1.425"
"2023-11-10";"P";"1.671"
"2023-11-10";"GK";"1.849"
"2023-11-10";"IKH";"1.994"
"2023-11-13";"2J";"1.271"
"2023-11-13";"10J0";"1.099"
"2023-11-13";"E";"1.07"
"2023-11-13";"K";"1.395"
"2023-11-13";"P";"1.637"
"2023-11-13";"GK";"1.817"
"2023-11-13";"IKH";"1.951"
"2023-11-14";"2J";"1.254"
"2023-11-14";"10J0";"1.074"
"2023-11-14";"E";"1.045"
"2023-11-14";"K";"1.369"
"2023-11-14";"P";"1.621"
"2023-11-14";"GK";"1.793"
"2023-11-14";"IKH";"1.923"
"2023-11-15";"2J";"1.212"
"2023-11-15";"10J0";"1.002"
"2023-11-15";"E";"0.977"
"2023-11-15";"K";"1.321"
"2023-11-15";"P";"1.569"
"2023-11-15";"GK";"1.734"
"2023-11-15";"IKH";"1.862"
"2023-11-16";"2J";"1.244"
"2023-11-16";"10J0";"0.985"
"2023-11-16";"E";"0.963"
"2023-11-16";"K";"1.352"
"2023-11-16";"P";"1.599"
"2023-11-16";"GK";"1.741"
"2023-11-16";"IKH";"1.883"
"2023-11-17";"2J";"1.212"
"2023-11-17";"10J0";"0.934"
"2023-11-17";"E";"0.916"
"2023-11-17";"K";"1.31"
"2023-11-17";"P";"1.56"
"2023-11-17";"GK";"1.719"
"2023-11-17";"IKH";"1.839"
"2023-11-20";"2J";"1.228"
"2023-11-20";"10J0";"0.955"
"2023-11-20";"E";"0.944"
"2023-11-20";"K";"1.353"
"2023-11-20";"P";"1.587"
"2023-11-20";"GK";"1.75"
"2023-11-20";"IKH";"1.855"
"2023-11-21";"2J";"1.225"
"2023-11-21";"10J0";"0.912"
"2023-11-21";"E";"0.909"
"2023-11-21";"K";"1.33"
"2023-11-21";"P";"1.558"
"2023-11-21";"GK";"1.719"
"2023-11-21";"IKH";"1.819"
"2023-11-22";"2J";"1.226"
"2023-11-22";"10J0";"0.934"
"2023-11-22";"E";"0.93"
"2023-11-22";"K";"1.342"
"2023-11-22";"P";"1.573"
"2023-11-22";"GK";"1.731"
"2023-11-22";"IKH";"1.818"
"2023-11-23";"2J";"1.25"
"2023-11-23";"10J0";"0.922"
"2023-11-23";"E";"0.923"
"2023-11-23";"K";"1.333"
"2023-11-23";"P";"1.565"
"2023-11-23";"GK";"1.724"
"2023-11-23";"IKH";"1.806"
"2023-11-24";"2J";"1.285"
"2023-11-24";"10J0";"0.984"
"2023-11-24";"E";"0.982"
"2023-11-24";"K";"1.399"
"2023-11-24";"P";"1.652"
"2023-11-24";"GK";"1.785"
"2023-11-24";"IKH";"1.837"
"2023-11-27";"2J";"1.261"
"2023-11-27";"10J0";"0.982"
"2023-11-27";"E";"0.985"
"2023-11-27";"K";"1.394"
"2023-11-27";"P";"1.627"
"2023-11-27";"GK";"1.767"
"2023-11-27";"IKH";"1.835"
"2023-11-28";"2J";"1.217"
"2023-11-28";"10J0";"0.911"
"2023-11-28";"E";"0.907"
"2023-11-28";"K";"1.339"
"2023-11-28";"P";"1.559"
"2023-11-28";"GK";"1.724"
"2023-11-28";"IKH";"1.773"
"2023-11-29";"2J";"1.19"
"2023-11-29";"10J0";"0.861"
"2023-11-29";"E";"0.852"
"2023-11-29";"K";"1.29"
"2023-11-29";"P";"1.505"
"2023-11-29";"GK";"1.67"
"2023-11-29";"IKH";"1.683"
"2023-11-30";"2J";"1.152"
"2023-11-30";"10J0";"0.822"
"2023-11-30";"E";"0.812"
"2023-11-30";"K";"1.255"
"2023-11-30";"P";"1.465"
"2023-11-30";"GK";"1.623"
"2023-11-30";"IKH";"1.662"
"2023-12-01";"2J";"1.101"
"2023-12-01";"10J0";"0.796"
"2023-12-01";"E";"0.793"
"2023-12-01";"K";"1.25"
"2023-12-01";"P";"1.452"
"2023-12-01";"GK";"1.614"
"2023-12-01";"IKH";"1.639"
"2023-12-04";"2J";"0.935"
"2023-12-04";"10J0";"0.716"
"2023-12-04";"E";"0.711"
"2023-12-04";"K";"1.159"
"2023-12-04";"P";"1.36"
"2023-12-04";"GK";"1.527"
"2023-12-04";"IKH";"1.565"
"2023-12-05";"2J";"0.991"
"2023-12-05";"10J0";"0.686"
"2023-12-05";"E";"0.68"
"2023-12-05";"K";"1.148"
"2023-12-05";"P";"1.346"
"2023-12-05";"GK";"1.517"
"2023-12-05";"IKH";"1.545"
"2023-12-06";"2J";"1.018"
"2023-12-06";"10J0";"0.687"
"2023-12-06";"E";"0.693"
"2023-12-06";"K";"1.169"
"2023-12-06";"P";"1.364"
"2023-12-06";"GK";"1.503"
"2023-12-06";"IKH";"1.551"
"2023-12-07";"2J";"0.985"
"2023-12-07";"10J0";"0.695"
"2023-12-07";"E";"0.701"
"2023-12-07";"K";"1.164"
"2023-12-07";"P";"1.354"
"2023-12-07";"GK";"1.518"
"2023-12-07";"IKH";"1.539"
"2023-12-08";"2J";"1.049"
"2023-12-08";"10J0";"0.726"
"2023-12-08";"E";"0.73"
"2023-12-08";"K";"1.195"
"2023-12-08";"P";"1.391"
"2023-12-08";"GK";"1.555"
"2023-12-08";"IKH";"1.564"
"2023-12-11";"2J";"1.033"
"2023-12-11";"10J0";"0.743"
"2023-12-11";"E";"0.752"
"2023-12-11";"K";"1.212"
"2023-12-11";"P";"1.409"
"2023-12-11";"GK";"1.6"
"2023-12-11";"IKH";"1.58"
"2023-12-12";"2J";"1.032"
"2023-12-12";"10J0";"0.697"
"2023-12-12";"E";"0.704"
"2023-12-12";"K";"1.184"
"2023-12-12";"P";"1.374"
"2023-12-12";"GK";"1.538"
"2023-12-12";"IKH";"1.543"
"2023-12-13";"2J";"1.023"
"2023-12-13";"10J0";"0.662"
"2023-12-13";"E";"0.673"
"2023-12-13";"K";"1.153"
"2023-12-13";"P";"1.341"
"2023-12-13";"GK";"1.505"
"2023-12-13";"IKH";"1.479"
"2023-12-14";"2J";"0.912"
"2023-12-14";"10J0";"0.589"
"2023-12-14";"E";"0.595"
"2023-12-14";"K";"1.074"
"2023-12-14";"P";"1.259"
"2023-12-14";"GK";"1.417"
"2023-12-14";"IKH";"1.441"
"2023-12-15";"2J";"0.931"
"2023-12-15";"10J0";"0.562"
"2023-12-15";"E";"0.561"
"2023-12-15";"K";"1.042"
"2023-12-15";"P";"1.241"
"2023-12-15";"GK";"1.388"
"2023-12-15";"IKH";"1.415"
"2023-12-18";"2J";"0.904"
"2023-12-18";"10J0";"0.579"
"2023-12-18";"E";"0.593"
"2023-12-18";"K";"1.053"
"2023-12-18";"P";"1.253"
"2023-12-18";"GK";"1.404"
"2023-12-18";"IKH";"1.413"
"2023-12-19";"2J";"0.959"
"2023-12-19";"10J0";"0.606"
"2023-12-19";"E";"0.617"
"2023-12-19";"K";"1.087"
"2023-12-19";"P";"1.294"
"2023-12-19";"GK";"1.439"
"2023-12-19";"IKH";"1.447"
"2023-12-20";"2J";"0.953"
"2023-12-20";"10J0";"0.62"
"2023-12-20";"E";"0.631"
"2023-12-20";"K";"1.112"
"2023-12-20";"P";"1.305"
"2023-12-20";"GK";"1.447"
"2023-12-20";"IKH";"1.456"
"2023-12-21";"2J";"1.001"
"2023-12-21";"10J0";"0.62"
"2023-12-21";"E";"0.631"
"2023-12-21";"K";"1.121"
"2023-12-21";"P";"1.322"
"2023-12-21";"GK";"1.457"
"2023-12-21";"IKH";"1.458"
"2023-12-22";"2J";"0.999"
"2023-12-22";"10J0";"0.652"
"2023-12-22";"E";"0.663"
"2023-12-22";"K";"1.15"
"2023-12-22";"P";"1.351"
"2023-12-22";"GK";"1.48"
"2023-12-22";"IKH";"1.485"
"2023-12-25";"2J";
"2023-12-25";"10J0";
"2023-12-25";"E";
"2023-12-25";"K";
"2023-12-25";"P";
"2023-12-25";"GK";
"2023-12-25";"IKH";
"2023-12-26";"2J";
"2023-12-26";"10J0";
"2023-12-26";"E";
"2023-12-26";"K";
"2023-12-26";"P";
"2023-12-26";"GK";
"2023-12-26";"IKH";
"2023-12-27";"2J";"0.986"
"2023-12-27";"10J0";"0.647"
"2023-12-27";"E";"0.663"
"2023-12-27";"K";"1.136"
"2023-12-27";"P";"1.332"
"2023-12-27";"GK";"1.47"
"2023-12-27";"IKH";"1.467"
"2023-12-28";"2J";"0.976"
"2023-12-28";"10J0";"0.635"
"2023-12-28";"E";"0.652"
"2023-12-28";"K";"1.13"
"2023-12-28";"P";"1.322"
"2023-12-28";"GK";"1.465"
"2023-12-28";"IKH";"1.481"
"2023-12-29";"2J";"0.992"
"2023-12-29";"10J0";"0.656"
"2023-12-29";"E";"0.666"
"2023-12-29";"K";"1.15"
"2023-12-29";"P";"1.35"
"2023-12-29";"GK";"1.495"
"2023-12-29";"IKH";"1.479"
"2024-01-01";"2J";
"2024-01-01";"10J0";
"2024-01-01";"E";
"2024-01-01";"K";
"2024-01-01";"P";
"2024-01-01";"GK";
"2024-01-01";"IKH";
"2024-01-02";"2J";
"2024-01-02";"10J0";
"2024-01-02";"E";
"2024-01-02";"K";
"2024-01-02";"P";
"2024-01-02";"GK";
"2024-01-02";"IKH";
"2024-01-03";"2J";"1.024"
"2024-01-03";"10J0";"0.68"
"2024-01-03";"E";"0.688"
"2024-01-03";"K";"1.171"
"2024-01-03";"P";"1.37"
"2024-01-03";"GK";"1.507"
"2024-01-03";"IKH";"1.495"
"2024-01-04";"2J";"1.038"
"2024-01-04";"10J0";"0.688"
"2024-01-04";"E";"0.694"
"2024-01-04";"K";"1.176"
"2024-01-04";"P";"1.376"
"2024-01-04";"GK";"1.516"
"2024-01-04";"IKH";"1.543"
"2024-01-05";"2J";"1.137"
"2024-01-05";"10J0";"0.825"
"2024-01-05";"E";"0.834"
"2024-01-05";"K";"1.312"
"2024-01-05";"P";"1.502"
"2024-01-05";"GK";"1.646"
"2024-01-05";"IKH";"1.641"
"2024-01-08";"2J";"1.108"
"2024-01-08";"10J0";"0.812"
"2024-01-08";"E";"0.819"
"2024-01-08";"K";"1.291"
"2024-01-08";"P";"1.485"
"2024-01-08";"GK";"1.628"
"2024-01-08";"IKH";"1.636"
"2024-01-09";"2J";"1.107"
"2024-01-09";"10J0";"0.838"
"2024-01-09";"E";"0.832"
"2024-01-09";"K";"1.308"
"2024-01-09";"P";"1.507"
"2024-01-09";"GK";"1.648"
"2024-01-09";"IKH";"1.673"
"2024-01-10";"2J";"1.099"
"2024-01-10";"10J0";"0.801"
"2024-01-10";"E";"0.796"
"2024-01-10";"K";"1.285"
"2024-01-10";"P";"1.48"
"2024-01-10";"GK";"1.616"
"2024-01-10";"IKH";"1.658"
"2024-01-11";"2J";"1.107"
"2024-01-11";"10J0";"0.829"
"2024-01-11";"E";"0.82"
"2024-01-11";"K";"1.321"
"2024-01-11";"P";"1.492"
"2024-01-11";"GK";"1.631"
"2024-01-11";"IKH";"1.648"
"2024-01-12";"2J";"1.029"
"2024-01-12";"10J0";"0.811"
"2024-01-12";"E";"0.793"
"2024-01-12";"K";"1.29"
"2024-01-12";"P";"1.479"
"2024-01-12";"GK";"1.609"
"2024-01-12";"IKH";"1.647"
"2024-01-15";"2J";"1.022"
"2024-01-15";"10J0";"0.841"
"2024-01-15";"E";"0.822"
"2024-01-15";"K";"1.308"
"2024-01-15";"P";"1.484"
"2024-01-15";"GK";"1.616"
"2024-01-15";"IKH";"1.638"
"2024-01-16";"2J";"1.018"
"2024-01-16";"10J0";"0.786"
"2024-01-16";"E";"0.766"
"2024-01-16";"K";"1.257"
"2024-01-16";"P";"1.452"
"2024-01-16";"GK";"1.587"
"2024-01-16";"IKH";"1.594"
"2024-01-17";"2J";"1.024"
"2024-01-17";"10J0";"0.834"
"2024-01-17";"E";"0.814"
"2024-01-17";"K";"1.314"
"2024-01-17";"P";"1.488"
"2024-01-17";"GK";"1.63"
"2024-01-17";"IKH";"1.64"
"2024-01-18";"2J";"1.054"
"2024-01-18";"10J0";"0.883"
"2024-01-18";"E";"0.849"
"2024-01-18";"K";"1.325"
"2024-01-18";"P";"1.501"
"2024-01-18";"GK";"1.659"
"2024-01-18";"IKH";"1.661"
"2024-01-19";"2J";"1.011"
"2024-01-19";"10J0";"0.889"
"2024-01-19";"E";"0.863"
"2024-01-19";"K";"1.308"
"2024-01-19";"P";"1.488"
"2024-01-19";"GK";"1.629"
"2024-01-19";"IKH";"1.665"
"2024-01-22";"2J";"1.025"
"2024-01-22";"10J0";"0.866"
"2024-01-22";"E";"0.842"
"2024-01-22";"K";"1.274"
"2024-01-22";"P";"1.454"
"2024-01-22";"GK";"1.596"
"2024-01-22";"IKH";"1.619"
"2024-01-23";"2J";"1.039"
"2024-01-23";"10J0";"0.892"
"2024-01-23";"E";"0.869"
"2024-01-23";"K";"1.314"
"2024-01-23";"P";"1.49"
"2024-01-23";"GK";"1.634"
"2024-01-23";"IKH";"1.649"
"2024-01-24";"2J";"1.036"
"2024-01-24";"10J0";"0.907"
"2024-01-24";"E";"0.883"
"2024-01-24";"K";"1.316"
"2024-01-24";"P";"1.486"
"2024-01-24";"GK";"1.632"
"2024-01-24";"IKH";"1.676"
"2024-01-25";"2J";"1.092"
"2024-01-25";"10J0";"0.92"
"2024-01-25";"E";"0.903"
"2024-01-25";"K";"1.348"
"2024-01-25";"P";"1.522"
"2024-01-25";"GK";"1.667"
"2024-01-25";"IKH";"1.689"
"2024-01-26";"2J";"1.01"
"2024-01-26";"10J0";"0.867"
"2024-01-26";"E";"0.831"
"2024-01-26";"K";"1.251"
"2024-01-26";"P";"1.441"
"2024-01-26";"GK";"1.588"
"2024-01-26";"IKH";"1.619"
"2024-01-29";"2J";"0.977"
"2024-01-29";"10J0";"0.853"
"2024-01-29";"E";"0.817"
"2024-01-29";"K";"1.245"
"2024-01-29";"P";"1.43"
"2024-01-29";"GK";"1.574"
"2024-01-29";"IKH";"1.607"
"2024-01-30";"2J";"0.94"
"2024-01-30";"10J0";"0.865"
"2024-01-30";"E";"0.839"
"2024-01-30";"K";"1.261"
"2024-01-30";"P";"1.439"
"2024-01-30";"GK";"1.582"
"2024-01-30";"IKH";"1.614"
"2024-01-31";"2J";"0.983"
"2024-01-31";"10J0";"0.83"
"2024-01-31";"E";"0.804"
"2024-01-31";"K";"1.228"
"2024-01-31";"P";"1.403"
"2024-01-31";"GK";"1.552"
"2024-01-31";"IKH";"1.584"
"2024-02-01";"2J";"0.964"
"2024-02-01";"10J0";"0.829"
"2024-02-01";"E";"0.798"
"2024-02-01";"K";"1.223"
"2024-02-01";"P";"1.405"
"2024-02-01";"GK";"1.553"
"2024-02-01";"IKH";"1.589"
"2024-02-02";"2J";"0.944"
"2024-02-02";"10J0";"0.806"
"2024-02-02";"E";"0.789"
"2024-02-02";"K";"1.204"
"2024-02-02";"P";"1.379"
"2024-02-02";"GK";"1.525"
"2024-02-02";"IKH";"1.562"
"2024-02-05";"2J";"0.965"
"2024-02-05";"10J0";"0.866"
"2024-02-05";"E";"0.849"
"2024-02-05";"K";"1.263"
"2024-02-05";"P";"1.443"
"2024-02-05";"GK";"1.588"
"2024-02-05";"IKH";"1.61"
"2024-02-06";"2J";"1.076"
"2024-02-06";"10J0";"0.909"
"2024-02-06";"E";"0.889"
"2024-02-06";"K";"1.311"
"2024-02-06";"P";"1.483"
"2024-02-06";"GK";"1.627"
"2024-02-06";"IKH";"1.649"
"2024-02-07";"2J";"1.059"
"2024-02-07";"10J0";"0.881"
"2024-02-07";"E";"0.855"
"2024-02-07";"K";"1.275"
"2024-02-07";"P";"1.45"
"2024-02-07";"GK";"1.594"
"2024-02-07";"IKH";"1.629"
"2024-02-08";"2J";"1.075"
"2024-02-08";"10J0";"0.895"
"2024-02-08";"E";"0.87"
"2024-02-08";"K";"1.275"
"2024-02-08";"P";"1.439"
"2024-02-08";"GK";"1.594"
"2024-02-08";"IKH";"1.636"
"2024-02-09";"2J";"1.111"
"2024-02-09";"10J0";"0.901"
"2024-02-09";"E";"0.876"
"2024-02-09";"K";"1.271"
"2024-02-09";"P";"1.464"
"2024-02-09";"GK";"1.611"
"2024-02-09";"IKH";"1.625"
"2024-02-12";"2J";"1.104"
"2024-02-12";"10J0";"0.929"
"2024-02-12";"E";"0.909"
"2024-02-12";"K";"1.267"
"2024-02-12";"P";"1.451"
"2024-02-12";"GK";"1.609"
"2024-02-12";"IKH";"1.622"
"2024-02-13";"2J";"1.006"
"2024-02-13";"10J0";"0.89"
"2024-02-13";"E";"0.857"
"2024-02-13";"K";"1.232"
"2024-02-13";"P";"1.406"
"2024-02-13";"GK";"1.567"
"2024-02-13";"IKH";"1.599"
"2024-02-14";"2J";"0.952"
"2024-02-14";"10J0";"0.86"
"2024-02-14";"E";"0.827"
"2024-02-14";"K";"1.202"
"2024-02-14";"P";"1.367"
"2024-02-14";"GK";"1.523"
"2024-02-14";"IKH";"1.548"
"2024-02-15";"2J";"1.016"
"2024-02-15";"10J0";"0.854"
"2024-02-15";"E";"0.831"
"2024-02-15";"K";"1.239"
"2024-02-15";"P";"1.397"
"2024-02-15";"GK";"1.551"
"2024-02-15";"IKH";"1.52"
"2024-02-16";"2J";"0.997"
"2024-02-16";"10J0";"0.874"
"2024-02-16";"E";"0.857"
"2024-02-16";"K";"1.261"
"2024-02-16";"P";"1.424"
"2024-02-16";"GK";"1.583"
"2024-02-16";"IKH";"1.574"
"2024-02-19";"2J";"1.027"
"2024-02-19";"10J0";"0.889"
"2024-02-19";"E";"0.876"
"2024-02-19";"K";"1.311"
"2024-02-19";"P";"1.455"
"2024-02-19";"GK";"1.633"
"2024-02-19";"IKH";"1.653"
"2024-02-20";"2J";"1.012"
"2024-02-20";"10J0";"0.866"
"2024-02-20";"E";"0.857"
"2024-02-20";"K";"1.282"
"2024-02-20";"P";"1.43"
"2024-02-20";"GK";"1.583"
"2024-02-20";"IKH";"1.632"
"2024-02-21";"2J";"1.015"
"2024-02-21";"10J0";"0.83"
"2024-02-21";"E";"0.812"
"2024-02-21";"K";"1.251"
"2024-02-21";"P";"1.414"
"2024-02-21";"GK";"1.562"
"2024-02-21";"IKH";"1.585"
"2024-02-22";"2J";"1.045"
"2024-02-22";"10J0";"0.838"
"2024-02-22";"E";"0.828"
"2024-02-22";"K";"1.262"
"2024-02-22";"P";"1.43"
"2024-02-22";"GK";"1.58"
"2024-02-22";"IKH";"1.584"
"2024-02-23";"2J";"1.045"
"2024-02-23";"10J0";"0.839"
"2024-02-23";"E";"0.836"
"2024-02-23";"K";"1.27"
"2024-02-23";"P";"1.425"
"2024-02-23";"GK";"1.581"
"2024-02-23";"IKH";"1.62"
"2024-02-26";"2J";"1.025"
"2024-02-26";"10J0";"0.789"
"2024-02-26";"E";"0.781"
"2024-02-26";"K";"1.229"
"2024-02-26";"P";"1.387"
"2024-02-26";"GK";"1.538"
"2024-02-26";"IKH";"1.579"
"2024-02-27";"2J";"1.073"
"2024-02-27";"10J0";"0.839"
"2024-02-27";"E";"0.831"
"2024-02-27";"K";"1.262"
"2024-02-27";"P";"1.413"
"2024-02-27";"GK";"1.566"
"2024-02-27";"IKH";"1.598"
"2024-02-28";"2J";"1.029"
"2024-02-28";"10J0";"0.846"
"2024-02-28";"E";"0.836"
"2024-02-28";"K";"1.279"
"2024-02-28";"P";"1.426"
"2024-02-28";"GK";"1.576"
"2024-02-28";"IKH";"1.584"
"2024-02-29";"2J";"1.047"
"2024-02-29";"10J0";"0.828"
"2024-02-29";"E";"0.821"
"2024-02-29";"K";"1.257"
"2024-02-29";"P";"1.421"
"2024-02-29";"GK";"1.571"
"2024-02-29";"IKH";"1.624"
"2024-03-01";"2J";"1.017"
"2024-03-01";"10J0";"0.784"
"2024-03-01";"E";"0.782"
"2024-03-01";"K";"1.224"
"2024-03-01";"P";"1.373"
"2024-03-01";"GK";"1.529"
"2024-03-01";"IKH";"1.578"
"2024-03-04";"2J";"0.973"
"2024-03-04";"10J0";"0.743"
"2024-03-04";"E";"0.741"
"2024-03-04";"K";"1.199"
"2024-03-04";"P";"1.345"
"2024-03-04";"GK";"1.498"
"2024-03-04";"IKH";"1.559"
"2024-03-05";"2J";"0.971"
"2024-03-05";"10J0";"0.727"
"2024-03-05";"E";"0.721"
"2024-03-05";"K";"1.192"
"2024-03-05";"P";"1.324"
"2024-03-05";"GK";"1.485"
"2024-03-05";"IKH";"1.537"
"2024-03-06";"2J";"0.959"
"2024-03-06";"10J0";"0.703"
"2024-03-06";"E";"0.7"
"2024-03-06";"K";"1.152"
"2024-03-06";"P";"1.304"
"2024-03-06";"GK";"1.454"
"2024-03-06";"IKH";"1.509"
"2024-03-07";"2J";"0.949"
"2024-03-07";"10J0";"0.692"
"2024-03-07";"E";"0.693"
"2024-03-07";"K";"1.155"
"2024-03-07";"P";"1.292"
"2024-03-07";"GK";"1.446"
"2024-03-07";"IKH";"1.507"
"2024-03-08";"2J";"0.961"
"2024-03-08";"10J0";"0.683"
"2024-03-08";"E";"0.687"
"2024-03-08";"K";"1.14"
"2024-03-08";"P";"1.278"
"2024-03-08";"GK";"1.43"
"2024-03-08";"IKH";"1.486"
"2024-03-11";"2J";"0.957"
"2024-03-11";"10J0";"0.678"
"2024-03-11";"E";"0.678"
"2024-03-11";"K";"1.118"
"2024-03-11";"P";"1.27"
"2024-03-11";"GK";"1.417"
"2024-03-11";"IKH";"1.48"
"2024-03-12";"2J";"0.966"
"2024-03-12";"10J0";"0.709"
"2024-03-12";"E";"0.708"
"2024-03-12";"K";"1.147"
"2024-03-12";"P";"1.278"
"2024-03-12";"GK";"1.435"
"2024-03-12";"IKH";"1.496"
"2024-03-13";"2J";"0.975"
"2024-03-13";"10J0";"0.724"
"2024-03-13";"E";"0.721"
"2024-03-13";"K";"1.138"
"2024-03-13";"P";"1.303"
"2024-03-13";"GK";"1.452"
"2024-03-13";"IKH";"1.505"
"2024-03-14";"2J";"0.969"
"2024-03-14";"10J0";"0.702"
"2024-03-14";"E";"0.712"
"2024-03-14";"K";"1.198"
"2024-03-14";"P";"1.339"
"2024-03-14";"GK";"1.481"
"2024-03-14";"IKH";"1.512"
"2024-03-15";"2J";"1.062"
"2024-03-15";"10J0";"0.736"
"2024-03-15";"E";"0.746"
"2024-03-15";"K";"1.239"
"2024-03-15";"P";"1.377"
"2024-03-15";"GK";"1.521"
"2024-03-15";"IKH";"1.586"
"2024-03-18";"2J";"1.013"
"2024-03-18";"10J0";"0.764"
"2024-03-18";"E";"0.775"
"2024-03-18";"K";"1.271"
"2024-03-18";"P";"1.418"
"2024-03-18";"GK";"1.562"
"2024-03-18";"IKH";"1.627"
"2024-03-19";"2J";"1.05"
"2024-03-19";"10J0";"0.755"
"2024-03-19";"E";"0.776"
"2024-03-19";"K";"1.259"
"2024-03-19";"P";"1.42"
"2024-03-19";"GK";"1.567"
"2024-03-19";"IKH";"1.627"
"2024-03-20";"2J";"1.017"
"2024-03-20";"10J0";"0.697"
"2024-03-20";"E";"0.716"
"2024-03-20";"K";"1.24"
"2024-03-20";"P";"1.395"
"2024-03-20";"GK";"1.541"
"2024-03-20";"IKH";"1.605"
"2024-03-21";"2J";"0.841"
"2024-03-21";"10J0";"0.679"
"2024-03-21";"E";"0.676"
"2024-03-21";"K";"1.157"
"2024-03-21";"P";"1.326"
"2024-03-21";"GK";"1.481"
"2024-03-21";"IKH";"1.543"
"2024-03-22";"2J";"0.864"
"2024-03-22";"10J0";"0.631"
"2024-03-22";"E";"0.634"
"2024-03-22";"K";"1.137"
"2024-03-22";"P";"1.31"
"2024-03-22";"GK";"1.455"
"2024-03-22";"IKH";"1.49"
"2024-03-25";"2J";"0.854"
"2024-03-25";"10J0";"0.63"
"2024-03-25";"E";"0.633"
"2024-03-25";"K";"1.147"
"2024-03-25";"P";"1.304"
"2024-03-25";"GK";"1.446"
"2024-03-25";"IKH";"1.515"
"2024-03-26";"2J";"0.863"
"2024-03-26";"10J0";"0.644"
"2024-03-26";"E";"0.652"
"2024-03-26";"K";"1.173"
"2024-03-26";"P";"1.324"
"2024-03-26";"GK";"1.465"
"2024-03-26";"IKH";"1.541"
"2024-03-27";"2J";"0.849"
"2024-03-27";"10J0";"0.661"
"2024-03-27";"E";"0.667"
"2024-03-27";"K";"1.16"
"2024-03-27";"P";"1.325"
"2024-03-27";"GK";"1.464"
"2024-03-27";"IKH";"1.539"
"2024-03-28";"2J";"0.838"
"2024-03-28";"10J0";"0.639"
"2024-03-28";"E";"0.652"
"2024-03-28";"K";"1.142"
"2024-03-28";"P";"1.306"
"2024-03-28";"GK";"1.445"
"2024-03-28";"IKH";"1.529"
"2024-03-29";"2J";
"2024-03-29";"10J0";
"2024-03-29";"E";
"2024-03-29";"K";
"2024-03-29";"P";
"2024-03-29";"GK";
"2024-03-29";"IKH";
"2024-04-01";"2J";
"2024-04-01";"10J0";
"2024-04-01";"E";
"2024-04-01";"K";
"2024-04-01";"P";
"2024-04-01";"GK";
"2024-04-01";"IKH";
"2024-04-02";"2J";"0.872"
"2024-04-02";"10J0";"0.683"
"2024-04-02";"E";"0.692"
"2024-04-02";"K";"1.209"
"2024-04-02";"P";"1.351"
"2024-04-02";"GK";"1.487"
"2024-04-02";"IKH";"1.565"
"2024-04-03";"2J";"0.872"
"2024-04-03";"10J0";"0.714"
"2024-04-03";"E";"0.718"
"2024-04-03";"K";"1.202"
"2024-04-03";"P";"1.36"
"2024-04-03";"GK";"1.51"
"2024-04-03";"IKH";"1.576"
"2024-04-04";"2J";"0.86"
"2024-04-04";"10J0";"0.704"
"2024-04-04";"E";"0.707"
"2024-04-04";"K";"1.185"
"2024-04-04";"P";"1.335"
"2024-04-04";"GK";"1.473"
"2024-04-04";"IKH";"1.505"
"2024-04-05";"2J";"0.88"
"2024-04-05";"10J0";"0.699"
"2024-04-05";"E";"0.693"
"2024-04-05";"K";"1.177"
"2024-04-05";"P";"1.336"
"2024-04-05";"GK";"1.468"
"2024-04-05";"IKH";"1.557"
"2024-04-08";"2J";"0.82"
"2024-04-08";"10J0";"0.726"
"2024-04-08";"E";"0.725"
"2024-04-08";"K";"1.197"
"2024-04-08";"P";"1.369"
"2024-04-08";"GK";"1.485"
"2024-04-08";"IKH";"1.557"
"2024-04-09";"2J";"0.849"
"2024-04-09";"10J0";"0.721"
"2024-04-09";"E";"0.728"
"2024-04-09";"K";"1.182"
"2024-04-09";"P";"1.36"
"2024-04-09";"GK";"1.482"
"2024-04-09";"IKH";"1.562"
"2024-04-10";"2J";"0.807"
"2024-04-10";"10J0";"0.671"
"2024-04-10";"E";"0.673"
"2024-04-10";"K";"1.128"
"2024-04-10";"P";"1.296"
"2024-04-10";"GK";"1.433"
"2024-04-10";"IKH";"1.492"
"2024-04-11";"2J";"0.892"
"2024-04-11";"10J0";"0.734"
"2024-04-11";"E";"0.739"
"2024-04-11";"K";"1.217"
"2024-04-11";"P";"1.378"
"2024-04-11";"GK";"1.506"
"2024-04-11";"IKH";"1.581"
"2024-04-12";"2J";"0.859"
"2024-04-12";"10J0";"0.69"
"2024-04-12";"E";"0.699"
"2024-04-12";"K";"1.166"
"2024-04-12";"P";"1.328"
"2024-04-12";"GK";"1.46"
"2024-04-12";"IKH";"1.529"
"2024-04-15";"2J";"0.857"
"2024-04-15";"10J0";"0.704"
"2024-04-15";"E";"0.711"
"2024-04-15";"K";"1.186"
"2024-04-15";"P";"1.354"
"2024-04-15";"GK";"1.496"
"2024-04-15";"IKH";"1.521"
"2024-04-16";"2J";"0.906"
"2024-04-16";"10J0";"0.718"
"2024-04-16";"E";"0.723"
"2024-04-16";"K";"1.203"
"2024-04-16";"P";"1.377"
"2024-04-16";"GK";"1.524"
"2024-04-16";"IKH";"1.571"
"2024-04-17";"2J";"0.929"
"2024-04-17";"10J0";"0.739"
"2024-04-17";"E";"0.747"
"2024-04-17";"K";"1.235"
"2024-04-17";"P";"1.392"
"2024-04-17";"GK";"1.543"
"2024-04-17";"IKH";"1.591"
"2024-04-18";"2J";"0.851"
"2024-04-18";"10J0";"0.688"
"2024-04-18";"E";"0.705"
"2024-04-18";"K";"1.18"
"2024-04-18";"P";"1.35"
"2024-04-18";"GK";"1.507"
"2024-04-18";"IKH";"1.553"
"2024-04-19";"2J";"0.889"
"2024-04-19";"10J0";"0.712"
"2024-04-19";"E";"0.734"
"2024-04-19";"K";"1.204"
"2024-04-19";"P";"1.373"
"2024-04-19";"GK";"1.509"
"2024-04-19";"IKH";"1.555"
"2024-04-22";"2J";"0.891"
"2024-04-22";"10J0";"0.742"
"2024-04-22";"E";"0.75"
"2024-04-22";"K";"1.224"
"2024-04-22";"P";"1.402"
"2024-04-22";"GK";"1.53"
"2024-04-22";"IKH";"1.601"
"2024-04-23";"2J";"0.886"
"2024-04-23";"10J0";"0.705"
"2024-04-23";"E";"0.728"
"2024-04-23";"K";"1.21"
"2024-04-23";"P";"1.379"
"2024-04-23";"GK";"1.507"
"2024-04-23";"IKH";"1.565"
"2024-04-24";"2J";"0.875"
"2024-04-24";"10J0";"0.723"
"2024-04-24";"E";"0.737"
"2024-04-24";"K";"1.205"
"2024-04-24";"P";"1.38"
"2024-04-24";"GK";"1.507"
"2024-04-24";"IKH";"1.586"
"2024-04-25";"2J";"0.862"
"2024-04-25";"10J0";"0.725"
"2024-04-25";"E";"0.74"
"2024-04-25";"K";"1.214"
"2024-04-25";"P";"1.387"
"2024-04-25";"GK";"1.537"
"2024-04-25";"IKH";"1.609"
"2024-04-26";"2J";"0.903"
"2024-04-26";"10J0";"0.73"
"2024-04-26";"E";"0.742"
"2024-04-26";"K";"1.222"
"2024-04-26";"P";"1.394"
"2024-04-26";"GK";"1.519"
"2024-04-26";"IKH";"1.604"
"2024-04-29";"2J";"0.885"
"2024-04-29";"10J0";"0.672"
"2024-04-29";"E";"0.697"
"2024-04-29";"K";"1.163"
"2024-04-29";"P";"1.339"
"2024-04-29";"GK";"1.469"
"2024-04-29";"IKH";"1.544"
"2024-04-30";"2J";"0.891"
"2024-04-30";"10J0";"0.693"
"2024-04-30";"E";"0.711"
"2024-04-30";"K";"1.182"
"2024-04-30";"P";"1.353"
"2024-04-30";"GK";"1.482"
"2024-04-30";"IKH";"1.572"
"2024-05-01";"2J";
"2024-05-01";"10J0";
"2024-05-01";"E";
"2024-05-01";"K";
"2024-05-01";"P";
"2024-05-01";"GK";
"2024-05-01";"IKH";
"2024-05-02";"2J";"0.903"
"2024-05-02";"10J0";"0.707"
"2024-05-02";"E";"0.738"
"2024-05-02";"K";"1.204"
"2024-05-02";"P";"1.376"
"2024-05-02";"GK";"1.503"
"2024-05-02";"IKH";"1.614"
"2024-05-03";"2J";"0.945"
"2024-05-03";"10J0";"0.716"
"2024-05-03";"E";"0.745"
"2024-05-03";"K";"1.222"
"2024-05-03";"P";"1.406"
"2024-05-03";"GK";"1.545"
"2024-05-03";"IKH";"1.657"
"2024-05-06";"2J";"0.899"
"2024-05-06";"10J0";"0.693"
"2024-05-06";"E";"0.707"
"2024-05-06";"K";"1.18"
"2024-05-06";"P";"1.356"
"2024-05-06";"GK";"1.48"
"2024-05-06";"IKH";"1.609"
"2024-05-07";"2J";"0.902"
"2024-05-07";"10J0";"0.685"
"2024-05-07";"E";"0.713"
"2024-05-07";"K";"1.177"
"2024-05-07";"P";"1.35"
"2024-05-07";"GK";"1.478"
"2024-05-07";"IKH";"1.589"
"2024-05-08";"2J";"0.912"
"2024-05-08";"10J0";"0.691"
"2024-05-08";"E";"0.701"
"2024-05-08";"K";"1.161"
"2024-05-08";"P";"1.332"
"2024-05-08";"GK";"1.465"
"2024-05-08";"IKH";"1.599"
"2024-05-09";"2J";
"2024-05-09";"10J0";
"2024-05-09";"E";
"2024-05-09";"K";
"2024-05-09";"P";
"2024-05-09";"GK";
"2024-05-09";"IKH";
"2024-05-10";"2J";"0.904"
"2024-05-10";"10J0";"0.715"
"2024-05-10";"E";"0.731"
"2024-05-10";"K";"1.182"
"2024-05-10";"P";"1.353"
"2024-05-10";"GK";"1.479"
"2024-05-10";"IKH";"1.623"
"2024-05-13";"2J";"0.924"
"2024-05-13";"10J0";"0.75"
"2024-05-13";"E";"0.776"
"2024-05-13";"K";"1.218"
"2024-05-13";"P";"1.39"
"2024-05-13";"GK";"1.538"
"2024-05-13";"IKH";"1.652"
"2024-05-14";"2J";"0.942"
"2024-05-14";"10J0";"0.72"
"2024-05-14";"E";"0.753"
"2024-05-14";"K";"1.193"
"2024-05-14";"P";"1.371"
"2024-05-14";"GK";"1.516"
"2024-05-14";"IKH";"1.633"
"2024-05-15";"2J";"0.934"
"2024-05-15";"10J0";"0.697"
"2024-05-15";"E";"0.728"
"2024-05-15";"K";"1.176"
"2024-05-15";"P";"1.348"
"2024-05-15";"GK";"1.502"
"2024-05-15";"IKH";"1.625"
"2024-05-16";"2J";"0.891"
"2024-05-16";"10J0";"0.68"
"2024-05-16";"E";"0.711"
"2024-05-16";"K";"1.141"
"2024-05-16";"P";"1.321"
"2024-05-16";"GK";"1.469"
"2024-05-16";"IKH";"1.597"
"2024-05-17";"2J";"0.927"
"2024-05-17";"10J0";"0.722"
"2024-05-17";"E";"0.737"
"2024-05-17";"K";"1.18"
"2024-05-17";"P";"1.358"
"2024-05-17";"GK";"1.506"
"2024-05-17";"IKH";"1.613"
"2024-05-20";"2J";
"2024-05-20";"10J0";
"2024-05-20";"E";
"2024-05-20";"K";
"2024-05-20";"P";
"2024-05-20";"GK";
"2024-05-20";"IKH";
"2024-05-21";"2J";"0.913"
"2024-05-21";"10J0";"0.715"
"2024-05-21";"E";"0.743"
"2024-05-21";"K";"1.181"
"2024-05-21";"P";"1.364"
"2024-05-21";"GK";"1.505"
"2024-05-21";"IKH";"1.612"
"2024-05-22";"2J";"0.947"
"2024-05-22";"10J0";"0.744"
"2024-05-22";"E";"0.772"
"2024-05-22";"K";"1.215"
"2024-05-22";"P";"1.386"
"2024-05-22";"GK";"1.523"
"2024-05-22";"IKH";"1.64"
"2024-05-23";"2J";"1.006"
"2024-05-23";"10J0";"0.773"
"2024-05-23";"E";"0.788"
"2024-05-23";"K";"1.237"
"2024-05-23";"P";"1.41"
"2024-05-23";"GK";"1.541"
"2024-05-23";"IKH";"1.664"
"2024-05-24";"2J";"1.067"
"2024-05-24";"10J0";"0.763"
"2024-05-24";"E";"0.787"
"2024-05-24";"K";"1.24"
"2024-05-24";"P";"1.411"
"2024-05-24";"GK";"1.566"
"2024-05-24";"IKH";"1.679"
"2024-05-27";"2J";"1.073"
"2024-05-27";"10J0";"0.775"
"2024-05-27";"E";"0.798"
"2024-05-27";"K";"1.256"
"2024-05-27";"P";"1.438"
"2024-05-27";"GK";"1.56"
"2024-05-27";"IKH";"1.695"
"2024-05-28";"2J";"1.032"
"2024-05-28";"10J0";"0.769"
"2024-05-28";"E";"0.811"
"2024-05-28";"K";"1.224"
"2024-05-28";"P";"1.405"
"2024-05-28";"GK";"1.558"
"2024-05-28";"IKH";"1.679"
"2024-05-29";"2J";"1.024"
"2024-05-29";"10J0";"0.82"
"2024-05-29";"E";"0.855"
"2024-05-29";"K";"1.279"
"2024-05-29";"P";"1.449"
"2024-05-29";"GK";"1.581"
"2024-05-29";"IKH";"1.715"
"2024-05-30";"2J";"1.09"
"2024-05-30";"10J0";"0.848"
"2024-05-30";"E";"0.867"
"2024-05-30";"K";"1.326"
"2024-05-30";"P";"1.52"
"2024-05-30";"GK";"1.628"
"2024-05-30";"IKH";"1.757"
"2024-05-31";"2J";"1.154"
"2024-05-31";"10J0";"0.915"
"2024-05-31";"E";"0.935"
"2024-05-31";"K";"1.361"
"2024-05-31";"P";"1.532"
"2024-05-31";"GK";"1.671"
"2024-05-31";"IKH";"1.805"
"2024-06-03";"2J";"1.069"
"2024-06-03";"10J0";"0.879"
"2024-06-03";"E";"0.895"
"2024-06-03";"K";"1.316"
"2024-06-03";"P";"1.482"
"2024-06-03";"GK";"1.622"
"2024-06-03";"IKH";"1.757"
"2024-06-04";"2J";"1.036"
"2024-06-04";"10J0";"0.851"
"2024-06-04";"E";"0.863"
"2024-06-04";"K";"1.292"
"2024-06-04";"P";"1.462"
"2024-06-04";"GK";"1.595"
"2024-06-04";"IKH";"1.743"
"2024-06-05";"2J";"1.071"
"2024-06-05";"10J0";"0.839"
"2024-06-05";"E";"0.856"
"2024-06-05";"K";"1.282"
"2024-06-05";"P";"1.468"
"2024-06-05";"GK";"1.592"
"2024-06-05";"IKH";"1.729"
"2024-06-06";"2J";"1.036"
"2024-06-06";"10J0";"0.812"
"2024-06-06";"E";"0.85"
"2024-06-06";"K";"1.251"
"2024-06-06";"P";"1.429"
"2024-06-06";"GK";"1.583"
"2024-06-06";"IKH";"1.7"
"2024-06-07";"2J";"0.995"
"2024-06-07";"10J0";"0.818"
"2024-06-07";"E";"0.852"
"2024-06-07";"K";"1.27"
"2024-06-07";"P";"1.442"
"2024-06-07";"GK";"1.583"
"2024-06-07";"IKH";"1.713"
"2024-06-10";"2J";"1.018"
"2024-06-10";"10J0";"0.857"
"2024-06-10";"E";"0.887"
"2024-06-10";"K";"1.322"
"2024-06-10";"P";"1.487"
"2024-06-10";"GK";"1.627"
"2024-06-10";"IKH";"1.75"
"2024-06-11";"2J";"1.002"
"2024-06-11";"10J0";"0.884"
"2024-06-11";"E";"0.894"
"2024-06-11";"K";"1.304"
"2024-06-11";"P";"1.481"
"2024-06-11";"GK";"1.615"
"2024-06-11";"IKH";"1.74"
"2024-06-12";"2J";"0.981"
"2024-06-12";"10J0";"0.854"
"2024-06-12";"E";"0.865"
"2024-06-12";"K";"1.269"
"2024-06-12";"P";"1.442"
"2024-06-12";"GK";"1.584"
"2024-06-12";"IKH";"1.704"
"2024-06-13";"2J";"1.012"
"2024-06-13";"10J0";"0.794"
"2024-06-13";"E";"0.807"
"2024-06-13";"K";"1.235"
"2024-06-13";"P";"1.41"
"2024-06-13";"GK";"1.55"
"2024-06-13";"IKH";"1.671"
"2024-06-14";"2J";"0.945"
"2024-06-14";"10J0";"0.733"
"2024-06-14";"E";"0.748"
"2024-06-14";"K";"1.17"
"2024-06-14";"P";"1.345"
"2024-06-14";"GK";"1.489"
"2024-06-14";"IKH";"1.627"
"2024-06-17";"2J";"0.864"
"2024-06-17";"10J0";"0.702"
"2024-06-17";"E";"0.728"
"2024-06-17";"K";"1.144"
"2024-06-17";"P";"1.322"
"2024-06-17";"GK";"1.47"
"2024-06-17";"IKH";"1.603"
"2024-06-18";"2J";"0.927"
"2024-06-18";"10J0";"0.714"
"2024-06-18";"E";"0.727"
"2024-06-18";"K";"1.154"
"2024-06-18";"P";"1.331"
"2024-06-18";"GK";"1.478"
"2024-06-18";"IKH";"1.608"
"2024-06-19";"2J";"0.906"
"2024-06-19";"10J0";"0.71"
"2024-06-19";"E";"0.721"
"2024-06-19";"K";"1.146"
"2024-06-19";"P";"1.33"
"2024-06-19";"GK";"1.477"
"2024-06-19";"IKH";"1.606"
"2024-06-20";"2J";"0.927"
"2024-06-20";"10J0";"0.667"
"2024-06-20";"E";"0.689"
"2024-06-20";"K";"1.093"
"2024-06-20";"P";"1.288"
"2024-06-20";"GK";"1.437"
"2024-06-20";"IKH";"1.57"
"2024-06-21";"2J";"0.791"
"2024-06-21";"10J0";"0.605"
"2024-06-21";"E";"0.625"
"2024-06-21";"K";"1.033"
"2024-06-21";"P";"1.222"
"2024-06-21";"GK";"1.371"
"2024-06-21";"IKH";"1.499"
"2024-06-24";"2J";"0.782"
"2024-06-24";"10J0";"0.624"
"2024-06-24";"E";"0.644"
"2024-06-24";"K";"1.029"
"2024-06-24";"P";"1.22"
"2024-06-24";"GK";"1.361"
"2024-06-24";"IKH";"1.493"
"2024-06-25";"2J";"0.841"
"2024-06-25";"10J0";"0.592"
"2024-06-25";"E";"0.601"
"2024-06-25";"K";"1.003"
"2024-06-25";"P";"1.196"
"2024-06-25";"GK";"1.345"
"2024-06-25";"IKH";"1.461"
"2024-06-26";"2J";"0.782"
"2024-06-26";"10J0";"0.578"
"2024-06-26";"E";"0.592"
"2024-06-26";"K";"0.985"
"2024-06-26";"P";"1.188"
"2024-06-26";"GK";"1.336"
"2024-06-26";"IKH";"1.455"
"2024-06-27";"2J";"0.787"
"2024-06-27";"10J0";"0.589"
"2024-06-27";"E";"0.591"
"2024-06-27";"K";"1.004"
"2024-06-27";"P";"1.195"
"2024-06-27";"GK";"1.346"
"2024-06-27";"IKH";"1.457"
"2024-06-28";"2J";"0.742"
"2024-06-28";"10J0";"0.559"
"2024-06-28";"E";"0.564"
"2024-06-28";"K";"0.963"
"2024-06-28";"P";"1.161"
"2024-06-28";"GK";"1.324"
"2024-06-28";"IKH";"1.439"
"2024-07-01";"2J";"0.753"
"2024-07-01";"10J0";"0.591"
"2024-07-01";"E";"0.595"
"2024-07-01";"K";"0.993"
"2024-07-01";"P";"1.189"
"2024-07-01";"GK";"1.35"
"2024-07-01";"IKH";"1.45"
"2024-07-02";"2J";"0.786"
"2024-07-02";"10J0";"0.649"
"2024-07-02";"E";"0.65"
"2024-07-02";"K";"1.046"
"2024-07-02";"P";"1.248"
"2024-07-02";"GK";"1.402"
"2024-07-02";"IKH";"1.501"
"2024-07-03";"2J";"0.817"
"2024-07-03";"10J0";"0.692"
"2024-07-03";"E";"0.697"
"2024-07-03";"K";"1.094"
"2024-07-03";"P";"1.294"
"2024-07-03";"GK";"1.442"
"2024-07-03";"IKH";"1.537"
"2024-07-04";"2J";"0.811"
"2024-07-04";"10J0";"0.654"
"2024-07-04";"E";"0.653"
"2024-07-04";"K";"1.058"
"2024-07-04";"P";"1.255"
"2024-07-04";"GK";"1.403"
"2024-07-04";"IKH";"1.495"
"2024-07-05";"2J";"0.818"
"2024-07-05";"10J0";"0.665"
"2024-07-05";"E";"0.667"
"2024-07-05";"K";"1.048"
"2024-07-05";"P";"1.25"
"2024-07-05";"GK";"1.404"
"2024-07-05";"IKH";"1.532"
"2024-07-08";"2J";"0.812"
"2024-07-08";"10J0";"0.646"
"2024-07-08";"E";"0.647"
"2024-07-08";"K";"1.032"
"2024-07-08";"P";"1.234"
"2024-07-08";"GK";"1.39"
"2024-07-08";"IKH";"1.51"
"2024-07-09";"2J";"0.809"
"2024-07-09";"10J0";"0.619"
"2024-07-09";"E";"0.621"
"2024-07-09";"K";"1.007"
"2024-07-09";"P";"1.205"
"2024-07-09";"GK";"1.352"
"2024-07-09";"IKH";"1.48"
"2024-07-10";"2J";"0.79"
"2024-07-10";"10J0";"0.618"
"2024-07-10";"E";"0.624"
"2024-07-10";"K";"0.99"
"2024-07-10";"P";"1.198"
"2024-07-10";"GK";"1.347"
"2024-07-10";"IKH";"1.469"
"2024-07-11";"2J";"0.736"
"2024-07-11";"10J0";"0.631"
"2024-07-11";"E";"0.635"
"2024-07-11";"K";"1.007"
"2024-07-11";"P";"1.206"
"2024-07-11";"GK";"1.347"
"2024-07-11";"IKH";"1.472"
"2024-07-12";"2J";"0.738"
"2024-07-12";"10J0";"0.6"
"2024-07-12";"E";"0.602"
"2024-07-12";"K";"0.978"
"2024-07-12";"P";"1.183"
"2024-07-12";"GK";"1.322"
"2024-07-12";"IKH";"1.432"
"2024-07-15";"2J";"0.739"
"2024-07-15";"10J0";"0.578"
"2024-07-15";"E";"0.582"
"2024-07-15";"K";"0.952"
"2024-07-15";"P";"1.165"
"2024-07-15";"GK";"1.305"
"2024-07-15";"IKH";"1.422"
"2024-07-16";"2J";"0.7"
"2024-07-16";"10J0";"0.559"
"2024-07-16";"E";"0.56"
"2024-07-16";"K";"0.94"
"2024-07-16";"P";"1.142"
"2024-07-16";"GK";"1.282"
"2024-07-16";"IKH";"1.382"
"2024-07-17";"2J";"0.701"
"2024-07-17";"10J0";"0.54"
"2024-07-17";"E";"0.543"
"2024-07-17";"K";"0.916"
"2024-07-17";"P";"1.115"
"2024-07-17";"GK";"1.254"
"2024-07-17";"IKH";"1.352"
"2024-07-18";"2J";"0.688"
"2024-07-18";"10J0";"0.551"
"2024-07-18";"E";"0.561"
"2024-07-18";"K";"0.924"
"2024-07-18";"P";"1.125"
"2024-07-18";"GK";"1.268"
"2024-07-18";"IKH";"1.352"
"2024-07-19";"2J";"0.677"
"2024-07-19";"10J0";"0.555"
"2024-07-19";"E";"0.569"
"2024-07-19";"K";"0.929"
"2024-07-19";"P";"1.144"
"2024-07-19";"GK";"1.27"
"2024-07-19";"IKH";"1.357"
"2024-07-22";"2J";"0.726"
"2024-07-22";"10J0";"0.576"
"2024-07-22";"E";"0.58"
"2024-07-22";"K";"0.95"
"2024-07-22";"P";"1.169"
"2024-07-22";"GK";"1.293"
"2024-07-22";"IKH";"1.376"
"2024-07-23";"2J";"0.725"
"2024-07-23";"10J0";"0.552"
"2024-07-23";"E";"0.557"
"2024-07-23";"K";"0.931"
"2024-07-23";"P";"1.139"
"2024-07-23";"GK";"1.274"
"2024-07-23";"IKH";"1.358"
"2024-07-24";"2J";"0.7"
"2024-07-24";"10J0";"0.511"
"2024-07-24";"E";"0.516"
"2024-07-24";"K";"0.889"
"2024-07-24";"P";"1.099"
"2024-07-24";"GK";"1.236"
"2024-07-24";"IKH";"1.319"
"2024-07-25";"2J";"0.619"
"2024-07-25";"10J0";"0.529"
"2024-07-25";"E";"0.538"
"2024-07-25";"K";"0.905"
"2024-07-25";"P";"1.106"
"2024-07-25";"GK";"1.241"
"2024-07-25";"IKH";"1.323"
"2024-07-26";"2J";"0.637"
"2024-07-26";"10J0";"0.535"
"2024-07-26";"E";"0.539"
"2024-07-26";"K";"0.902"
"2024-07-26";"P";"1.108"
"2024-07-26";"GK";"1.251"
"2024-07-26";"IKH";"1.329"
"2024-07-29";"2J";"0.616"
"2024-07-29";"10J0";"0.484"
"2024-07-29";"E";"0.488"
"2024-07-29";"K";"0.861"
"2024-07-29";"P";"1.074"
"2024-07-29";"GK";"1.202"
"2024-07-29";"IKH";"1.286"
"2024-07-30";"2J";"0.685"
"2024-07-30";"10J0";"0.497"
"2024-07-30";"E";"0.506"
"2024-07-30";"K";"0.878"
"2024-07-30";"P";"1.084"
"2024-07-30";"GK";"1.218"
"2024-07-30";"IKH";"1.304"
"2024-07-31";"2J";"0.611"
"2024-07-31";"10J0";"0.45"
"2024-07-31";"E";"0.453"
"2024-07-31";"K";"0.835"
"2024-07-31";"P";"1.071"
"2024-07-31";"GK";"1.179"
"2024-07-31";"IKH";"1.258"
"2024-08-01";"2J";
"2024-08-01";"10J0";
"2024-08-01";"E";
"2024-08-01";"K";
"2024-08-01";"P";
"2024-08-01";"GK";
"2024-08-01";"IKH";
"2024-08-02";"2J";"0.555"
"2024-08-02";"10J0";"0.407"
"2024-08-02";"E";"0.411"
"2024-08-02";"K";"0.795"
"2024-08-02";"P";"1.01"
"2024-08-02";"GK";"1.122"
"2024-08-02";"IKH";"1.183"
"2024-08-05";"2J";"0.455"
"2024-08-05";"10J0";"0.362"
"2024-08-05";"E";"0.366"
"2024-08-05";"K";"0.74"
"2024-08-05";"P";"0.957"
"2024-08-05";"GK";"1.07"
"2024-08-05";"IKH";"1.18"
"2024-08-06";"2J";"0.485"
"2024-08-06";"10J0";"0.374"
"2024-08-06";"E";"0.384"
"2024-08-06";"K";"0.742"
"2024-08-06";"P";"0.941"
"2024-08-06";"GK";"1.078"
"2024-08-06";"IKH";"1.19"
"2024-08-07";"2J";"0.574"
"2024-08-07";"10J0";"0.428"
"2024-08-07";"E";"0.43"
"2024-08-07";"K";"0.804"
"2024-08-07";"P";"1.022"
"2024-08-07";"GK";"1.141"
"2024-08-07";"IKH";"1.236"
"2024-08-08";"2J";"0.545"
"2024-08-08";"10J0";"0.408"
"2024-08-08";"E";"0.411"
"2024-08-08";"K";"0.796"
"2024-08-08";"P";"0.994"
"2024-08-08";"GK";"1.12"
"2024-08-08";"IKH";"1.217"
"2024-08-09";"2J";"0.519"
"2024-08-09";"10J0";"0.432"
"2024-08-09";"E";"0.437"
"2024-08-09";"K";"0.805"
"2024-08-09";"P";"1.014"
"2024-08-09";"GK";"1.134"
"2024-08-09";"IKH";"1.235"
"2024-08-12";"2J";"0.512"
"2024-08-12";"10J0";"0.417"
"2024-08-12";"E";"0.423"
"2024-08-12";"K";"0.806"
"2024-08-12";"P";"1.008"
"2024-08-12";"GK";"1.129"
"2024-08-12";"IKH";"1.227"
"2024-08-13";"2J";"0.498"
"2024-08-13";"10J0";"0.395"
"2024-08-13";"E";"0.403"
"2024-08-13";"K";"0.778"
"2024-08-13";"P";"0.981"
"2024-08-13";"GK";"1.1"
"2024-08-13";"IKH";"1.188"
"2024-08-14";"2J";"0.495"
"2024-08-14";"10J0";"0.393"
"2024-08-14";"E";"0.398"
"2024-08-14";"K";"0.754"
"2024-08-14";"P";"0.947"
"2024-08-14";"GK";"1.079"
"2024-08-14";"IKH";"1.178"
"2024-08-15";"2J";"0.516"
"2024-08-15";"10J0";"0.405"
"2024-08-15";"E";"0.407"
"2024-08-15";"K";"0.755"
"2024-08-15";"P";"0.955"
"2024-08-15";"GK";"1.086"
"2024-08-15";"IKH";"1.18"
"2024-08-16";"2J";"0.558"
"2024-08-16";"10J0";"0.432"
"2024-08-16";"E";"0.436"
"2024-08-16";"K";"0.79"
"2024-08-16";"P";"1"
"2024-08-16";"GK";"1.152"
"2024-08-16";"IKH";"1.231"
"2024-08-19";"2J";"0.514"
"2024-08-19";"10J0";"0.374"
"2024-08-19";"E";"0.389"
"2024-08-19";"K";"0.812"
"2024-08-19";"P";"0.99"
"2024-08-19";"GK";"1.135"
"2024-08-19";"IKH";"1.222"
"2024-08-20";"2J";"0.502"
"2024-08-20";"10J0";"0.364"
"2024-08-20";"E";"0.368"
"2024-08-20";"K";"0.712"
"2024-08-20";"P";"0.929"
"2024-08-20";"GK";"1.055"
"2024-08-20";"IKH";"1.168"
"2024-08-21";"2J";"0.518"
"2024-08-21";"10J0";"0.368"
"2024-08-21";"E";"0.372"
"2024-08-21";"K";"0.713"
"2024-08-21";"P";"0.937"
"2024-08-21";"GK";"1.05"
"2024-08-21";"IKH";"1.17"
"2024-08-22";"2J";"0.504"
"2024-08-22";"10J0";"0.395"
"2024-08-22";"E";"0.394"
"2024-08-22";"K";"0.742"
"2024-08-22";"P";"0.953"
"2024-08-22";"GK";"1.079"
"2024-08-22";"IKH";"1.197"
"2024-08-23";"2J";"0.536"
"2024-08-23";"10J0";"0.432"
"2024-08-23";"E";"0.436"
"2024-08-23";"K";"0.759"
"2024-08-23";"P";"0.964"
"2024-08-23";"GK";"1.09"
"2024-08-23";"IKH";"1.195"
"2024-08-26";"2J";"0.508"
"2024-08-26";"10J0";"0.422"
"2024-08-26";"E";"0.42"
"2024-08-26";"K";"0.76"
"2024-08-26";"P";"0.965"
"2024-08-26";"GK";"1.091"
"2024-08-26";"IKH";"1.209"
"2024-08-27";"2J";"0.539"
"2024-08-27";"10J0";"0.453"
"2024-08-27";"E";"0.455"
"2024-08-27";"K";"0.796"
"2024-08-27";"P";"0.989"
"2024-08-27";"GK";"1.109"
"2024-08-27";"IKH";"1.233"
"2024-08-28";"2J";"0.518"
"2024-08-28";"10J0";"0.45"
"2024-08-28";"E";"0.449"
"2024-08-28";"K";"0.795"
"2024-08-28";"P";"0.985"
"2024-08-28";"GK";"1.145"
"2024-08-28";"IKH";"1.245"
"2024-08-29";"2J";"0.5"
"2024-08-29";"10J0";"0.418"
"2024-08-29";"E";"0.418"
"2024-08-29";"K";"0.749"
"2024-08-29";"P";"0.948"
"2024-08-29";"GK";"1.106"
"2024-08-29";"IKH";"1.217"
"2024-08-30";"2J";"0.507"
"2024-08-30";"10J0";"0.451"
"2024-08-30";"E";"0.447"
"2024-08-30";"K";"0.761"
"2024-08-30";"P";"0.972"
"2024-08-30";"GK";"1.137"
"2024-08-30";"IKH";"1.23"
"2024-09-02";"2J";"0.546"
"2024-09-02";"10J0";"0.495"
"2024-09-02";"E";"0.487"
"2024-09-02";"K";"0.805"
"2024-09-02";"P";"1.014"
"2024-09-02";"GK";"1.137"
"2024-09-02";"IKH";"1.264"
"2024-09-03";"2J";"0.52"
"2024-09-03";"10J0";"0.476"
"2024-09-03";"E";"0.471"
"2024-09-03";"K";"0.784"
"2024-09-03";"P";"1.008"
"2024-09-03";"GK";"1.124"
"2024-09-03";"IKH";"1.255"
"2024-09-04";"2J";"0.506"
"2024-09-04";"10J0";"0.405"
"2024-09-04";"E";"0.397"
"2024-09-04";"K";"0.716"
"2024-09-04";"P";"0.942"
"2024-09-04";"GK";"1.063"
"2024-09-04";"IKH";"1.194"
"2024-09-05";"2J";"0.518"
"2024-09-05";"10J0";"0.437"
"2024-09-05";"E";"0.428"
"2024-09-05";"K";"0.748"
"2024-09-05";"P";"0.963"
"2024-09-05";"GK";"1.104"
"2024-09-05";"IKH";"1.224"
"2024-09-06";"2J";"0.5"
"2024-09-06";"10J0";"0.424"
"2024-09-06";"E";"0.414"
"2024-09-06";"K";"0.756"
"2024-09-06";"P";"0.956"
"2024-09-06";"GK";"1.064"
"2024-09-06";"IKH";"1.21"
"2024-09-09";"2J";"0.515"
"2024-09-09";"10J0";"0.479"
"2024-09-09";"E";"0.47"
"2024-09-09";"K";"0.784"
"2024-09-09";"P";"0.994"
"2024-09-09";"GK";"1.108"
"2024-09-09";"IKH";"1.254"
"2024-09-10";"2J";"0.533"
"2024-09-10";"10J0";"0.446"
"2024-09-10";"E";"0.431"
"2024-09-10";"K";"0.772"
"2024-09-10";"P";"0.965"
"2024-09-10";"GK";"1.087"
"2024-09-10";"IKH";"1.233"
"2024-09-11";"2J";"0.462"
"2024-09-11";"10J0";"0.418"
"2024-09-11";"E";"0.408"
"2024-09-11";"K";"0.711"
"2024-09-11";"P";"0.928"
"2024-09-11";"GK";"1.034"
"2024-09-11";"IKH";"1.182"
"2024-09-12";"2J";"0.485"
"2024-09-12";"10J0";"0.413"
"2024-09-12";"E";"0.406"
"2024-09-12";"K";"0.726"
"2024-09-12";"P";"0.938"
"2024-09-12";"GK";"1.048"
"2024-09-12";"IKH";"1.191"
"2024-09-13";"2J";"0.453"
"2024-09-13";"10J0";"0.41"
"2024-09-13";"E";"0.403"
"2024-09-13";"K";"0.724"
"2024-09-13";"P";"0.936"
"2024-09-13";"GK";"1.039"
"2024-09-13";"IKH";"1.191"
"2024-09-16";"2J";"0.479"
"2024-09-16";"10J0";"0.408"
"2024-09-16";"E";"0.398"
"2024-09-16";"K";"0.712"
"2024-09-16";"P";"0.918"
"2024-09-16";"GK";"1.029"
"2024-09-16";"IKH";"1.19"
"2024-09-17";"2J";"0.448"
"2024-09-17";"10J0";"0.385"
"2024-09-17";"E";"0.379"
"2024-09-17";"K";"0.686"
"2024-09-17";"P";"0.907"
"2024-09-17";"GK";"1.014"
"2024-09-17";"IKH";"1.174"
"2024-09-18";"2J";"0.465"
"2024-09-18";"10J0";"0.418"
"2024-09-18";"E";"0.411"
"2024-09-18";"K";"0.731"
"2024-09-18";"P";"0.954"
"2024-09-18";"GK";"1.052"
"2024-09-18";"IKH";"1.208"
"2024-09-19";"2J";"0.527"
"2024-09-19";"10J0";"0.441"
"2024-09-19";"E";"0.432"
"2024-09-19";"K";"0.758"
"2024-09-19";"P";"0.977"
"2024-09-19";"GK";"1.073"
"2024-09-19";"IKH";"1.213"
"2024-09-20";"2J";"0.515"
"2024-09-20";"10J0";"0.46"
"2024-09-20";"E";"0.452"
"2024-09-20";"K";"0.766"
"2024-09-20";"P";"0.986"
"2024-09-20";"GK";"1.106"
"2024-09-20";"IKH";"1.24"
"2024-09-23";"2J";"0.521"
"2024-09-23";"10J0";"0.481"
"2024-09-23";"E";"0.467"
"2024-09-23";"K";"0.776"
"2024-09-23";"P";"0.994"
"2024-09-23";"GK";"1.116"
"2024-09-23";"IKH";"1.251"
"2024-09-24";"2J";"0.488"
"2024-09-24";"10J0";"0.473"
"2024-09-24";"E";"0.453"
"2024-09-24";"K";"0.761"
"2024-09-24";"P";"0.981"
"2024-09-24";"GK";"1.095"
"2024-09-24";"IKH";"1.237"
"2024-09-25";"2J";"0.454"
"2024-09-25";"10J0";"0.453"
"2024-09-25";"E";"0.434"
"2024-09-25";"K";"0.725"
"2024-09-25";"P";"0.95"
"2024-09-25";"GK";"1.053"
"2024-09-25";"IKH";"1.207"
"2024-09-26";"2J";"0.43"
"2024-09-26";"10J0";"0.423"
"2024-09-26";"E";"0.409"
"2024-09-26";"K";"0.732"
"2024-09-26";"P";"0.911"
"2024-09-26";"GK";"1.033"
"2024-09-26";"IKH";"1.177"
"2024-09-27";"2J";"0.371"
"2024-09-27";"10J0";"0.389"
"2024-09-27";"E";"0.371"
"2024-09-27";"K";"0.655"
"2024-09-27";"P";"0.879"
"2024-09-27";"GK";"0.982"
"2024-09-27";"IKH";"1.146"
"2024-09-30";"2J";"0.361"
"2024-09-30";"10J0";"0.41"
"2024-09-30";"E";"0.387"
"2024-09-30";"K";"0.673"
"2024-09-30";"P";"0.899"
"2024-09-30";"GK";"0.998"
"2024-09-30";"IKH";"1.157"
"2024-10-01";"2J";"0.381"
"2024-10-01";"10J0";"0.367"
"2024-10-01";"E";"0.344"
"2024-10-01";"K";"0.637"
"2024-10-01";"P";"0.856"
"2024-10-01";"GK";"0.963"
"2024-10-01";"IKH";"1.128"
"2024-10-02";"2J";"0.348"
"2024-10-02";"10J0";"0.38"
"2024-10-02";"E";"0.361"
"2024-10-02";"K";"0.654"
"2024-10-02";"P";"0.873"
"2024-10-02";"GK";"0.969"
"2024-10-02";"IKH";"1.156"
"2024-10-03";"2J";"0.377"
"2024-10-03";"10J0";"0.397"
"2024-10-03";"E";"0.375"
"2024-10-03";"K";"0.675"
"2024-10-03";"P";"0.878"
"2024-10-03";"GK";"0.986"
"2024-10-03";"IKH";"1.169"
"2024-10-04";"2J";"0.381"
"2024-10-04";"10J0";"0.402"
"2024-10-04";"E";"0.378"
"2024-10-04";"K";"0.678"
"2024-10-04";"P";"0.892"
"2024-10-04";"GK";"0.993"
"2024-10-04";"IKH";"1.172"
"2024-10-07";"2J";"0.386"
"2024-10-07";"10J0";"0.43"
"2024-10-07";"E";"0.41"
"2024-10-07";"K";"0.721"
"2024-10-07";"P";"0.934"
"2024-10-07";"GK";"1.031"
"2024-10-07";"IKH";"1.208"
"2024-10-08";"2J";"0.432"
"2024-10-08";"10J0";"0.471"
"2024-10-08";"E";"0.45"
"2024-10-08";"K";"0.726"
"2024-10-08";"P";"0.946"
"2024-10-08";"GK";"1.041"
"2024-10-08";"IKH";"1.212"
"2024-10-09";"2J";"0.412"
"2024-10-09";"10J0";"0.473"
"2024-10-09";"E";"0.454"
"2024-10-09";"K";"0.729"
"2024-10-09";"P";"0.934"
"2024-10-09";"GK";"1.034"
"2024-10-09";"IKH";"1.214"
"2024-10-10";"2J";"0.459"
"2024-10-10";"10J0";"0.531"
"2024-10-10";"E";"0.505"
"2024-10-10";"K";"0.793"
"2024-10-10";"P";"0.989"
"2024-10-10";"GK";"1.082"
"2024-10-10";"IKH";"1.26"
"2024-10-11";"2J";"0.471"
"2024-10-11";"10J0";"0.532"
"2024-10-11";"E";"0.495"
"2024-10-11";"K";"0.767"
"2024-10-11";"P";"0.977"
"2024-10-11";"GK";"1.069"
"2024-10-11";"IKH";"1.25"
"2024-10-14";"2J";"0.403"
"2024-10-14";"10J0";"0.499"
"2024-10-14";"E";"0.462"
"2024-10-14";"K";"0.736"
"2024-10-14";"P";"0.944"
"2024-10-14";"GK";"1.035"
"2024-10-14";"IKH";"1.21"
"2024-10-15";"2J";"0.401"
"2024-10-15";"10J0";"0.475"
"2024-10-15";"E";"0.438"
"2024-10-15";"K";"0.708"
"2024-10-15";"P";"0.92"
"2024-10-15";"GK";"1.016"
"2024-10-15";"IKH";"1.18"
"2024-10-16";"2J";"0.357"
"2024-10-16";"10J0";"0.44"
"2024-10-16";"E";"0.404"
"2024-10-16";"K";"0.678"
"2024-10-16";"P";"0.887"
"2024-10-16";"GK";"0.981"
"2024-10-16";"IKH";"1.16"
"2024-10-17";"2J";"0.377"
"2024-10-17";"10J0";"0.434"
"2024-10-17";"E";"0.391"
"2024-10-17";"K";"0.691"
"2024-10-17";"P";"0.875"
"2024-10-17";"GK";"0.979"
"2024-10-17";"IKH";"1.156"
"2024-10-18";"2J";"0.3"
"2024-10-18";"10J0";"0.438"
"2024-10-18";"E";"0.4"
"2024-10-18";"K";"0.673"
"2024-10-18";"P";"0.865"
"2024-10-18";"GK";"0.972"
"2024-10-18";"IKH";"1.147"
"2024-10-21";"2J";"0.298"
"2024-10-21";"10J0";"0.436"
"2024-10-21";"E";"0.396"
"2024-10-21";"K";"0.673"
"2024-10-21";"P";"0.871"
"2024-10-21";"GK";"0.973"
"2024-10-21";"IKH";"1.14"
"2024-10-22";"2J";"0.352"
"2024-10-22";"10J0";"0.473"
"2024-10-22";"E";"0.423"
"2024-10-22";"K";"0.715"
"2024-10-22";"P";"0.908"
"2024-10-22";"GK";"1.022"
"2024-10-22";"IKH";"1.171"
"2024-10-23";"2J";"0.348"
"2024-10-23";"10J0";"0.477"
"2024-10-23";"E";"0.43"
"2024-10-23";"K";"0.725"
"2024-10-23";"P";"0.909"
"2024-10-23";"GK";"1.033"
"2024-10-23";"IKH";"1.172"
"2024-10-24";"2J";"0.286"
"2024-10-24";"10J0";"0.481"
"2024-10-24";"E";"0.441"
"2024-10-24";"K";"0.723"
"2024-10-24";"P";"0.907"
"2024-10-24";"GK";"1.028"
"2024-10-24";"IKH";"1.148"
"2024-10-25";"2J";"0.341"
"2024-10-25";"10J0";"0.46"
"2024-10-25";"E";"0.418"
"2024-10-25";"K";"0.711"
"2024-10-25";"P";"0.903"
"2024-10-25";"GK";"1.02"
"2024-10-25";"IKH";"1.159"
"2024-10-28";"2J";"0.266"
"2024-10-28";"10J0";"0.443"
"2024-10-28";"E";"0.408"
"2024-10-28";"K";"0.695"
"2024-10-28";"P";"0.877"
"2024-10-28";"GK";"0.995"
"2024-10-28";"IKH";"1.137"
"2024-10-29";"2J";"0.282"
"2024-10-29";"10J0";"0.444"
"2024-10-29";"E";"0.405"
"2024-10-29";"K";"0.702"
"2024-10-29";"P";"0.882"
"2024-10-29";"GK";"0.997"
"2024-10-29";"IKH";"1.137"
"2024-10-30";"2J";"0.266"
"2024-10-30";"10J0";"0.418"
"2024-10-30";"E";"0.379"
"2024-10-30";"K";"0.675"
"2024-10-30";"P";"0.87"
"2024-10-30";"GK";"0.981"
"2024-10-30";"IKH";"1.111"
"2024-10-31";"2J";"0.305"
"2024-10-31";"10J0";"0.451"
"2024-10-31";"E";"0.413"
"2024-10-31";"K";"0.706"
"2024-10-31";"P";"0.9"
"2024-10-31";"GK";"1.012"
"2024-10-31";"IKH";"1.144"
"2024-11-01";"2J";"0.277"
"2024-11-01";"10J0";"0.398"
"2024-11-01";"E";"0.361"
"2024-11-01";"K";"0.659"
"2024-11-01";"P";"0.855"
"2024-11-01";"GK";"0.966"
"2024-11-01";"IKH";"1.1"
"2024-11-04";"2J";"0.248"
"2024-11-04";"10J0";"0.387"
"2024-11-04";"E";"0.356"
"2024-11-04";"K";"0.638"
"2024-11-04";"P";"0.832"
"2024-11-04";"GK";"0.947"
"2024-11-04";"IKH";"1.083"
"2024-11-05";"2J";"0.265"
"2024-11-05";"10J0";"0.393"
"2024-11-05";"E";"0.363"
"2024-11-05";"K";"0.649"
"2024-11-05";"P";"0.853"
"2024-11-05";"GK";"0.979"
"2024-11-05";"IKH";"1.095"
"2024-11-06";"2J";"0.249"
"2024-11-06";"10J0";"0.412"
"2024-11-06";"E";"0.376"
"2024-11-06";"K";"0.657"
"2024-11-06";"P";"0.865"
"2024-11-06";"GK";"0.993"
"2024-11-06";"IKH";"1.11"
"2024-11-07";"2J";"0.238"
"2024-11-07";"10J0";"0.411"
"2024-11-07";"E";"0.37"
"2024-11-07";"K";"0.656"
"2024-11-07";"P";"0.857"
"2024-11-07";"GK";"0.971"
"2024-11-07";"IKH";"1.098"
"2024-11-08";"2J";"0.236"
"2024-11-08";"10J0";"0.394"
"2024-11-08";"E";"0.355"
"2024-11-08";"K";"0.655"
"2024-11-08";"P";"0.847"
"2024-11-08";"GK";"0.963"
"2024-11-08";"IKH";"1.093"
"2024-11-11";"2J";"0.208"
"2024-11-11";"10J0";"0.365"
"2024-11-11";"E";"0.332"
"2024-11-11";"K";"0.622"
"2024-11-11";"P";"0.814"
"2024-11-11";"GK";"0.948"
"2024-11-11";"IKH";"1.063"
"2024-11-12";"2J";"0.227"
"2024-11-12";"10J0";"0.392"
"2024-11-12";"E";"0.355"
"2024-11-12";"K";"0.625"
"2024-11-12";"P";"0.814"
"2024-11-12";"GK";"0.93"
"2024-11-12";"IKH";"1.068"
"2024-11-13";"2J";"0.246"
"2024-11-13";"10J0";"0.404"
"2024-11-13";"E";"0.362"
"2024-11-13";"K";"0.632"
"2024-11-13";"P";"0.825"
"2024-11-13";"GK";"0.939"
"2024-11-13";"IKH";"1.085"
"2024-11-14";"2J";"0.224"
"2024-11-14";"10J0";"0.409"
"2024-11-14";"E";"0.361"
"2024-11-14";"K";"0.643"
"2024-11-14";"P";"0.827"
"2024-11-14";"GK";"0.945"
"2024-11-14";"IKH";"1.089"
"2024-11-15";"2J";"0.204"
"2024-11-15";"10J0";"0.376"
"2024-11-15";"E";"0.328"
"2024-11-15";"K";"0.61"
"2024-11-15";"P";"0.788"
"2024-11-15";"GK";"0.922"
"2024-11-15";"IKH";"1.051"
"2024-11-18";"2J";"0.215"
"2024-11-18";"10J0";"0.396"
"2024-11-18";"E";"0.35"
"2024-11-18";"K";"0.627"
"2024-11-18";"P";"0.811"
"2024-11-18";"GK";"0.943"
"2024-11-18";"IKH";"1.066"
"2024-11-19";"2J";"0.187"
"2024-11-19";"10J0";"0.385"
"2024-11-19";"E";"0.342"
"2024-11-19";"K";"0.611"
"2024-11-19";"P";"0.795"
"2024-11-19";"GK";"0.903"
"2024-11-19";"IKH";"1.049"
"2024-11-20";"2J";"0.223"
"2024-11-20";"10J0";"0.416"
"2024-11-20";"E";"0.375"
"2024-11-20";"K";"0.644"
"2024-11-20";"P";"0.831"
"2024-11-20";"GK";"0.938"
"2024-11-20";"IKH";"1.09"
"2024-11-21";"2J";"0.231"
"2024-11-21";"10J0";"0.405"
"2024-11-21";"E";"0.358"
"2024-11-21";"K";"0.635"
"2024-11-21";"P";"0.817"
"2024-11-21";"GK";"0.927"
"2024-11-21";"IKH";"1.071"
"2024-11-22";"2J";"0.191"
"2024-11-22";"10J0";"0.356"
"2024-11-22";"E";"0.303"
"2024-11-22";"K";"0.594"
"2024-11-22";"P";"0.779"
"2024-11-22";"GK";"0.893"
"2024-11-22";"IKH";"1.037"
"2024-11-25";"2J";"0.185"
"2024-11-25";"10J0";"0.299"
"2024-11-25";"E";"0.248"
"2024-11-25";"K";"0.538"
"2024-11-25";"P";"0.724"
"2024-11-25";"GK";"0.858"
"2024-11-25";"IKH";"0.989"
"2024-11-26";"2J";"0.158"
"2024-11-26";"10J0";"0.315"
"2024-11-26";"E";"0.265"
"2024-11-26";"K";"0.549"
"2024-11-26";"P";"0.733"
"2024-11-26";"GK";"0.862"
"2024-11-26";"IKH";"0.995"
"2024-11-27";"2J";"0.17"
"2024-11-27";"10J0";"0.329"
"2024-11-27";"E";"0.288"
"2024-11-27";"K";"0.562"
"2024-11-27";"P";"0.749"
"2024-11-27";"GK";"0.875"
"2024-11-27";"IKH";"1.004"
"2024-11-28";"2J";"0.161"
"2024-11-28";"10J0";"0.308"
"2024-11-28";"E";"0.264"
"2024-11-28";"K";"0.543"
"2024-11-28";"P";"0.73"
"2024-11-28";"GK";"0.857"
"2024-11-28";"IKH";"0.983"
"2024-11-29";"2J";"0.172"
"2024-11-29";"10J0";"0.289"
"2024-11-29";"E";"0.24"
"2024-11-29";"K";"0.524"
"2024-11-29";"P";"0.714"
"2024-11-29";"GK";"0.833"
"2024-11-29";"IKH";"0.964"
"2024-12-02";"2J";"0.052"
"2024-12-02";"10J0";"0.191"
"2024-12-02";"E";"0.153"
"2024-12-02";"K";"0.434"
"2024-12-02";"P";"0.619"
"2024-12-02";"GK";"0.727"
"2024-12-02";"IKH";"0.875"
"2024-12-03";"2J";"0.085"
"2024-12-03";"10J0";"0.229"
"2024-12-03";"E";"0.186"
"2024-12-03";"K";"0.468"
"2024-12-03";"P";"0.64"
"2024-12-03";"GK";"0.757"
"2024-12-03";"IKH";"0.892"
"2024-12-04";"2J";"0.11"
"2024-12-04";"10J0";"0.192"
"2024-12-04";"E";"0.143"
"2024-12-04";"K";"0.424"
"2024-12-04";"P";"0.602"
"2024-12-04";"GK";"0.717"
"2024-12-04";"IKH";"0.859"
"2024-12-05";"2J";"0.1"
"2024-12-05";"10J0";"0.222"
"2024-12-05";"E";"0.178"
"2024-12-05";"K";"0.452"
"2024-12-05";"P";"0.627"
"2024-12-05";"GK";"0.741"
"2024-12-05";"IKH";"0.885"
"2024-12-06";"2J";"0.105"
"2024-12-06";"10J0";"0.243"
"2024-12-06";"E";"0.202"
"2024-12-06";"K";"0.484"
"2024-12-06";"P";"0.648"
"2024-12-06";"GK";"0.771"
"2024-12-06";"IKH";"0.903"
"2024-12-09";"2J";"0.136"
"2024-12-09";"10J0";"0.234"
"2024-12-09";"E";"0.191"
"2024-12-09";"K";"0.462"
"2024-12-09";"P";"0.635"
"2024-12-09";"GK";"0.757"
"2024-12-09";"IKH";"0.895"
"2024-12-10";"2J";"0.115"
"2024-12-10";"10J0";"0.257"
"2024-12-10";"E";"0.213"
"2024-12-10";"K";"0.477"
"2024-12-10";"P";"0.646"
"2024-12-10";"GK";"0.768"
"2024-12-10";"IKH";"0.909"
"2024-12-11";"2J";"0.119"
"2024-12-11";"10J0";"0.286"
"2024-12-11";"E";"0.241"
"2024-12-11";"K";"0.509"
"2024-12-11";"P";"0.68"
"2024-12-11";"GK";"0.794"
"2024-12-11";"IKH";"0.936"
"2024-12-12";"2J";"0.181"
"2024-12-12";"10J0";"0.284"
"2024-12-12";"E";"0.219"
"2024-12-12";"K";"0.507"
"2024-12-12";"P";"0.681"
"2024-12-12";"GK";"0.832"
"2024-12-12";"IKH";"0.966"
"2024-12-13";"2J";"0.109"
"2024-12-13";"10J0";"0.298"
"2024-12-13";"E";"0.253"
"2024-12-13";"K";"0.509"
"2024-12-13";"P";"0.685"
"2024-12-13";"GK";"0.806"
"2024-12-13";"IKH";"0.962"
"2024-12-16";"2J";"0.017"
"2024-12-16";"10J0";"0.242"
"2024-12-16";"E";"0.192"
"2024-12-16";"K";"0.454"
"2024-12-16";"P";"0.63"
"2024-12-16";"GK";"0.748"
"2024-12-16";"IKH";"0.906"
"2024-12-17";"2J";"0.069"
"2024-12-17";"10J0";"0.226"
"2024-12-17";"E";"0.166"
"2024-12-17";"K";"0.438"
"2024-12-17";"P";"0.614"
"2024-12-17";"GK";"0.736"
"2024-12-17";"IKH";"0.884"
"2024-12-18";"2J";"0.063"
"2024-12-18";"10J0";"0.291"
"2024-12-18";"E";"0.238"
"2024-12-18";"K";"0.502"
"2024-12-18";"P";"0.673"
"2024-12-18";"GK";"0.796"
"2024-12-18";"IKH";"0.94"
"2024-12-19";"2J";"0.11"
"2024-12-19";"10J0";"0.28"
"2024-12-19";"E";"0.222"
"2024-12-19";"K";"0.499"
"2024-12-19";"P";"0.673"
"2024-12-19";"GK";"0.793"
"2024-12-19";"IKH";"0.952"
"2024-12-20";"2J";"0.064"
"2024-12-20";"10J0";"0.276"
"2024-12-20";"E";"0.216"
"2024-12-20";"K";"0.49"
"2024-12-20";"P";"0.663"
"2024-12-20";"GK";"0.79"
"2024-12-20";"IKH";"0.93"
"2024-12-23";"2J";"0.026"
"2024-12-23";"10J0";"0.278"
"2024-12-23";"E";"0.221"
"2024-12-23";"K";"0.487"
"2024-12-23";"P";"0.661"
"2024-12-23";"GK";"0.788"
"2024-12-23";"IKH";"0.929"
"2024-12-24";"2J";
"2024-12-24";"10J0";
"2024-12-24";"E";
"2024-12-24";"K";
"2024-12-24";"P";
"2024-12-24";"GK";
"2024-12-24";"IKH";
"2024-12-25";"2J";
"2024-12-25";"10J0";
"2024-12-25";"E";
"2024-12-25";"K";
"2024-12-25";"P";
"2024-12-25";"GK";
"2024-12-25";"IKH";
"2024-12-26";"2J";
"2024-12-26";"10J0";
"2024-12-26";"E";
"2024-12-26";"K";
"2024-12-26";"P";
"2024-12-26";"GK";
"2024-12-26";"IKH";
"2024-12-27";"2J";"-0.019"
"2024-12-27";"10J0";"0.291"
"2024-12-27";"E";"0.227"
"2024-12-27";"K";"0.497"
"2024-12-27";"P";"0.673"
"2024-12-27";"GK";"0.797"
"2024-12-27";"IKH";"0.936"
"2024-12-30";"2J";"0.004"
"2024-12-30";"10J0";"0.317"
"2024-12-30";"E";"0.252"
"2024-12-30";"K";"0.519"
"2024-12-30";"P";"0.693"
"2024-12-30";"GK";"0.816"
"2024-12-30";"IKH";"0.966"
"2024-12-31";"2J";
"2024-12-31";"10J0";
"2024-12-31";"E";
"2024-12-31";"K";
"2024-12-31";"P";
"2024-12-31";"GK";
"2024-12-31";"IKH";
"2025-01-01";"2J";
"2025-01-01";"10J0";
"2025-01-01";"E";
"2025-01-01";"K";
"2025-01-01";"P";
"2025-01-01";"GK";
"2025-01-01";"IKH";
"2025-01-02";"2J";
"2025-01-02";"10J0";
"2025-01-02";"E";
"2025-01-02";"K";
"2025-01-02";"P";
"2025-01-02";"GK";
"2025-01-02";"IKH";
"2025-01-03";"2J";"-0.035"
"2025-01-03";"10J0";"0.273"
"2025-01-03";"E";"0.212"
"2025-01-03";"K";"0.486"
"2025-01-03";"P";"0.66"
"2025-01-03";"GK";"0.786"
"2025-01-03";"IKH";"0.942"
"2025-01-06";"2J";"0.037"
"2025-01-06";"10J0";"0.319"
"2025-01-06";"E";"0.261"
"2025-01-06";"K";"0.536"
"2025-01-06";"P";"0.706"
"2025-01-06";"GK";"0.836"
"2025-01-06";"IKH";"0.955"
"2025-01-07";"2J";"0.05"
"2025-01-07";"10J0";"0.375"
"2025-01-07";"E";"0.314"
"2025-01-07";"K";"0.588"
"2025-01-07";"P";"0.756"
"2025-01-07";"GK";"0.889"
"2025-01-07";"IKH";"1.027"
"2025-01-08";"2J";"0.08"
"2025-01-08";"10J0";"0.414"
"2025-01-08";"E";"0.346"
"2025-01-08";"K";"0.608"
"2025-01-08";"P";"0.778"
"2025-01-08";"GK";"0.914"
"2025-01-08";"IKH";"1.057"
"2025-01-09";"2J";"0.098"
"2025-01-09";"10J0";"0.427"
"2025-01-09";"E";"0.359"
"2025-01-09";"K";"0.627"
"2025-01-09";"P";"0.797"
"2025-01-09";"GK";"0.929"
"2025-01-09";"IKH";"1.048"
"2025-01-10";"2J";"0.098"
"2025-01-10";"10J0";"0.433"
"2025-01-10";"E";"0.363"
"2025-01-10";"K";"0.628"
"2025-01-10";"P";"0.8"
"2025-01-10";"GK";"0.932"
"2025-01-10";"IKH";"1.078"
"2025-01-13";"2J";"0.12"
"2025-01-13";"10J0";"0.484"
"2025-01-13";"E";"0.422"
"2025-01-13";"K";"0.684"
"2025-01-13";"P";"0.853"
"2025-01-13";"GK";"0.982"
"2025-01-13";"IKH";"1.111"
"2025-01-14";"2J";"0.137"
"2025-01-14";"10J0";"0.491"
"2025-01-14";"E";"0.428"
"2025-01-14";"K";"0.697"
"2025-01-14";"P";"0.857"
"2025-01-14";"GK";"0.998"
"2025-01-14";"IKH";"1.135"
"2025-01-15";"2J";"0.147"
"2025-01-15";"10J0";"0.477"
"2025-01-15";"E";"0.413"
"2025-01-15";"K";"0.693"
"2025-01-15";"P";"0.848"
"2025-01-15";"GK";"0.984"
"2025-01-15";"IKH";"1.124"
"2025-01-16";"2J";"0.128"
"2025-01-16";"10J0";"0.413"
"2025-01-16";"E";"0.348"
"2025-01-16";"K";"0.632"
"2025-01-16";"P";"0.788"
"2025-01-16";"GK";"0.926"
"2025-01-16";"IKH";"1.076"
"2025-01-17";"2J";"0.083"
"2025-01-17";"10J0";"0.402"
"2025-01-17";"E";"0.342"
"2025-01-17";"K";"0.61"
"2025-01-17";"P";"0.773"
"2025-01-17";"GK";"0.912"
"2025-01-17";"IKH";"1.056"
"2025-01-20";"2J";"0.076"
"2025-01-20";"10J0";"0.369"
"2025-01-20";"E";"0.31"
"2025-01-20";"K";"0.581"
"2025-01-20";"P";"0.743"
"2025-01-20";"GK";"0.884"
"2025-01-20";"IKH";"1.035"
"2025-01-21";"2J";"0.091"
"2025-01-21";"10J0";"0.373"
"2025-01-21";"E";"0.311"
"2025-01-21";"K";"0.584"
"2025-01-21";"P";"0.745"
"2025-01-21";"GK";"0.881"
"2025-01-21";"IKH";"1.034"
"2025-01-22";"2J";"0.08"
"2025-01-22";"10J0";"0.37"
"2025-01-22";"E";"0.317"
"2025-01-22";"K";"0.579"
"2025-01-22";"P";"0.742"
"2025-01-22";"GK";"0.875"
"2025-01-22";"IKH";"1.021"
"2025-01-23";"2J";"0.116"
"2025-01-23";"10J0";"0.405"
"2025-01-23";"E";"0.343"
"2025-01-23";"K";"0.62"
"2025-01-23";"P";"0.781"
"2025-01-23";"GK";"0.908"
"2025-01-23";"IKH";"1.063"
"2025-01-24";"2J";"0.194"
"2025-01-24";"10J0";"0.465"
"2025-01-24";"E";"0.412"
"2025-01-24";"K";"0.686"
"2025-01-24";"P";"0.847"
"2025-01-24";"GK";"0.968"
"2025-01-24";"IKH";"1.12"
"2025-01-27";"2J";"0.161"
"2025-01-27";"10J0";"0.424"
"2025-01-27";"E";"0.376"
"2025-01-27";"K";"0.64"
"2025-01-27";"P";"0.803"
"2025-01-27";"GK";"0.931"
"2025-01-27";"IKH";"1.089"
"2025-01-28";"2J";"0.196"
"2025-01-28";"10J0";"0.444"
"2025-01-28";"E";"0.395"
"2025-01-28";"K";"0.663"
"2025-01-28";"P";"0.824"
"2025-01-28";"GK";"0.951"
"2025-01-28";"IKH";"1.101"
"2025-01-29";"2J";"0.182"
"2025-01-29";"10J0";"0.434"
"2025-01-29";"E";"0.385"
"2025-01-29";"K";"0.639"
"2025-01-29";"P";"0.806"
"2025-01-29";"GK";"0.936"
"2025-01-29";"IKH";"1.097"
"2025-01-30";"2J";"0.158"
"2025-01-30";"10J0";"0.424"
"2025-01-30";"E";"0.373"
"2025-01-30";"K";"0.636"
"2025-01-30";"P";"0.799"
"2025-01-30";"GK";"0.931"
"2025-01-30";"IKH";"1.081"
"2025-01-31";"2J";"0.121"
"2025-01-31";"10J0";"0.383"
"2025-01-31";"E";"0.327"
"2025-01-31";"K";"0.59"
"2025-01-31";"P";"0.757"
"2025-01-31";"GK";"0.888"
"2025-01-31";"IKH";"1.05"
"2025-02-03";"2J";"0.068"
"2025-02-03";"10J0";"0.336"
"2025-02-03";"E";"0.28"
"2025-02-03";"K";"0.542"
"2025-02-03";"P";"0.701"
"2025-02-03";"GK";"0.839"
"2025-02-03";"IKH";"1.006"
"2025-02-04";"2J";"0.09"
"2025-02-04";"10J0";"0.35"
"2025-02-04";"E";"0.297"
"2025-02-04";"K";"0.555"
"2025-02-04";"P";"0.724"
"2025-02-04";"GK";"0.858"
"2025-02-04";"IKH";"1.019"
"2025-02-05";"2J";"0.075"
"2025-02-05";"10J0";"0.328"
"2025-02-05";"E";"0.276"
"2025-02-05";"K";"0.542"
"2025-02-05";"P";"0.702"
"2025-02-05";"GK";"0.842"
"2025-02-05";"IKH";"0.994"
"2025-02-06";"2J";"0.126"
"2025-02-06";"10J0";"0.368"
"2025-02-06";"E";"0.32"
"2025-02-06";"K";"0.578"
"2025-02-06";"P";"0.738"
"2025-02-06";"GK";"0.871"
"2025-02-06";"IKH";"1.019"
"2025-02-07";"2J";"0.09"
"2025-02-07";"10J0";"0.346"
"2025-02-07";"E";"0.299"
"2025-02-07";"K";"0.552"
"2025-02-07";"P";"0.718"
"2025-02-07";"GK";"0.846"
"2025-02-07";"IKH";"1"
"2025-02-10";"2J";"0.075"
"2025-02-10";"10J0";"0.341"
"2025-02-10";"E";"0.291"
"2025-02-10";"K";"0.552"
"2025-02-10";"P";"0.702"
"2025-02-10";"GK";"0.843"
"2025-02-10";"IKH";"0.995"
"2025-02-11";"2J";"0.083"
"2025-02-11";"10J0";"0.364"
"2025-02-11";"E";"0.312"
"2025-02-11";"K";"0.561"
"2025-02-11";"P";"0.728"
"2025-02-11";"GK";"0.856"
"2025-02-11";"IKH";"1.019"
"2025-02-12";"2J";"0.091"
"2025-02-12";"10J0";"0.379"
"2025-02-12";"E";"0.327"
"2025-02-12";"K";"0.57"
"2025-02-12";"P";"0.73"
"2025-02-12";"GK";"0.871"
"2025-02-12";"IKH";"1.029"
"2025-02-13";"2J";"0.161"
"2025-02-13";"10J0";"0.401"
"2025-02-13";"E";"0.352"
"2025-02-13";"K";"0.62"
"2025-02-13";"P";"0.772"
"2025-02-13";"GK";"0.912"
"2025-02-13";"IKH";"1.065"
"2025-02-14";"2J";"0.127"
"2025-02-14";"10J0";"0.407"
"2025-02-14";"E";"0.354"
"2025-02-14";"K";"0.613"
"2025-02-14";"P";"0.758"
"2025-02-14";"GK";"0.909"
"2025-02-14";"IKH";"1.082"
"2025-02-17";"2J";"0.182"
"2025-02-17";"10J0";"0.474"
"2025-02-17";"E";"0.422"
"2025-02-17";"K";"0.682"
"2025-02-17";"P";"0.833"
"2025-02-17";"GK";"0.969"
"2025-02-17";"IKH";"1.133"
"2025-02-18";"2J";"0.187"
"2025-02-18";"10J0";"0.479"
"2025-02-18";"E";"0.428"
"2025-02-18";"K";"0.685"
"2025-02-18";"P";"0.841"
"2025-02-18";"GK";"0.976"
"2025-02-18";"IKH";"1.137"
"2025-02-19";"2J";"0.208"
"2025-02-19";"10J0";"0.507"
"2025-02-19";"E";"0.455"
"2025-02-19";"K";"0.711"
"2025-02-19";"P";"0.875"
"2025-02-19";"GK";"1.012"
"2025-02-19";"IKH";"1.165"
"2025-02-20";"2J";"0.233"
"2025-02-20";"10J0";"0.536"
"2025-02-20";"E";"0.481"
"2025-02-20";"K";"0.744"
"2025-02-20";"P";"0.892"
"2025-02-20";"GK";"1.03"
"2025-02-20";"IKH";"1.196"
"2025-02-21";"2J";"0.238"
"2025-02-21";"10J0";"0.577"
"2025-02-21";"E";"0.523"
"2025-02-21";"K";"0.787"
"2025-02-21";"P";"0.936"
"2025-02-21";"GK";"1.064"
"2025-02-21";"IKH";"1.218"
"2025-02-24";"2J";"0.199"
"2025-02-24";"10J0";"0.518"
"2025-02-24";"E";"0.463"
"2025-02-24";"K";"0.734"
"2025-02-24";"P";"0.877"
"2025-02-24";"GK";"1.014"
"2025-02-24";"IKH";"1.183"
"2025-02-25";"2J";"0.192"
"2025-02-25";"10J0";"0.517"
"2025-02-25";"E";"0.459"
"2025-02-25";"K";"0.717"
"2025-02-25";"P";"0.868"
"2025-02-25";"GK";"1.006"
"2025-02-25";"IKH";"1.16"
"2025-02-26";"2J";"0.194"
"2025-02-26";"10J0";"0.486"
"2025-02-26";"E";"0.433"
"2025-02-26";"K";"0.688"
"2025-02-26";"P";"0.837"
"2025-02-26";"GK";"0.974"
"2025-02-26";"IKH";"1.157"
"2025-02-27";"2J";"0.156"
"2025-02-27";"10J0";"0.45"
"2025-02-27";"E";"0.396"
"2025-02-27";"K";"0.654"
"2025-02-27";"P";"0.808"
"2025-02-27";"GK";"0.95"
"2025-02-27";"IKH";"1.123"
"2025-02-28";"2J";"0.134"
"2025-02-28";"10J0";"0.396"
"2025-02-28";"E";"0.35"
"2025-02-28";"K";"0.617"
"2025-02-28";"P";"0.766"
"2025-02-28";"GK";"0.904"
"2025-02-28";"IKH";"1.077"
"2025-03-03";"2J";"0.149"
"2025-03-03";"10J0";"0.425"
"2025-03-03";"E";"0.378"
"2025-03-03";"K";"0.653"
"2025-03-03";"P";"0.8"
"2025-03-03";"GK";"0.936"
"2025-03-03";"IKH";"1.115"
"2025-03-04";"2J";"0.136"
"2025-03-04";"10J0";"0.432"
"2025-03-04";"E";"0.382"
"2025-03-04";"K";"0.644"
"2025-03-04";"P";"0.787"
"2025-03-04";"GK";"0.927"
"2025-03-04";"IKH";"1.108"
"2025-03-05";"2J";"0.172"
"2025-03-05";"10J0";"0.538"
"2025-03-05";"E";"0.483"
"2025-03-05";"K";"0.743"
"2025-03-05";"P";"0.902"
"2025-03-05";"GK";"1.035"
"2025-03-05";"IKH";"1.186"
"2025-03-06";"2J";"0.251"
"2025-03-06";"10J0";"0.65"
"2025-03-06";"E";"0.6"
"2025-03-06";"K";"0.861"
"2025-03-06";"P";"1.011"
"2025-03-06";"GK";"1.134"
"2025-03-06";"IKH";"1.313"
"2025-03-07";"2J";"0.291"
"2025-03-07";"10J0";"0.654"
"2025-03-07";"E";"0.602"
"2025-03-07";"K";"0.869"
"2025-03-07";"P";"1.027"
"2025-03-07";"GK";"1.145"
"2025-03-07";"IKH";"1.325"
"2025-03-10";"2J";"0.282"
"2025-03-10";"10J0";"0.64"
"2025-03-10";"E";"0.59"
"2025-03-10";"K";"0.853"
"2025-03-10";"P";"1.008"
"2025-03-10";"GK";"1.128"
"2025-03-10";"IKH";"1.304"
"2025-03-11";"2J";"0.284"
"2025-03-11";"10J0";"0.72"
"2025-03-11";"E";"0.665"
"2025-03-11";"K";"0.927"
"2025-03-11";"P";"1.076"
"2025-03-11";"GK";"1.196"
"2025-03-11";"IKH";"1.361"
"2025-03-12";"2J";"0.316"
"2025-03-12";"10J0";"0.762"
"2025-03-12";"E";"0.699"
"2025-03-12";"K";"0.96"
"2025-03-12";"P";"1.106"
"2025-03-12";"GK";"1.234"
"2025-03-12";"IKH";"1.42"
"2025-03-13";"2J";"0.345"
"2025-03-13";"10J0";"0.769"
"2025-03-13";"E";"0.701"
"2025-03-13";"K";"0.983"
"2025-03-13";"P";"1.131"
"2025-03-13";"GK";"1.261"
"2025-03-13";"IKH";"1.427"
"2025-03-14";"2J";"0.315"
"2025-03-14";"10J0";"0.771"
"2025-03-14";"E";"0.7"
"2025-03-14";"K";"0.981"
"2025-03-14";"P";"1.132"
"2025-03-14";"GK";"1.254"
"2025-03-14";"IKH";"1.441"
"2025-03-17";"2J";"0.287"
"2025-03-17";"10J0";"0.704"
"2025-03-17";"E";"0.637"
"2025-03-17";"K";"0.914"
"2025-03-17";"P";"1.073"
"2025-03-17";"GK";"1.207"
"2025-03-17";"IKH";"1.383"
"2025-03-18";"2J";"0.286"
"2025-03-18";"10J0";"0.715"
"2025-03-18";"E";"0.652"
"2025-03-18";"K";"0.925"
"2025-03-18";"P";"1.082"
"2025-03-18";"GK";"1.211"
"2025-03-18";"IKH";"1.383"
"2025-03-19";"2J";"0.311"
"2025-03-19";"10J0";"0.68"
"2025-03-19";"E";"0.619"
"2025-03-19";"K";"0.905"
"2025-03-19";"P";"1.059"
"2025-03-19";"GK";"1.2"
"2025-03-19";"IKH";"1.359"
"2025-03-20";"2J";"0.229"
"2025-03-20";"10J0";"0.653"
"2025-03-20";"E";"0.586"
"2025-03-20";"K";"0.869"
"2025-03-20";"P";"1.033"
"2025-03-20";"GK";"1.168"
"2025-03-20";"IKH";"1.323"
"2025-03-21";"2J";"0.237"
"2025-03-21";"10J0";"0.656"
"2025-03-21";"E";"0.588"
"2025-03-21";"K";"0.879"
"2025-03-21";"P";"1.04"
"2025-03-21";"GK";"1.172"
"2025-03-21";"IKH";"1.343"
"2025-03-24";"2J";"0.204"
"2025-03-24";"10J0";"0.679"
"2025-03-24";"E";"0.606"
"2025-03-24";"K";"0.881"
"2025-03-24";"P";"1.042"
"2025-03-24";"GK";"1.17"
"2025-03-24";"IKH";"1.347"
"2025-03-25";"2J";"0.218"
"2025-03-25";"10J0";"0.7"
"2025-03-25";"E";"0.622"
"2025-03-25";"K";"0.91"
"2025-03-25";"P";"1.068"
"2025-03-25";"GK";"1.202"
"2025-03-25";"IKH";"1.375"
"2025-03-26";"2J";"0.206"
"2025-03-26";"10J0";"0.679"
"2025-03-26";"E";"0.6"
"2025-03-26";"K";"0.891"
"2025-03-26";"P";"1.045"
"2025-03-26";"GK";"1.182"
"2025-03-26";"IKH";"1.358"
"2025-03-27";"2J";"0.167"
"2025-03-27";"10J0";"0.648"
"2025-03-27";"E";"0.566"
"2025-03-27";"K";"0.86"
"2025-03-27";"P";"1.004"
"2025-03-27";"GK";"1.146"
"2025-03-27";"IKH";"1.328"
"2025-03-28";"2J";"0.132"
"2025-03-28";"10J0";"0.565"
"2025-03-28";"E";"0.486"
"2025-03-28";"K";"0.787"
"2025-03-28";"P";"0.927"
"2025-03-28";"GK";"1.066"
"2025-03-28";"IKH";"1.248"
"2025-03-31";"2J";"0.103"
"2025-03-31";"10J0";"0.514"
"2025-03-31";"E";"0.435"
"2025-03-31";"K";"0.736"
"2025-03-31";"P";"0.882"
"2025-03-31";"GK";"1.023"
"2025-03-31";"IKH";"1.195"
"2025-04-01";"2J";"0.094"
"2025-04-01";"10J0";"0.488"
"2025-04-01";"E";"0.413"
"2025-04-01";"K";"0.703"
"2025-04-01";"P";"0.847"
"2025-04-01";"GK";"0.984"
"2025-04-01";"IKH";"1.163"
"2025-04-02";"2J";"0.106"
"2025-04-02";"10J0";"0.469"
"2025-04-02";"E";"0.396"
"2025-04-02";"K";"0.683"
"2025-04-02";"P";"0.828"
"2025-04-02";"GK";"0.962"
"2025-04-02";"IKH";"1.134"
"2025-04-03";"2J";"0.094"
"2025-04-03";"10J0";"0.458"
"2025-04-03";"E";"0.384"
"2025-04-03";"K";"0.673"
"2025-04-03";"P";"0.817"
"2025-04-03";"GK";"0.956"
"2025-04-03";"IKH";"1.128"
"2025-04-04";"2J";"0.03"
"2025-04-04";"10J0";"0.386"
"2025-04-04";"E";"0.318"
"2025-04-04";"K";"0.582"
"2025-04-04";"P";"0.736"
"2025-04-04";"GK";"0.898"
"2025-04-04";"IKH";"1.068"
"2025-04-07";"2J";"-0.018"
"2025-04-07";"10J0";"0.369"
"2025-04-07";"E";"0.284"
"2025-04-07";"K";"0.575"
"2025-04-07";"P";"0.742"
"2025-04-07";"GK";"0.919"
"2025-04-07";"IKH";"1.142"
"2025-04-08";"2J";"0.027"
"2025-04-08";"10J0";"0.398"
"2025-04-08";"E";"0.31"
"2025-04-08";"K";"0.614"
"2025-04-08";"P";"0.777"
"2025-04-08";"GK";"0.949"
"2025-04-08";"IKH";"1.167"
"2025-04-09";"2J";"-0.023"
"2025-04-09";"10J0";"0.453"
"2025-04-09";"E";"0.366"
"2025-04-09";"K";"0.641"
"2025-04-09";"P";"0.808"
"2025-04-09";"GK";"0.982"
"2025-04-09";"IKH";"1.192"
"2025-04-10";"2J";"0.049"
"2025-04-10";"10J0";"0.481"
"2025-04-10";"E";"0.396"
"2025-04-10";"K";"0.677"
"2025-04-10";"P";"0.841"
"2025-04-10";"GK";"1.022"
"2025-04-10";"IKH";"1.256"
"2025-04-11";"2J";"-0.023"
"2025-04-11";"10J0";"0.411"
"2025-04-11";"E";"0.327"
"2025-04-11";"K";"0.623"
"2025-04-11";"P";"0.788"
"2025-04-11";"GK";"0.973"
"2025-04-11";"IKH";"1.226"
"2025-04-14";"2J";"-0.003"
"2025-04-14";"10J0";"0.396"
"2025-04-14";"E";"0.313"
"2025-04-14";"K";"0.613"
"2025-04-14";"P";"0.786"
"2025-04-14";"GK";"0.961"
"2025-04-14";"IKH";"1.231"
"2025-04-15";"2J";"-0.02"
"2025-04-15";"10J0";"0.41"
"2025-04-15";"E";"0.318"
"2025-04-15";"K";"0.63"
"2025-04-15";"P";"0.79"
"2025-04-15";"GK";"0.967"
"2025-04-15";"IKH";"1.222"
"2025-04-16";"2J";"-0.037"
"2025-04-16";"10J0";"0.405"
"2025-04-16";"E";"0.312"
"2025-04-16";"K";"0.624"
"2025-04-16";"P";"0.772"
"2025-04-16";"GK";"0.933"
"2025-04-16";"IKH";"1.233"
"2025-04-17";"2J";"0.026"
"2025-04-17";"10J0";"0.43"
"2025-04-17";"E";"0.338"
"2025-04-17";"K";"0.648"
"2025-04-17";"P";"0.803"
"2025-04-17";"GK";"0.965"
"2025-04-17";"IKH";"1.262"
"2025-04-18";"2J";
"2025-04-18";"10J0";
"2025-04-18";"E";
"2025-04-18";"K";
"2025-04-18";"P";
"2025-04-18";"GK";
"2025-04-18";"IKH";
"2025-04-21";"2J";
"2025-04-21";"10J0";
"2025-04-21";"E";
"2025-04-21";"K";
"2025-04-21";"P";
"2025-04-21";"GK";
"2025-04-21";"IKH";
"2025-04-22";"2J";"-0.042"
"2025-04-22";"10J0";"0.399"
"2025-04-22";"E";"0.299"
"2025-04-22";"K";"0.608"
"2025-04-22";"P";"0.765"
"2025-04-22";"GK";"0.925"
"2025-04-22";"IKH";"1.213"
"2025-04-23";"2J";"-0.017"
"2025-04-23";"10J0";"0.417"
"2025-04-23";"E";"0.329"
"2025-04-23";"K";"0.63"
"2025-04-23";"P";"0.787"
"2025-04-23";"GK";"0.949"
"2025-04-23";"IKH";"1.23"
"2025-04-24";"2J";"0.006"
"2025-04-24";"10J0";"0.415"
"2025-04-24";"E";"0.331"
"2025-04-24";"K";"0.636"
"2025-04-24";"P";"0.792"
"2025-04-24";"GK";"0.954"
"2025-04-24";"IKH";"1.233"
"2025-04-25";"2J";"-0.013"
"2025-04-25";"10J0";"0.417"
"2025-04-25";"E";"0.327"
"2025-04-25";"K";"0.63"
"2025-04-25";"P";"0.791"
"2025-04-25";"GK";"0.95"
"2025-04-25";"IKH";"1.229"
"2025-04-28";"2J";"-0.025"
"2025-04-28";"10J0";"0.388"
"2025-04-28";"E";"0.289"
"2025-04-28";"K";"0.607"
"2025-04-28";"P";"0.764"
"2025-04-28";"GK";"0.928"
"2025-04-28";"IKH";"1.179"
"2025-04-29";"2J";"-0.036"
"2025-04-29";"10J0";"0.371"
"2025-04-29";"E";"0.272"
"2025-04-29";"K";"0.589"
"2025-04-29";"P";"0.749"
"2025-04-29";"GK";"0.904"
"2025-04-29";"IKH";"1.18"
"2025-04-30";"2J";"-0.04"
"2025-04-30";"10J0";"0.326"
"2025-04-30";"E";"0.229"
"2025-04-30";"K";"0.548"
"2025-04-30";"P";"0.71"
"2025-04-30";"GK";"0.87"
"2025-04-30";"IKH";"1.143"
"2025-05-01";"2J";
"2025-05-01";"10J0";
"2025-05-01";"E";
"2025-05-01";"K";
"2025-05-01";"P";
"2025-05-01";"GK";
"2025-05-01";"IKH";
"2025-05-02";"2J";"-0.071"
"2025-05-02";"10J0";"0.302"
"2025-05-02";"E";"0.207"
"2025-05-02";"K";"0.537"
"2025-05-02";"P";"0.696"
"2025-05-02";"GK";"0.839"
"2025-05-02";"IKH";"1.124"
"2025-05-05";"2J";"-0.127"
"2025-05-05";"10J0";"0.326"
"2025-05-05";"E";"0.24"
"2025-05-05";"K";"0.543"
"2025-05-05";"P";"0.705"
"2025-05-05";"GK";"0.866"
"2025-05-05";"IKH";"1.129"
"2025-05-06";"2J";"-0.147"
"2025-05-06";"10J0";"0.338"
"2025-05-06";"E";"0.249"
"2025-05-06";"K";"0.544"
"2025-05-06";"P";"0.71"
"2025-05-06";"GK";"0.867"
"2025-05-06";"IKH";"1.12"
"2025-05-07";"2J";"-0.165"
"2025-05-07";"10J0";"0.26"
"2025-05-07";"E";"0.157"
"2025-05-07";"K";"0.457"
"2025-05-07";"P";"0.622"
"2025-05-07";"GK";"0.787"
"2025-05-07";"IKH";"1.054"
"2025-05-08";"2J";"-0.161"
"2025-05-08";"10J0";"0.216"
"2025-05-08";"E";"0.116"
"2025-05-08";"K";"0.421"
"2025-05-08";"P";"0.583"
"2025-05-08";"GK";"0.738"
"2025-05-08";"IKH";"0.994"
"2025-05-09";"2J";"-0.072"
"2025-05-09";"10J0";"0.315"
"2025-05-09";"E";"0.215"
"2025-05-09";"K";"0.524"
"2025-05-09";"P";"0.684"
"2025-05-09";"GK";"0.839"
"2025-05-09";"IKH";"1.083"
"2025-05-12";"2J";"-0.05"
"2025-05-12";"10J0";"0.336"
"2025-05-12";"E";"0.242"
"2025-05-12";"K";"0.554"
"2025-05-12";"P";"0.714"
"2025-05-12";"GK";"0.858"
"2025-05-12";"IKH";"1.104"
"2025-05-13";"2J";"-0.038"
"2025-05-13";"10J0";"0.369"
"2025-05-13";"E";"0.273"
"2025-05-13";"K";"0.578"
"2025-05-13";"P";"0.744"
"2025-05-13";"GK";"0.899"
"2025-05-13";"IKH";"1.138"
"2025-05-14";"2J";"-0.072"
"2025-05-14";"10J0";"0.38"
"2025-05-14";"E";"0.282"
"2025-05-14";"K";"0.571"
"2025-05-14";"P";"0.741"
"2025-05-14";"GK";"0.89"
"2025-05-14";"IKH";"1.128"
"2025-05-15";"2J";"-0.077"
"2025-05-15";"10J0";"0.357"
"2025-05-15";"E";"0.253"
"2025-05-15";"K";"0.562"
"2025-05-15";"P";"0.726"
"2025-05-15";"GK";"0.878"
"2025-05-15";"IKH";"1.119"
"2025-05-16";"2J";"-0.114"
"2025-05-16";"10J0";"0.326"
"2025-05-16";"E";"0.225"
"2025-05-16";"K";"0.527"
"2025-05-16";"P";"0.691"
"2025-05-16";"GK";"0.845"
"2025-05-16";"IKH";"1.081"
"2025-05-19";"2J";"-0.141"
"2025-05-19";"10J0";"0.356"
"2025-05-19";"E";"0.25"
"2025-05-19";"K";"0.549"
"2025-05-19";"P";"0.708"
"2025-05-19";"GK";"0.867"
"2025-05-19";"IKH";"1.095"
"2025-05-20";"2J";"-0.154"
"2025-05-20";"10J0";"0.327"
"2025-05-20";"E";"0.218"
"2025-05-20";"K";"0.523"
"2025-05-20";"P";"0.681"
"2025-05-20";"GK";"0.841"
"2025-05-20";"IKH";"1.073"
"2025-05-21";"2J";"-0.123"
"2025-05-21";"10J0";"0.401"
"2025-05-21";"E";"0.278"
"2025-05-21";"K";"0.566"
"2025-05-21";"P";"0.727"
"2025-05-21";"GK";"0.89"
"2025-05-21";"IKH";"1.119"
"2025-05-22";"2J";"-0.137"
"2025-05-22";"10J0";"0.388"
"2025-05-22";"E";"0.261"
"2025-05-22";"K";"0.567"
"2025-05-22";"P";"0.735"
"2025-05-22";"GK";"0.89"
"2025-05-22";"IKH";"1.125"
"2025-05-23";"2J";"-0.185"
"2025-05-23";"10J0";"0.352"
"2025-05-23";"E";"0.236"
"2025-05-23";"K";"0.542"
"2025-05-23";"P";"0.698"
"2025-05-23";"GK";"0.865"
"2025-05-23";"IKH";"1.1"
"2025-05-26";"2J";"-0.216"
"2025-05-26";"10J0";"0.319"
"2025-05-26";"E";"0.202"
"2025-05-26";"K";"0.51"
"2025-05-26";"P";"0.67"
"2025-05-26";"GK";"0.838"
"2025-05-26";"IKH";"1.074"
"2025-05-27";"2J";"-0.216"
"2025-05-27";"10J0";"0.279"
"2025-05-27";"E";"0.172"
"2025-05-27";"K";"0.47"
"2025-05-27";"P";"0.631"
"2025-05-27";"GK";"0.795"
"2025-05-27";"IKH";"1.031"
"2025-05-28";"2J";"-0.178"
"2025-05-28";"10J0";"0.274"
"2025-05-28";"E";"0.162"
"2025-05-28";"K";"0.48"
"2025-05-28";"P";"0.638"
"2025-05-28";"GK";"0.817"
"2025-05-28";"IKH";"1.034"
"2025-05-29";"2J";
"2025-05-29";"10J0";
"2025-05-29";"E";
"2025-05-29";"K";
"2025-05-29";"P";
"2025-05-29";"GK";
"2025-05-29";"IKH";
"2025-05-30";"2J";"-0.187"
"2025-05-30";"10J0";"0.259"
"2025-05-30";"E";"0.144"
"2025-05-30";"K";"0.465"
"2025-05-30";"P";"0.622"
"2025-05-30";"GK";"0.798"
"2025-05-30";"IKH";"1.017"
"2025-06-02";"2J";"-0.216"
"2025-06-02";"10J0";"0.277"
"2025-06-02";"E";"0.162"
"2025-06-02";"K";"0.463"
"2025-06-02";"P";"0.63"
"2025-06-02";"GK";"0.791"
"2025-06-02";"IKH";"1.02"
"2025-06-03";"2J";"-0.25"
"2025-06-03";"10J0";"0.236"
"2025-06-03";"E";"0.128"
"2025-06-03";"K";"0.426"
"2025-06-03";"P";"0.581"
"2025-06-03";"GK";"0.763"
"2025-06-03";"IKH";"0.983"
"2025-06-04";"2J";"-0.244"
"2025-06-04";"10J0";"0.236"
"2025-06-04";"E";"0.129"
"2025-06-04";"K";"0.42"
"2025-06-04";"P";"0.582"
"2025-06-04";"GK";"0.752"
"2025-06-04";"IKH";"0.991"
"2025-06-05";"2J";"-0.197"
"2025-06-05";"10J0";"0.232"
"2025-06-05";"E";"0.122"
"2025-06-05";"K";"0.424"
"2025-06-05";"P";"0.573"
"2025-06-05";"GK";"0.746"
"2025-06-05";"IKH";"0.986"
"2025-06-06";"2J";"-0.128"
"2025-06-06";"10J0";"0.275"
"2025-06-06";"E";"0.173"
"2025-06-06";"K";"0.477"
"2025-06-06";"P";"0.626"
"2025-06-06";"GK";"0.795"
"2025-06-06";"IKH";"1.036"
"2025-06-09";"2J";
"2025-06-09";"10J0";
"2025-06-09";"E";
"2025-06-09";"K";
"2025-06-09";"P";
"2025-06-09";"GK";
"2025-06-09";"IKH";
"2025-06-10";"2J";"-0.163"
"2025-06-10";"10J0";"0.303"
"2025-06-10";"E";"0.193"
"2025-06-10";"K";"0.489"
"2025-06-10";"P";"0.655"
"2025-06-10";"GK";"0.832"
"2025-06-10";"IKH";"1.05"
"2025-06-11";"2J";"-0.149"
"2025-06-11";"10J0";"0.294"
"2025-06-11";"E";"0.187"
"2025-06-11";"K";"0.499"
"2025-06-11";"P";"0.648"
"2025-06-11";"GK";"0.83"
"2025-06-11";"IKH";"1.038"
"2025-06-12";"2J";"-0.175"
"2025-06-12";"10J0";"0.266"
"2025-06-12";"E";"0.157"
"2025-06-12";"K";"0.463"
"2025-06-12";"P";"0.613"
"2025-06-12";"GK";"0.803"
"2025-06-12";"IKH";"1.004"
"2025-06-13";"2J";"-0.178"
"2025-06-13";"10J0";"0.266"
"2025-06-13";"E";"0.162"
"2025-06-13";"K";"0.461"
"2025-06-13";"P";"0.608"
"2025-06-13";"GK";"0.783"
"2025-06-13";"IKH";"1.007"
"2025-06-16";"2J";"-0.131"
"2025-06-16";"10J0";"0.317"
"2025-06-16";"E";"0.212"
"2025-06-16";"K";"0.503"
"2025-06-16";"P";"0.668"
"2025-06-16";"GK";"0.839"
"2025-06-16";"IKH";"1.043"
"2025-06-17";"2J";"-0.141"
"2025-06-17";"10J0";"0.319"
"2025-06-17";"E";"0.212"
"2025-06-17";"K";"0.524"
"2025-06-17";"P";"0.67"
"2025-06-17";"GK";"0.832"
"2025-06-17";"IKH";"1.046"
"2025-06-18";"2J";"-0.156"
"2025-06-18";"10J0";"0.319"
"2025-06-18";"E";"0.212"
"2025-06-18";"K";"0.526"
"2025-06-18";"P";"0.672"
"2025-06-18";"GK";"0.835"
"2025-06-18";"IKH";"1.05"
"2025-06-19";"2J";"-0.13"
"2025-06-19";"10J0";"0.307"
"2025-06-19";"E";"0.204"
"2025-06-19";"K";"0.518"
"2025-06-19";"P";"0.674"
"2025-06-19";"GK";"0.835"
"2025-06-19";"IKH";"1.039"
"2025-06-20";"2J";"-0.053"
"2025-06-20";"10J0";"0.359"
"2025-06-20";"E";"0.264"
"2025-06-20";"K";"0.556"
"2025-06-20";"P";"0.71"
"2025-06-20";"GK";"0.872"
"2025-06-20";"IKH";"1.091"
"2025-06-23";"2J";"-0.024"
"2025-06-23";"10J0";"0.407"
"2025-06-23";"E";"0.315"
"2025-06-23";"K";"0.635"
"2025-06-23";"P";"0.784"
"2025-06-23";"GK";"0.963"
"2025-06-23";"IKH";"1.147"
"2025-06-24";"2J";"-0.069"
"2025-06-24";"10J0";"0.375"
"2025-06-24";"E";"0.276"
"2025-06-24";"K";"0.577"
"2025-06-24";"P";"0.727"
"2025-06-24";"GK";"0.918"
"2025-06-24";"IKH";"1.114"
"2025-06-25";"2J";"-0.074"
"2025-06-25";"10J0";"0.366"
"2025-06-25";"E";"0.262"
"2025-06-25";"K";"0.574"
"2025-06-25";"P";"0.716"
"2025-06-25";"GK";"0.908"
"2025-06-25";"IKH";"1.099"
"2025-06-26";"2J";"-0.086"
"2025-06-26";"10J0";"0.377"
"2025-06-26";"E";"0.27"
"2025-06-26";"K";"0.581"
"2025-06-26";"P";"0.727"
"2025-06-26";"GK";"0.9"
"2025-06-26";"IKH";"1.109"
"2025-06-27";"2J";"-0.07"
"2025-06-27";"10J0";"0.41"
"2025-06-27";"E";"0.299"
"2025-06-27";"K";"0.62"
"2025-06-27";"P";"0.768"
"2025-06-27";"GK";"0.928"
"2025-06-27";"IKH";"1.129"
"2025-06-30";"2J";"-0.061"
"2025-06-30";"10J0";"0.41"
"2025-06-30";"E";"0.301"
"2025-06-30";"K";"0.614"
"2025-06-30";"P";"0.759"
"2025-06-30";"GK";"0.941"
"2025-06-30";"IKH";"1.126"
"2025-07-01";"2J";"-0.075"
"2025-07-01";"10J0";"0.41"
"2025-07-01";"E";"0.296"
"2025-07-01";"K";"0.616"
"2025-07-01";"P";"0.761"
"2025-07-01";"GK";"0.944"
"2025-07-01";"IKH";"1.126"
"2025-07-02";"2J";"-0.074"
"2025-07-02";"10J0";"0.42"
"2025-07-02";"E";"0.307"
"2025-07-02";"K";"0.62"
"2025-07-02";"P";"0.761"
"2025-07-02";"GK";"0.935"
"2025-07-02";"IKH";"1.131"
"2025-07-03";"2J";"-0.072"
"2025-07-03";"10J0";"0.409"
"2025-07-03";"E";"0.298"
"2025-07-03";"K";"0.611"
"2025-07-03";"P";"0.762"
"2025-07-03";"GK";"0.945"
"2025-07-03";"IKH";"1.133"
"2025-07-04";"2J";"-0.071"
"2025-07-04";"10J0";"0.394"
"2025-07-04";"E";"0.286"
"2025-07-04";"K";"0.593"
"2025-07-04";"P";"0.74"
"2025-07-04";"GK";"0.928"
"2025-07-04";"IKH";"1.09"
"2025-07-07";"2J";"-0.055"
"2025-07-07";"10J0";"0.416"
"2025-07-07";"E";"0.308"
"2025-07-07";"K";"0.619"
"2025-07-07";"P";"0.758"
"2025-07-07";"GK";"0.957"
"2025-07-07";"IKH";"1.112"
"2025-07-08";"2J";"-0.044"
"2025-07-08";"10J0";"0.442"
"2025-07-08";"E";"0.332"
"2025-07-08";"K";"0.641"
"2025-07-08";"P";"0.782"
"2025-07-08";"GK";"0.981"
"2025-07-08";"IKH";"1.142"
"2025-07-09";"2J";"-0.049"
"2025-07-09";"10J0";"0.448"
"2025-07-09";"E";"0.342"
"2025-07-09";"K";"0.636"
"2025-07-09";"P";"0.776"
"2025-07-09";"GK";"0.969"
"2025-07-09";"IKH";"1.125"
"2025-07-10";"2J";"-0.051"
"2025-07-10";"10J0";"0.439"
"2025-07-10";"E";"0.332"
"2025-07-10";"K";"0.646"
"2025-07-10";"P";"0.78"
"2025-07-10";"GK";"0.969"
"2025-07-10";"IKH";"1.16"
"2025-07-11";"2J";"-0.058"
"2025-07-11";"10J0";"0.464"
"2025-07-11";"E";"0.358"
"2025-07-11";"K";"0.62"
"2025-07-11";"P";"0.771"
"2025-07-11";"GK";"0.953"
"2025-07-11";"IKH";"1.147"
"2025-07-14";"2J";"-0.041"
"2025-07-14";"10J0";"0.472"
"2025-07-14";"E";"0.361"
"2025-07-14";"K";"0.681"
"2025-07-14";"P";"0.814"
"2025-07-14";"GK";"1.003"
"2025-07-14";"IKH";"1.165"
"2025-07-15";"2J";"-0.049"
"2025-07-15";"10J0";"0.459"
"2025-07-15";"E";"0.35"
"2025-07-15";"K";"0.678"
"2025-07-15";"P";"0.809"
"2025-07-15";"GK";"1"
"2025-07-15";"IKH";"1.158"
"2025-07-16";"2J";"-0.053"
"2025-07-16";"10J0";"0.472"
"2025-07-16";"E";"0.358"
"2025-07-16";"K";"0.681"
"2025-07-16";"P";"0.809"
"2025-07-16";"GK";"0.999"
"2025-07-16";"IKH";"1.166"
"2025-07-17";"2J";"-0.057"
"2025-07-17";"10J0";"0.465"
"2025-07-17";"E";"0.352"
"2025-07-17";"K";"0.672"
"2025-07-17";"P";"0.8"
"2025-07-17";"GK";"0.99"
"2025-07-17";"IKH";"1.16"
"2025-07-18";"2J";"-0.045"
"2025-07-18";"10J0";"0.463"
"2025-07-18";"E";"0.352"
"2025-07-18";"K";"0.668"
"2025-07-18";"P";"0.798"
"2025-07-18";"GK";"0.987"
"2025-07-18";"IKH";"1.153"
"2025-07-21";"2J";"-0.064"
"2025-07-21";"10J0";"0.453"
"2025-07-21";"E";"0.339"
"2025-07-21";"K";"0.657"
"2025-07-21";"P";"0.786"
"2025-07-21";"GK";"0.955"
"2025-07-21";"IKH";"1.141"
"2025-07-22";"2J";"-0.095"
"2025-07-22";"10J0";"0.444"
"2025-07-22";"E";"0.329"
"2025-07-22";"K";"0.645"
"2025-07-22";"P";"0.771"
"2025-07-22";"GK";"0.956"
"2025-07-22";"IKH";"1.132"
"2025-07-23";"2J";"-0.101"
"2025-07-23";"10J0";"0.438"
"2025-07-23";"E";"0.318"
"2025-07-23";"K";"0.636"
"2025-07-23";"P";"0.763"
"2025-07-23";"GK";"0.952"
"2025-07-23";"IKH";"1.124"
"2025-07-24";"2J";"-0.086"
"2025-07-24";"10J0";"0.436"
"2025-07-24";"E";"0.32"
"2025-07-24";"K";"0.647"
"2025-07-24";"P";"0.769"
"2025-07-24";"GK";"0.964"
"2025-07-24";"IKH";"1.131"
"2025-07-25";"2J";"-0.075"
"2025-07-25";"10J0";"0.439"
"2025-07-25";"E";"0.325"
"2025-07-25";"K";"0.667"
"2025-07-25";"P";"0.792"
"2025-07-25";"GK";"0.984"
"2025-07-25";"IKH";"1.156"
"2025-07-28";"2J";"-0.129"
"2025-07-28";"10J0";"0.425"
"2025-07-28";"E";"0.308"
"2025-07-28";"K";"0.641"
"2025-07-28";"P";"0.768"
"2025-07-28";"GK";"0.953"
"2025-07-28";"IKH";"1.127"
"2025-07-29";"2J";"-0.12"
"2025-07-29";"10J0";"0.398"
"2025-07-29";"E";"0.287"
"2025-07-29";"K";"0.625"
"2025-07-29";"P";"0.749"
"2025-07-29";"GK";"0.914"
"2025-07-29";"IKH";"1.107"
"2025-07-30";"2J";"-0.118"
"2025-07-30";"10J0";"0.378"
"2025-07-30";"E";"0.268"
"2025-07-30";"K";"0.613"
"2025-07-30";"P";"0.734"
"2025-07-30";"GK";"0.901"
"2025-07-30";"IKH";"1.091"
"2025-07-31";"2J";"-0.083"
"2025-07-31";"10J0";"0.378"
"2025-07-31";"E";"0.271"
"2025-07-31";"K";"0.629"
"2025-07-31";"P";"0.751"
"2025-07-31";"GK";"0.922"
"2025-07-31";"IKH";"1.117"
